  case_id blk  NPS      sch   OD/mm  WT/mm   D/t    R/m  sp/m  T/MT  D/2R %  sig_ax  x_yld
------------------------------------------------------------------------------------------
F0000000   F    6   40/STD   168.3   7.11  23.7   70.0   4.0     0  0.1202      0M   0.00
F0000001   F    6   40/STD   168.3   7.11  23.7   70.0   4.0    60  0.1202    163M   0.45
F0000002   F    6   40/STD   168.3   7.11  23.7   70.0   4.0   120  0.1202    327M   0.91
F0000003   F    6   40/STD   168.3   7.11  23.7   70.0   4.0   180  0.1202    490M   1.36
F0000004   F    6   40/STD   168.3   7.11  23.7   70.0   4.0   240  0.1202    654M   1.82
F0000005   F    6   40/STD   168.3   7.11  23.7   70.0   6.0     0  0.1202      0M   0.00
F0000006   F    6   40/STD   168.3   7.11  23.7   70.0   6.0    60  0.1202    163M   0.45
F0000007   F    6   40/STD   168.3   7.11  23.7   70.0   6.0   120  0.1202    327M   0.91
F0000008   F    6   40/STD   168.3   7.11  23.7   70.0   6.0   180  0.1202    490M   1.36
F0000009   F    6   40/STD   168.3   7.11  23.7   70.0   6.0   240  0.1202    654M   1.82
F0000010   F    6   40/STD   168.3   7.11  23.7   70.0   8.0     0  0.1202      0M   0.00
F0000011   F    6   40/STD   168.3   7.11  23.7   70.0   8.0    60  0.1202    163M   0.45
F0000012   F    6   40/STD   168.3   7.11  23.7   70.0   8.0   120  0.1202    327M   0.91
F0000013   F    6   40/STD   168.3   7.11  23.7   70.0   8.0   180  0.1202    490M   1.36
F0000014   F    6   40/STD   168.3   7.11  23.7   70.0   8.0   240  0.1202    654M   1.82
F0000015   F    6   40/STD   168.3   7.11  23.7   70.0  10.0     0  0.1202      0M   0.00
F0000016   F    6   40/STD   168.3   7.11  23.7   70.0  10.0    60  0.1202    163M   0.45
F0000017   F    6   40/STD   168.3   7.11  23.7   70.0  10.0   120  0.1202    327M   0.91
F0000018   F    6   40/STD   168.3   7.11  23.7   70.0  10.0   180  0.1202    490M   1.36
F0000019   F    6   40/STD   168.3   7.11  23.7   70.0  10.0   240  0.1202    654M   1.82
F0000020   F    6   40/STD   168.3   7.11  23.7   70.0  12.0     0  0.1202      0M   0.00
F0000021   F    6   40/STD   168.3   7.11  23.7   70.0  12.0    60  0.1202    163M   0.45
F0000022   F    6   40/STD   168.3   7.11  23.7   70.0  12.0   120  0.1202    327M   0.91
F0000023   F    6   40/STD   168.3   7.11  23.7   70.0  12.0   180  0.1202    490M   1.36
F0000024   F    6   40/STD   168.3   7.11  23.7   70.0  12.0   240  0.1202    654M   1.82
F0000025   F    6   40/STD   168.3   7.11  23.7   85.0   4.0     0  0.0990      0M   0.00
F0000026   F    6   40/STD   168.3   7.11  23.7   85.0   4.0    60  0.0990    163M   0.45
F0000027   F    6   40/STD   168.3   7.11  23.7   85.0   4.0   120  0.0990    327M   0.91
F0000028   F    6   40/STD   168.3   7.11  23.7   85.0   4.0   180  0.0990    490M   1.36
F0000029   F    6   40/STD   168.3   7.11  23.7   85.0   4.0   240  0.0990    654M   1.82
F0000030   F    6   40/STD   168.3   7.11  23.7   85.0   6.0     0  0.0990      0M   0.00
F0000031   F    6   40/STD   168.3   7.11  23.7   85.0   6.0    60  0.0990    163M   0.45
F0000032   F    6   40/STD   168.3   7.11  23.7   85.0   6.0   120  0.0990    327M   0.91
F0000033   F    6   40/STD   168.3   7.11  23.7   85.0   6.0   180  0.0990    490M   1.36
F0000034   F    6   40/STD   168.3   7.11  23.7   85.0   6.0   240  0.0990    654M   1.82
F0000035   F    6   40/STD   168.3   7.11  23.7   85.0   8.0     0  0.0990      0M   0.00
F0000036   F    6   40/STD   168.3   7.11  23.7   85.0   8.0    60  0.0990    163M   0.45
F0000037   F    6   40/STD   168.3   7.11  23.7   85.0   8.0   120  0.0990    327M   0.91
F0000038   F    6   40/STD   168.3   7.11  23.7   85.0   8.0   180  0.0990    490M   1.36
F0000039   F    6   40/STD   168.3   7.11  23.7   85.0   8.0   240  0.0990    654M   1.82
F0000040   F    6   40/STD   168.3   7.11  23.7   85.0  10.0     0  0.0990      0M   0.00
F0000041   F    6   40/STD   168.3   7.11  23.7   85.0  10.0    60  0.0990    163M   0.45
F0000042   F    6   40/STD   168.3   7.11  23.7   85.0  10.0   120  0.0990    327M   0.91
F0000043   F    6   40/STD   168.3   7.11  23.7   85.0  10.0   180  0.0990    490M   1.36
F0000044   F    6   40/STD   168.3   7.11  23.7   85.0  10.0   240  0.0990    654M   1.82
F0000045   F    6   40/STD   168.3   7.11  23.7   85.0  12.0     0  0.0990      0M   0.00
F0000046   F    6   40/STD   168.3   7.11  23.7   85.0  12.0    60  0.0990    163M   0.45
F0000047   F    6   40/STD   168.3   7.11  23.7   85.0  12.0   120  0.0990    327M   0.91
F0000048   F    6   40/STD   168.3   7.11  23.7   85.0  12.0   180  0.0990    490M   1.36
F0000049   F    6   40/STD   168.3   7.11  23.7   85.0  12.0   240  0.0990    654M   1.82
F0000050   F    6   40/STD   168.3   7.11  23.7  100.0   4.0     0  0.0842      0M   0.00
F0000051   F    6   40/STD   168.3   7.11  23.7  100.0   4.0    60  0.0842    163M   0.45
F0000052   F    6   40/STD   168.3   7.11  23.7  100.0   4.0   120  0.0842    327M   0.91
F0000053   F    6   40/STD   168.3   7.11  23.7  100.0   4.0   180  0.0842    490M   1.36
F0000054   F    6   40/STD   168.3   7.11  23.7  100.0   4.0   240  0.0842    654M   1.82
F0000055   F    6   40/STD   168.3   7.11  23.7  100.0   6.0     0  0.0842      0M   0.00
F0000056   F    6   40/STD   168.3   7.11  23.7  100.0   6.0    60  0.0842    163M   0.45
F0000057   F    6   40/STD   168.3   7.11  23.7  100.0   6.0   120  0.0842    327M   0.91
F0000058   F    6   40/STD   168.3   7.11  23.7  100.0   6.0   180  0.0842    490M   1.36
F0000059   F    6   40/STD   168.3   7.11  23.7  100.0   6.0   240  0.0842    654M   1.82
F0000060   F    6   40/STD   168.3   7.11  23.7  100.0   8.0     0  0.0842      0M   0.00
F0000061   F    6   40/STD   168.3   7.11  23.7  100.0   8.0    60  0.0842    163M   0.45
F0000062   F    6   40/STD   168.3   7.11  23.7  100.0   8.0   120  0.0842    327M   0.91
F0000063   F    6   40/STD   168.3   7.11  23.7  100.0   8.0   180  0.0842    490M   1.36
F0000064   F    6   40/STD   168.3   7.11  23.7  100.0   8.0   240  0.0842    654M   1.82
F0000065   F    6   40/STD   168.3   7.11  23.7  100.0  10.0     0  0.0842      0M   0.00
F0000066   F    6   40/STD   168.3   7.11  23.7  100.0  10.0    60  0.0842    163M   0.45
F0000067   F    6   40/STD   168.3   7.11  23.7  100.0  10.0   120  0.0842    327M   0.91
F0000068   F    6   40/STD   168.3   7.11  23.7  100.0  10.0   180  0.0842    490M   1.36
F0000069   F    6   40/STD   168.3   7.11  23.7  100.0  10.0   240  0.0842    654M   1.82
F0000070   F    6   40/STD   168.3   7.11  23.7  100.0  12.0     0  0.0842      0M   0.00
F0000071   F    6   40/STD   168.3   7.11  23.7  100.0  12.0    60  0.0842    163M   0.45
F0000072   F    6   40/STD   168.3   7.11  23.7  100.0  12.0   120  0.0842    327M   0.91
F0000073   F    6   40/STD   168.3   7.11  23.7  100.0  12.0   180  0.0842    490M   1.36
F0000074   F    6   40/STD   168.3   7.11  23.7  100.0  12.0   240  0.0842    654M   1.82
F0000075   F    6   40/STD   168.3   7.11  23.7  115.0   4.0     0  0.0732      0M   0.00
F0000076   F    6   40/STD   168.3   7.11  23.7  115.0   4.0    60  0.0732    163M   0.45
F0000077   F    6   40/STD   168.3   7.11  23.7  115.0   4.0   120  0.0732    327M   0.91
F0000078   F    6   40/STD   168.3   7.11  23.7  115.0   4.0   180  0.0732    490M   1.36
F0000079   F    6   40/STD   168.3   7.11  23.7  115.0   4.0   240  0.0732    654M   1.82
F0000080   F    6   40/STD   168.3   7.11  23.7  115.0   6.0     0  0.0732      0M   0.00
F0000081   F    6   40/STD   168.3   7.11  23.7  115.0   6.0    60  0.0732    163M   0.45
F0000082   F    6   40/STD   168.3   7.11  23.7  115.0   6.0   120  0.0732    327M   0.91
F0000083   F    6   40/STD   168.3   7.11  23.7  115.0   6.0   180  0.0732    490M   1.36
F0000084   F    6   40/STD   168.3   7.11  23.7  115.0   6.0   240  0.0732    654M   1.82
F0000085   F    6   40/STD   168.3   7.11  23.7  115.0   8.0     0  0.0732      0M   0.00
F0000086   F    6   40/STD   168.3   7.11  23.7  115.0   8.0    60  0.0732    163M   0.45
F0000087   F    6   40/STD   168.3   7.11  23.7  115.0   8.0   120  0.0732    327M   0.91
F0000088   F    6   40/STD   168.3   7.11  23.7  115.0   8.0   180  0.0732    490M   1.36
F0000089   F    6   40/STD   168.3   7.11  23.7  115.0   8.0   240  0.0732    654M   1.82
F0000090   F    6   40/STD   168.3   7.11  23.7  115.0  10.0     0  0.0732      0M   0.00
F0000091   F    6   40/STD   168.3   7.11  23.7  115.0  10.0    60  0.0732    163M   0.45
F0000092   F    6   40/STD   168.3   7.11  23.7  115.0  10.0   120  0.0732    327M   0.91
F0000093   F    6   40/STD   168.3   7.11  23.7  115.0  10.0   180  0.0732    490M   1.36
F0000094   F    6   40/STD   168.3   7.11  23.7  115.0  10.0   240  0.0732    654M   1.82
F0000095   F    6   40/STD   168.3   7.11  23.7  115.0  12.0     0  0.0732      0M   0.00
F0000096   F    6   40/STD   168.3   7.11  23.7  115.0  12.0    60  0.0732    163M   0.45
F0000097   F    6   40/STD   168.3   7.11  23.7  115.0  12.0   120  0.0732    327M   0.91
F0000098   F    6   40/STD   168.3   7.11  23.7  115.0  12.0   180  0.0732    490M   1.36
F0000099   F    6   40/STD   168.3   7.11  23.7  115.0  12.0   240  0.0732    654M   1.82
F0000100   F    6   40/STD   168.3   7.11  23.7  130.0   4.0     0  0.0647      0M   0.00
F0000101   F    6   40/STD   168.3   7.11  23.7  130.0   4.0    60  0.0647    163M   0.45
F0000102   F    6   40/STD   168.3   7.11  23.7  130.0   4.0   120  0.0647    327M   0.91
F0000103   F    6   40/STD   168.3   7.11  23.7  130.0   4.0   180  0.0647    490M   1.36
F0000104   F    6   40/STD   168.3   7.11  23.7  130.0   4.0   240  0.0647    654M   1.82
F0000105   F    6   40/STD   168.3   7.11  23.7  130.0   6.0     0  0.0647      0M   0.00
F0000106   F    6   40/STD   168.3   7.11  23.7  130.0   6.0    60  0.0647    163M   0.45
F0000107   F    6   40/STD   168.3   7.11  23.7  130.0   6.0   120  0.0647    327M   0.91
F0000108   F    6   40/STD   168.3   7.11  23.7  130.0   6.0   180  0.0647    490M   1.36
F0000109   F    6   40/STD   168.3   7.11  23.7  130.0   6.0   240  0.0647    654M   1.82
F0000110   F    6   40/STD   168.3   7.11  23.7  130.0   8.0     0  0.0647      0M   0.00
F0000111   F    6   40/STD   168.3   7.11  23.7  130.0   8.0    60  0.0647    163M   0.45
F0000112   F    6   40/STD   168.3   7.11  23.7  130.0   8.0   120  0.0647    327M   0.91
F0000113   F    6   40/STD   168.3   7.11  23.7  130.0   8.0   180  0.0647    490M   1.36
F0000114   F    6   40/STD   168.3   7.11  23.7  130.0   8.0   240  0.0647    654M   1.82
F0000115   F    6   40/STD   168.3   7.11  23.7  130.0  10.0     0  0.0647      0M   0.00
F0000116   F    6   40/STD   168.3   7.11  23.7  130.0  10.0    60  0.0647    163M   0.45
F0000117   F    6   40/STD   168.3   7.11  23.7  130.0  10.0   120  0.0647    327M   0.91
F0000118   F    6   40/STD   168.3   7.11  23.7  130.0  10.0   180  0.0647    490M   1.36
F0000119   F    6   40/STD   168.3   7.11  23.7  130.0  10.0   240  0.0647    654M   1.82
F0000120   F    6   40/STD   168.3   7.11  23.7  130.0  12.0     0  0.0647      0M   0.00
F0000121   F    6   40/STD   168.3   7.11  23.7  130.0  12.0    60  0.0647    163M   0.45
F0000122   F    6   40/STD   168.3   7.11  23.7  130.0  12.0   120  0.0647    327M   0.91
F0000123   F    6   40/STD   168.3   7.11  23.7  130.0  12.0   180  0.0647    490M   1.36
F0000124   F    6   40/STD   168.3   7.11  23.7  130.0  12.0   240  0.0647    654M   1.82
F0000125   F    6   40/STD   168.3   7.11  23.7  145.0   4.0     0  0.0580      0M   0.00
F0000126   F    6   40/STD   168.3   7.11  23.7  145.0   4.0    60  0.0580    163M   0.45
F0000127   F    6   40/STD   168.3   7.11  23.7  145.0   4.0   120  0.0580    327M   0.91
F0000128   F    6   40/STD   168.3   7.11  23.7  145.0   4.0   180  0.0580    490M   1.36
F0000129   F    6   40/STD   168.3   7.11  23.7  145.0   4.0   240  0.0580    654M   1.82
F0000130   F    6   40/STD   168.3   7.11  23.7  145.0   6.0     0  0.0580      0M   0.00
F0000131   F    6   40/STD   168.3   7.11  23.7  145.0   6.0    60  0.0580    163M   0.45
F0000132   F    6   40/STD   168.3   7.11  23.7  145.0   6.0   120  0.0580    327M   0.91
F0000133   F    6   40/STD   168.3   7.11  23.7  145.0   6.0   180  0.0580    490M   1.36
F0000134   F    6   40/STD   168.3   7.11  23.7  145.0   6.0   240  0.0580    654M   1.82
F0000135   F    6   40/STD   168.3   7.11  23.7  145.0   8.0     0  0.0580      0M   0.00
F0000136   F    6   40/STD   168.3   7.11  23.7  145.0   8.0    60  0.0580    163M   0.45
F0000137   F    6   40/STD   168.3   7.11  23.7  145.0   8.0   120  0.0580    327M   0.91
F0000138   F    6   40/STD   168.3   7.11  23.7  145.0   8.0   180  0.0580    490M   1.36
F0000139   F    6   40/STD   168.3   7.11  23.7  145.0   8.0   240  0.0580    654M   1.82
F0000140   F    6   40/STD   168.3   7.11  23.7  145.0  10.0     0  0.0580      0M   0.00
F0000141   F    6   40/STD   168.3   7.11  23.7  145.0  10.0    60  0.0580    163M   0.45
F0000142   F    6   40/STD   168.3   7.11  23.7  145.0  10.0   120  0.0580    327M   0.91
F0000143   F    6   40/STD   168.3   7.11  23.7  145.0  10.0   180  0.0580    490M   1.36
F0000144   F    6   40/STD   168.3   7.11  23.7  145.0  10.0   240  0.0580    654M   1.82
F0000145   F    6   40/STD   168.3   7.11  23.7  145.0  12.0     0  0.0580      0M   0.00
F0000146   F    6   40/STD   168.3   7.11  23.7  145.0  12.0    60  0.0580    163M   0.45
F0000147   F    6   40/STD   168.3   7.11  23.7  145.0  12.0   120  0.0580    327M   0.91
F0000148   F    6   40/STD   168.3   7.11  23.7  145.0  12.0   180  0.0580    490M   1.36
F0000149   F    6   40/STD   168.3   7.11  23.7  145.0  12.0   240  0.0580    654M   1.82
F0000150   F    6    80/XS   168.3  10.97  15.3   70.0   4.0     0  0.1202      0M   0.00
F0000151   F    6    80/XS   168.3  10.97  15.3   70.0   4.0    60  0.1202    109M   0.30
F0000152   F    6    80/XS   168.3  10.97  15.3   70.0   4.0   120  0.1202    217M   0.60
F0000153   F    6    80/XS   168.3  10.97  15.3   70.0   4.0   180  0.1202    326M   0.90
F0000154   F    6    80/XS   168.3  10.97  15.3   70.0   4.0   240  0.1202    434M   1.21
F0000155   F    6    80/XS   168.3  10.97  15.3   70.0   6.0     0  0.1202      0M   0.00
F0000156   F    6    80/XS   168.3  10.97  15.3   70.0   6.0    60  0.1202    109M   0.30
F0000157   F    6    80/XS   168.3  10.97  15.3   70.0   6.0   120  0.1202    217M   0.60
F0000158   F    6    80/XS   168.3  10.97  15.3   70.0   6.0   180  0.1202    326M   0.90
F0000159   F    6    80/XS   168.3  10.97  15.3   70.0   6.0   240  0.1202    434M   1.21
F0000160   F    6    80/XS   168.3  10.97  15.3   70.0   8.0     0  0.1202      0M   0.00
F0000161   F    6    80/XS   168.3  10.97  15.3   70.0   8.0    60  0.1202    109M   0.30
F0000162   F    6    80/XS   168.3  10.97  15.3   70.0   8.0   120  0.1202    217M   0.60
F0000163   F    6    80/XS   168.3  10.97  15.3   70.0   8.0   180  0.1202    326M   0.90
F0000164   F    6    80/XS   168.3  10.97  15.3   70.0   8.0   240  0.1202    434M   1.21
F0000165   F    6    80/XS   168.3  10.97  15.3   70.0  10.0     0  0.1202      0M   0.00
F0000166   F    6    80/XS   168.3  10.97  15.3   70.0  10.0    60  0.1202    109M   0.30
F0000167   F    6    80/XS   168.3  10.97  15.3   70.0  10.0   120  0.1202    217M   0.60
F0000168   F    6    80/XS   168.3  10.97  15.3   70.0  10.0   180  0.1202    326M   0.90
F0000169   F    6    80/XS   168.3  10.97  15.3   70.0  10.0   240  0.1202    434M   1.21
F0000170   F    6    80/XS   168.3  10.97  15.3   70.0  12.0     0  0.1202      0M   0.00
F0000171   F    6    80/XS   168.3  10.97  15.3   70.0  12.0    60  0.1202    109M   0.30
F0000172   F    6    80/XS   168.3  10.97  15.3   70.0  12.0   120  0.1202    217M   0.60
F0000173   F    6    80/XS   168.3  10.97  15.3   70.0  12.0   180  0.1202    326M   0.90
F0000174   F    6    80/XS   168.3  10.97  15.3   70.0  12.0   240  0.1202    434M   1.21
F0000175   F    6    80/XS   168.3  10.97  15.3   85.0   4.0     0  0.0990      0M   0.00
F0000176   F    6    80/XS   168.3  10.97  15.3   85.0   4.0    60  0.0990    109M   0.30
F0000177   F    6    80/XS   168.3  10.97  15.3   85.0   4.0   120  0.0990    217M   0.60
F0000178   F    6    80/XS   168.3  10.97  15.3   85.0   4.0   180  0.0990    326M   0.90
F0000179   F    6    80/XS   168.3  10.97  15.3   85.0   4.0   240  0.0990    434M   1.21
F0000180   F    6    80/XS   168.3  10.97  15.3   85.0   6.0     0  0.0990      0M   0.00
F0000181   F    6    80/XS   168.3  10.97  15.3   85.0   6.0    60  0.0990    109M   0.30
F0000182   F    6    80/XS   168.3  10.97  15.3   85.0   6.0   120  0.0990    217M   0.60
F0000183   F    6    80/XS   168.3  10.97  15.3   85.0   6.0   180  0.0990    326M   0.90
F0000184   F    6    80/XS   168.3  10.97  15.3   85.0   6.0   240  0.0990    434M   1.21
F0000185   F    6    80/XS   168.3  10.97  15.3   85.0   8.0     0  0.0990      0M   0.00
F0000186   F    6    80/XS   168.3  10.97  15.3   85.0   8.0    60  0.0990    109M   0.30
F0000187   F    6    80/XS   168.3  10.97  15.3   85.0   8.0   120  0.0990    217M   0.60
F0000188   F    6    80/XS   168.3  10.97  15.3   85.0   8.0   180  0.0990    326M   0.90
F0000189   F    6    80/XS   168.3  10.97  15.3   85.0   8.0   240  0.0990    434M   1.21
F0000190   F    6    80/XS   168.3  10.97  15.3   85.0  10.0     0  0.0990      0M   0.00
F0000191   F    6    80/XS   168.3  10.97  15.3   85.0  10.0    60  0.0990    109M   0.30
F0000192   F    6    80/XS   168.3  10.97  15.3   85.0  10.0   120  0.0990    217M   0.60
F0000193   F    6    80/XS   168.3  10.97  15.3   85.0  10.0   180  0.0990    326M   0.90
F0000194   F    6    80/XS   168.3  10.97  15.3   85.0  10.0   240  0.0990    434M   1.21
F0000195   F    6    80/XS   168.3  10.97  15.3   85.0  12.0     0  0.0990      0M   0.00
F0000196   F    6    80/XS   168.3  10.97  15.3   85.0  12.0    60  0.0990    109M   0.30
F0000197   F    6    80/XS   168.3  10.97  15.3   85.0  12.0   120  0.0990    217M   0.60
F0000198   F    6    80/XS   168.3  10.97  15.3   85.0  12.0   180  0.0990    326M   0.90
F0000199   F    6    80/XS   168.3  10.97  15.3   85.0  12.0   240  0.0990    434M   1.21
F0000200   F    6    80/XS   168.3  10.97  15.3  100.0   4.0     0  0.0842      0M   0.00
F0000201   F    6    80/XS   168.3  10.97  15.3  100.0   4.0    60  0.0842    109M   0.30
F0000202   F    6    80/XS   168.3  10.97  15.3  100.0   4.0   120  0.0842    217M   0.60
F0000203   F    6    80/XS   168.3  10.97  15.3  100.0   4.0   180  0.0842    326M   0.90
F0000204   F    6    80/XS   168.3  10.97  15.3  100.0   4.0   240  0.0842    434M   1.21
F0000205   F    6    80/XS   168.3  10.97  15.3  100.0   6.0     0  0.0842      0M   0.00
F0000206   F    6    80/XS   168.3  10.97  15.3  100.0   6.0    60  0.0842    109M   0.30
F0000207   F    6    80/XS   168.3  10.97  15.3  100.0   6.0   120  0.0842    217M   0.60
F0000208   F    6    80/XS   168.3  10.97  15.3  100.0   6.0   180  0.0842    326M   0.90
F0000209   F    6    80/XS   168.3  10.97  15.3  100.0   6.0   240  0.0842    434M   1.21
F0000210   F    6    80/XS   168.3  10.97  15.3  100.0   8.0     0  0.0842      0M   0.00
F0000211   F    6    80/XS   168.3  10.97  15.3  100.0   8.0    60  0.0842    109M   0.30
F0000212   F    6    80/XS   168.3  10.97  15.3  100.0   8.0   120  0.0842    217M   0.60
F0000213   F    6    80/XS   168.3  10.97  15.3  100.0   8.0   180  0.0842    326M   0.90
F0000214   F    6    80/XS   168.3  10.97  15.3  100.0   8.0   240  0.0842    434M   1.21
F0000215   F    6    80/XS   168.3  10.97  15.3  100.0  10.0     0  0.0842      0M   0.00
F0000216   F    6    80/XS   168.3  10.97  15.3  100.0  10.0    60  0.0842    109M   0.30
F0000217   F    6    80/XS   168.3  10.97  15.3  100.0  10.0   120  0.0842    217M   0.60
F0000218   F    6    80/XS   168.3  10.97  15.3  100.0  10.0   180  0.0842    326M   0.90
F0000219   F    6    80/XS   168.3  10.97  15.3  100.0  10.0   240  0.0842    434M   1.21
F0000220   F    6    80/XS   168.3  10.97  15.3  100.0  12.0     0  0.0842      0M   0.00
F0000221   F    6    80/XS   168.3  10.97  15.3  100.0  12.0    60  0.0842    109M   0.30
F0000222   F    6    80/XS   168.3  10.97  15.3  100.0  12.0   120  0.0842    217M   0.60
F0000223   F    6    80/XS   168.3  10.97  15.3  100.0  12.0   180  0.0842    326M   0.90
F0000224   F    6    80/XS   168.3  10.97  15.3  100.0  12.0   240  0.0842    434M   1.21
F0000225   F    6    80/XS   168.3  10.97  15.3  115.0   4.0     0  0.0732      0M   0.00
F0000226   F    6    80/XS   168.3  10.97  15.3  115.0   4.0    60  0.0732    109M   0.30
F0000227   F    6    80/XS   168.3  10.97  15.3  115.0   4.0   120  0.0732    217M   0.60
F0000228   F    6    80/XS   168.3  10.97  15.3  115.0   4.0   180  0.0732    326M   0.90
F0000229   F    6    80/XS   168.3  10.97  15.3  115.0   4.0   240  0.0732    434M   1.21
F0000230   F    6    80/XS   168.3  10.97  15.3  115.0   6.0     0  0.0732      0M   0.00
F0000231   F    6    80/XS   168.3  10.97  15.3  115.0   6.0    60  0.0732    109M   0.30
F0000232   F    6    80/XS   168.3  10.97  15.3  115.0   6.0   120  0.0732    217M   0.60
F0000233   F    6    80/XS   168.3  10.97  15.3  115.0   6.0   180  0.0732    326M   0.90
F0000234   F    6    80/XS   168.3  10.97  15.3  115.0   6.0   240  0.0732    434M   1.21
F0000235   F    6    80/XS   168.3  10.97  15.3  115.0   8.0     0  0.0732      0M   0.00
F0000236   F    6    80/XS   168.3  10.97  15.3  115.0   8.0    60  0.0732    109M   0.30
F0000237   F    6    80/XS   168.3  10.97  15.3  115.0   8.0   120  0.0732    217M   0.60
F0000238   F    6    80/XS   168.3  10.97  15.3  115.0   8.0   180  0.0732    326M   0.90
F0000239   F    6    80/XS   168.3  10.97  15.3  115.0   8.0   240  0.0732    434M   1.21
F0000240   F    6    80/XS   168.3  10.97  15.3  115.0  10.0     0  0.0732      0M   0.00
F0000241   F    6    80/XS   168.3  10.97  15.3  115.0  10.0    60  0.0732    109M   0.30
F0000242   F    6    80/XS   168.3  10.97  15.3  115.0  10.0   120  0.0732    217M   0.60
F0000243   F    6    80/XS   168.3  10.97  15.3  115.0  10.0   180  0.0732    326M   0.90
F0000244   F    6    80/XS   168.3  10.97  15.3  115.0  10.0   240  0.0732    434M   1.21
F0000245   F    6    80/XS   168.3  10.97  15.3  115.0  12.0     0  0.0732      0M   0.00
F0000246   F    6    80/XS   168.3  10.97  15.3  115.0  12.0    60  0.0732    109M   0.30
F0000247   F    6    80/XS   168.3  10.97  15.3  115.0  12.0   120  0.0732    217M   0.60
F0000248   F    6    80/XS   168.3  10.97  15.3  115.0  12.0   180  0.0732    326M   0.90
F0000249   F    6    80/XS   168.3  10.97  15.3  115.0  12.0   240  0.0732    434M   1.21
F0000250   F    6    80/XS   168.3  10.97  15.3  130.0   4.0     0  0.0647      0M   0.00
F0000251   F    6    80/XS   168.3  10.97  15.3  130.0   4.0    60  0.0647    109M   0.30
F0000252   F    6    80/XS   168.3  10.97  15.3  130.0   4.0   120  0.0647    217M   0.60
F0000253   F    6    80/XS   168.3  10.97  15.3  130.0   4.0   180  0.0647    326M   0.90
F0000254   F    6    80/XS   168.3  10.97  15.3  130.0   4.0   240  0.0647    434M   1.21
F0000255   F    6    80/XS   168.3  10.97  15.3  130.0   6.0     0  0.0647      0M   0.00
F0000256   F    6    80/XS   168.3  10.97  15.3  130.0   6.0    60  0.0647    109M   0.30
F0000257   F    6    80/XS   168.3  10.97  15.3  130.0   6.0   120  0.0647    217M   0.60
F0000258   F    6    80/XS   168.3  10.97  15.3  130.0   6.0   180  0.0647    326M   0.90
F0000259   F    6    80/XS   168.3  10.97  15.3  130.0   6.0   240  0.0647    434M   1.21
F0000260   F    6    80/XS   168.3  10.97  15.3  130.0   8.0     0  0.0647      0M   0.00
F0000261   F    6    80/XS   168.3  10.97  15.3  130.0   8.0    60  0.0647    109M   0.30
F0000262   F    6    80/XS   168.3  10.97  15.3  130.0   8.0   120  0.0647    217M   0.60
F0000263   F    6    80/XS   168.3  10.97  15.3  130.0   8.0   180  0.0647    326M   0.90
F0000264   F    6    80/XS   168.3  10.97  15.3  130.0   8.0   240  0.0647    434M   1.21
F0000265   F    6    80/XS   168.3  10.97  15.3  130.0  10.0     0  0.0647      0M   0.00
F0000266   F    6    80/XS   168.3  10.97  15.3  130.0  10.0    60  0.0647    109M   0.30
F0000267   F    6    80/XS   168.3  10.97  15.3  130.0  10.0   120  0.0647    217M   0.60
F0000268   F    6    80/XS   168.3  10.97  15.3  130.0  10.0   180  0.0647    326M   0.90
F0000269   F    6    80/XS   168.3  10.97  15.3  130.0  10.0   240  0.0647    434M   1.21
F0000270   F    6    80/XS   168.3  10.97  15.3  130.0  12.0     0  0.0647      0M   0.00
F0000271   F    6    80/XS   168.3  10.97  15.3  130.0  12.0    60  0.0647    109M   0.30
F0000272   F    6    80/XS   168.3  10.97  15.3  130.0  12.0   120  0.0647    217M   0.60
F0000273   F    6    80/XS   168.3  10.97  15.3  130.0  12.0   180  0.0647    326M   0.90
F0000274   F    6    80/XS   168.3  10.97  15.3  130.0  12.0   240  0.0647    434M   1.21
F0000275   F    6    80/XS   168.3  10.97  15.3  145.0   4.0     0  0.0580      0M   0.00
F0000276   F    6    80/XS   168.3  10.97  15.3  145.0   4.0    60  0.0580    109M   0.30
F0000277   F    6    80/XS   168.3  10.97  15.3  145.0   4.0   120  0.0580    217M   0.60
F0000278   F    6    80/XS   168.3  10.97  15.3  145.0   4.0   180  0.0580    326M   0.90
F0000279   F    6    80/XS   168.3  10.97  15.3  145.0   4.0   240  0.0580    434M   1.21
F0000280   F    6    80/XS   168.3  10.97  15.3  145.0   6.0     0  0.0580      0M   0.00
F0000281   F    6    80/XS   168.3  10.97  15.3  145.0   6.0    60  0.0580    109M   0.30
F0000282   F    6    80/XS   168.3  10.97  15.3  145.0   6.0   120  0.0580    217M   0.60
F0000283   F    6    80/XS   168.3  10.97  15.3  145.0   6.0   180  0.0580    326M   0.90
F0000284   F    6    80/XS   168.3  10.97  15.3  145.0   6.0   240  0.0580    434M   1.21
F0000285   F    6    80/XS   168.3  10.97  15.3  145.0   8.0     0  0.0580      0M   0.00
F0000286   F    6    80/XS   168.3  10.97  15.3  145.0   8.0    60  0.0580    109M   0.30
F0000287   F    6    80/XS   168.3  10.97  15.3  145.0   8.0   120  0.0580    217M   0.60
F0000288   F    6    80/XS   168.3  10.97  15.3  145.0   8.0   180  0.0580    326M   0.90
F0000289   F    6    80/XS   168.3  10.97  15.3  145.0   8.0   240  0.0580    434M   1.21
F0000290   F    6    80/XS   168.3  10.97  15.3  145.0  10.0     0  0.0580      0M   0.00
F0000291   F    6    80/XS   168.3  10.97  15.3  145.0  10.0    60  0.0580    109M   0.30
F0000292   F    6    80/XS   168.3  10.97  15.3  145.0  10.0   120  0.0580    217M   0.60
F0000293   F    6    80/XS   168.3  10.97  15.3  145.0  10.0   180  0.0580    326M   0.90
F0000294   F    6    80/XS   168.3  10.97  15.3  145.0  10.0   240  0.0580    434M   1.21
F0000295   F    6    80/XS   168.3  10.97  15.3  145.0  12.0     0  0.0580      0M   0.00
F0000296   F    6    80/XS   168.3  10.97  15.3  145.0  12.0    60  0.0580    109M   0.30
F0000297   F    6    80/XS   168.3  10.97  15.3  145.0  12.0   120  0.0580    217M   0.60
F0000298   F    6    80/XS   168.3  10.97  15.3  145.0  12.0   180  0.0580    326M   0.90
F0000299   F    6    80/XS   168.3  10.97  15.3  145.0  12.0   240  0.0580    434M   1.21
F0000300   F    6      120   168.3  14.27  11.8   70.0   4.0     0  0.1202      0M   0.00
F0000301   F    6      120   168.3  14.27  11.8   70.0   4.0    60  0.1202     85M   0.24
F0000302   F    6      120   168.3  14.27  11.8   70.0   4.0   120  0.1202    170M   0.47
F0000303   F    6      120   168.3  14.27  11.8   70.0   4.0   180  0.1202    256M   0.71
F0000304   F    6      120   168.3  14.27  11.8   70.0   4.0   240  0.1202    341M   0.95
F0000305   F    6      120   168.3  14.27  11.8   70.0   6.0     0  0.1202      0M   0.00
F0000306   F    6      120   168.3  14.27  11.8   70.0   6.0    60  0.1202     85M   0.24
F0000307   F    6      120   168.3  14.27  11.8   70.0   6.0   120  0.1202    170M   0.47
F0000308   F    6      120   168.3  14.27  11.8   70.0   6.0   180  0.1202    256M   0.71
F0000309   F    6      120   168.3  14.27  11.8   70.0   6.0   240  0.1202    341M   0.95
F0000310   F    6      120   168.3  14.27  11.8   70.0   8.0     0  0.1202      0M   0.00
F0000311   F    6      120   168.3  14.27  11.8   70.0   8.0    60  0.1202     85M   0.24
F0000312   F    6      120   168.3  14.27  11.8   70.0   8.0   120  0.1202    170M   0.47
F0000313   F    6      120   168.3  14.27  11.8   70.0   8.0   180  0.1202    256M   0.71
F0000314   F    6      120   168.3  14.27  11.8   70.0   8.0   240  0.1202    341M   0.95
F0000315   F    6      120   168.3  14.27  11.8   70.0  10.0     0  0.1202      0M   0.00
F0000316   F    6      120   168.3  14.27  11.8   70.0  10.0    60  0.1202     85M   0.24
F0000317   F    6      120   168.3  14.27  11.8   70.0  10.0   120  0.1202    170M   0.47
F0000318   F    6      120   168.3  14.27  11.8   70.0  10.0   180  0.1202    256M   0.71
F0000319   F    6      120   168.3  14.27  11.8   70.0  10.0   240  0.1202    341M   0.95
F0000320   F    6      120   168.3  14.27  11.8   70.0  12.0     0  0.1202      0M   0.00
F0000321   F    6      120   168.3  14.27  11.8   70.0  12.0    60  0.1202     85M   0.24
F0000322   F    6      120   168.3  14.27  11.8   70.0  12.0   120  0.1202    170M   0.47
F0000323   F    6      120   168.3  14.27  11.8   70.0  12.0   180  0.1202    256M   0.71
F0000324   F    6      120   168.3  14.27  11.8   70.0  12.0   240  0.1202    341M   0.95
F0000325   F    6      120   168.3  14.27  11.8   85.0   4.0     0  0.0990      0M   0.00
F0000326   F    6      120   168.3  14.27  11.8   85.0   4.0    60  0.0990     85M   0.24
F0000327   F    6      120   168.3  14.27  11.8   85.0   4.0   120  0.0990    170M   0.47
F0000328   F    6      120   168.3  14.27  11.8   85.0   4.0   180  0.0990    256M   0.71
F0000329   F    6      120   168.3  14.27  11.8   85.0   4.0   240  0.0990    341M   0.95
F0000330   F    6      120   168.3  14.27  11.8   85.0   6.0     0  0.0990      0M   0.00
F0000331   F    6      120   168.3  14.27  11.8   85.0   6.0    60  0.0990     85M   0.24
F0000332   F    6      120   168.3  14.27  11.8   85.0   6.0   120  0.0990    170M   0.47
F0000333   F    6      120   168.3  14.27  11.8   85.0   6.0   180  0.0990    256M   0.71
F0000334   F    6      120   168.3  14.27  11.8   85.0   6.0   240  0.0990    341M   0.95
F0000335   F    6      120   168.3  14.27  11.8   85.0   8.0     0  0.0990      0M   0.00
F0000336   F    6      120   168.3  14.27  11.8   85.0   8.0    60  0.0990     85M   0.24
F0000337   F    6      120   168.3  14.27  11.8   85.0   8.0   120  0.0990    170M   0.47
F0000338   F    6      120   168.3  14.27  11.8   85.0   8.0   180  0.0990    256M   0.71
F0000339   F    6      120   168.3  14.27  11.8   85.0   8.0   240  0.0990    341M   0.95
F0000340   F    6      120   168.3  14.27  11.8   85.0  10.0     0  0.0990      0M   0.00
F0000341   F    6      120   168.3  14.27  11.8   85.0  10.0    60  0.0990     85M   0.24
F0000342   F    6      120   168.3  14.27  11.8   85.0  10.0   120  0.0990    170M   0.47
F0000343   F    6      120   168.3  14.27  11.8   85.0  10.0   180  0.0990    256M   0.71
F0000344   F    6      120   168.3  14.27  11.8   85.0  10.0   240  0.0990    341M   0.95
F0000345   F    6      120   168.3  14.27  11.8   85.0  12.0     0  0.0990      0M   0.00
F0000346   F    6      120   168.3  14.27  11.8   85.0  12.0    60  0.0990     85M   0.24
F0000347   F    6      120   168.3  14.27  11.8   85.0  12.0   120  0.0990    170M   0.47
F0000348   F    6      120   168.3  14.27  11.8   85.0  12.0   180  0.0990    256M   0.71
F0000349   F    6      120   168.3  14.27  11.8   85.0  12.0   240  0.0990    341M   0.95
F0000350   F    6      120   168.3  14.27  11.8  100.0   4.0     0  0.0842      0M   0.00
F0000351   F    6      120   168.3  14.27  11.8  100.0   4.0    60  0.0842     85M   0.24
F0000352   F    6      120   168.3  14.27  11.8  100.0   4.0   120  0.0842    170M   0.47
F0000353   F    6      120   168.3  14.27  11.8  100.0   4.0   180  0.0842    256M   0.71
F0000354   F    6      120   168.3  14.27  11.8  100.0   4.0   240  0.0842    341M   0.95
F0000355   F    6      120   168.3  14.27  11.8  100.0   6.0     0  0.0842      0M   0.00
F0000356   F    6      120   168.3  14.27  11.8  100.0   6.0    60  0.0842     85M   0.24
F0000357   F    6      120   168.3  14.27  11.8  100.0   6.0   120  0.0842    170M   0.47
F0000358   F    6      120   168.3  14.27  11.8  100.0   6.0   180  0.0842    256M   0.71
F0000359   F    6      120   168.3  14.27  11.8  100.0   6.0   240  0.0842    341M   0.95
F0000360   F    6      120   168.3  14.27  11.8  100.0   8.0     0  0.0842      0M   0.00
F0000361   F    6      120   168.3  14.27  11.8  100.0   8.0    60  0.0842     85M   0.24
F0000362   F    6      120   168.3  14.27  11.8  100.0   8.0   120  0.0842    170M   0.47
F0000363   F    6      120   168.3  14.27  11.8  100.0   8.0   180  0.0842    256M   0.71
F0000364   F    6      120   168.3  14.27  11.8  100.0   8.0   240  0.0842    341M   0.95
F0000365   F    6      120   168.3  14.27  11.8  100.0  10.0     0  0.0842      0M   0.00
F0000366   F    6      120   168.3  14.27  11.8  100.0  10.0    60  0.0842     85M   0.24
F0000367   F    6      120   168.3  14.27  11.8  100.0  10.0   120  0.0842    170M   0.47
F0000368   F    6      120   168.3  14.27  11.8  100.0  10.0   180  0.0842    256M   0.71
F0000369   F    6      120   168.3  14.27  11.8  100.0  10.0   240  0.0842    341M   0.95
F0000370   F    6      120   168.3  14.27  11.8  100.0  12.0     0  0.0842      0M   0.00
F0000371   F    6      120   168.3  14.27  11.8  100.0  12.0    60  0.0842     85M   0.24
F0000372   F    6      120   168.3  14.27  11.8  100.0  12.0   120  0.0842    170M   0.47
F0000373   F    6      120   168.3  14.27  11.8  100.0  12.0   180  0.0842    256M   0.71
F0000374   F    6      120   168.3  14.27  11.8  100.0  12.0   240  0.0842    341M   0.95
F0000375   F    6      120   168.3  14.27  11.8  115.0   4.0     0  0.0732      0M   0.00
F0000376   F    6      120   168.3  14.27  11.8  115.0   4.0    60  0.0732     85M   0.24
F0000377   F    6      120   168.3  14.27  11.8  115.0   4.0   120  0.0732    170M   0.47
F0000378   F    6      120   168.3  14.27  11.8  115.0   4.0   180  0.0732    256M   0.71
F0000379   F    6      120   168.3  14.27  11.8  115.0   4.0   240  0.0732    341M   0.95
F0000380   F    6      120   168.3  14.27  11.8  115.0   6.0     0  0.0732      0M   0.00
F0000381   F    6      120   168.3  14.27  11.8  115.0   6.0    60  0.0732     85M   0.24
F0000382   F    6      120   168.3  14.27  11.8  115.0   6.0   120  0.0732    170M   0.47
F0000383   F    6      120   168.3  14.27  11.8  115.0   6.0   180  0.0732    256M   0.71
F0000384   F    6      120   168.3  14.27  11.8  115.0   6.0   240  0.0732    341M   0.95
F0000385   F    6      120   168.3  14.27  11.8  115.0   8.0     0  0.0732      0M   0.00
F0000386   F    6      120   168.3  14.27  11.8  115.0   8.0    60  0.0732     85M   0.24
F0000387   F    6      120   168.3  14.27  11.8  115.0   8.0   120  0.0732    170M   0.47
F0000388   F    6      120   168.3  14.27  11.8  115.0   8.0   180  0.0732    256M   0.71
F0000389   F    6      120   168.3  14.27  11.8  115.0   8.0   240  0.0732    341M   0.95
F0000390   F    6      120   168.3  14.27  11.8  115.0  10.0     0  0.0732      0M   0.00
F0000391   F    6      120   168.3  14.27  11.8  115.0  10.0    60  0.0732     85M   0.24
F0000392   F    6      120   168.3  14.27  11.8  115.0  10.0   120  0.0732    170M   0.47
F0000393   F    6      120   168.3  14.27  11.8  115.0  10.0   180  0.0732    256M   0.71
F0000394   F    6      120   168.3  14.27  11.8  115.0  10.0   240  0.0732    341M   0.95
F0000395   F    6      120   168.3  14.27  11.8  115.0  12.0     0  0.0732      0M   0.00
F0000396   F    6      120   168.3  14.27  11.8  115.0  12.0    60  0.0732     85M   0.24
F0000397   F    6      120   168.3  14.27  11.8  115.0  12.0   120  0.0732    170M   0.47
F0000398   F    6      120   168.3  14.27  11.8  115.0  12.0   180  0.0732    256M   0.71
F0000399   F    6      120   168.3  14.27  11.8  115.0  12.0   240  0.0732    341M   0.95
F0000400   F    6      120   168.3  14.27  11.8  130.0   4.0     0  0.0647      0M   0.00
F0000401   F    6      120   168.3  14.27  11.8  130.0   4.0    60  0.0647     85M   0.24
F0000402   F    6      120   168.3  14.27  11.8  130.0   4.0   120  0.0647    170M   0.47
F0000403   F    6      120   168.3  14.27  11.8  130.0   4.0   180  0.0647    256M   0.71
F0000404   F    6      120   168.3  14.27  11.8  130.0   4.0   240  0.0647    341M   0.95
F0000405   F    6      120   168.3  14.27  11.8  130.0   6.0     0  0.0647      0M   0.00
F0000406   F    6      120   168.3  14.27  11.8  130.0   6.0    60  0.0647     85M   0.24
F0000407   F    6      120   168.3  14.27  11.8  130.0   6.0   120  0.0647    170M   0.47
F0000408   F    6      120   168.3  14.27  11.8  130.0   6.0   180  0.0647    256M   0.71
F0000409   F    6      120   168.3  14.27  11.8  130.0   6.0   240  0.0647    341M   0.95
F0000410   F    6      120   168.3  14.27  11.8  130.0   8.0     0  0.0647      0M   0.00
F0000411   F    6      120   168.3  14.27  11.8  130.0   8.0    60  0.0647     85M   0.24
F0000412   F    6      120   168.3  14.27  11.8  130.0   8.0   120  0.0647    170M   0.47
F0000413   F    6      120   168.3  14.27  11.8  130.0   8.0   180  0.0647    256M   0.71
F0000414   F    6      120   168.3  14.27  11.8  130.0   8.0   240  0.0647    341M   0.95
F0000415   F    6      120   168.3  14.27  11.8  130.0  10.0     0  0.0647      0M   0.00
F0000416   F    6      120   168.3  14.27  11.8  130.0  10.0    60  0.0647     85M   0.24
F0000417   F    6      120   168.3  14.27  11.8  130.0  10.0   120  0.0647    170M   0.47
F0000418   F    6      120   168.3  14.27  11.8  130.0  10.0   180  0.0647    256M   0.71
F0000419   F    6      120   168.3  14.27  11.8  130.0  10.0   240  0.0647    341M   0.95
F0000420   F    6      120   168.3  14.27  11.8  130.0  12.0     0  0.0647      0M   0.00
F0000421   F    6      120   168.3  14.27  11.8  130.0  12.0    60  0.0647     85M   0.24
F0000422   F    6      120   168.3  14.27  11.8  130.0  12.0   120  0.0647    170M   0.47
F0000423   F    6      120   168.3  14.27  11.8  130.0  12.0   180  0.0647    256M   0.71
F0000424   F    6      120   168.3  14.27  11.8  130.0  12.0   240  0.0647    341M   0.95
F0000425   F    6      120   168.3  14.27  11.8  145.0   4.0     0  0.0580      0M   0.00
F0000426   F    6      120   168.3  14.27  11.8  145.0   4.0    60  0.0580     85M   0.24
F0000427   F    6      120   168.3  14.27  11.8  145.0   4.0   120  0.0580    170M   0.47
F0000428   F    6      120   168.3  14.27  11.8  145.0   4.0   180  0.0580    256M   0.71
F0000429   F    6      120   168.3  14.27  11.8  145.0   4.0   240  0.0580    341M   0.95
F0000430   F    6      120   168.3  14.27  11.8  145.0   6.0     0  0.0580      0M   0.00
F0000431   F    6      120   168.3  14.27  11.8  145.0   6.0    60  0.0580     85M   0.24
F0000432   F    6      120   168.3  14.27  11.8  145.0   6.0   120  0.0580    170M   0.47
F0000433   F    6      120   168.3  14.27  11.8  145.0   6.0   180  0.0580    256M   0.71
F0000434   F    6      120   168.3  14.27  11.8  145.0   6.0   240  0.0580    341M   0.95
F0000435   F    6      120   168.3  14.27  11.8  145.0   8.0     0  0.0580      0M   0.00
F0000436   F    6      120   168.3  14.27  11.8  145.0   8.0    60  0.0580     85M   0.24
F0000437   F    6      120   168.3  14.27  11.8  145.0   8.0   120  0.0580    170M   0.47
F0000438   F    6      120   168.3  14.27  11.8  145.0   8.0   180  0.0580    256M   0.71
F0000439   F    6      120   168.3  14.27  11.8  145.0   8.0   240  0.0580    341M   0.95
F0000440   F    6      120   168.3  14.27  11.8  145.0  10.0     0  0.0580      0M   0.00
F0000441   F    6      120   168.3  14.27  11.8  145.0  10.0    60  0.0580     85M   0.24
F0000442   F    6      120   168.3  14.27  11.8  145.0  10.0   120  0.0580    170M   0.47
F0000443   F    6      120   168.3  14.27  11.8  145.0  10.0   180  0.0580    256M   0.71
F0000444   F    6      120   168.3  14.27  11.8  145.0  10.0   240  0.0580    341M   0.95
F0000445   F    6      120   168.3  14.27  11.8  145.0  12.0     0  0.0580      0M   0.00
F0000446   F    6      120   168.3  14.27  11.8  145.0  12.0    60  0.0580     85M   0.24
F0000447   F    6      120   168.3  14.27  11.8  145.0  12.0   120  0.0580    170M   0.47
F0000448   F    6      120   168.3  14.27  11.8  145.0  12.0   180  0.0580    256M   0.71
F0000449   F    6      120   168.3  14.27  11.8  145.0  12.0   240  0.0580    341M   0.95
F0000450   F    8   40/STD   219.1   8.18  26.8   70.0   4.0     0  0.1565      0M   0.00
F0000451   F    8   40/STD   219.1   8.18  26.8   70.0   4.0    60  0.1565    109M   0.30
F0000452   F    8   40/STD   219.1   8.18  26.8   70.0   4.0   120  0.1565    217M   0.60
F0000453   F    8   40/STD   219.1   8.18  26.8   70.0   4.0   180  0.1565    326M   0.90
F0000454   F    8   40/STD   219.1   8.18  26.8   70.0   4.0   240  0.1565    434M   1.21
F0000455   F    8   40/STD   219.1   8.18  26.8   70.0   6.0     0  0.1565      0M   0.00
F0000456   F    8   40/STD   219.1   8.18  26.8   70.0   6.0    60  0.1565    109M   0.30
F0000457   F    8   40/STD   219.1   8.18  26.8   70.0   6.0   120  0.1565    217M   0.60
F0000458   F    8   40/STD   219.1   8.18  26.8   70.0   6.0   180  0.1565    326M   0.90
F0000459   F    8   40/STD   219.1   8.18  26.8   70.0   6.0   240  0.1565    434M   1.21
F0000460   F    8   40/STD   219.1   8.18  26.8   70.0   8.0     0  0.1565      0M   0.00
F0000461   F    8   40/STD   219.1   8.18  26.8   70.0   8.0    60  0.1565    109M   0.30
F0000462   F    8   40/STD   219.1   8.18  26.8   70.0   8.0   120  0.1565    217M   0.60
F0000463   F    8   40/STD   219.1   8.18  26.8   70.0   8.0   180  0.1565    326M   0.90
F0000464   F    8   40/STD   219.1   8.18  26.8   70.0   8.0   240  0.1565    434M   1.21
F0000465   F    8   40/STD   219.1   8.18  26.8   70.0  10.0     0  0.1565      0M   0.00
F0000466   F    8   40/STD   219.1   8.18  26.8   70.0  10.0    60  0.1565    109M   0.30
F0000467   F    8   40/STD   219.1   8.18  26.8   70.0  10.0   120  0.1565    217M   0.60
F0000468   F    8   40/STD   219.1   8.18  26.8   70.0  10.0   180  0.1565    326M   0.90
F0000469   F    8   40/STD   219.1   8.18  26.8   70.0  10.0   240  0.1565    434M   1.21
F0000470   F    8   40/STD   219.1   8.18  26.8   70.0  12.0     0  0.1565      0M   0.00
F0000471   F    8   40/STD   219.1   8.18  26.8   70.0  12.0    60  0.1565    109M   0.30
F0000472   F    8   40/STD   219.1   8.18  26.8   70.0  12.0   120  0.1565    217M   0.60
F0000473   F    8   40/STD   219.1   8.18  26.8   70.0  12.0   180  0.1565    326M   0.90
F0000474   F    8   40/STD   219.1   8.18  26.8   70.0  12.0   240  0.1565    434M   1.21
F0000475   F    8   40/STD   219.1   8.18  26.8   85.0   4.0     0  0.1289      0M   0.00
F0000476   F    8   40/STD   219.1   8.18  26.8   85.0   4.0    60  0.1289    109M   0.30
F0000477   F    8   40/STD   219.1   8.18  26.8   85.0   4.0   120  0.1289    217M   0.60
F0000478   F    8   40/STD   219.1   8.18  26.8   85.0   4.0   180  0.1289    326M   0.90
F0000479   F    8   40/STD   219.1   8.18  26.8   85.0   4.0   240  0.1289    434M   1.21
F0000480   F    8   40/STD   219.1   8.18  26.8   85.0   6.0     0  0.1289      0M   0.00
F0000481   F    8   40/STD   219.1   8.18  26.8   85.0   6.0    60  0.1289    109M   0.30
F0000482   F    8   40/STD   219.1   8.18  26.8   85.0   6.0   120  0.1289    217M   0.60
F0000483   F    8   40/STD   219.1   8.18  26.8   85.0   6.0   180  0.1289    326M   0.90
F0000484   F    8   40/STD   219.1   8.18  26.8   85.0   6.0   240  0.1289    434M   1.21
F0000485   F    8   40/STD   219.1   8.18  26.8   85.0   8.0     0  0.1289      0M   0.00
F0000486   F    8   40/STD   219.1   8.18  26.8   85.0   8.0    60  0.1289    109M   0.30
F0000487   F    8   40/STD   219.1   8.18  26.8   85.0   8.0   120  0.1289    217M   0.60
F0000488   F    8   40/STD   219.1   8.18  26.8   85.0   8.0   180  0.1289    326M   0.90
F0000489   F    8   40/STD   219.1   8.18  26.8   85.0   8.0   240  0.1289    434M   1.21
F0000490   F    8   40/STD   219.1   8.18  26.8   85.0  10.0     0  0.1289      0M   0.00
F0000491   F    8   40/STD   219.1   8.18  26.8   85.0  10.0    60  0.1289    109M   0.30
F0000492   F    8   40/STD   219.1   8.18  26.8   85.0  10.0   120  0.1289    217M   0.60
F0000493   F    8   40/STD   219.1   8.18  26.8   85.0  10.0   180  0.1289    326M   0.90
F0000494   F    8   40/STD   219.1   8.18  26.8   85.0  10.0   240  0.1289    434M   1.21
F0000495   F    8   40/STD   219.1   8.18  26.8   85.0  12.0     0  0.1289      0M   0.00
F0000496   F    8   40/STD   219.1   8.18  26.8   85.0  12.0    60  0.1289    109M   0.30
F0000497   F    8   40/STD   219.1   8.18  26.8   85.0  12.0   120  0.1289    217M   0.60
F0000498   F    8   40/STD   219.1   8.18  26.8   85.0  12.0   180  0.1289    326M   0.90
F0000499   F    8   40/STD   219.1   8.18  26.8   85.0  12.0   240  0.1289    434M   1.21
F0000500   F    8   40/STD   219.1   8.18  26.8  100.0   4.0     0  0.1095      0M   0.00
F0000501   F    8   40/STD   219.1   8.18  26.8  100.0   4.0    60  0.1095    109M   0.30
F0000502   F    8   40/STD   219.1   8.18  26.8  100.0   4.0   120  0.1095    217M   0.60
F0000503   F    8   40/STD   219.1   8.18  26.8  100.0   4.0   180  0.1095    326M   0.90
F0000504   F    8   40/STD   219.1   8.18  26.8  100.0   4.0   240  0.1095    434M   1.21
F0000505   F    8   40/STD   219.1   8.18  26.8  100.0   6.0     0  0.1095      0M   0.00
F0000506   F    8   40/STD   219.1   8.18  26.8  100.0   6.0    60  0.1095    109M   0.30
F0000507   F    8   40/STD   219.1   8.18  26.8  100.0   6.0   120  0.1095    217M   0.60
F0000508   F    8   40/STD   219.1   8.18  26.8  100.0   6.0   180  0.1095    326M   0.90
F0000509   F    8   40/STD   219.1   8.18  26.8  100.0   6.0   240  0.1095    434M   1.21
F0000510   F    8   40/STD   219.1   8.18  26.8  100.0   8.0     0  0.1095      0M   0.00
F0000511   F    8   40/STD   219.1   8.18  26.8  100.0   8.0    60  0.1095    109M   0.30
F0000512   F    8   40/STD   219.1   8.18  26.8  100.0   8.0   120  0.1095    217M   0.60
F0000513   F    8   40/STD   219.1   8.18  26.8  100.0   8.0   180  0.1095    326M   0.90
F0000514   F    8   40/STD   219.1   8.18  26.8  100.0   8.0   240  0.1095    434M   1.21
F0000515   F    8   40/STD   219.1   8.18  26.8  100.0  10.0     0  0.1095      0M   0.00
F0000516   F    8   40/STD   219.1   8.18  26.8  100.0  10.0    60  0.1095    109M   0.30
F0000517   F    8   40/STD   219.1   8.18  26.8  100.0  10.0   120  0.1095    217M   0.60
F0000518   F    8   40/STD   219.1   8.18  26.8  100.0  10.0   180  0.1095    326M   0.90
F0000519   F    8   40/STD   219.1   8.18  26.8  100.0  10.0   240  0.1095    434M   1.21
F0000520   F    8   40/STD   219.1   8.18  26.8  100.0  12.0     0  0.1095      0M   0.00
F0000521   F    8   40/STD   219.1   8.18  26.8  100.0  12.0    60  0.1095    109M   0.30
F0000522   F    8   40/STD   219.1   8.18  26.8  100.0  12.0   120  0.1095    217M   0.60
F0000523   F    8   40/STD   219.1   8.18  26.8  100.0  12.0   180  0.1095    326M   0.90
F0000524   F    8   40/STD   219.1   8.18  26.8  100.0  12.0   240  0.1095    434M   1.21
F0000525   F    8   40/STD   219.1   8.18  26.8  115.0   4.0     0  0.0953      0M   0.00
F0000526   F    8   40/STD   219.1   8.18  26.8  115.0   4.0    60  0.0953    109M   0.30
F0000527   F    8   40/STD   219.1   8.18  26.8  115.0   4.0   120  0.0953    217M   0.60
F0000528   F    8   40/STD   219.1   8.18  26.8  115.0   4.0   180  0.0953    326M   0.90
F0000529   F    8   40/STD   219.1   8.18  26.8  115.0   4.0   240  0.0953    434M   1.21
F0000530   F    8   40/STD   219.1   8.18  26.8  115.0   6.0     0  0.0953      0M   0.00
F0000531   F    8   40/STD   219.1   8.18  26.8  115.0   6.0    60  0.0953    109M   0.30
F0000532   F    8   40/STD   219.1   8.18  26.8  115.0   6.0   120  0.0953    217M   0.60
F0000533   F    8   40/STD   219.1   8.18  26.8  115.0   6.0   180  0.0953    326M   0.90
F0000534   F    8   40/STD   219.1   8.18  26.8  115.0   6.0   240  0.0953    434M   1.21
F0000535   F    8   40/STD   219.1   8.18  26.8  115.0   8.0     0  0.0953      0M   0.00
F0000536   F    8   40/STD   219.1   8.18  26.8  115.0   8.0    60  0.0953    109M   0.30
F0000537   F    8   40/STD   219.1   8.18  26.8  115.0   8.0   120  0.0953    217M   0.60
F0000538   F    8   40/STD   219.1   8.18  26.8  115.0   8.0   180  0.0953    326M   0.90
F0000539   F    8   40/STD   219.1   8.18  26.8  115.0   8.0   240  0.0953    434M   1.21
F0000540   F    8   40/STD   219.1   8.18  26.8  115.0  10.0     0  0.0953      0M   0.00
F0000541   F    8   40/STD   219.1   8.18  26.8  115.0  10.0    60  0.0953    109M   0.30
F0000542   F    8   40/STD   219.1   8.18  26.8  115.0  10.0   120  0.0953    217M   0.60
F0000543   F    8   40/STD   219.1   8.18  26.8  115.0  10.0   180  0.0953    326M   0.90
F0000544   F    8   40/STD   219.1   8.18  26.8  115.0  10.0   240  0.0953    434M   1.21
F0000545   F    8   40/STD   219.1   8.18  26.8  115.0  12.0     0  0.0953      0M   0.00
F0000546   F    8   40/STD   219.1   8.18  26.8  115.0  12.0    60  0.0953    109M   0.30
F0000547   F    8   40/STD   219.1   8.18  26.8  115.0  12.0   120  0.0953    217M   0.60
F0000548   F    8   40/STD   219.1   8.18  26.8  115.0  12.0   180  0.0953    326M   0.90
F0000549   F    8   40/STD   219.1   8.18  26.8  115.0  12.0   240  0.0953    434M   1.21
F0000550   F    8   40/STD   219.1   8.18  26.8  130.0   4.0     0  0.0843      0M   0.00
F0000551   F    8   40/STD   219.1   8.18  26.8  130.0   4.0    60  0.0843    109M   0.30
F0000552   F    8   40/STD   219.1   8.18  26.8  130.0   4.0   120  0.0843    217M   0.60
F0000553   F    8   40/STD   219.1   8.18  26.8  130.0   4.0   180  0.0843    326M   0.90
F0000554   F    8   40/STD   219.1   8.18  26.8  130.0   4.0   240  0.0843    434M   1.21
F0000555   F    8   40/STD   219.1   8.18  26.8  130.0   6.0     0  0.0843      0M   0.00
F0000556   F    8   40/STD   219.1   8.18  26.8  130.0   6.0    60  0.0843    109M   0.30
F0000557   F    8   40/STD   219.1   8.18  26.8  130.0   6.0   120  0.0843    217M   0.60
F0000558   F    8   40/STD   219.1   8.18  26.8  130.0   6.0   180  0.0843    326M   0.90
F0000559   F    8   40/STD   219.1   8.18  26.8  130.0   6.0   240  0.0843    434M   1.21
F0000560   F    8   40/STD   219.1   8.18  26.8  130.0   8.0     0  0.0843      0M   0.00
F0000561   F    8   40/STD   219.1   8.18  26.8  130.0   8.0    60  0.0843    109M   0.30
F0000562   F    8   40/STD   219.1   8.18  26.8  130.0   8.0   120  0.0843    217M   0.60
F0000563   F    8   40/STD   219.1   8.18  26.8  130.0   8.0   180  0.0843    326M   0.90
F0000564   F    8   40/STD   219.1   8.18  26.8  130.0   8.0   240  0.0843    434M   1.21
F0000565   F    8   40/STD   219.1   8.18  26.8  130.0  10.0     0  0.0843      0M   0.00
F0000566   F    8   40/STD   219.1   8.18  26.8  130.0  10.0    60  0.0843    109M   0.30
F0000567   F    8   40/STD   219.1   8.18  26.8  130.0  10.0   120  0.0843    217M   0.60
F0000568   F    8   40/STD   219.1   8.18  26.8  130.0  10.0   180  0.0843    326M   0.90
F0000569   F    8   40/STD   219.1   8.18  26.8  130.0  10.0   240  0.0843    434M   1.21
F0000570   F    8   40/STD   219.1   8.18  26.8  130.0  12.0     0  0.0843      0M   0.00
F0000571   F    8   40/STD   219.1   8.18  26.8  130.0  12.0    60  0.0843    109M   0.30
F0000572   F    8   40/STD   219.1   8.18  26.8  130.0  12.0   120  0.0843    217M   0.60
F0000573   F    8   40/STD   219.1   8.18  26.8  130.0  12.0   180  0.0843    326M   0.90
F0000574   F    8   40/STD   219.1   8.18  26.8  130.0  12.0   240  0.0843    434M   1.21
F0000575   F    8   40/STD   219.1   8.18  26.8  145.0   4.0     0  0.0756      0M   0.00
F0000576   F    8   40/STD   219.1   8.18  26.8  145.0   4.0    60  0.0756    109M   0.30
F0000577   F    8   40/STD   219.1   8.18  26.8  145.0   4.0   120  0.0756    217M   0.60
F0000578   F    8   40/STD   219.1   8.18  26.8  145.0   4.0   180  0.0756    326M   0.90
F0000579   F    8   40/STD   219.1   8.18  26.8  145.0   4.0   240  0.0756    434M   1.21
F0000580   F    8   40/STD   219.1   8.18  26.8  145.0   6.0     0  0.0756      0M   0.00
F0000581   F    8   40/STD   219.1   8.18  26.8  145.0   6.0    60  0.0756    109M   0.30
F0000582   F    8   40/STD   219.1   8.18  26.8  145.0   6.0   120  0.0756    217M   0.60
F0000583   F    8   40/STD   219.1   8.18  26.8  145.0   6.0   180  0.0756    326M   0.90
F0000584   F    8   40/STD   219.1   8.18  26.8  145.0   6.0   240  0.0756    434M   1.21
F0000585   F    8   40/STD   219.1   8.18  26.8  145.0   8.0     0  0.0756      0M   0.00
F0000586   F    8   40/STD   219.1   8.18  26.8  145.0   8.0    60  0.0756    109M   0.30
F0000587   F    8   40/STD   219.1   8.18  26.8  145.0   8.0   120  0.0756    217M   0.60
F0000588   F    8   40/STD   219.1   8.18  26.8  145.0   8.0   180  0.0756    326M   0.90
F0000589   F    8   40/STD   219.1   8.18  26.8  145.0   8.0   240  0.0756    434M   1.21
F0000590   F    8   40/STD   219.1   8.18  26.8  145.0  10.0     0  0.0756      0M   0.00
F0000591   F    8   40/STD   219.1   8.18  26.8  145.0  10.0    60  0.0756    109M   0.30
F0000592   F    8   40/STD   219.1   8.18  26.8  145.0  10.0   120  0.0756    217M   0.60
F0000593   F    8   40/STD   219.1   8.18  26.8  145.0  10.0   180  0.0756    326M   0.90
F0000594   F    8   40/STD   219.1   8.18  26.8  145.0  10.0   240  0.0756    434M   1.21
F0000595   F    8   40/STD   219.1   8.18  26.8  145.0  12.0     0  0.0756      0M   0.00
F0000596   F    8   40/STD   219.1   8.18  26.8  145.0  12.0    60  0.0756    109M   0.30
F0000597   F    8   40/STD   219.1   8.18  26.8  145.0  12.0   120  0.0756    217M   0.60
F0000598   F    8   40/STD   219.1   8.18  26.8  145.0  12.0   180  0.0756    326M   0.90
F0000599   F    8   40/STD   219.1   8.18  26.8  145.0  12.0   240  0.0756    434M   1.21
F0000600   F    8    80/XS   219.1  12.70  17.3   70.0   4.0     0  0.1565      0M   0.00
F0000601   F    8    80/XS   219.1  12.70  17.3   70.0   4.0    60  0.1565     71M   0.20
F0000602   F    8    80/XS   219.1  12.70  17.3   70.0   4.0   120  0.1565    143M   0.40
F0000603   F    8    80/XS   219.1  12.70  17.3   70.0   4.0   180  0.1565    214M   0.60
F0000604   F    8    80/XS   219.1  12.70  17.3   70.0   4.0   240  0.1565    286M   0.79
F0000605   F    8    80/XS   219.1  12.70  17.3   70.0   6.0     0  0.1565      0M   0.00
F0000606   F    8    80/XS   219.1  12.70  17.3   70.0   6.0    60  0.1565     71M   0.20
F0000607   F    8    80/XS   219.1  12.70  17.3   70.0   6.0   120  0.1565    143M   0.40
F0000608   F    8    80/XS   219.1  12.70  17.3   70.0   6.0   180  0.1565    214M   0.60
F0000609   F    8    80/XS   219.1  12.70  17.3   70.0   6.0   240  0.1565    286M   0.79
F0000610   F    8    80/XS   219.1  12.70  17.3   70.0   8.0     0  0.1565      0M   0.00
F0000611   F    8    80/XS   219.1  12.70  17.3   70.0   8.0    60  0.1565     71M   0.20
F0000612   F    8    80/XS   219.1  12.70  17.3   70.0   8.0   120  0.1565    143M   0.40
F0000613   F    8    80/XS   219.1  12.70  17.3   70.0   8.0   180  0.1565    214M   0.60
F0000614   F    8    80/XS   219.1  12.70  17.3   70.0   8.0   240  0.1565    286M   0.79
F0000615   F    8    80/XS   219.1  12.70  17.3   70.0  10.0     0  0.1565      0M   0.00
F0000616   F    8    80/XS   219.1  12.70  17.3   70.0  10.0    60  0.1565     71M   0.20
F0000617   F    8    80/XS   219.1  12.70  17.3   70.0  10.0   120  0.1565    143M   0.40
F0000618   F    8    80/XS   219.1  12.70  17.3   70.0  10.0   180  0.1565    214M   0.60
F0000619   F    8    80/XS   219.1  12.70  17.3   70.0  10.0   240  0.1565    286M   0.79
F0000620   F    8    80/XS   219.1  12.70  17.3   70.0  12.0     0  0.1565      0M   0.00
F0000621   F    8    80/XS   219.1  12.70  17.3   70.0  12.0    60  0.1565     71M   0.20
F0000622   F    8    80/XS   219.1  12.70  17.3   70.0  12.0   120  0.1565    143M   0.40
F0000623   F    8    80/XS   219.1  12.70  17.3   70.0  12.0   180  0.1565    214M   0.60
F0000624   F    8    80/XS   219.1  12.70  17.3   70.0  12.0   240  0.1565    286M   0.79
F0000625   F    8    80/XS   219.1  12.70  17.3   85.0   4.0     0  0.1289      0M   0.00
F0000626   F    8    80/XS   219.1  12.70  17.3   85.0   4.0    60  0.1289     71M   0.20
F0000627   F    8    80/XS   219.1  12.70  17.3   85.0   4.0   120  0.1289    143M   0.40
F0000628   F    8    80/XS   219.1  12.70  17.3   85.0   4.0   180  0.1289    214M   0.60
F0000629   F    8    80/XS   219.1  12.70  17.3   85.0   4.0   240  0.1289    286M   0.79
F0000630   F    8    80/XS   219.1  12.70  17.3   85.0   6.0     0  0.1289      0M   0.00
F0000631   F    8    80/XS   219.1  12.70  17.3   85.0   6.0    60  0.1289     71M   0.20
F0000632   F    8    80/XS   219.1  12.70  17.3   85.0   6.0   120  0.1289    143M   0.40
F0000633   F    8    80/XS   219.1  12.70  17.3   85.0   6.0   180  0.1289    214M   0.60
F0000634   F    8    80/XS   219.1  12.70  17.3   85.0   6.0   240  0.1289    286M   0.79
F0000635   F    8    80/XS   219.1  12.70  17.3   85.0   8.0     0  0.1289      0M   0.00
F0000636   F    8    80/XS   219.1  12.70  17.3   85.0   8.0    60  0.1289     71M   0.20
F0000637   F    8    80/XS   219.1  12.70  17.3   85.0   8.0   120  0.1289    143M   0.40
F0000638   F    8    80/XS   219.1  12.70  17.3   85.0   8.0   180  0.1289    214M   0.60
F0000639   F    8    80/XS   219.1  12.70  17.3   85.0   8.0   240  0.1289    286M   0.79
F0000640   F    8    80/XS   219.1  12.70  17.3   85.0  10.0     0  0.1289      0M   0.00
F0000641   F    8    80/XS   219.1  12.70  17.3   85.0  10.0    60  0.1289     71M   0.20
F0000642   F    8    80/XS   219.1  12.70  17.3   85.0  10.0   120  0.1289    143M   0.40
F0000643   F    8    80/XS   219.1  12.70  17.3   85.0  10.0   180  0.1289    214M   0.60
F0000644   F    8    80/XS   219.1  12.70  17.3   85.0  10.0   240  0.1289    286M   0.79
F0000645   F    8    80/XS   219.1  12.70  17.3   85.0  12.0     0  0.1289      0M   0.00
F0000646   F    8    80/XS   219.1  12.70  17.3   85.0  12.0    60  0.1289     71M   0.20
F0000647   F    8    80/XS   219.1  12.70  17.3   85.0  12.0   120  0.1289    143M   0.40
F0000648   F    8    80/XS   219.1  12.70  17.3   85.0  12.0   180  0.1289    214M   0.60
F0000649   F    8    80/XS   219.1  12.70  17.3   85.0  12.0   240  0.1289    286M   0.79
F0000650   F    8    80/XS   219.1  12.70  17.3  100.0   4.0     0  0.1095      0M   0.00
F0000651   F    8    80/XS   219.1  12.70  17.3  100.0   4.0    60  0.1095     71M   0.20
F0000652   F    8    80/XS   219.1  12.70  17.3  100.0   4.0   120  0.1095    143M   0.40
F0000653   F    8    80/XS   219.1  12.70  17.3  100.0   4.0   180  0.1095    214M   0.60
F0000654   F    8    80/XS   219.1  12.70  17.3  100.0   4.0   240  0.1095    286M   0.79
F0000655   F    8    80/XS   219.1  12.70  17.3  100.0   6.0     0  0.1095      0M   0.00
F0000656   F    8    80/XS   219.1  12.70  17.3  100.0   6.0    60  0.1095     71M   0.20
F0000657   F    8    80/XS   219.1  12.70  17.3  100.0   6.0   120  0.1095    143M   0.40
F0000658   F    8    80/XS   219.1  12.70  17.3  100.0   6.0   180  0.1095    214M   0.60
F0000659   F    8    80/XS   219.1  12.70  17.3  100.0   6.0   240  0.1095    286M   0.79
F0000660   F    8    80/XS   219.1  12.70  17.3  100.0   8.0     0  0.1095      0M   0.00
F0000661   F    8    80/XS   219.1  12.70  17.3  100.0   8.0    60  0.1095     71M   0.20
F0000662   F    8    80/XS   219.1  12.70  17.3  100.0   8.0   120  0.1095    143M   0.40
F0000663   F    8    80/XS   219.1  12.70  17.3  100.0   8.0   180  0.1095    214M   0.60
F0000664   F    8    80/XS   219.1  12.70  17.3  100.0   8.0   240  0.1095    286M   0.79
F0000665   F    8    80/XS   219.1  12.70  17.3  100.0  10.0     0  0.1095      0M   0.00
F0000666   F    8    80/XS   219.1  12.70  17.3  100.0  10.0    60  0.1095     71M   0.20
F0000667   F    8    80/XS   219.1  12.70  17.3  100.0  10.0   120  0.1095    143M   0.40
F0000668   F    8    80/XS   219.1  12.70  17.3  100.0  10.0   180  0.1095    214M   0.60
F0000669   F    8    80/XS   219.1  12.70  17.3  100.0  10.0   240  0.1095    286M   0.79
F0000670   F    8    80/XS   219.1  12.70  17.3  100.0  12.0     0  0.1095      0M   0.00
F0000671   F    8    80/XS   219.1  12.70  17.3  100.0  12.0    60  0.1095     71M   0.20
F0000672   F    8    80/XS   219.1  12.70  17.3  100.0  12.0   120  0.1095    143M   0.40
F0000673   F    8    80/XS   219.1  12.70  17.3  100.0  12.0   180  0.1095    214M   0.60
F0000674   F    8    80/XS   219.1  12.70  17.3  100.0  12.0   240  0.1095    286M   0.79
F0000675   F    8    80/XS   219.1  12.70  17.3  115.0   4.0     0  0.0953      0M   0.00
F0000676   F    8    80/XS   219.1  12.70  17.3  115.0   4.0    60  0.0953     71M   0.20
F0000677   F    8    80/XS   219.1  12.70  17.3  115.0   4.0   120  0.0953    143M   0.40
F0000678   F    8    80/XS   219.1  12.70  17.3  115.0   4.0   180  0.0953    214M   0.60
F0000679   F    8    80/XS   219.1  12.70  17.3  115.0   4.0   240  0.0953    286M   0.79
F0000680   F    8    80/XS   219.1  12.70  17.3  115.0   6.0     0  0.0953      0M   0.00
F0000681   F    8    80/XS   219.1  12.70  17.3  115.0   6.0    60  0.0953     71M   0.20
F0000682   F    8    80/XS   219.1  12.70  17.3  115.0   6.0   120  0.0953    143M   0.40
F0000683   F    8    80/XS   219.1  12.70  17.3  115.0   6.0   180  0.0953    214M   0.60
F0000684   F    8    80/XS   219.1  12.70  17.3  115.0   6.0   240  0.0953    286M   0.79
F0000685   F    8    80/XS   219.1  12.70  17.3  115.0   8.0     0  0.0953      0M   0.00
F0000686   F    8    80/XS   219.1  12.70  17.3  115.0   8.0    60  0.0953     71M   0.20
F0000687   F    8    80/XS   219.1  12.70  17.3  115.0   8.0   120  0.0953    143M   0.40
F0000688   F    8    80/XS   219.1  12.70  17.3  115.0   8.0   180  0.0953    214M   0.60
F0000689   F    8    80/XS   219.1  12.70  17.3  115.0   8.0   240  0.0953    286M   0.79
F0000690   F    8    80/XS   219.1  12.70  17.3  115.0  10.0     0  0.0953      0M   0.00
F0000691   F    8    80/XS   219.1  12.70  17.3  115.0  10.0    60  0.0953     71M   0.20
F0000692   F    8    80/XS   219.1  12.70  17.3  115.0  10.0   120  0.0953    143M   0.40
F0000693   F    8    80/XS   219.1  12.70  17.3  115.0  10.0   180  0.0953    214M   0.60
F0000694   F    8    80/XS   219.1  12.70  17.3  115.0  10.0   240  0.0953    286M   0.79
F0000695   F    8    80/XS   219.1  12.70  17.3  115.0  12.0     0  0.0953      0M   0.00
F0000696   F    8    80/XS   219.1  12.70  17.3  115.0  12.0    60  0.0953     71M   0.20
F0000697   F    8    80/XS   219.1  12.70  17.3  115.0  12.0   120  0.0953    143M   0.40
F0000698   F    8    80/XS   219.1  12.70  17.3  115.0  12.0   180  0.0953    214M   0.60
F0000699   F    8    80/XS   219.1  12.70  17.3  115.0  12.0   240  0.0953    286M   0.79
F0000700   F    8    80/XS   219.1  12.70  17.3  130.0   4.0     0  0.0843      0M   0.00
F0000701   F    8    80/XS   219.1  12.70  17.3  130.0   4.0    60  0.0843     71M   0.20
F0000702   F    8    80/XS   219.1  12.70  17.3  130.0   4.0   120  0.0843    143M   0.40
F0000703   F    8    80/XS   219.1  12.70  17.3  130.0   4.0   180  0.0843    214M   0.60
F0000704   F    8    80/XS   219.1  12.70  17.3  130.0   4.0   240  0.0843    286M   0.79
F0000705   F    8    80/XS   219.1  12.70  17.3  130.0   6.0     0  0.0843      0M   0.00
F0000706   F    8    80/XS   219.1  12.70  17.3  130.0   6.0    60  0.0843     71M   0.20
F0000707   F    8    80/XS   219.1  12.70  17.3  130.0   6.0   120  0.0843    143M   0.40
F0000708   F    8    80/XS   219.1  12.70  17.3  130.0   6.0   180  0.0843    214M   0.60
F0000709   F    8    80/XS   219.1  12.70  17.3  130.0   6.0   240  0.0843    286M   0.79
F0000710   F    8    80/XS   219.1  12.70  17.3  130.0   8.0     0  0.0843      0M   0.00
F0000711   F    8    80/XS   219.1  12.70  17.3  130.0   8.0    60  0.0843     71M   0.20
F0000712   F    8    80/XS   219.1  12.70  17.3  130.0   8.0   120  0.0843    143M   0.40
F0000713   F    8    80/XS   219.1  12.70  17.3  130.0   8.0   180  0.0843    214M   0.60
F0000714   F    8    80/XS   219.1  12.70  17.3  130.0   8.0   240  0.0843    286M   0.79
F0000715   F    8    80/XS   219.1  12.70  17.3  130.0  10.0     0  0.0843      0M   0.00
F0000716   F    8    80/XS   219.1  12.70  17.3  130.0  10.0    60  0.0843     71M   0.20
F0000717   F    8    80/XS   219.1  12.70  17.3  130.0  10.0   120  0.0843    143M   0.40
F0000718   F    8    80/XS   219.1  12.70  17.3  130.0  10.0   180  0.0843    214M   0.60
F0000719   F    8    80/XS   219.1  12.70  17.3  130.0  10.0   240  0.0843    286M   0.79
F0000720   F    8    80/XS   219.1  12.70  17.3  130.0  12.0     0  0.0843      0M   0.00
F0000721   F    8    80/XS   219.1  12.70  17.3  130.0  12.0    60  0.0843     71M   0.20
F0000722   F    8    80/XS   219.1  12.70  17.3  130.0  12.0   120  0.0843    143M   0.40
F0000723   F    8    80/XS   219.1  12.70  17.3  130.0  12.0   180  0.0843    214M   0.60
F0000724   F    8    80/XS   219.1  12.70  17.3  130.0  12.0   240  0.0843    286M   0.79
F0000725   F    8    80/XS   219.1  12.70  17.3  145.0   4.0     0  0.0756      0M   0.00
F0000726   F    8    80/XS   219.1  12.70  17.3  145.0   4.0    60  0.0756     71M   0.20
F0000727   F    8    80/XS   219.1  12.70  17.3  145.0   4.0   120  0.0756    143M   0.40
F0000728   F    8    80/XS   219.1  12.70  17.3  145.0   4.0   180  0.0756    214M   0.60
F0000729   F    8    80/XS   219.1  12.70  17.3  145.0   4.0   240  0.0756    286M   0.79
F0000730   F    8    80/XS   219.1  12.70  17.3  145.0   6.0     0  0.0756      0M   0.00
F0000731   F    8    80/XS   219.1  12.70  17.3  145.0   6.0    60  0.0756     71M   0.20
F0000732   F    8    80/XS   219.1  12.70  17.3  145.0   6.0   120  0.0756    143M   0.40
F0000733   F    8    80/XS   219.1  12.70  17.3  145.0   6.0   180  0.0756    214M   0.60
F0000734   F    8    80/XS   219.1  12.70  17.3  145.0   6.0   240  0.0756    286M   0.79
F0000735   F    8    80/XS   219.1  12.70  17.3  145.0   8.0     0  0.0756      0M   0.00
F0000736   F    8    80/XS   219.1  12.70  17.3  145.0   8.0    60  0.0756     71M   0.20
F0000737   F    8    80/XS   219.1  12.70  17.3  145.0   8.0   120  0.0756    143M   0.40
F0000738   F    8    80/XS   219.1  12.70  17.3  145.0   8.0   180  0.0756    214M   0.60
F0000739   F    8    80/XS   219.1  12.70  17.3  145.0   8.0   240  0.0756    286M   0.79
F0000740   F    8    80/XS   219.1  12.70  17.3  145.0  10.0     0  0.0756      0M   0.00
F0000741   F    8    80/XS   219.1  12.70  17.3  145.0  10.0    60  0.0756     71M   0.20
F0000742   F    8    80/XS   219.1  12.70  17.3  145.0  10.0   120  0.0756    143M   0.40
F0000743   F    8    80/XS   219.1  12.70  17.3  145.0  10.0   180  0.0756    214M   0.60
F0000744   F    8    80/XS   219.1  12.70  17.3  145.0  10.0   240  0.0756    286M   0.79
F0000745   F    8    80/XS   219.1  12.70  17.3  145.0  12.0     0  0.0756      0M   0.00
F0000746   F    8    80/XS   219.1  12.70  17.3  145.0  12.0    60  0.0756     71M   0.20
F0000747   F    8    80/XS   219.1  12.70  17.3  145.0  12.0   120  0.0756    143M   0.40
F0000748   F    8    80/XS   219.1  12.70  17.3  145.0  12.0   180  0.0756    214M   0.60
F0000749   F    8    80/XS   219.1  12.70  17.3  145.0  12.0   240  0.0756    286M   0.79
F0000750   F    8      120   219.1  18.26  12.0   70.0   4.0     0  0.1565      0M   0.00
F0000751   F    8      120   219.1  18.26  12.0   70.0   4.0    60  0.1565     51M   0.14
F0000752   F    8      120   219.1  18.26  12.0   70.0   4.0   120  0.1565    102M   0.28
F0000753   F    8      120   219.1  18.26  12.0   70.0   4.0   180  0.1565    153M   0.43
F0000754   F    8      120   219.1  18.26  12.0   70.0   4.0   240  0.1565    204M   0.57
F0000755   F    8      120   219.1  18.26  12.0   70.0   6.0     0  0.1565      0M   0.00
F0000756   F    8      120   219.1  18.26  12.0   70.0   6.0    60  0.1565     51M   0.14
F0000757   F    8      120   219.1  18.26  12.0   70.0   6.0   120  0.1565    102M   0.28
F0000758   F    8      120   219.1  18.26  12.0   70.0   6.0   180  0.1565    153M   0.43
F0000759   F    8      120   219.1  18.26  12.0   70.0   6.0   240  0.1565    204M   0.57
F0000760   F    8      120   219.1  18.26  12.0   70.0   8.0     0  0.1565      0M   0.00
F0000761   F    8      120   219.1  18.26  12.0   70.0   8.0    60  0.1565     51M   0.14
F0000762   F    8      120   219.1  18.26  12.0   70.0   8.0   120  0.1565    102M   0.28
F0000763   F    8      120   219.1  18.26  12.0   70.0   8.0   180  0.1565    153M   0.43
F0000764   F    8      120   219.1  18.26  12.0   70.0   8.0   240  0.1565    204M   0.57
F0000765   F    8      120   219.1  18.26  12.0   70.0  10.0     0  0.1565      0M   0.00
F0000766   F    8      120   219.1  18.26  12.0   70.0  10.0    60  0.1565     51M   0.14
F0000767   F    8      120   219.1  18.26  12.0   70.0  10.0   120  0.1565    102M   0.28
F0000768   F    8      120   219.1  18.26  12.0   70.0  10.0   180  0.1565    153M   0.43
F0000769   F    8      120   219.1  18.26  12.0   70.0  10.0   240  0.1565    204M   0.57
F0000770   F    8      120   219.1  18.26  12.0   70.0  12.0     0  0.1565      0M   0.00
F0000771   F    8      120   219.1  18.26  12.0   70.0  12.0    60  0.1565     51M   0.14
F0000772   F    8      120   219.1  18.26  12.0   70.0  12.0   120  0.1565    102M   0.28
F0000773   F    8      120   219.1  18.26  12.0   70.0  12.0   180  0.1565    153M   0.43
F0000774   F    8      120   219.1  18.26  12.0   70.0  12.0   240  0.1565    204M   0.57
F0000775   F    8      120   219.1  18.26  12.0   85.0   4.0     0  0.1289      0M   0.00
F0000776   F    8      120   219.1  18.26  12.0   85.0   4.0    60  0.1289     51M   0.14
F0000777   F    8      120   219.1  18.26  12.0   85.0   4.0   120  0.1289    102M   0.28
F0000778   F    8      120   219.1  18.26  12.0   85.0   4.0   180  0.1289    153M   0.43
F0000779   F    8      120   219.1  18.26  12.0   85.0   4.0   240  0.1289    204M   0.57
F0000780   F    8      120   219.1  18.26  12.0   85.0   6.0     0  0.1289      0M   0.00
F0000781   F    8      120   219.1  18.26  12.0   85.0   6.0    60  0.1289     51M   0.14
F0000782   F    8      120   219.1  18.26  12.0   85.0   6.0   120  0.1289    102M   0.28
F0000783   F    8      120   219.1  18.26  12.0   85.0   6.0   180  0.1289    153M   0.43
F0000784   F    8      120   219.1  18.26  12.0   85.0   6.0   240  0.1289    204M   0.57
F0000785   F    8      120   219.1  18.26  12.0   85.0   8.0     0  0.1289      0M   0.00
F0000786   F    8      120   219.1  18.26  12.0   85.0   8.0    60  0.1289     51M   0.14
F0000787   F    8      120   219.1  18.26  12.0   85.0   8.0   120  0.1289    102M   0.28
F0000788   F    8      120   219.1  18.26  12.0   85.0   8.0   180  0.1289    153M   0.43
F0000789   F    8      120   219.1  18.26  12.0   85.0   8.0   240  0.1289    204M   0.57
F0000790   F    8      120   219.1  18.26  12.0   85.0  10.0     0  0.1289      0M   0.00
F0000791   F    8      120   219.1  18.26  12.0   85.0  10.0    60  0.1289     51M   0.14
F0000792   F    8      120   219.1  18.26  12.0   85.0  10.0   120  0.1289    102M   0.28
F0000793   F    8      120   219.1  18.26  12.0   85.0  10.0   180  0.1289    153M   0.43
F0000794   F    8      120   219.1  18.26  12.0   85.0  10.0   240  0.1289    204M   0.57
F0000795   F    8      120   219.1  18.26  12.0   85.0  12.0     0  0.1289      0M   0.00
F0000796   F    8      120   219.1  18.26  12.0   85.0  12.0    60  0.1289     51M   0.14
F0000797   F    8      120   219.1  18.26  12.0   85.0  12.0   120  0.1289    102M   0.28
F0000798   F    8      120   219.1  18.26  12.0   85.0  12.0   180  0.1289    153M   0.43
F0000799   F    8      120   219.1  18.26  12.0   85.0  12.0   240  0.1289    204M   0.57
F0000800   F    8      120   219.1  18.26  12.0  100.0   4.0     0  0.1095      0M   0.00
F0000801   F    8      120   219.1  18.26  12.0  100.0   4.0    60  0.1095     51M   0.14
F0000802   F    8      120   219.1  18.26  12.0  100.0   4.0   120  0.1095    102M   0.28
F0000803   F    8      120   219.1  18.26  12.0  100.0   4.0   180  0.1095    153M   0.43
F0000804   F    8      120   219.1  18.26  12.0  100.0   4.0   240  0.1095    204M   0.57
F0000805   F    8      120   219.1  18.26  12.0  100.0   6.0     0  0.1095      0M   0.00
F0000806   F    8      120   219.1  18.26  12.0  100.0   6.0    60  0.1095     51M   0.14
F0000807   F    8      120   219.1  18.26  12.0  100.0   6.0   120  0.1095    102M   0.28
F0000808   F    8      120   219.1  18.26  12.0  100.0   6.0   180  0.1095    153M   0.43
F0000809   F    8      120   219.1  18.26  12.0  100.0   6.0   240  0.1095    204M   0.57
F0000810   F    8      120   219.1  18.26  12.0  100.0   8.0     0  0.1095      0M   0.00
F0000811   F    8      120   219.1  18.26  12.0  100.0   8.0    60  0.1095     51M   0.14
F0000812   F    8      120   219.1  18.26  12.0  100.0   8.0   120  0.1095    102M   0.28
F0000813   F    8      120   219.1  18.26  12.0  100.0   8.0   180  0.1095    153M   0.43
F0000814   F    8      120   219.1  18.26  12.0  100.0   8.0   240  0.1095    204M   0.57
F0000815   F    8      120   219.1  18.26  12.0  100.0  10.0     0  0.1095      0M   0.00
F0000816   F    8      120   219.1  18.26  12.0  100.0  10.0    60  0.1095     51M   0.14
F0000817   F    8      120   219.1  18.26  12.0  100.0  10.0   120  0.1095    102M   0.28
F0000818   F    8      120   219.1  18.26  12.0  100.0  10.0   180  0.1095    153M   0.43
F0000819   F    8      120   219.1  18.26  12.0  100.0  10.0   240  0.1095    204M   0.57
F0000820   F    8      120   219.1  18.26  12.0  100.0  12.0     0  0.1095      0M   0.00
F0000821   F    8      120   219.1  18.26  12.0  100.0  12.0    60  0.1095     51M   0.14
F0000822   F    8      120   219.1  18.26  12.0  100.0  12.0   120  0.1095    102M   0.28
F0000823   F    8      120   219.1  18.26  12.0  100.0  12.0   180  0.1095    153M   0.43
F0000824   F    8      120   219.1  18.26  12.0  100.0  12.0   240  0.1095    204M   0.57
F0000825   F    8      120   219.1  18.26  12.0  115.0   4.0     0  0.0953      0M   0.00
F0000826   F    8      120   219.1  18.26  12.0  115.0   4.0    60  0.0953     51M   0.14
F0000827   F    8      120   219.1  18.26  12.0  115.0   4.0   120  0.0953    102M   0.28
F0000828   F    8      120   219.1  18.26  12.0  115.0   4.0   180  0.0953    153M   0.43
F0000829   F    8      120   219.1  18.26  12.0  115.0   4.0   240  0.0953    204M   0.57
F0000830   F    8      120   219.1  18.26  12.0  115.0   6.0     0  0.0953      0M   0.00
F0000831   F    8      120   219.1  18.26  12.0  115.0   6.0    60  0.0953     51M   0.14
F0000832   F    8      120   219.1  18.26  12.0  115.0   6.0   120  0.0953    102M   0.28
F0000833   F    8      120   219.1  18.26  12.0  115.0   6.0   180  0.0953    153M   0.43
F0000834   F    8      120   219.1  18.26  12.0  115.0   6.0   240  0.0953    204M   0.57
F0000835   F    8      120   219.1  18.26  12.0  115.0   8.0     0  0.0953      0M   0.00
F0000836   F    8      120   219.1  18.26  12.0  115.0   8.0    60  0.0953     51M   0.14
F0000837   F    8      120   219.1  18.26  12.0  115.0   8.0   120  0.0953    102M   0.28
F0000838   F    8      120   219.1  18.26  12.0  115.0   8.0   180  0.0953    153M   0.43
F0000839   F    8      120   219.1  18.26  12.0  115.0   8.0   240  0.0953    204M   0.57
F0000840   F    8      120   219.1  18.26  12.0  115.0  10.0     0  0.0953      0M   0.00
F0000841   F    8      120   219.1  18.26  12.0  115.0  10.0    60  0.0953     51M   0.14
F0000842   F    8      120   219.1  18.26  12.0  115.0  10.0   120  0.0953    102M   0.28
F0000843   F    8      120   219.1  18.26  12.0  115.0  10.0   180  0.0953    153M   0.43
F0000844   F    8      120   219.1  18.26  12.0  115.0  10.0   240  0.0953    204M   0.57
F0000845   F    8      120   219.1  18.26  12.0  115.0  12.0     0  0.0953      0M   0.00
F0000846   F    8      120   219.1  18.26  12.0  115.0  12.0    60  0.0953     51M   0.14
F0000847   F    8      120   219.1  18.26  12.0  115.0  12.0   120  0.0953    102M   0.28
F0000848   F    8      120   219.1  18.26  12.0  115.0  12.0   180  0.0953    153M   0.43
F0000849   F    8      120   219.1  18.26  12.0  115.0  12.0   240  0.0953    204M   0.57
F0000850   F    8      120   219.1  18.26  12.0  130.0   4.0     0  0.0843      0M   0.00
F0000851   F    8      120   219.1  18.26  12.0  130.0   4.0    60  0.0843     51M   0.14
F0000852   F    8      120   219.1  18.26  12.0  130.0   4.0   120  0.0843    102M   0.28
F0000853   F    8      120   219.1  18.26  12.0  130.0   4.0   180  0.0843    153M   0.43
F0000854   F    8      120   219.1  18.26  12.0  130.0   4.0   240  0.0843    204M   0.57
F0000855   F    8      120   219.1  18.26  12.0  130.0   6.0     0  0.0843      0M   0.00
F0000856   F    8      120   219.1  18.26  12.0  130.0   6.0    60  0.0843     51M   0.14
F0000857   F    8      120   219.1  18.26  12.0  130.0   6.0   120  0.0843    102M   0.28
F0000858   F    8      120   219.1  18.26  12.0  130.0   6.0   180  0.0843    153M   0.43
F0000859   F    8      120   219.1  18.26  12.0  130.0   6.0   240  0.0843    204M   0.57
F0000860   F    8      120   219.1  18.26  12.0  130.0   8.0     0  0.0843      0M   0.00
F0000861   F    8      120   219.1  18.26  12.0  130.0   8.0    60  0.0843     51M   0.14
F0000862   F    8      120   219.1  18.26  12.0  130.0   8.0   120  0.0843    102M   0.28
F0000863   F    8      120   219.1  18.26  12.0  130.0   8.0   180  0.0843    153M   0.43
F0000864   F    8      120   219.1  18.26  12.0  130.0   8.0   240  0.0843    204M   0.57
F0000865   F    8      120   219.1  18.26  12.0  130.0  10.0     0  0.0843      0M   0.00
F0000866   F    8      120   219.1  18.26  12.0  130.0  10.0    60  0.0843     51M   0.14
F0000867   F    8      120   219.1  18.26  12.0  130.0  10.0   120  0.0843    102M   0.28
F0000868   F    8      120   219.1  18.26  12.0  130.0  10.0   180  0.0843    153M   0.43
F0000869   F    8      120   219.1  18.26  12.0  130.0  10.0   240  0.0843    204M   0.57
F0000870   F    8      120   219.1  18.26  12.0  130.0  12.0     0  0.0843      0M   0.00
F0000871   F    8      120   219.1  18.26  12.0  130.0  12.0    60  0.0843     51M   0.14
F0000872   F    8      120   219.1  18.26  12.0  130.0  12.0   120  0.0843    102M   0.28
F0000873   F    8      120   219.1  18.26  12.0  130.0  12.0   180  0.0843    153M   0.43
F0000874   F    8      120   219.1  18.26  12.0  130.0  12.0   240  0.0843    204M   0.57
F0000875   F    8      120   219.1  18.26  12.0  145.0   4.0     0  0.0756      0M   0.00
F0000876   F    8      120   219.1  18.26  12.0  145.0   4.0    60  0.0756     51M   0.14
F0000877   F    8      120   219.1  18.26  12.0  145.0   4.0   120  0.0756    102M   0.28
F0000878   F    8      120   219.1  18.26  12.0  145.0   4.0   180  0.0756    153M   0.43
F0000879   F    8      120   219.1  18.26  12.0  145.0   4.0   240  0.0756    204M   0.57
F0000880   F    8      120   219.1  18.26  12.0  145.0   6.0     0  0.0756      0M   0.00
F0000881   F    8      120   219.1  18.26  12.0  145.0   6.0    60  0.0756     51M   0.14
F0000882   F    8      120   219.1  18.26  12.0  145.0   6.0   120  0.0756    102M   0.28
F0000883   F    8      120   219.1  18.26  12.0  145.0   6.0   180  0.0756    153M   0.43
F0000884   F    8      120   219.1  18.26  12.0  145.0   6.0   240  0.0756    204M   0.57
F0000885   F    8      120   219.1  18.26  12.0  145.0   8.0     0  0.0756      0M   0.00
F0000886   F    8      120   219.1  18.26  12.0  145.0   8.0    60  0.0756     51M   0.14
F0000887   F    8      120   219.1  18.26  12.0  145.0   8.0   120  0.0756    102M   0.28
F0000888   F    8      120   219.1  18.26  12.0  145.0   8.0   180  0.0756    153M   0.43
F0000889   F    8      120   219.1  18.26  12.0  145.0   8.0   240  0.0756    204M   0.57
F0000890   F    8      120   219.1  18.26  12.0  145.0  10.0     0  0.0756      0M   0.00
F0000891   F    8      120   219.1  18.26  12.0  145.0  10.0    60  0.0756     51M   0.14
F0000892   F    8      120   219.1  18.26  12.0  145.0  10.0   120  0.0756    102M   0.28
F0000893   F    8      120   219.1  18.26  12.0  145.0  10.0   180  0.0756    153M   0.43
F0000894   F    8      120   219.1  18.26  12.0  145.0  10.0   240  0.0756    204M   0.57
F0000895   F    8      120   219.1  18.26  12.0  145.0  12.0     0  0.0756      0M   0.00
F0000896   F    8      120   219.1  18.26  12.0  145.0  12.0    60  0.0756     51M   0.14
F0000897   F    8      120   219.1  18.26  12.0  145.0  12.0   120  0.0756    102M   0.28
F0000898   F    8      120   219.1  18.26  12.0  145.0  12.0   180  0.0756    153M   0.43
F0000899   F    8      120   219.1  18.26  12.0  145.0  12.0   240  0.0756    204M   0.57
F0000900   F   10   40/STD   273.1   9.27  29.5   70.0   4.0     0  0.1951      0M   0.00
F0000901   F   10   40/STD   273.1   9.27  29.5   70.0   4.0    60  0.1951     77M   0.21
F0000902   F   10   40/STD   273.1   9.27  29.5   70.0   4.0   120  0.1951    153M   0.43
F0000903   F   10   40/STD   273.1   9.27  29.5   70.0   4.0   180  0.1951    230M   0.64
F0000904   F   10   40/STD   273.1   9.27  29.5   70.0   4.0   240  0.1951    306M   0.85
F0000905   F   10   40/STD   273.1   9.27  29.5   70.0   6.0     0  0.1951      0M   0.00
F0000906   F   10   40/STD   273.1   9.27  29.5   70.0   6.0    60  0.1951     77M   0.21
F0000907   F   10   40/STD   273.1   9.27  29.5   70.0   6.0   120  0.1951    153M   0.43
F0000908   F   10   40/STD   273.1   9.27  29.5   70.0   6.0   180  0.1951    230M   0.64
F0000909   F   10   40/STD   273.1   9.27  29.5   70.0   6.0   240  0.1951    306M   0.85
F0000910   F   10   40/STD   273.1   9.27  29.5   70.0   8.0     0  0.1951      0M   0.00
F0000911   F   10   40/STD   273.1   9.27  29.5   70.0   8.0    60  0.1951     77M   0.21
F0000912   F   10   40/STD   273.1   9.27  29.5   70.0   8.0   120  0.1951    153M   0.43
F0000913   F   10   40/STD   273.1   9.27  29.5   70.0   8.0   180  0.1951    230M   0.64
F0000914   F   10   40/STD   273.1   9.27  29.5   70.0   8.0   240  0.1951    306M   0.85
F0000915   F   10   40/STD   273.1   9.27  29.5   70.0  10.0     0  0.1951      0M   0.00
F0000916   F   10   40/STD   273.1   9.27  29.5   70.0  10.0    60  0.1951     77M   0.21
F0000917   F   10   40/STD   273.1   9.27  29.5   70.0  10.0   120  0.1951    153M   0.43
F0000918   F   10   40/STD   273.1   9.27  29.5   70.0  10.0   180  0.1951    230M   0.64
F0000919   F   10   40/STD   273.1   9.27  29.5   70.0  10.0   240  0.1951    306M   0.85
F0000920   F   10   40/STD   273.1   9.27  29.5   70.0  12.0     0  0.1951      0M   0.00
F0000921   F   10   40/STD   273.1   9.27  29.5   70.0  12.0    60  0.1951     77M   0.21
F0000922   F   10   40/STD   273.1   9.27  29.5   70.0  12.0   120  0.1951    153M   0.43
F0000923   F   10   40/STD   273.1   9.27  29.5   70.0  12.0   180  0.1951    230M   0.64
F0000924   F   10   40/STD   273.1   9.27  29.5   70.0  12.0   240  0.1951    306M   0.85
F0000925   F   10   40/STD   273.1   9.27  29.5   85.0   4.0     0  0.1606      0M   0.00
F0000926   F   10   40/STD   273.1   9.27  29.5   85.0   4.0    60  0.1606     77M   0.21
F0000927   F   10   40/STD   273.1   9.27  29.5   85.0   4.0   120  0.1606    153M   0.43
F0000928   F   10   40/STD   273.1   9.27  29.5   85.0   4.0   180  0.1606    230M   0.64
F0000929   F   10   40/STD   273.1   9.27  29.5   85.0   4.0   240  0.1606    306M   0.85
F0000930   F   10   40/STD   273.1   9.27  29.5   85.0   6.0     0  0.1606      0M   0.00
F0000931   F   10   40/STD   273.1   9.27  29.5   85.0   6.0    60  0.1606     77M   0.21
F0000932   F   10   40/STD   273.1   9.27  29.5   85.0   6.0   120  0.1606    153M   0.43
F0000933   F   10   40/STD   273.1   9.27  29.5   85.0   6.0   180  0.1606    230M   0.64
F0000934   F   10   40/STD   273.1   9.27  29.5   85.0   6.0   240  0.1606    306M   0.85
F0000935   F   10   40/STD   273.1   9.27  29.5   85.0   8.0     0  0.1606      0M   0.00
F0000936   F   10   40/STD   273.1   9.27  29.5   85.0   8.0    60  0.1606     77M   0.21
F0000937   F   10   40/STD   273.1   9.27  29.5   85.0   8.0   120  0.1606    153M   0.43
F0000938   F   10   40/STD   273.1   9.27  29.5   85.0   8.0   180  0.1606    230M   0.64
F0000939   F   10   40/STD   273.1   9.27  29.5   85.0   8.0   240  0.1606    306M   0.85
F0000940   F   10   40/STD   273.1   9.27  29.5   85.0  10.0     0  0.1606      0M   0.00
F0000941   F   10   40/STD   273.1   9.27  29.5   85.0  10.0    60  0.1606     77M   0.21
F0000942   F   10   40/STD   273.1   9.27  29.5   85.0  10.0   120  0.1606    153M   0.43
F0000943   F   10   40/STD   273.1   9.27  29.5   85.0  10.0   180  0.1606    230M   0.64
F0000944   F   10   40/STD   273.1   9.27  29.5   85.0  10.0   240  0.1606    306M   0.85
F0000945   F   10   40/STD   273.1   9.27  29.5   85.0  12.0     0  0.1606      0M   0.00
F0000946   F   10   40/STD   273.1   9.27  29.5   85.0  12.0    60  0.1606     77M   0.21
F0000947   F   10   40/STD   273.1   9.27  29.5   85.0  12.0   120  0.1606    153M   0.43
F0000948   F   10   40/STD   273.1   9.27  29.5   85.0  12.0   180  0.1606    230M   0.64
F0000949   F   10   40/STD   273.1   9.27  29.5   85.0  12.0   240  0.1606    306M   0.85
F0000950   F   10   40/STD   273.1   9.27  29.5  100.0   4.0     0  0.1366      0M   0.00
F0000951   F   10   40/STD   273.1   9.27  29.5  100.0   4.0    60  0.1366     77M   0.21
F0000952   F   10   40/STD   273.1   9.27  29.5  100.0   4.0   120  0.1366    153M   0.43
F0000953   F   10   40/STD   273.1   9.27  29.5  100.0   4.0   180  0.1366    230M   0.64
F0000954   F   10   40/STD   273.1   9.27  29.5  100.0   4.0   240  0.1366    306M   0.85
F0000955   F   10   40/STD   273.1   9.27  29.5  100.0   6.0     0  0.1366      0M   0.00
F0000956   F   10   40/STD   273.1   9.27  29.5  100.0   6.0    60  0.1366     77M   0.21
F0000957   F   10   40/STD   273.1   9.27  29.5  100.0   6.0   120  0.1366    153M   0.43
F0000958   F   10   40/STD   273.1   9.27  29.5  100.0   6.0   180  0.1366    230M   0.64
F0000959   F   10   40/STD   273.1   9.27  29.5  100.0   6.0   240  0.1366    306M   0.85
F0000960   F   10   40/STD   273.1   9.27  29.5  100.0   8.0     0  0.1366      0M   0.00
F0000961   F   10   40/STD   273.1   9.27  29.5  100.0   8.0    60  0.1366     77M   0.21
F0000962   F   10   40/STD   273.1   9.27  29.5  100.0   8.0   120  0.1366    153M   0.43
F0000963   F   10   40/STD   273.1   9.27  29.5  100.0   8.0   180  0.1366    230M   0.64
F0000964   F   10   40/STD   273.1   9.27  29.5  100.0   8.0   240  0.1366    306M   0.85
F0000965   F   10   40/STD   273.1   9.27  29.5  100.0  10.0     0  0.1366      0M   0.00
F0000966   F   10   40/STD   273.1   9.27  29.5  100.0  10.0    60  0.1366     77M   0.21
F0000967   F   10   40/STD   273.1   9.27  29.5  100.0  10.0   120  0.1366    153M   0.43
F0000968   F   10   40/STD   273.1   9.27  29.5  100.0  10.0   180  0.1366    230M   0.64
F0000969   F   10   40/STD   273.1   9.27  29.5  100.0  10.0   240  0.1366    306M   0.85
F0000970   F   10   40/STD   273.1   9.27  29.5  100.0  12.0     0  0.1366      0M   0.00
F0000971   F   10   40/STD   273.1   9.27  29.5  100.0  12.0    60  0.1366     77M   0.21
F0000972   F   10   40/STD   273.1   9.27  29.5  100.0  12.0   120  0.1366    153M   0.43
F0000973   F   10   40/STD   273.1   9.27  29.5  100.0  12.0   180  0.1366    230M   0.64
F0000974   F   10   40/STD   273.1   9.27  29.5  100.0  12.0   240  0.1366    306M   0.85
F0000975   F   10   40/STD   273.1   9.27  29.5  115.0   4.0     0  0.1187      0M   0.00
F0000976   F   10   40/STD   273.1   9.27  29.5  115.0   4.0    60  0.1187     77M   0.21
F0000977   F   10   40/STD   273.1   9.27  29.5  115.0   4.0   120  0.1187    153M   0.43
F0000978   F   10   40/STD   273.1   9.27  29.5  115.0   4.0   180  0.1187    230M   0.64
F0000979   F   10   40/STD   273.1   9.27  29.5  115.0   4.0   240  0.1187    306M   0.85
F0000980   F   10   40/STD   273.1   9.27  29.5  115.0   6.0     0  0.1187      0M   0.00
F0000981   F   10   40/STD   273.1   9.27  29.5  115.0   6.0    60  0.1187     77M   0.21
F0000982   F   10   40/STD   273.1   9.27  29.5  115.0   6.0   120  0.1187    153M   0.43
F0000983   F   10   40/STD   273.1   9.27  29.5  115.0   6.0   180  0.1187    230M   0.64
F0000984   F   10   40/STD   273.1   9.27  29.5  115.0   6.0   240  0.1187    306M   0.85
F0000985   F   10   40/STD   273.1   9.27  29.5  115.0   8.0     0  0.1187      0M   0.00
F0000986   F   10   40/STD   273.1   9.27  29.5  115.0   8.0    60  0.1187     77M   0.21
F0000987   F   10   40/STD   273.1   9.27  29.5  115.0   8.0   120  0.1187    153M   0.43
F0000988   F   10   40/STD   273.1   9.27  29.5  115.0   8.0   180  0.1187    230M   0.64
F0000989   F   10   40/STD   273.1   9.27  29.5  115.0   8.0   240  0.1187    306M   0.85
F0000990   F   10   40/STD   273.1   9.27  29.5  115.0  10.0     0  0.1187      0M   0.00
F0000991   F   10   40/STD   273.1   9.27  29.5  115.0  10.0    60  0.1187     77M   0.21
F0000992   F   10   40/STD   273.1   9.27  29.5  115.0  10.0   120  0.1187    153M   0.43
F0000993   F   10   40/STD   273.1   9.27  29.5  115.0  10.0   180  0.1187    230M   0.64
F0000994   F   10   40/STD   273.1   9.27  29.5  115.0  10.0   240  0.1187    306M   0.85
F0000995   F   10   40/STD   273.1   9.27  29.5  115.0  12.0     0  0.1187      0M   0.00
F0000996   F   10   40/STD   273.1   9.27  29.5  115.0  12.0    60  0.1187     77M   0.21
F0000997   F   10   40/STD   273.1   9.27  29.5  115.0  12.0   120  0.1187    153M   0.43
F0000998   F   10   40/STD   273.1   9.27  29.5  115.0  12.0   180  0.1187    230M   0.64
F0000999   F   10   40/STD   273.1   9.27  29.5  115.0  12.0   240  0.1187    306M   0.85
F0001000   F   10   40/STD   273.1   9.27  29.5  130.0   4.0     0  0.1050      0M   0.00
F0001001   F   10   40/STD   273.1   9.27  29.5  130.0   4.0    60  0.1050     77M   0.21
F0001002   F   10   40/STD   273.1   9.27  29.5  130.0   4.0   120  0.1050    153M   0.43
F0001003   F   10   40/STD   273.1   9.27  29.5  130.0   4.0   180  0.1050    230M   0.64
F0001004   F   10   40/STD   273.1   9.27  29.5  130.0   4.0   240  0.1050    306M   0.85
F0001005   F   10   40/STD   273.1   9.27  29.5  130.0   6.0     0  0.1050      0M   0.00
F0001006   F   10   40/STD   273.1   9.27  29.5  130.0   6.0    60  0.1050     77M   0.21
F0001007   F   10   40/STD   273.1   9.27  29.5  130.0   6.0   120  0.1050    153M   0.43
F0001008   F   10   40/STD   273.1   9.27  29.5  130.0   6.0   180  0.1050    230M   0.64
F0001009   F   10   40/STD   273.1   9.27  29.5  130.0   6.0   240  0.1050    306M   0.85
F0001010   F   10   40/STD   273.1   9.27  29.5  130.0   8.0     0  0.1050      0M   0.00
F0001011   F   10   40/STD   273.1   9.27  29.5  130.0   8.0    60  0.1050     77M   0.21
F0001012   F   10   40/STD   273.1   9.27  29.5  130.0   8.0   120  0.1050    153M   0.43
F0001013   F   10   40/STD   273.1   9.27  29.5  130.0   8.0   180  0.1050    230M   0.64
F0001014   F   10   40/STD   273.1   9.27  29.5  130.0   8.0   240  0.1050    306M   0.85
F0001015   F   10   40/STD   273.1   9.27  29.5  130.0  10.0     0  0.1050      0M   0.00
F0001016   F   10   40/STD   273.1   9.27  29.5  130.0  10.0    60  0.1050     77M   0.21
F0001017   F   10   40/STD   273.1   9.27  29.5  130.0  10.0   120  0.1050    153M   0.43
F0001018   F   10   40/STD   273.1   9.27  29.5  130.0  10.0   180  0.1050    230M   0.64
F0001019   F   10   40/STD   273.1   9.27  29.5  130.0  10.0   240  0.1050    306M   0.85
F0001020   F   10   40/STD   273.1   9.27  29.5  130.0  12.0     0  0.1050      0M   0.00
F0001021   F   10   40/STD   273.1   9.27  29.5  130.0  12.0    60  0.1050     77M   0.21
F0001022   F   10   40/STD   273.1   9.27  29.5  130.0  12.0   120  0.1050    153M   0.43
F0001023   F   10   40/STD   273.1   9.27  29.5  130.0  12.0   180  0.1050    230M   0.64
F0001024   F   10   40/STD   273.1   9.27  29.5  130.0  12.0   240  0.1050    306M   0.85
F0001025   F   10   40/STD   273.1   9.27  29.5  145.0   4.0     0  0.0942      0M   0.00
F0001026   F   10   40/STD   273.1   9.27  29.5  145.0   4.0    60  0.0942     77M   0.21
F0001027   F   10   40/STD   273.1   9.27  29.5  145.0   4.0   120  0.0942    153M   0.43
F0001028   F   10   40/STD   273.1   9.27  29.5  145.0   4.0   180  0.0942    230M   0.64
F0001029   F   10   40/STD   273.1   9.27  29.5  145.0   4.0   240  0.0942    306M   0.85
F0001030   F   10   40/STD   273.1   9.27  29.5  145.0   6.0     0  0.0942      0M   0.00
F0001031   F   10   40/STD   273.1   9.27  29.5  145.0   6.0    60  0.0942     77M   0.21
F0001032   F   10   40/STD   273.1   9.27  29.5  145.0   6.0   120  0.0942    153M   0.43
F0001033   F   10   40/STD   273.1   9.27  29.5  145.0   6.0   180  0.0942    230M   0.64
F0001034   F   10   40/STD   273.1   9.27  29.5  145.0   6.0   240  0.0942    306M   0.85
F0001035   F   10   40/STD   273.1   9.27  29.5  145.0   8.0     0  0.0942      0M   0.00
F0001036   F   10   40/STD   273.1   9.27  29.5  145.0   8.0    60  0.0942     77M   0.21
F0001037   F   10   40/STD   273.1   9.27  29.5  145.0   8.0   120  0.0942    153M   0.43
F0001038   F   10   40/STD   273.1   9.27  29.5  145.0   8.0   180  0.0942    230M   0.64
F0001039   F   10   40/STD   273.1   9.27  29.5  145.0   8.0   240  0.0942    306M   0.85
F0001040   F   10   40/STD   273.1   9.27  29.5  145.0  10.0     0  0.0942      0M   0.00
F0001041   F   10   40/STD   273.1   9.27  29.5  145.0  10.0    60  0.0942     77M   0.21
F0001042   F   10   40/STD   273.1   9.27  29.5  145.0  10.0   120  0.0942    153M   0.43
F0001043   F   10   40/STD   273.1   9.27  29.5  145.0  10.0   180  0.0942    230M   0.64
F0001044   F   10   40/STD   273.1   9.27  29.5  145.0  10.0   240  0.0942    306M   0.85
F0001045   F   10   40/STD   273.1   9.27  29.5  145.0  12.0     0  0.0942      0M   0.00
F0001046   F   10   40/STD   273.1   9.27  29.5  145.0  12.0    60  0.0942     77M   0.21
F0001047   F   10   40/STD   273.1   9.27  29.5  145.0  12.0   120  0.0942    153M   0.43
F0001048   F   10   40/STD   273.1   9.27  29.5  145.0  12.0   180  0.0942    230M   0.64
F0001049   F   10   40/STD   273.1   9.27  29.5  145.0  12.0   240  0.0942    306M   0.85
F0001050   F   10    60/XS   273.1  12.70  21.5   70.0   4.0     0  0.1951      0M   0.00
F0001051   F   10    60/XS   273.1  12.70  21.5   70.0   4.0    60  0.1951     57M   0.16
F0001052   F   10    60/XS   273.1  12.70  21.5   70.0   4.0   120  0.1951    113M   0.31
F0001053   F   10    60/XS   273.1  12.70  21.5   70.0   4.0   180  0.1951    170M   0.47
F0001054   F   10    60/XS   273.1  12.70  21.5   70.0   4.0   240  0.1951    227M   0.63
F0001055   F   10    60/XS   273.1  12.70  21.5   70.0   6.0     0  0.1951      0M   0.00
F0001056   F   10    60/XS   273.1  12.70  21.5   70.0   6.0    60  0.1951     57M   0.16
F0001057   F   10    60/XS   273.1  12.70  21.5   70.0   6.0   120  0.1951    113M   0.31
F0001058   F   10    60/XS   273.1  12.70  21.5   70.0   6.0   180  0.1951    170M   0.47
F0001059   F   10    60/XS   273.1  12.70  21.5   70.0   6.0   240  0.1951    227M   0.63
F0001060   F   10    60/XS   273.1  12.70  21.5   70.0   8.0     0  0.1951      0M   0.00
F0001061   F   10    60/XS   273.1  12.70  21.5   70.0   8.0    60  0.1951     57M   0.16
F0001062   F   10    60/XS   273.1  12.70  21.5   70.0   8.0   120  0.1951    113M   0.31
F0001063   F   10    60/XS   273.1  12.70  21.5   70.0   8.0   180  0.1951    170M   0.47
F0001064   F   10    60/XS   273.1  12.70  21.5   70.0   8.0   240  0.1951    227M   0.63
F0001065   F   10    60/XS   273.1  12.70  21.5   70.0  10.0     0  0.1951      0M   0.00
F0001066   F   10    60/XS   273.1  12.70  21.5   70.0  10.0    60  0.1951     57M   0.16
F0001067   F   10    60/XS   273.1  12.70  21.5   70.0  10.0   120  0.1951    113M   0.31
F0001068   F   10    60/XS   273.1  12.70  21.5   70.0  10.0   180  0.1951    170M   0.47
F0001069   F   10    60/XS   273.1  12.70  21.5   70.0  10.0   240  0.1951    227M   0.63
F0001070   F   10    60/XS   273.1  12.70  21.5   70.0  12.0     0  0.1951      0M   0.00
F0001071   F   10    60/XS   273.1  12.70  21.5   70.0  12.0    60  0.1951     57M   0.16
F0001072   F   10    60/XS   273.1  12.70  21.5   70.0  12.0   120  0.1951    113M   0.31
F0001073   F   10    60/XS   273.1  12.70  21.5   70.0  12.0   180  0.1951    170M   0.47
F0001074   F   10    60/XS   273.1  12.70  21.5   70.0  12.0   240  0.1951    227M   0.63
F0001075   F   10    60/XS   273.1  12.70  21.5   85.0   4.0     0  0.1606      0M   0.00
F0001076   F   10    60/XS   273.1  12.70  21.5   85.0   4.0    60  0.1606     57M   0.16
F0001077   F   10    60/XS   273.1  12.70  21.5   85.0   4.0   120  0.1606    113M   0.31
F0001078   F   10    60/XS   273.1  12.70  21.5   85.0   4.0   180  0.1606    170M   0.47
F0001079   F   10    60/XS   273.1  12.70  21.5   85.0   4.0   240  0.1606    227M   0.63
F0001080   F   10    60/XS   273.1  12.70  21.5   85.0   6.0     0  0.1606      0M   0.00
F0001081   F   10    60/XS   273.1  12.70  21.5   85.0   6.0    60  0.1606     57M   0.16
F0001082   F   10    60/XS   273.1  12.70  21.5   85.0   6.0   120  0.1606    113M   0.31
F0001083   F   10    60/XS   273.1  12.70  21.5   85.0   6.0   180  0.1606    170M   0.47
F0001084   F   10    60/XS   273.1  12.70  21.5   85.0   6.0   240  0.1606    227M   0.63
F0001085   F   10    60/XS   273.1  12.70  21.5   85.0   8.0     0  0.1606      0M   0.00
F0001086   F   10    60/XS   273.1  12.70  21.5   85.0   8.0    60  0.1606     57M   0.16
F0001087   F   10    60/XS   273.1  12.70  21.5   85.0   8.0   120  0.1606    113M   0.31
F0001088   F   10    60/XS   273.1  12.70  21.5   85.0   8.0   180  0.1606    170M   0.47
F0001089   F   10    60/XS   273.1  12.70  21.5   85.0   8.0   240  0.1606    227M   0.63
F0001090   F   10    60/XS   273.1  12.70  21.5   85.0  10.0     0  0.1606      0M   0.00
F0001091   F   10    60/XS   273.1  12.70  21.5   85.0  10.0    60  0.1606     57M   0.16
F0001092   F   10    60/XS   273.1  12.70  21.5   85.0  10.0   120  0.1606    113M   0.31
F0001093   F   10    60/XS   273.1  12.70  21.5   85.0  10.0   180  0.1606    170M   0.47
F0001094   F   10    60/XS   273.1  12.70  21.5   85.0  10.0   240  0.1606    227M   0.63
F0001095   F   10    60/XS   273.1  12.70  21.5   85.0  12.0     0  0.1606      0M   0.00
F0001096   F   10    60/XS   273.1  12.70  21.5   85.0  12.0    60  0.1606     57M   0.16
F0001097   F   10    60/XS   273.1  12.70  21.5   85.0  12.0   120  0.1606    113M   0.31
F0001098   F   10    60/XS   273.1  12.70  21.5   85.0  12.0   180  0.1606    170M   0.47
F0001099   F   10    60/XS   273.1  12.70  21.5   85.0  12.0   240  0.1606    227M   0.63
F0001100   F   10    60/XS   273.1  12.70  21.5  100.0   4.0     0  0.1366      0M   0.00
F0001101   F   10    60/XS   273.1  12.70  21.5  100.0   4.0    60  0.1366     57M   0.16
F0001102   F   10    60/XS   273.1  12.70  21.5  100.0   4.0   120  0.1366    113M   0.31
F0001103   F   10    60/XS   273.1  12.70  21.5  100.0   4.0   180  0.1366    170M   0.47
F0001104   F   10    60/XS   273.1  12.70  21.5  100.0   4.0   240  0.1366    227M   0.63
F0001105   F   10    60/XS   273.1  12.70  21.5  100.0   6.0     0  0.1366      0M   0.00
F0001106   F   10    60/XS   273.1  12.70  21.5  100.0   6.0    60  0.1366     57M   0.16
F0001107   F   10    60/XS   273.1  12.70  21.5  100.0   6.0   120  0.1366    113M   0.31
F0001108   F   10    60/XS   273.1  12.70  21.5  100.0   6.0   180  0.1366    170M   0.47
F0001109   F   10    60/XS   273.1  12.70  21.5  100.0   6.0   240  0.1366    227M   0.63
F0001110   F   10    60/XS   273.1  12.70  21.5  100.0   8.0     0  0.1366      0M   0.00
F0001111   F   10    60/XS   273.1  12.70  21.5  100.0   8.0    60  0.1366     57M   0.16
F0001112   F   10    60/XS   273.1  12.70  21.5  100.0   8.0   120  0.1366    113M   0.31
F0001113   F   10    60/XS   273.1  12.70  21.5  100.0   8.0   180  0.1366    170M   0.47
F0001114   F   10    60/XS   273.1  12.70  21.5  100.0   8.0   240  0.1366    227M   0.63
F0001115   F   10    60/XS   273.1  12.70  21.5  100.0  10.0     0  0.1366      0M   0.00
F0001116   F   10    60/XS   273.1  12.70  21.5  100.0  10.0    60  0.1366     57M   0.16
F0001117   F   10    60/XS   273.1  12.70  21.5  100.0  10.0   120  0.1366    113M   0.31
F0001118   F   10    60/XS   273.1  12.70  21.5  100.0  10.0   180  0.1366    170M   0.47
F0001119   F   10    60/XS   273.1  12.70  21.5  100.0  10.0   240  0.1366    227M   0.63
F0001120   F   10    60/XS   273.1  12.70  21.5  100.0  12.0     0  0.1366      0M   0.00
F0001121   F   10    60/XS   273.1  12.70  21.5  100.0  12.0    60  0.1366     57M   0.16
F0001122   F   10    60/XS   273.1  12.70  21.5  100.0  12.0   120  0.1366    113M   0.31
F0001123   F   10    60/XS   273.1  12.70  21.5  100.0  12.0   180  0.1366    170M   0.47
F0001124   F   10    60/XS   273.1  12.70  21.5  100.0  12.0   240  0.1366    227M   0.63
F0001125   F   10    60/XS   273.1  12.70  21.5  115.0   4.0     0  0.1187      0M   0.00
F0001126   F   10    60/XS   273.1  12.70  21.5  115.0   4.0    60  0.1187     57M   0.16
F0001127   F   10    60/XS   273.1  12.70  21.5  115.0   4.0   120  0.1187    113M   0.31
F0001128   F   10    60/XS   273.1  12.70  21.5  115.0   4.0   180  0.1187    170M   0.47
F0001129   F   10    60/XS   273.1  12.70  21.5  115.0   4.0   240  0.1187    227M   0.63
F0001130   F   10    60/XS   273.1  12.70  21.5  115.0   6.0     0  0.1187      0M   0.00
F0001131   F   10    60/XS   273.1  12.70  21.5  115.0   6.0    60  0.1187     57M   0.16
F0001132   F   10    60/XS   273.1  12.70  21.5  115.0   6.0   120  0.1187    113M   0.31
F0001133   F   10    60/XS   273.1  12.70  21.5  115.0   6.0   180  0.1187    170M   0.47
F0001134   F   10    60/XS   273.1  12.70  21.5  115.0   6.0   240  0.1187    227M   0.63
F0001135   F   10    60/XS   273.1  12.70  21.5  115.0   8.0     0  0.1187      0M   0.00
F0001136   F   10    60/XS   273.1  12.70  21.5  115.0   8.0    60  0.1187     57M   0.16
F0001137   F   10    60/XS   273.1  12.70  21.5  115.0   8.0   120  0.1187    113M   0.31
F0001138   F   10    60/XS   273.1  12.70  21.5  115.0   8.0   180  0.1187    170M   0.47
F0001139   F   10    60/XS   273.1  12.70  21.5  115.0   8.0   240  0.1187    227M   0.63
F0001140   F   10    60/XS   273.1  12.70  21.5  115.0  10.0     0  0.1187      0M   0.00
F0001141   F   10    60/XS   273.1  12.70  21.5  115.0  10.0    60  0.1187     57M   0.16
F0001142   F   10    60/XS   273.1  12.70  21.5  115.0  10.0   120  0.1187    113M   0.31
F0001143   F   10    60/XS   273.1  12.70  21.5  115.0  10.0   180  0.1187    170M   0.47
F0001144   F   10    60/XS   273.1  12.70  21.5  115.0  10.0   240  0.1187    227M   0.63
F0001145   F   10    60/XS   273.1  12.70  21.5  115.0  12.0     0  0.1187      0M   0.00
F0001146   F   10    60/XS   273.1  12.70  21.5  115.0  12.0    60  0.1187     57M   0.16
F0001147   F   10    60/XS   273.1  12.70  21.5  115.0  12.0   120  0.1187    113M   0.31
F0001148   F   10    60/XS   273.1  12.70  21.5  115.0  12.0   180  0.1187    170M   0.47
F0001149   F   10    60/XS   273.1  12.70  21.5  115.0  12.0   240  0.1187    227M   0.63
F0001150   F   10    60/XS   273.1  12.70  21.5  130.0   4.0     0  0.1050      0M   0.00
F0001151   F   10    60/XS   273.1  12.70  21.5  130.0   4.0    60  0.1050     57M   0.16
F0001152   F   10    60/XS   273.1  12.70  21.5  130.0   4.0   120  0.1050    113M   0.31
F0001153   F   10    60/XS   273.1  12.70  21.5  130.0   4.0   180  0.1050    170M   0.47
F0001154   F   10    60/XS   273.1  12.70  21.5  130.0   4.0   240  0.1050    227M   0.63
F0001155   F   10    60/XS   273.1  12.70  21.5  130.0   6.0     0  0.1050      0M   0.00
F0001156   F   10    60/XS   273.1  12.70  21.5  130.0   6.0    60  0.1050     57M   0.16
F0001157   F   10    60/XS   273.1  12.70  21.5  130.0   6.0   120  0.1050    113M   0.31
F0001158   F   10    60/XS   273.1  12.70  21.5  130.0   6.0   180  0.1050    170M   0.47
F0001159   F   10    60/XS   273.1  12.70  21.5  130.0   6.0   240  0.1050    227M   0.63
F0001160   F   10    60/XS   273.1  12.70  21.5  130.0   8.0     0  0.1050      0M   0.00
F0001161   F   10    60/XS   273.1  12.70  21.5  130.0   8.0    60  0.1050     57M   0.16
F0001162   F   10    60/XS   273.1  12.70  21.5  130.0   8.0   120  0.1050    113M   0.31
F0001163   F   10    60/XS   273.1  12.70  21.5  130.0   8.0   180  0.1050    170M   0.47
F0001164   F   10    60/XS   273.1  12.70  21.5  130.0   8.0   240  0.1050    227M   0.63
F0001165   F   10    60/XS   273.1  12.70  21.5  130.0  10.0     0  0.1050      0M   0.00
F0001166   F   10    60/XS   273.1  12.70  21.5  130.0  10.0    60  0.1050     57M   0.16
F0001167   F   10    60/XS   273.1  12.70  21.5  130.0  10.0   120  0.1050    113M   0.31
F0001168   F   10    60/XS   273.1  12.70  21.5  130.0  10.0   180  0.1050    170M   0.47
F0001169   F   10    60/XS   273.1  12.70  21.5  130.0  10.0   240  0.1050    227M   0.63
F0001170   F   10    60/XS   273.1  12.70  21.5  130.0  12.0     0  0.1050      0M   0.00
F0001171   F   10    60/XS   273.1  12.70  21.5  130.0  12.0    60  0.1050     57M   0.16
F0001172   F   10    60/XS   273.1  12.70  21.5  130.0  12.0   120  0.1050    113M   0.31
F0001173   F   10    60/XS   273.1  12.70  21.5  130.0  12.0   180  0.1050    170M   0.47
F0001174   F   10    60/XS   273.1  12.70  21.5  130.0  12.0   240  0.1050    227M   0.63
F0001175   F   10    60/XS   273.1  12.70  21.5  145.0   4.0     0  0.0942      0M   0.00
F0001176   F   10    60/XS   273.1  12.70  21.5  145.0   4.0    60  0.0942     57M   0.16
F0001177   F   10    60/XS   273.1  12.70  21.5  145.0   4.0   120  0.0942    113M   0.31
F0001178   F   10    60/XS   273.1  12.70  21.5  145.0   4.0   180  0.0942    170M   0.47
F0001179   F   10    60/XS   273.1  12.70  21.5  145.0   4.0   240  0.0942    227M   0.63
F0001180   F   10    60/XS   273.1  12.70  21.5  145.0   6.0     0  0.0942      0M   0.00
F0001181   F   10    60/XS   273.1  12.70  21.5  145.0   6.0    60  0.0942     57M   0.16
F0001182   F   10    60/XS   273.1  12.70  21.5  145.0   6.0   120  0.0942    113M   0.31
F0001183   F   10    60/XS   273.1  12.70  21.5  145.0   6.0   180  0.0942    170M   0.47
F0001184   F   10    60/XS   273.1  12.70  21.5  145.0   6.0   240  0.0942    227M   0.63
F0001185   F   10    60/XS   273.1  12.70  21.5  145.0   8.0     0  0.0942      0M   0.00
F0001186   F   10    60/XS   273.1  12.70  21.5  145.0   8.0    60  0.0942     57M   0.16
F0001187   F   10    60/XS   273.1  12.70  21.5  145.0   8.0   120  0.0942    113M   0.31
F0001188   F   10    60/XS   273.1  12.70  21.5  145.0   8.0   180  0.0942    170M   0.47
F0001189   F   10    60/XS   273.1  12.70  21.5  145.0   8.0   240  0.0942    227M   0.63
F0001190   F   10    60/XS   273.1  12.70  21.5  145.0  10.0     0  0.0942      0M   0.00
F0001191   F   10    60/XS   273.1  12.70  21.5  145.0  10.0    60  0.0942     57M   0.16
F0001192   F   10    60/XS   273.1  12.70  21.5  145.0  10.0   120  0.0942    113M   0.31
F0001193   F   10    60/XS   273.1  12.70  21.5  145.0  10.0   180  0.0942    170M   0.47
F0001194   F   10    60/XS   273.1  12.70  21.5  145.0  10.0   240  0.0942    227M   0.63
F0001195   F   10    60/XS   273.1  12.70  21.5  145.0  12.0     0  0.0942      0M   0.00
F0001196   F   10    60/XS   273.1  12.70  21.5  145.0  12.0    60  0.0942     57M   0.16
F0001197   F   10    60/XS   273.1  12.70  21.5  145.0  12.0   120  0.0942    113M   0.31
F0001198   F   10    60/XS   273.1  12.70  21.5  145.0  12.0   180  0.0942    170M   0.47
F0001199   F   10    60/XS   273.1  12.70  21.5  145.0  12.0   240  0.0942    227M   0.63
F0001200   F   10      100   273.1  18.26  15.0   70.0   4.0     0  0.1951      0M   0.00
F0001201   F   10      100   273.1  18.26  15.0   70.0   4.0    60  0.1951     40M   0.11
F0001202   F   10      100   273.1  18.26  15.0   70.0   4.0   120  0.1951     80M   0.22
F0001203   F   10      100   273.1  18.26  15.0   70.0   4.0   180  0.1951    121M   0.34
F0001204   F   10      100   273.1  18.26  15.0   70.0   4.0   240  0.1951    161M   0.45
F0001205   F   10      100   273.1  18.26  15.0   70.0   6.0     0  0.1951      0M   0.00
F0001206   F   10      100   273.1  18.26  15.0   70.0   6.0    60  0.1951     40M   0.11
F0001207   F   10      100   273.1  18.26  15.0   70.0   6.0   120  0.1951     80M   0.22
F0001208   F   10      100   273.1  18.26  15.0   70.0   6.0   180  0.1951    121M   0.34
F0001209   F   10      100   273.1  18.26  15.0   70.0   6.0   240  0.1951    161M   0.45
F0001210   F   10      100   273.1  18.26  15.0   70.0   8.0     0  0.1951      0M   0.00
F0001211   F   10      100   273.1  18.26  15.0   70.0   8.0    60  0.1951     40M   0.11
F0001212   F   10      100   273.1  18.26  15.0   70.0   8.0   120  0.1951     80M   0.22
F0001213   F   10      100   273.1  18.26  15.0   70.0   8.0   180  0.1951    121M   0.34
F0001214   F   10      100   273.1  18.26  15.0   70.0   8.0   240  0.1951    161M   0.45
F0001215   F   10      100   273.1  18.26  15.0   70.0  10.0     0  0.1951      0M   0.00
F0001216   F   10      100   273.1  18.26  15.0   70.0  10.0    60  0.1951     40M   0.11
F0001217   F   10      100   273.1  18.26  15.0   70.0  10.0   120  0.1951     80M   0.22
F0001218   F   10      100   273.1  18.26  15.0   70.0  10.0   180  0.1951    121M   0.34
F0001219   F   10      100   273.1  18.26  15.0   70.0  10.0   240  0.1951    161M   0.45
F0001220   F   10      100   273.1  18.26  15.0   70.0  12.0     0  0.1951      0M   0.00
F0001221   F   10      100   273.1  18.26  15.0   70.0  12.0    60  0.1951     40M   0.11
F0001222   F   10      100   273.1  18.26  15.0   70.0  12.0   120  0.1951     80M   0.22
F0001223   F   10      100   273.1  18.26  15.0   70.0  12.0   180  0.1951    121M   0.34
F0001224   F   10      100   273.1  18.26  15.0   70.0  12.0   240  0.1951    161M   0.45
F0001225   F   10      100   273.1  18.26  15.0   85.0   4.0     0  0.1606      0M   0.00
F0001226   F   10      100   273.1  18.26  15.0   85.0   4.0    60  0.1606     40M   0.11
F0001227   F   10      100   273.1  18.26  15.0   85.0   4.0   120  0.1606     80M   0.22
F0001228   F   10      100   273.1  18.26  15.0   85.0   4.0   180  0.1606    121M   0.34
F0001229   F   10      100   273.1  18.26  15.0   85.0   4.0   240  0.1606    161M   0.45
F0001230   F   10      100   273.1  18.26  15.0   85.0   6.0     0  0.1606      0M   0.00
F0001231   F   10      100   273.1  18.26  15.0   85.0   6.0    60  0.1606     40M   0.11
F0001232   F   10      100   273.1  18.26  15.0   85.0   6.0   120  0.1606     80M   0.22
F0001233   F   10      100   273.1  18.26  15.0   85.0   6.0   180  0.1606    121M   0.34
F0001234   F   10      100   273.1  18.26  15.0   85.0   6.0   240  0.1606    161M   0.45
F0001235   F   10      100   273.1  18.26  15.0   85.0   8.0     0  0.1606      0M   0.00
F0001236   F   10      100   273.1  18.26  15.0   85.0   8.0    60  0.1606     40M   0.11
F0001237   F   10      100   273.1  18.26  15.0   85.0   8.0   120  0.1606     80M   0.22
F0001238   F   10      100   273.1  18.26  15.0   85.0   8.0   180  0.1606    121M   0.34
F0001239   F   10      100   273.1  18.26  15.0   85.0   8.0   240  0.1606    161M   0.45
F0001240   F   10      100   273.1  18.26  15.0   85.0  10.0     0  0.1606      0M   0.00
F0001241   F   10      100   273.1  18.26  15.0   85.0  10.0    60  0.1606     40M   0.11
F0001242   F   10      100   273.1  18.26  15.0   85.0  10.0   120  0.1606     80M   0.22
F0001243   F   10      100   273.1  18.26  15.0   85.0  10.0   180  0.1606    121M   0.34
F0001244   F   10      100   273.1  18.26  15.0   85.0  10.0   240  0.1606    161M   0.45
F0001245   F   10      100   273.1  18.26  15.0   85.0  12.0     0  0.1606      0M   0.00
F0001246   F   10      100   273.1  18.26  15.0   85.0  12.0    60  0.1606     40M   0.11
F0001247   F   10      100   273.1  18.26  15.0   85.0  12.0   120  0.1606     80M   0.22
F0001248   F   10      100   273.1  18.26  15.0   85.0  12.0   180  0.1606    121M   0.34
F0001249   F   10      100   273.1  18.26  15.0   85.0  12.0   240  0.1606    161M   0.45
F0001250   F   10      100   273.1  18.26  15.0  100.0   4.0     0  0.1366      0M   0.00
F0001251   F   10      100   273.1  18.26  15.0  100.0   4.0    60  0.1366     40M   0.11
F0001252   F   10      100   273.1  18.26  15.0  100.0   4.0   120  0.1366     80M   0.22
F0001253   F   10      100   273.1  18.26  15.0  100.0   4.0   180  0.1366    121M   0.34
F0001254   F   10      100   273.1  18.26  15.0  100.0   4.0   240  0.1366    161M   0.45
F0001255   F   10      100   273.1  18.26  15.0  100.0   6.0     0  0.1366      0M   0.00
F0001256   F   10      100   273.1  18.26  15.0  100.0   6.0    60  0.1366     40M   0.11
F0001257   F   10      100   273.1  18.26  15.0  100.0   6.0   120  0.1366     80M   0.22
F0001258   F   10      100   273.1  18.26  15.0  100.0   6.0   180  0.1366    121M   0.34
F0001259   F   10      100   273.1  18.26  15.0  100.0   6.0   240  0.1366    161M   0.45
F0001260   F   10      100   273.1  18.26  15.0  100.0   8.0     0  0.1366      0M   0.00
F0001261   F   10      100   273.1  18.26  15.0  100.0   8.0    60  0.1366     40M   0.11
F0001262   F   10      100   273.1  18.26  15.0  100.0   8.0   120  0.1366     80M   0.22
F0001263   F   10      100   273.1  18.26  15.0  100.0   8.0   180  0.1366    121M   0.34
F0001264   F   10      100   273.1  18.26  15.0  100.0   8.0   240  0.1366    161M   0.45
F0001265   F   10      100   273.1  18.26  15.0  100.0  10.0     0  0.1366      0M   0.00
F0001266   F   10      100   273.1  18.26  15.0  100.0  10.0    60  0.1366     40M   0.11
F0001267   F   10      100   273.1  18.26  15.0  100.0  10.0   120  0.1366     80M   0.22
F0001268   F   10      100   273.1  18.26  15.0  100.0  10.0   180  0.1366    121M   0.34
F0001269   F   10      100   273.1  18.26  15.0  100.0  10.0   240  0.1366    161M   0.45
F0001270   F   10      100   273.1  18.26  15.0  100.0  12.0     0  0.1366      0M   0.00
F0001271   F   10      100   273.1  18.26  15.0  100.0  12.0    60  0.1366     40M   0.11
F0001272   F   10      100   273.1  18.26  15.0  100.0  12.0   120  0.1366     80M   0.22
F0001273   F   10      100   273.1  18.26  15.0  100.0  12.0   180  0.1366    121M   0.34
F0001274   F   10      100   273.1  18.26  15.0  100.0  12.0   240  0.1366    161M   0.45
F0001275   F   10      100   273.1  18.26  15.0  115.0   4.0     0  0.1187      0M   0.00
F0001276   F   10      100   273.1  18.26  15.0  115.0   4.0    60  0.1187     40M   0.11
F0001277   F   10      100   273.1  18.26  15.0  115.0   4.0   120  0.1187     80M   0.22
F0001278   F   10      100   273.1  18.26  15.0  115.0   4.0   180  0.1187    121M   0.34
F0001279   F   10      100   273.1  18.26  15.0  115.0   4.0   240  0.1187    161M   0.45
F0001280   F   10      100   273.1  18.26  15.0  115.0   6.0     0  0.1187      0M   0.00
F0001281   F   10      100   273.1  18.26  15.0  115.0   6.0    60  0.1187     40M   0.11
F0001282   F   10      100   273.1  18.26  15.0  115.0   6.0   120  0.1187     80M   0.22
F0001283   F   10      100   273.1  18.26  15.0  115.0   6.0   180  0.1187    121M   0.34
F0001284   F   10      100   273.1  18.26  15.0  115.0   6.0   240  0.1187    161M   0.45
F0001285   F   10      100   273.1  18.26  15.0  115.0   8.0     0  0.1187      0M   0.00
F0001286   F   10      100   273.1  18.26  15.0  115.0   8.0    60  0.1187     40M   0.11
F0001287   F   10      100   273.1  18.26  15.0  115.0   8.0   120  0.1187     80M   0.22
F0001288   F   10      100   273.1  18.26  15.0  115.0   8.0   180  0.1187    121M   0.34
F0001289   F   10      100   273.1  18.26  15.0  115.0   8.0   240  0.1187    161M   0.45
F0001290   F   10      100   273.1  18.26  15.0  115.0  10.0     0  0.1187      0M   0.00
F0001291   F   10      100   273.1  18.26  15.0  115.0  10.0    60  0.1187     40M   0.11
F0001292   F   10      100   273.1  18.26  15.0  115.0  10.0   120  0.1187     80M   0.22
F0001293   F   10      100   273.1  18.26  15.0  115.0  10.0   180  0.1187    121M   0.34
F0001294   F   10      100   273.1  18.26  15.0  115.0  10.0   240  0.1187    161M   0.45
F0001295   F   10      100   273.1  18.26  15.0  115.0  12.0     0  0.1187      0M   0.00
F0001296   F   10      100   273.1  18.26  15.0  115.0  12.0    60  0.1187     40M   0.11
F0001297   F   10      100   273.1  18.26  15.0  115.0  12.0   120  0.1187     80M   0.22
F0001298   F   10      100   273.1  18.26  15.0  115.0  12.0   180  0.1187    121M   0.34
F0001299   F   10      100   273.1  18.26  15.0  115.0  12.0   240  0.1187    161M   0.45
F0001300   F   10      100   273.1  18.26  15.0  130.0   4.0     0  0.1050      0M   0.00
F0001301   F   10      100   273.1  18.26  15.0  130.0   4.0    60  0.1050     40M   0.11
F0001302   F   10      100   273.1  18.26  15.0  130.0   4.0   120  0.1050     80M   0.22
F0001303   F   10      100   273.1  18.26  15.0  130.0   4.0   180  0.1050    121M   0.34
F0001304   F   10      100   273.1  18.26  15.0  130.0   4.0   240  0.1050    161M   0.45
F0001305   F   10      100   273.1  18.26  15.0  130.0   6.0     0  0.1050      0M   0.00
F0001306   F   10      100   273.1  18.26  15.0  130.0   6.0    60  0.1050     40M   0.11
F0001307   F   10      100   273.1  18.26  15.0  130.0   6.0   120  0.1050     80M   0.22
F0001308   F   10      100   273.1  18.26  15.0  130.0   6.0   180  0.1050    121M   0.34
F0001309   F   10      100   273.1  18.26  15.0  130.0   6.0   240  0.1050    161M   0.45
F0001310   F   10      100   273.1  18.26  15.0  130.0   8.0     0  0.1050      0M   0.00
F0001311   F   10      100   273.1  18.26  15.0  130.0   8.0    60  0.1050     40M   0.11
F0001312   F   10      100   273.1  18.26  15.0  130.0   8.0   120  0.1050     80M   0.22
F0001313   F   10      100   273.1  18.26  15.0  130.0   8.0   180  0.1050    121M   0.34
F0001314   F   10      100   273.1  18.26  15.0  130.0   8.0   240  0.1050    161M   0.45
F0001315   F   10      100   273.1  18.26  15.0  130.0  10.0     0  0.1050      0M   0.00
F0001316   F   10      100   273.1  18.26  15.0  130.0  10.0    60  0.1050     40M   0.11
F0001317   F   10      100   273.1  18.26  15.0  130.0  10.0   120  0.1050     80M   0.22
F0001318   F   10      100   273.1  18.26  15.0  130.0  10.0   180  0.1050    121M   0.34
F0001319   F   10      100   273.1  18.26  15.0  130.0  10.0   240  0.1050    161M   0.45
F0001320   F   10      100   273.1  18.26  15.0  130.0  12.0     0  0.1050      0M   0.00
F0001321   F   10      100   273.1  18.26  15.0  130.0  12.0    60  0.1050     40M   0.11
F0001322   F   10      100   273.1  18.26  15.0  130.0  12.0   120  0.1050     80M   0.22
F0001323   F   10      100   273.1  18.26  15.0  130.0  12.0   180  0.1050    121M   0.34
F0001324   F   10      100   273.1  18.26  15.0  130.0  12.0   240  0.1050    161M   0.45
F0001325   F   10      100   273.1  18.26  15.0  145.0   4.0     0  0.0942      0M   0.00
F0001326   F   10      100   273.1  18.26  15.0  145.0   4.0    60  0.0942     40M   0.11
F0001327   F   10      100   273.1  18.26  15.0  145.0   4.0   120  0.0942     80M   0.22
F0001328   F   10      100   273.1  18.26  15.0  145.0   4.0   180  0.0942    121M   0.34
F0001329   F   10      100   273.1  18.26  15.0  145.0   4.0   240  0.0942    161M   0.45
F0001330   F   10      100   273.1  18.26  15.0  145.0   6.0     0  0.0942      0M   0.00
F0001331   F   10      100   273.1  18.26  15.0  145.0   6.0    60  0.0942     40M   0.11
F0001332   F   10      100   273.1  18.26  15.0  145.0   6.0   120  0.0942     80M   0.22
F0001333   F   10      100   273.1  18.26  15.0  145.0   6.0   180  0.0942    121M   0.34
F0001334   F   10      100   273.1  18.26  15.0  145.0   6.0   240  0.0942    161M   0.45
F0001335   F   10      100   273.1  18.26  15.0  145.0   8.0     0  0.0942      0M   0.00
F0001336   F   10      100   273.1  18.26  15.0  145.0   8.0    60  0.0942     40M   0.11
F0001337   F   10      100   273.1  18.26  15.0  145.0   8.0   120  0.0942     80M   0.22
F0001338   F   10      100   273.1  18.26  15.0  145.0   8.0   180  0.0942    121M   0.34
F0001339   F   10      100   273.1  18.26  15.0  145.0   8.0   240  0.0942    161M   0.45
F0001340   F   10      100   273.1  18.26  15.0  145.0  10.0     0  0.0942      0M   0.00
F0001341   F   10      100   273.1  18.26  15.0  145.0  10.0    60  0.0942     40M   0.11
F0001342   F   10      100   273.1  18.26  15.0  145.0  10.0   120  0.0942     80M   0.22
F0001343   F   10      100   273.1  18.26  15.0  145.0  10.0   180  0.0942    121M   0.34
F0001344   F   10      100   273.1  18.26  15.0  145.0  10.0   240  0.0942    161M   0.45
F0001345   F   10      100   273.1  18.26  15.0  145.0  12.0     0  0.0942      0M   0.00
F0001346   F   10      100   273.1  18.26  15.0  145.0  12.0    60  0.0942     40M   0.11
F0001347   F   10      100   273.1  18.26  15.0  145.0  12.0   120  0.0942     80M   0.22
F0001348   F   10      100   273.1  18.26  15.0  145.0  12.0   180  0.0942    121M   0.34
F0001349   F   10      100   273.1  18.26  15.0  145.0  12.0   240  0.0942    161M   0.45
F0001350   F   12      STD   323.9   9.53  34.0   70.0   4.0     0  0.2314      0M   0.00
F0001351   F   12      STD   323.9   9.53  34.0   70.0   4.0    60  0.2314     63M   0.17
F0001352   F   12      STD   323.9   9.53  34.0   70.0   4.0   120  0.2314    125M   0.35
F0001353   F   12      STD   323.9   9.53  34.0   70.0   4.0   180  0.2314    188M   0.52
F0001354   F   12      STD   323.9   9.53  34.0   70.0   4.0   240  0.2314    250M   0.69
F0001355   F   12      STD   323.9   9.53  34.0   70.0   6.0     0  0.2314      0M   0.00
F0001356   F   12      STD   323.9   9.53  34.0   70.0   6.0    60  0.2314     63M   0.17
F0001357   F   12      STD   323.9   9.53  34.0   70.0   6.0   120  0.2314    125M   0.35
F0001358   F   12      STD   323.9   9.53  34.0   70.0   6.0   180  0.2314    188M   0.52
F0001359   F   12      STD   323.9   9.53  34.0   70.0   6.0   240  0.2314    250M   0.69
F0001360   F   12      STD   323.9   9.53  34.0   70.0   8.0     0  0.2314      0M   0.00
F0001361   F   12      STD   323.9   9.53  34.0   70.0   8.0    60  0.2314     63M   0.17
F0001362   F   12      STD   323.9   9.53  34.0   70.0   8.0   120  0.2314    125M   0.35
F0001363   F   12      STD   323.9   9.53  34.0   70.0   8.0   180  0.2314    188M   0.52
F0001364   F   12      STD   323.9   9.53  34.0   70.0   8.0   240  0.2314    250M   0.69
F0001365   F   12      STD   323.9   9.53  34.0   70.0  10.0     0  0.2314      0M   0.00
F0001366   F   12      STD   323.9   9.53  34.0   70.0  10.0    60  0.2314     63M   0.17
F0001367   F   12      STD   323.9   9.53  34.0   70.0  10.0   120  0.2314    125M   0.35
F0001368   F   12      STD   323.9   9.53  34.0   70.0  10.0   180  0.2314    188M   0.52
F0001369   F   12      STD   323.9   9.53  34.0   70.0  10.0   240  0.2314    250M   0.69
F0001370   F   12      STD   323.9   9.53  34.0   70.0  12.0     0  0.2314      0M   0.00
F0001371   F   12      STD   323.9   9.53  34.0   70.0  12.0    60  0.2314     63M   0.17
F0001372   F   12      STD   323.9   9.53  34.0   70.0  12.0   120  0.2314    125M   0.35
F0001373   F   12      STD   323.9   9.53  34.0   70.0  12.0   180  0.2314    188M   0.52
F0001374   F   12      STD   323.9   9.53  34.0   70.0  12.0   240  0.2314    250M   0.69
F0001375   F   12      STD   323.9   9.53  34.0   85.0   4.0     0  0.1905      0M   0.00
F0001376   F   12      STD   323.9   9.53  34.0   85.0   4.0    60  0.1905     63M   0.17
F0001377   F   12      STD   323.9   9.53  34.0   85.0   4.0   120  0.1905    125M   0.35
F0001378   F   12      STD   323.9   9.53  34.0   85.0   4.0   180  0.1905    188M   0.52
F0001379   F   12      STD   323.9   9.53  34.0   85.0   4.0   240  0.1905    250M   0.69
F0001380   F   12      STD   323.9   9.53  34.0   85.0   6.0     0  0.1905      0M   0.00
F0001381   F   12      STD   323.9   9.53  34.0   85.0   6.0    60  0.1905     63M   0.17
F0001382   F   12      STD   323.9   9.53  34.0   85.0   6.0   120  0.1905    125M   0.35
F0001383   F   12      STD   323.9   9.53  34.0   85.0   6.0   180  0.1905    188M   0.52
F0001384   F   12      STD   323.9   9.53  34.0   85.0   6.0   240  0.1905    250M   0.69
F0001385   F   12      STD   323.9   9.53  34.0   85.0   8.0     0  0.1905      0M   0.00
F0001386   F   12      STD   323.9   9.53  34.0   85.0   8.0    60  0.1905     63M   0.17
F0001387   F   12      STD   323.9   9.53  34.0   85.0   8.0   120  0.1905    125M   0.35
F0001388   F   12      STD   323.9   9.53  34.0   85.0   8.0   180  0.1905    188M   0.52
F0001389   F   12      STD   323.9   9.53  34.0   85.0   8.0   240  0.1905    250M   0.69
F0001390   F   12      STD   323.9   9.53  34.0   85.0  10.0     0  0.1905      0M   0.00
F0001391   F   12      STD   323.9   9.53  34.0   85.0  10.0    60  0.1905     63M   0.17
F0001392   F   12      STD   323.9   9.53  34.0   85.0  10.0   120  0.1905    125M   0.35
F0001393   F   12      STD   323.9   9.53  34.0   85.0  10.0   180  0.1905    188M   0.52
F0001394   F   12      STD   323.9   9.53  34.0   85.0  10.0   240  0.1905    250M   0.69
F0001395   F   12      STD   323.9   9.53  34.0   85.0  12.0     0  0.1905      0M   0.00
F0001396   F   12      STD   323.9   9.53  34.0   85.0  12.0    60  0.1905     63M   0.17
F0001397   F   12      STD   323.9   9.53  34.0   85.0  12.0   120  0.1905    125M   0.35
F0001398   F   12      STD   323.9   9.53  34.0   85.0  12.0   180  0.1905    188M   0.52
F0001399   F   12      STD   323.9   9.53  34.0   85.0  12.0   240  0.1905    250M   0.69
F0001400   F   12      STD   323.9   9.53  34.0  100.0   4.0     0  0.1619      0M   0.00
F0001401   F   12      STD   323.9   9.53  34.0  100.0   4.0    60  0.1619     63M   0.17
F0001402   F   12      STD   323.9   9.53  34.0  100.0   4.0   120  0.1619    125M   0.35
F0001403   F   12      STD   323.9   9.53  34.0  100.0   4.0   180  0.1619    188M   0.52
F0001404   F   12      STD   323.9   9.53  34.0  100.0   4.0   240  0.1619    250M   0.69
F0001405   F   12      STD   323.9   9.53  34.0  100.0   6.0     0  0.1619      0M   0.00
F0001406   F   12      STD   323.9   9.53  34.0  100.0   6.0    60  0.1619     63M   0.17
F0001407   F   12      STD   323.9   9.53  34.0  100.0   6.0   120  0.1619    125M   0.35
F0001408   F   12      STD   323.9   9.53  34.0  100.0   6.0   180  0.1619    188M   0.52
F0001409   F   12      STD   323.9   9.53  34.0  100.0   6.0   240  0.1619    250M   0.69
F0001410   F   12      STD   323.9   9.53  34.0  100.0   8.0     0  0.1619      0M   0.00
F0001411   F   12      STD   323.9   9.53  34.0  100.0   8.0    60  0.1619     63M   0.17
F0001412   F   12      STD   323.9   9.53  34.0  100.0   8.0   120  0.1619    125M   0.35
F0001413   F   12      STD   323.9   9.53  34.0  100.0   8.0   180  0.1619    188M   0.52
F0001414   F   12      STD   323.9   9.53  34.0  100.0   8.0   240  0.1619    250M   0.69
F0001415   F   12      STD   323.9   9.53  34.0  100.0  10.0     0  0.1619      0M   0.00
F0001416   F   12      STD   323.9   9.53  34.0  100.0  10.0    60  0.1619     63M   0.17
F0001417   F   12      STD   323.9   9.53  34.0  100.0  10.0   120  0.1619    125M   0.35
F0001418   F   12      STD   323.9   9.53  34.0  100.0  10.0   180  0.1619    188M   0.52
F0001419   F   12      STD   323.9   9.53  34.0  100.0  10.0   240  0.1619    250M   0.69
F0001420   F   12      STD   323.9   9.53  34.0  100.0  12.0     0  0.1619      0M   0.00
F0001421   F   12      STD   323.9   9.53  34.0  100.0  12.0    60  0.1619     63M   0.17
F0001422   F   12      STD   323.9   9.53  34.0  100.0  12.0   120  0.1619    125M   0.35
F0001423   F   12      STD   323.9   9.53  34.0  100.0  12.0   180  0.1619    188M   0.52
F0001424   F   12      STD   323.9   9.53  34.0  100.0  12.0   240  0.1619    250M   0.69
F0001425   F   12      STD   323.9   9.53  34.0  115.0   4.0     0  0.1408      0M   0.00
F0001426   F   12      STD   323.9   9.53  34.0  115.0   4.0    60  0.1408     63M   0.17
F0001427   F   12      STD   323.9   9.53  34.0  115.0   4.0   120  0.1408    125M   0.35
F0001428   F   12      STD   323.9   9.53  34.0  115.0   4.0   180  0.1408    188M   0.52
F0001429   F   12      STD   323.9   9.53  34.0  115.0   4.0   240  0.1408    250M   0.69
F0001430   F   12      STD   323.9   9.53  34.0  115.0   6.0     0  0.1408      0M   0.00
F0001431   F   12      STD   323.9   9.53  34.0  115.0   6.0    60  0.1408     63M   0.17
F0001432   F   12      STD   323.9   9.53  34.0  115.0   6.0   120  0.1408    125M   0.35
F0001433   F   12      STD   323.9   9.53  34.0  115.0   6.0   180  0.1408    188M   0.52
F0001434   F   12      STD   323.9   9.53  34.0  115.0   6.0   240  0.1408    250M   0.69
F0001435   F   12      STD   323.9   9.53  34.0  115.0   8.0     0  0.1408      0M   0.00
F0001436   F   12      STD   323.9   9.53  34.0  115.0   8.0    60  0.1408     63M   0.17
F0001437   F   12      STD   323.9   9.53  34.0  115.0   8.0   120  0.1408    125M   0.35
F0001438   F   12      STD   323.9   9.53  34.0  115.0   8.0   180  0.1408    188M   0.52
F0001439   F   12      STD   323.9   9.53  34.0  115.0   8.0   240  0.1408    250M   0.69
F0001440   F   12      STD   323.9   9.53  34.0  115.0  10.0     0  0.1408      0M   0.00
F0001441   F   12      STD   323.9   9.53  34.0  115.0  10.0    60  0.1408     63M   0.17
F0001442   F   12      STD   323.9   9.53  34.0  115.0  10.0   120  0.1408    125M   0.35
F0001443   F   12      STD   323.9   9.53  34.0  115.0  10.0   180  0.1408    188M   0.52
F0001444   F   12      STD   323.9   9.53  34.0  115.0  10.0   240  0.1408    250M   0.69
F0001445   F   12      STD   323.9   9.53  34.0  115.0  12.0     0  0.1408      0M   0.00
F0001446   F   12      STD   323.9   9.53  34.0  115.0  12.0    60  0.1408     63M   0.17
F0001447   F   12      STD   323.9   9.53  34.0  115.0  12.0   120  0.1408    125M   0.35
F0001448   F   12      STD   323.9   9.53  34.0  115.0  12.0   180  0.1408    188M   0.52
F0001449   F   12      STD   323.9   9.53  34.0  115.0  12.0   240  0.1408    250M   0.69
F0001450   F   12      STD   323.9   9.53  34.0  130.0   4.0     0  0.1246      0M   0.00
F0001451   F   12      STD   323.9   9.53  34.0  130.0   4.0    60  0.1246     63M   0.17
F0001452   F   12      STD   323.9   9.53  34.0  130.0   4.0   120  0.1246    125M   0.35
F0001453   F   12      STD   323.9   9.53  34.0  130.0   4.0   180  0.1246    188M   0.52
F0001454   F   12      STD   323.9   9.53  34.0  130.0   4.0   240  0.1246    250M   0.69
F0001455   F   12      STD   323.9   9.53  34.0  130.0   6.0     0  0.1246      0M   0.00
F0001456   F   12      STD   323.9   9.53  34.0  130.0   6.0    60  0.1246     63M   0.17
F0001457   F   12      STD   323.9   9.53  34.0  130.0   6.0   120  0.1246    125M   0.35
F0001458   F   12      STD   323.9   9.53  34.0  130.0   6.0   180  0.1246    188M   0.52
F0001459   F   12      STD   323.9   9.53  34.0  130.0   6.0   240  0.1246    250M   0.69
F0001460   F   12      STD   323.9   9.53  34.0  130.0   8.0     0  0.1246      0M   0.00
F0001461   F   12      STD   323.9   9.53  34.0  130.0   8.0    60  0.1246     63M   0.17
F0001462   F   12      STD   323.9   9.53  34.0  130.0   8.0   120  0.1246    125M   0.35
F0001463   F   12      STD   323.9   9.53  34.0  130.0   8.0   180  0.1246    188M   0.52
F0001464   F   12      STD   323.9   9.53  34.0  130.0   8.0   240  0.1246    250M   0.69
F0001465   F   12      STD   323.9   9.53  34.0  130.0  10.0     0  0.1246      0M   0.00
F0001466   F   12      STD   323.9   9.53  34.0  130.0  10.0    60  0.1246     63M   0.17
F0001467   F   12      STD   323.9   9.53  34.0  130.0  10.0   120  0.1246    125M   0.35
F0001468   F   12      STD   323.9   9.53  34.0  130.0  10.0   180  0.1246    188M   0.52
F0001469   F   12      STD   323.9   9.53  34.0  130.0  10.0   240  0.1246    250M   0.69
F0001470   F   12      STD   323.9   9.53  34.0  130.0  12.0     0  0.1246      0M   0.00
F0001471   F   12      STD   323.9   9.53  34.0  130.0  12.0    60  0.1246     63M   0.17
F0001472   F   12      STD   323.9   9.53  34.0  130.0  12.0   120  0.1246    125M   0.35
F0001473   F   12      STD   323.9   9.53  34.0  130.0  12.0   180  0.1246    188M   0.52
F0001474   F   12      STD   323.9   9.53  34.0  130.0  12.0   240  0.1246    250M   0.69
F0001475   F   12      STD   323.9   9.53  34.0  145.0   4.0     0  0.1117      0M   0.00
F0001476   F   12      STD   323.9   9.53  34.0  145.0   4.0    60  0.1117     63M   0.17
F0001477   F   12      STD   323.9   9.53  34.0  145.0   4.0   120  0.1117    125M   0.35
F0001478   F   12      STD   323.9   9.53  34.0  145.0   4.0   180  0.1117    188M   0.52
F0001479   F   12      STD   323.9   9.53  34.0  145.0   4.0   240  0.1117    250M   0.69
F0001480   F   12      STD   323.9   9.53  34.0  145.0   6.0     0  0.1117      0M   0.00
F0001481   F   12      STD   323.9   9.53  34.0  145.0   6.0    60  0.1117     63M   0.17
F0001482   F   12      STD   323.9   9.53  34.0  145.0   6.0   120  0.1117    125M   0.35
F0001483   F   12      STD   323.9   9.53  34.0  145.0   6.0   180  0.1117    188M   0.52
F0001484   F   12      STD   323.9   9.53  34.0  145.0   6.0   240  0.1117    250M   0.69
F0001485   F   12      STD   323.9   9.53  34.0  145.0   8.0     0  0.1117      0M   0.00
F0001486   F   12      STD   323.9   9.53  34.0  145.0   8.0    60  0.1117     63M   0.17
F0001487   F   12      STD   323.9   9.53  34.0  145.0   8.0   120  0.1117    125M   0.35
F0001488   F   12      STD   323.9   9.53  34.0  145.0   8.0   180  0.1117    188M   0.52
F0001489   F   12      STD   323.9   9.53  34.0  145.0   8.0   240  0.1117    250M   0.69
F0001490   F   12      STD   323.9   9.53  34.0  145.0  10.0     0  0.1117      0M   0.00
F0001491   F   12      STD   323.9   9.53  34.0  145.0  10.0    60  0.1117     63M   0.17
F0001492   F   12      STD   323.9   9.53  34.0  145.0  10.0   120  0.1117    125M   0.35
F0001493   F   12      STD   323.9   9.53  34.0  145.0  10.0   180  0.1117    188M   0.52
F0001494   F   12      STD   323.9   9.53  34.0  145.0  10.0   240  0.1117    250M   0.69
F0001495   F   12      STD   323.9   9.53  34.0  145.0  12.0     0  0.1117      0M   0.00
F0001496   F   12      STD   323.9   9.53  34.0  145.0  12.0    60  0.1117     63M   0.17
F0001497   F   12      STD   323.9   9.53  34.0  145.0  12.0   120  0.1117    125M   0.35
F0001498   F   12      STD   323.9   9.53  34.0  145.0  12.0   180  0.1117    188M   0.52
F0001499   F   12      STD   323.9   9.53  34.0  145.0  12.0   240  0.1117    250M   0.69
F0001500   F   12       60   323.9  14.27  22.7   70.0   4.0     0  0.2314      0M   0.00
F0001501   F   12       60   323.9  14.27  22.7   70.0   4.0    60  0.2314     42M   0.12
F0001502   F   12       60   323.9  14.27  22.7   70.0   4.0   120  0.2314     85M   0.24
F0001503   F   12       60   323.9  14.27  22.7   70.0   4.0   180  0.2314    127M   0.35
F0001504   F   12       60   323.9  14.27  22.7   70.0   4.0   240  0.2314    170M   0.47
F0001505   F   12       60   323.9  14.27  22.7   70.0   6.0     0  0.2314      0M   0.00
F0001506   F   12       60   323.9  14.27  22.7   70.0   6.0    60  0.2314     42M   0.12
F0001507   F   12       60   323.9  14.27  22.7   70.0   6.0   120  0.2314     85M   0.24
F0001508   F   12       60   323.9  14.27  22.7   70.0   6.0   180  0.2314    127M   0.35
F0001509   F   12       60   323.9  14.27  22.7   70.0   6.0   240  0.2314    170M   0.47
F0001510   F   12       60   323.9  14.27  22.7   70.0   8.0     0  0.2314      0M   0.00
F0001511   F   12       60   323.9  14.27  22.7   70.0   8.0    60  0.2314     42M   0.12
F0001512   F   12       60   323.9  14.27  22.7   70.0   8.0   120  0.2314     85M   0.24
F0001513   F   12       60   323.9  14.27  22.7   70.0   8.0   180  0.2314    127M   0.35
F0001514   F   12       60   323.9  14.27  22.7   70.0   8.0   240  0.2314    170M   0.47
F0001515   F   12       60   323.9  14.27  22.7   70.0  10.0     0  0.2314      0M   0.00
F0001516   F   12       60   323.9  14.27  22.7   70.0  10.0    60  0.2314     42M   0.12
F0001517   F   12       60   323.9  14.27  22.7   70.0  10.0   120  0.2314     85M   0.24
F0001518   F   12       60   323.9  14.27  22.7   70.0  10.0   180  0.2314    127M   0.35
F0001519   F   12       60   323.9  14.27  22.7   70.0  10.0   240  0.2314    170M   0.47
F0001520   F   12       60   323.9  14.27  22.7   70.0  12.0     0  0.2314      0M   0.00
F0001521   F   12       60   323.9  14.27  22.7   70.0  12.0    60  0.2314     42M   0.12
F0001522   F   12       60   323.9  14.27  22.7   70.0  12.0   120  0.2314     85M   0.24
F0001523   F   12       60   323.9  14.27  22.7   70.0  12.0   180  0.2314    127M   0.35
F0001524   F   12       60   323.9  14.27  22.7   70.0  12.0   240  0.2314    170M   0.47
F0001525   F   12       60   323.9  14.27  22.7   85.0   4.0     0  0.1905      0M   0.00
F0001526   F   12       60   323.9  14.27  22.7   85.0   4.0    60  0.1905     42M   0.12
F0001527   F   12       60   323.9  14.27  22.7   85.0   4.0   120  0.1905     85M   0.24
F0001528   F   12       60   323.9  14.27  22.7   85.0   4.0   180  0.1905    127M   0.35
F0001529   F   12       60   323.9  14.27  22.7   85.0   4.0   240  0.1905    170M   0.47
F0001530   F   12       60   323.9  14.27  22.7   85.0   6.0     0  0.1905      0M   0.00
F0001531   F   12       60   323.9  14.27  22.7   85.0   6.0    60  0.1905     42M   0.12
F0001532   F   12       60   323.9  14.27  22.7   85.0   6.0   120  0.1905     85M   0.24
F0001533   F   12       60   323.9  14.27  22.7   85.0   6.0   180  0.1905    127M   0.35
F0001534   F   12       60   323.9  14.27  22.7   85.0   6.0   240  0.1905    170M   0.47
F0001535   F   12       60   323.9  14.27  22.7   85.0   8.0     0  0.1905      0M   0.00
F0001536   F   12       60   323.9  14.27  22.7   85.0   8.0    60  0.1905     42M   0.12
F0001537   F   12       60   323.9  14.27  22.7   85.0   8.0   120  0.1905     85M   0.24
F0001538   F   12       60   323.9  14.27  22.7   85.0   8.0   180  0.1905    127M   0.35
F0001539   F   12       60   323.9  14.27  22.7   85.0   8.0   240  0.1905    170M   0.47
F0001540   F   12       60   323.9  14.27  22.7   85.0  10.0     0  0.1905      0M   0.00
F0001541   F   12       60   323.9  14.27  22.7   85.0  10.0    60  0.1905     42M   0.12
F0001542   F   12       60   323.9  14.27  22.7   85.0  10.0   120  0.1905     85M   0.24
F0001543   F   12       60   323.9  14.27  22.7   85.0  10.0   180  0.1905    127M   0.35
F0001544   F   12       60   323.9  14.27  22.7   85.0  10.0   240  0.1905    170M   0.47
F0001545   F   12       60   323.9  14.27  22.7   85.0  12.0     0  0.1905      0M   0.00
F0001546   F   12       60   323.9  14.27  22.7   85.0  12.0    60  0.1905     42M   0.12
F0001547   F   12       60   323.9  14.27  22.7   85.0  12.0   120  0.1905     85M   0.24
F0001548   F   12       60   323.9  14.27  22.7   85.0  12.0   180  0.1905    127M   0.35
F0001549   F   12       60   323.9  14.27  22.7   85.0  12.0   240  0.1905    170M   0.47
F0001550   F   12       60   323.9  14.27  22.7  100.0   4.0     0  0.1619      0M   0.00
F0001551   F   12       60   323.9  14.27  22.7  100.0   4.0    60  0.1619     42M   0.12
F0001552   F   12       60   323.9  14.27  22.7  100.0   4.0   120  0.1619     85M   0.24
F0001553   F   12       60   323.9  14.27  22.7  100.0   4.0   180  0.1619    127M   0.35
F0001554   F   12       60   323.9  14.27  22.7  100.0   4.0   240  0.1619    170M   0.47
F0001555   F   12       60   323.9  14.27  22.7  100.0   6.0     0  0.1619      0M   0.00
F0001556   F   12       60   323.9  14.27  22.7  100.0   6.0    60  0.1619     42M   0.12
F0001557   F   12       60   323.9  14.27  22.7  100.0   6.0   120  0.1619     85M   0.24
F0001558   F   12       60   323.9  14.27  22.7  100.0   6.0   180  0.1619    127M   0.35
F0001559   F   12       60   323.9  14.27  22.7  100.0   6.0   240  0.1619    170M   0.47
F0001560   F   12       60   323.9  14.27  22.7  100.0   8.0     0  0.1619      0M   0.00
F0001561   F   12       60   323.9  14.27  22.7  100.0   8.0    60  0.1619     42M   0.12
F0001562   F   12       60   323.9  14.27  22.7  100.0   8.0   120  0.1619     85M   0.24
F0001563   F   12       60   323.9  14.27  22.7  100.0   8.0   180  0.1619    127M   0.35
F0001564   F   12       60   323.9  14.27  22.7  100.0   8.0   240  0.1619    170M   0.47
F0001565   F   12       60   323.9  14.27  22.7  100.0  10.0     0  0.1619      0M   0.00
F0001566   F   12       60   323.9  14.27  22.7  100.0  10.0    60  0.1619     42M   0.12
F0001567   F   12       60   323.9  14.27  22.7  100.0  10.0   120  0.1619     85M   0.24
F0001568   F   12       60   323.9  14.27  22.7  100.0  10.0   180  0.1619    127M   0.35
F0001569   F   12       60   323.9  14.27  22.7  100.0  10.0   240  0.1619    170M   0.47
F0001570   F   12       60   323.9  14.27  22.7  100.0  12.0     0  0.1619      0M   0.00
F0001571   F   12       60   323.9  14.27  22.7  100.0  12.0    60  0.1619     42M   0.12
F0001572   F   12       60   323.9  14.27  22.7  100.0  12.0   120  0.1619     85M   0.24
F0001573   F   12       60   323.9  14.27  22.7  100.0  12.0   180  0.1619    127M   0.35
F0001574   F   12       60   323.9  14.27  22.7  100.0  12.0   240  0.1619    170M   0.47
F0001575   F   12       60   323.9  14.27  22.7  115.0   4.0     0  0.1408      0M   0.00
F0001576   F   12       60   323.9  14.27  22.7  115.0   4.0    60  0.1408     42M   0.12
F0001577   F   12       60   323.9  14.27  22.7  115.0   4.0   120  0.1408     85M   0.24
F0001578   F   12       60   323.9  14.27  22.7  115.0   4.0   180  0.1408    127M   0.35
F0001579   F   12       60   323.9  14.27  22.7  115.0   4.0   240  0.1408    170M   0.47
F0001580   F   12       60   323.9  14.27  22.7  115.0   6.0     0  0.1408      0M   0.00
F0001581   F   12       60   323.9  14.27  22.7  115.0   6.0    60  0.1408     42M   0.12
F0001582   F   12       60   323.9  14.27  22.7  115.0   6.0   120  0.1408     85M   0.24
F0001583   F   12       60   323.9  14.27  22.7  115.0   6.0   180  0.1408    127M   0.35
F0001584   F   12       60   323.9  14.27  22.7  115.0   6.0   240  0.1408    170M   0.47
F0001585   F   12       60   323.9  14.27  22.7  115.0   8.0     0  0.1408      0M   0.00
F0001586   F   12       60   323.9  14.27  22.7  115.0   8.0    60  0.1408     42M   0.12
F0001587   F   12       60   323.9  14.27  22.7  115.0   8.0   120  0.1408     85M   0.24
F0001588   F   12       60   323.9  14.27  22.7  115.0   8.0   180  0.1408    127M   0.35
F0001589   F   12       60   323.9  14.27  22.7  115.0   8.0   240  0.1408    170M   0.47
F0001590   F   12       60   323.9  14.27  22.7  115.0  10.0     0  0.1408      0M   0.00
F0001591   F   12       60   323.9  14.27  22.7  115.0  10.0    60  0.1408     42M   0.12
F0001592   F   12       60   323.9  14.27  22.7  115.0  10.0   120  0.1408     85M   0.24
F0001593   F   12       60   323.9  14.27  22.7  115.0  10.0   180  0.1408    127M   0.35
F0001594   F   12       60   323.9  14.27  22.7  115.0  10.0   240  0.1408    170M   0.47
F0001595   F   12       60   323.9  14.27  22.7  115.0  12.0     0  0.1408      0M   0.00
F0001596   F   12       60   323.9  14.27  22.7  115.0  12.0    60  0.1408     42M   0.12
F0001597   F   12       60   323.9  14.27  22.7  115.0  12.0   120  0.1408     85M   0.24
F0001598   F   12       60   323.9  14.27  22.7  115.0  12.0   180  0.1408    127M   0.35
F0001599   F   12       60   323.9  14.27  22.7  115.0  12.0   240  0.1408    170M   0.47
F0001600   F   12       60   323.9  14.27  22.7  130.0   4.0     0  0.1246      0M   0.00
F0001601   F   12       60   323.9  14.27  22.7  130.0   4.0    60  0.1246     42M   0.12
F0001602   F   12       60   323.9  14.27  22.7  130.0   4.0   120  0.1246     85M   0.24
F0001603   F   12       60   323.9  14.27  22.7  130.0   4.0   180  0.1246    127M   0.35
F0001604   F   12       60   323.9  14.27  22.7  130.0   4.0   240  0.1246    170M   0.47
F0001605   F   12       60   323.9  14.27  22.7  130.0   6.0     0  0.1246      0M   0.00
F0001606   F   12       60   323.9  14.27  22.7  130.0   6.0    60  0.1246     42M   0.12
F0001607   F   12       60   323.9  14.27  22.7  130.0   6.0   120  0.1246     85M   0.24
F0001608   F   12       60   323.9  14.27  22.7  130.0   6.0   180  0.1246    127M   0.35
F0001609   F   12       60   323.9  14.27  22.7  130.0   6.0   240  0.1246    170M   0.47
F0001610   F   12       60   323.9  14.27  22.7  130.0   8.0     0  0.1246      0M   0.00
F0001611   F   12       60   323.9  14.27  22.7  130.0   8.0    60  0.1246     42M   0.12
F0001612   F   12       60   323.9  14.27  22.7  130.0   8.0   120  0.1246     85M   0.24
F0001613   F   12       60   323.9  14.27  22.7  130.0   8.0   180  0.1246    127M   0.35
F0001614   F   12       60   323.9  14.27  22.7  130.0   8.0   240  0.1246    170M   0.47
F0001615   F   12       60   323.9  14.27  22.7  130.0  10.0     0  0.1246      0M   0.00
F0001616   F   12       60   323.9  14.27  22.7  130.0  10.0    60  0.1246     42M   0.12
F0001617   F   12       60   323.9  14.27  22.7  130.0  10.0   120  0.1246     85M   0.24
F0001618   F   12       60   323.9  14.27  22.7  130.0  10.0   180  0.1246    127M   0.35
F0001619   F   12       60   323.9  14.27  22.7  130.0  10.0   240  0.1246    170M   0.47
F0001620   F   12       60   323.9  14.27  22.7  130.0  12.0     0  0.1246      0M   0.00
F0001621   F   12       60   323.9  14.27  22.7  130.0  12.0    60  0.1246     42M   0.12
F0001622   F   12       60   323.9  14.27  22.7  130.0  12.0   120  0.1246     85M   0.24
F0001623   F   12       60   323.9  14.27  22.7  130.0  12.0   180  0.1246    127M   0.35
F0001624   F   12       60   323.9  14.27  22.7  130.0  12.0   240  0.1246    170M   0.47
F0001625   F   12       60   323.9  14.27  22.7  145.0   4.0     0  0.1117      0M   0.00
F0001626   F   12       60   323.9  14.27  22.7  145.0   4.0    60  0.1117     42M   0.12
F0001627   F   12       60   323.9  14.27  22.7  145.0   4.0   120  0.1117     85M   0.24
F0001628   F   12       60   323.9  14.27  22.7  145.0   4.0   180  0.1117    127M   0.35
F0001629   F   12       60   323.9  14.27  22.7  145.0   4.0   240  0.1117    170M   0.47
F0001630   F   12       60   323.9  14.27  22.7  145.0   6.0     0  0.1117      0M   0.00
F0001631   F   12       60   323.9  14.27  22.7  145.0   6.0    60  0.1117     42M   0.12
F0001632   F   12       60   323.9  14.27  22.7  145.0   6.0   120  0.1117     85M   0.24
F0001633   F   12       60   323.9  14.27  22.7  145.0   6.0   180  0.1117    127M   0.35
F0001634   F   12       60   323.9  14.27  22.7  145.0   6.0   240  0.1117    170M   0.47
F0001635   F   12       60   323.9  14.27  22.7  145.0   8.0     0  0.1117      0M   0.00
F0001636   F   12       60   323.9  14.27  22.7  145.0   8.0    60  0.1117     42M   0.12
F0001637   F   12       60   323.9  14.27  22.7  145.0   8.0   120  0.1117     85M   0.24
F0001638   F   12       60   323.9  14.27  22.7  145.0   8.0   180  0.1117    127M   0.35
F0001639   F   12       60   323.9  14.27  22.7  145.0   8.0   240  0.1117    170M   0.47
F0001640   F   12       60   323.9  14.27  22.7  145.0  10.0     0  0.1117      0M   0.00
F0001641   F   12       60   323.9  14.27  22.7  145.0  10.0    60  0.1117     42M   0.12
F0001642   F   12       60   323.9  14.27  22.7  145.0  10.0   120  0.1117     85M   0.24
F0001643   F   12       60   323.9  14.27  22.7  145.0  10.0   180  0.1117    127M   0.35
F0001644   F   12       60   323.9  14.27  22.7  145.0  10.0   240  0.1117    170M   0.47
F0001645   F   12       60   323.9  14.27  22.7  145.0  12.0     0  0.1117      0M   0.00
F0001646   F   12       60   323.9  14.27  22.7  145.0  12.0    60  0.1117     42M   0.12
F0001647   F   12       60   323.9  14.27  22.7  145.0  12.0   120  0.1117     85M   0.24
F0001648   F   12       60   323.9  14.27  22.7  145.0  12.0   180  0.1117    127M   0.35
F0001649   F   12       60   323.9  14.27  22.7  145.0  12.0   240  0.1117    170M   0.47
F0001650   F   12      100   323.9  21.44  15.1   70.0   4.0     0  0.2314      0M   0.00
F0001651   F   12      100   323.9  21.44  15.1   70.0   4.0    60  0.2314     29M   0.08
F0001652   F   12      100   323.9  21.44  15.1   70.0   4.0   120  0.2314     58M   0.16
F0001653   F   12      100   323.9  21.44  15.1   70.0   4.0   180  0.2314     87M   0.24
F0001654   F   12      100   323.9  21.44  15.1   70.0   4.0   240  0.2314    116M   0.32
F0001655   F   12      100   323.9  21.44  15.1   70.0   6.0     0  0.2314      0M   0.00
F0001656   F   12      100   323.9  21.44  15.1   70.0   6.0    60  0.2314     29M   0.08
F0001657   F   12      100   323.9  21.44  15.1   70.0   6.0   120  0.2314     58M   0.16
F0001658   F   12      100   323.9  21.44  15.1   70.0   6.0   180  0.2314     87M   0.24
F0001659   F   12      100   323.9  21.44  15.1   70.0   6.0   240  0.2314    116M   0.32
F0001660   F   12      100   323.9  21.44  15.1   70.0   8.0     0  0.2314      0M   0.00
F0001661   F   12      100   323.9  21.44  15.1   70.0   8.0    60  0.2314     29M   0.08
F0001662   F   12      100   323.9  21.44  15.1   70.0   8.0   120  0.2314     58M   0.16
F0001663   F   12      100   323.9  21.44  15.1   70.0   8.0   180  0.2314     87M   0.24
F0001664   F   12      100   323.9  21.44  15.1   70.0   8.0   240  0.2314    116M   0.32
F0001665   F   12      100   323.9  21.44  15.1   70.0  10.0     0  0.2314      0M   0.00
F0001666   F   12      100   323.9  21.44  15.1   70.0  10.0    60  0.2314     29M   0.08
F0001667   F   12      100   323.9  21.44  15.1   70.0  10.0   120  0.2314     58M   0.16
F0001668   F   12      100   323.9  21.44  15.1   70.0  10.0   180  0.2314     87M   0.24
F0001669   F   12      100   323.9  21.44  15.1   70.0  10.0   240  0.2314    116M   0.32
F0001670   F   12      100   323.9  21.44  15.1   70.0  12.0     0  0.2314      0M   0.00
F0001671   F   12      100   323.9  21.44  15.1   70.0  12.0    60  0.2314     29M   0.08
F0001672   F   12      100   323.9  21.44  15.1   70.0  12.0   120  0.2314     58M   0.16
F0001673   F   12      100   323.9  21.44  15.1   70.0  12.0   180  0.2314     87M   0.24
F0001674   F   12      100   323.9  21.44  15.1   70.0  12.0   240  0.2314    116M   0.32
F0001675   F   12      100   323.9  21.44  15.1   85.0   4.0     0  0.1905      0M   0.00
F0001676   F   12      100   323.9  21.44  15.1   85.0   4.0    60  0.1905     29M   0.08
F0001677   F   12      100   323.9  21.44  15.1   85.0   4.0   120  0.1905     58M   0.16
F0001678   F   12      100   323.9  21.44  15.1   85.0   4.0   180  0.1905     87M   0.24
F0001679   F   12      100   323.9  21.44  15.1   85.0   4.0   240  0.1905    116M   0.32
F0001680   F   12      100   323.9  21.44  15.1   85.0   6.0     0  0.1905      0M   0.00
F0001681   F   12      100   323.9  21.44  15.1   85.0   6.0    60  0.1905     29M   0.08
F0001682   F   12      100   323.9  21.44  15.1   85.0   6.0   120  0.1905     58M   0.16
F0001683   F   12      100   323.9  21.44  15.1   85.0   6.0   180  0.1905     87M   0.24
F0001684   F   12      100   323.9  21.44  15.1   85.0   6.0   240  0.1905    116M   0.32
F0001685   F   12      100   323.9  21.44  15.1   85.0   8.0     0  0.1905      0M   0.00
F0001686   F   12      100   323.9  21.44  15.1   85.0   8.0    60  0.1905     29M   0.08
F0001687   F   12      100   323.9  21.44  15.1   85.0   8.0   120  0.1905     58M   0.16
F0001688   F   12      100   323.9  21.44  15.1   85.0   8.0   180  0.1905     87M   0.24
F0001689   F   12      100   323.9  21.44  15.1   85.0   8.0   240  0.1905    116M   0.32
F0001690   F   12      100   323.9  21.44  15.1   85.0  10.0     0  0.1905      0M   0.00
F0001691   F   12      100   323.9  21.44  15.1   85.0  10.0    60  0.1905     29M   0.08
F0001692   F   12      100   323.9  21.44  15.1   85.0  10.0   120  0.1905     58M   0.16
F0001693   F   12      100   323.9  21.44  15.1   85.0  10.0   180  0.1905     87M   0.24
F0001694   F   12      100   323.9  21.44  15.1   85.0  10.0   240  0.1905    116M   0.32
F0001695   F   12      100   323.9  21.44  15.1   85.0  12.0     0  0.1905      0M   0.00
F0001696   F   12      100   323.9  21.44  15.1   85.0  12.0    60  0.1905     29M   0.08
F0001697   F   12      100   323.9  21.44  15.1   85.0  12.0   120  0.1905     58M   0.16
F0001698   F   12      100   323.9  21.44  15.1   85.0  12.0   180  0.1905     87M   0.24
F0001699   F   12      100   323.9  21.44  15.1   85.0  12.0   240  0.1905    116M   0.32
F0001700   F   12      100   323.9  21.44  15.1  100.0   4.0     0  0.1619      0M   0.00
F0001701   F   12      100   323.9  21.44  15.1  100.0   4.0    60  0.1619     29M   0.08
F0001702   F   12      100   323.9  21.44  15.1  100.0   4.0   120  0.1619     58M   0.16
F0001703   F   12      100   323.9  21.44  15.1  100.0   4.0   180  0.1619     87M   0.24
F0001704   F   12      100   323.9  21.44  15.1  100.0   4.0   240  0.1619    116M   0.32
F0001705   F   12      100   323.9  21.44  15.1  100.0   6.0     0  0.1619      0M   0.00
F0001706   F   12      100   323.9  21.44  15.1  100.0   6.0    60  0.1619     29M   0.08
F0001707   F   12      100   323.9  21.44  15.1  100.0   6.0   120  0.1619     58M   0.16
F0001708   F   12      100   323.9  21.44  15.1  100.0   6.0   180  0.1619     87M   0.24
F0001709   F   12      100   323.9  21.44  15.1  100.0   6.0   240  0.1619    116M   0.32
F0001710   F   12      100   323.9  21.44  15.1  100.0   8.0     0  0.1619      0M   0.00
F0001711   F   12      100   323.9  21.44  15.1  100.0   8.0    60  0.1619     29M   0.08
F0001712   F   12      100   323.9  21.44  15.1  100.0   8.0   120  0.1619     58M   0.16
F0001713   F   12      100   323.9  21.44  15.1  100.0   8.0   180  0.1619     87M   0.24
F0001714   F   12      100   323.9  21.44  15.1  100.0   8.0   240  0.1619    116M   0.32
F0001715   F   12      100   323.9  21.44  15.1  100.0  10.0     0  0.1619      0M   0.00
F0001716   F   12      100   323.9  21.44  15.1  100.0  10.0    60  0.1619     29M   0.08
F0001717   F   12      100   323.9  21.44  15.1  100.0  10.0   120  0.1619     58M   0.16
F0001718   F   12      100   323.9  21.44  15.1  100.0  10.0   180  0.1619     87M   0.24
F0001719   F   12      100   323.9  21.44  15.1  100.0  10.0   240  0.1619    116M   0.32
F0001720   F   12      100   323.9  21.44  15.1  100.0  12.0     0  0.1619      0M   0.00
F0001721   F   12      100   323.9  21.44  15.1  100.0  12.0    60  0.1619     29M   0.08
F0001722   F   12      100   323.9  21.44  15.1  100.0  12.0   120  0.1619     58M   0.16
F0001723   F   12      100   323.9  21.44  15.1  100.0  12.0   180  0.1619     87M   0.24
F0001724   F   12      100   323.9  21.44  15.1  100.0  12.0   240  0.1619    116M   0.32
F0001725   F   12      100   323.9  21.44  15.1  115.0   4.0     0  0.1408      0M   0.00
F0001726   F   12      100   323.9  21.44  15.1  115.0   4.0    60  0.1408     29M   0.08
F0001727   F   12      100   323.9  21.44  15.1  115.0   4.0   120  0.1408     58M   0.16
F0001728   F   12      100   323.9  21.44  15.1  115.0   4.0   180  0.1408     87M   0.24
F0001729   F   12      100   323.9  21.44  15.1  115.0   4.0   240  0.1408    116M   0.32
F0001730   F   12      100   323.9  21.44  15.1  115.0   6.0     0  0.1408      0M   0.00
F0001731   F   12      100   323.9  21.44  15.1  115.0   6.0    60  0.1408     29M   0.08
F0001732   F   12      100   323.9  21.44  15.1  115.0   6.0   120  0.1408     58M   0.16
F0001733   F   12      100   323.9  21.44  15.1  115.0   6.0   180  0.1408     87M   0.24
F0001734   F   12      100   323.9  21.44  15.1  115.0   6.0   240  0.1408    116M   0.32
F0001735   F   12      100   323.9  21.44  15.1  115.0   8.0     0  0.1408      0M   0.00
F0001736   F   12      100   323.9  21.44  15.1  115.0   8.0    60  0.1408     29M   0.08
F0001737   F   12      100   323.9  21.44  15.1  115.0   8.0   120  0.1408     58M   0.16
F0001738   F   12      100   323.9  21.44  15.1  115.0   8.0   180  0.1408     87M   0.24
F0001739   F   12      100   323.9  21.44  15.1  115.0   8.0   240  0.1408    116M   0.32
F0001740   F   12      100   323.9  21.44  15.1  115.0  10.0     0  0.1408      0M   0.00
F0001741   F   12      100   323.9  21.44  15.1  115.0  10.0    60  0.1408     29M   0.08
F0001742   F   12      100   323.9  21.44  15.1  115.0  10.0   120  0.1408     58M   0.16
F0001743   F   12      100   323.9  21.44  15.1  115.0  10.0   180  0.1408     87M   0.24
F0001744   F   12      100   323.9  21.44  15.1  115.0  10.0   240  0.1408    116M   0.32
F0001745   F   12      100   323.9  21.44  15.1  115.0  12.0     0  0.1408      0M   0.00
F0001746   F   12      100   323.9  21.44  15.1  115.0  12.0    60  0.1408     29M   0.08
F0001747   F   12      100   323.9  21.44  15.1  115.0  12.0   120  0.1408     58M   0.16
F0001748   F   12      100   323.9  21.44  15.1  115.0  12.0   180  0.1408     87M   0.24
F0001749   F   12      100   323.9  21.44  15.1  115.0  12.0   240  0.1408    116M   0.32
F0001750   F   12      100   323.9  21.44  15.1  130.0   4.0     0  0.1246      0M   0.00
F0001751   F   12      100   323.9  21.44  15.1  130.0   4.0    60  0.1246     29M   0.08
F0001752   F   12      100   323.9  21.44  15.1  130.0   4.0   120  0.1246     58M   0.16
F0001753   F   12      100   323.9  21.44  15.1  130.0   4.0   180  0.1246     87M   0.24
F0001754   F   12      100   323.9  21.44  15.1  130.0   4.0   240  0.1246    116M   0.32
F0001755   F   12      100   323.9  21.44  15.1  130.0   6.0     0  0.1246      0M   0.00
F0001756   F   12      100   323.9  21.44  15.1  130.0   6.0    60  0.1246     29M   0.08
F0001757   F   12      100   323.9  21.44  15.1  130.0   6.0   120  0.1246     58M   0.16
F0001758   F   12      100   323.9  21.44  15.1  130.0   6.0   180  0.1246     87M   0.24
F0001759   F   12      100   323.9  21.44  15.1  130.0   6.0   240  0.1246    116M   0.32
F0001760   F   12      100   323.9  21.44  15.1  130.0   8.0     0  0.1246      0M   0.00
F0001761   F   12      100   323.9  21.44  15.1  130.0   8.0    60  0.1246     29M   0.08
F0001762   F   12      100   323.9  21.44  15.1  130.0   8.0   120  0.1246     58M   0.16
F0001763   F   12      100   323.9  21.44  15.1  130.0   8.0   180  0.1246     87M   0.24
F0001764   F   12      100   323.9  21.44  15.1  130.0   8.0   240  0.1246    116M   0.32
F0001765   F   12      100   323.9  21.44  15.1  130.0  10.0     0  0.1246      0M   0.00
F0001766   F   12      100   323.9  21.44  15.1  130.0  10.0    60  0.1246     29M   0.08
F0001767   F   12      100   323.9  21.44  15.1  130.0  10.0   120  0.1246     58M   0.16
F0001768   F   12      100   323.9  21.44  15.1  130.0  10.0   180  0.1246     87M   0.24
F0001769   F   12      100   323.9  21.44  15.1  130.0  10.0   240  0.1246    116M   0.32
F0001770   F   12      100   323.9  21.44  15.1  130.0  12.0     0  0.1246      0M   0.00
F0001771   F   12      100   323.9  21.44  15.1  130.0  12.0    60  0.1246     29M   0.08
F0001772   F   12      100   323.9  21.44  15.1  130.0  12.0   120  0.1246     58M   0.16
F0001773   F   12      100   323.9  21.44  15.1  130.0  12.0   180  0.1246     87M   0.24
F0001774   F   12      100   323.9  21.44  15.1  130.0  12.0   240  0.1246    116M   0.32
F0001775   F   12      100   323.9  21.44  15.1  145.0   4.0     0  0.1117      0M   0.00
F0001776   F   12      100   323.9  21.44  15.1  145.0   4.0    60  0.1117     29M   0.08
F0001777   F   12      100   323.9  21.44  15.1  145.0   4.0   120  0.1117     58M   0.16
F0001778   F   12      100   323.9  21.44  15.1  145.0   4.0   180  0.1117     87M   0.24
F0001779   F   12      100   323.9  21.44  15.1  145.0   4.0   240  0.1117    116M   0.32
F0001780   F   12      100   323.9  21.44  15.1  145.0   6.0     0  0.1117      0M   0.00
F0001781   F   12      100   323.9  21.44  15.1  145.0   6.0    60  0.1117     29M   0.08
F0001782   F   12      100   323.9  21.44  15.1  145.0   6.0   120  0.1117     58M   0.16
F0001783   F   12      100   323.9  21.44  15.1  145.0   6.0   180  0.1117     87M   0.24
F0001784   F   12      100   323.9  21.44  15.1  145.0   6.0   240  0.1117    116M   0.32
F0001785   F   12      100   323.9  21.44  15.1  145.0   8.0     0  0.1117      0M   0.00
F0001786   F   12      100   323.9  21.44  15.1  145.0   8.0    60  0.1117     29M   0.08
F0001787   F   12      100   323.9  21.44  15.1  145.0   8.0   120  0.1117     58M   0.16
F0001788   F   12      100   323.9  21.44  15.1  145.0   8.0   180  0.1117     87M   0.24
F0001789   F   12      100   323.9  21.44  15.1  145.0   8.0   240  0.1117    116M   0.32
F0001790   F   12      100   323.9  21.44  15.1  145.0  10.0     0  0.1117      0M   0.00
F0001791   F   12      100   323.9  21.44  15.1  145.0  10.0    60  0.1117     29M   0.08
F0001792   F   12      100   323.9  21.44  15.1  145.0  10.0   120  0.1117     58M   0.16
F0001793   F   12      100   323.9  21.44  15.1  145.0  10.0   180  0.1117     87M   0.24
F0001794   F   12      100   323.9  21.44  15.1  145.0  10.0   240  0.1117    116M   0.32
F0001795   F   12      100   323.9  21.44  15.1  145.0  12.0     0  0.1117      0M   0.00
F0001796   F   12      100   323.9  21.44  15.1  145.0  12.0    60  0.1117     29M   0.08
F0001797   F   12      100   323.9  21.44  15.1  145.0  12.0   120  0.1117     58M   0.16
F0001798   F   12      100   323.9  21.44  15.1  145.0  12.0   180  0.1117     87M   0.24
F0001799   F   12      100   323.9  21.44  15.1  145.0  12.0   240  0.1117    116M   0.32
F0001800   F   16   30/STD   406.4   9.53  42.6   70.0   4.0     0  0.2903      0M   0.00
F0001801   F   16   30/STD   406.4   9.53  42.6   70.0   4.0    60  0.2903     50M   0.14
F0001802   F   16   30/STD   406.4   9.53  42.6   70.0   4.0   120  0.2903     99M   0.28
F0001803   F   16   30/STD   406.4   9.53  42.6   70.0   4.0   180  0.2903    149M   0.41
F0001804   F   16   30/STD   406.4   9.53  42.6   70.0   4.0   240  0.2903    198M   0.55
F0001805   F   16   30/STD   406.4   9.53  42.6   70.0   6.0     0  0.2903      0M   0.00
F0001806   F   16   30/STD   406.4   9.53  42.6   70.0   6.0    60  0.2903     50M   0.14
F0001807   F   16   30/STD   406.4   9.53  42.6   70.0   6.0   120  0.2903     99M   0.28
F0001808   F   16   30/STD   406.4   9.53  42.6   70.0   6.0   180  0.2903    149M   0.41
F0001809   F   16   30/STD   406.4   9.53  42.6   70.0   6.0   240  0.2903    198M   0.55
F0001810   F   16   30/STD   406.4   9.53  42.6   70.0   8.0     0  0.2903      0M   0.00
F0001811   F   16   30/STD   406.4   9.53  42.6   70.0   8.0    60  0.2903     50M   0.14
F0001812   F   16   30/STD   406.4   9.53  42.6   70.0   8.0   120  0.2903     99M   0.28
F0001813   F   16   30/STD   406.4   9.53  42.6   70.0   8.0   180  0.2903    149M   0.41
F0001814   F   16   30/STD   406.4   9.53  42.6   70.0   8.0   240  0.2903    198M   0.55
F0001815   F   16   30/STD   406.4   9.53  42.6   70.0  10.0     0  0.2903      0M   0.00
F0001816   F   16   30/STD   406.4   9.53  42.6   70.0  10.0    60  0.2903     50M   0.14
F0001817   F   16   30/STD   406.4   9.53  42.6   70.0  10.0   120  0.2903     99M   0.28
F0001818   F   16   30/STD   406.4   9.53  42.6   70.0  10.0   180  0.2903    149M   0.41
F0001819   F   16   30/STD   406.4   9.53  42.6   70.0  10.0   240  0.2903    198M   0.55
F0001820   F   16   30/STD   406.4   9.53  42.6   70.0  12.0     0  0.2903      0M   0.00
F0001821   F   16   30/STD   406.4   9.53  42.6   70.0  12.0    60  0.2903     50M   0.14
F0001822   F   16   30/STD   406.4   9.53  42.6   70.0  12.0   120  0.2903     99M   0.28
F0001823   F   16   30/STD   406.4   9.53  42.6   70.0  12.0   180  0.2903    149M   0.41
F0001824   F   16   30/STD   406.4   9.53  42.6   70.0  12.0   240  0.2903    198M   0.55
F0001825   F   16   30/STD   406.4   9.53  42.6   85.0   4.0     0  0.2391      0M   0.00
F0001826   F   16   30/STD   406.4   9.53  42.6   85.0   4.0    60  0.2391     50M   0.14
F0001827   F   16   30/STD   406.4   9.53  42.6   85.0   4.0   120  0.2391     99M   0.28
F0001828   F   16   30/STD   406.4   9.53  42.6   85.0   4.0   180  0.2391    149M   0.41
F0001829   F   16   30/STD   406.4   9.53  42.6   85.0   4.0   240  0.2391    198M   0.55
F0001830   F   16   30/STD   406.4   9.53  42.6   85.0   6.0     0  0.2391      0M   0.00
F0001831   F   16   30/STD   406.4   9.53  42.6   85.0   6.0    60  0.2391     50M   0.14
F0001832   F   16   30/STD   406.4   9.53  42.6   85.0   6.0   120  0.2391     99M   0.28
F0001833   F   16   30/STD   406.4   9.53  42.6   85.0   6.0   180  0.2391    149M   0.41
F0001834   F   16   30/STD   406.4   9.53  42.6   85.0   6.0   240  0.2391    198M   0.55
F0001835   F   16   30/STD   406.4   9.53  42.6   85.0   8.0     0  0.2391      0M   0.00
F0001836   F   16   30/STD   406.4   9.53  42.6   85.0   8.0    60  0.2391     50M   0.14
F0001837   F   16   30/STD   406.4   9.53  42.6   85.0   8.0   120  0.2391     99M   0.28
F0001838   F   16   30/STD   406.4   9.53  42.6   85.0   8.0   180  0.2391    149M   0.41
F0001839   F   16   30/STD   406.4   9.53  42.6   85.0   8.0   240  0.2391    198M   0.55
F0001840   F   16   30/STD   406.4   9.53  42.6   85.0  10.0     0  0.2391      0M   0.00
F0001841   F   16   30/STD   406.4   9.53  42.6   85.0  10.0    60  0.2391     50M   0.14
F0001842   F   16   30/STD   406.4   9.53  42.6   85.0  10.0   120  0.2391     99M   0.28
F0001843   F   16   30/STD   406.4   9.53  42.6   85.0  10.0   180  0.2391    149M   0.41
F0001844   F   16   30/STD   406.4   9.53  42.6   85.0  10.0   240  0.2391    198M   0.55
F0001845   F   16   30/STD   406.4   9.53  42.6   85.0  12.0     0  0.2391      0M   0.00
F0001846   F   16   30/STD   406.4   9.53  42.6   85.0  12.0    60  0.2391     50M   0.14
F0001847   F   16   30/STD   406.4   9.53  42.6   85.0  12.0   120  0.2391     99M   0.28
F0001848   F   16   30/STD   406.4   9.53  42.6   85.0  12.0   180  0.2391    149M   0.41
F0001849   F   16   30/STD   406.4   9.53  42.6   85.0  12.0   240  0.2391    198M   0.55
F0001850   F   16   30/STD   406.4   9.53  42.6  100.0   4.0     0  0.2032      0M   0.00
F0001851   F   16   30/STD   406.4   9.53  42.6  100.0   4.0    60  0.2032     50M   0.14
F0001852   F   16   30/STD   406.4   9.53  42.6  100.0   4.0   120  0.2032     99M   0.28
F0001853   F   16   30/STD   406.4   9.53  42.6  100.0   4.0   180  0.2032    149M   0.41
F0001854   F   16   30/STD   406.4   9.53  42.6  100.0   4.0   240  0.2032    198M   0.55
F0001855   F   16   30/STD   406.4   9.53  42.6  100.0   6.0     0  0.2032      0M   0.00
F0001856   F   16   30/STD   406.4   9.53  42.6  100.0   6.0    60  0.2032     50M   0.14
F0001857   F   16   30/STD   406.4   9.53  42.6  100.0   6.0   120  0.2032     99M   0.28
F0001858   F   16   30/STD   406.4   9.53  42.6  100.0   6.0   180  0.2032    149M   0.41
F0001859   F   16   30/STD   406.4   9.53  42.6  100.0   6.0   240  0.2032    198M   0.55
F0001860   F   16   30/STD   406.4   9.53  42.6  100.0   8.0     0  0.2032      0M   0.00
F0001861   F   16   30/STD   406.4   9.53  42.6  100.0   8.0    60  0.2032     50M   0.14
F0001862   F   16   30/STD   406.4   9.53  42.6  100.0   8.0   120  0.2032     99M   0.28
F0001863   F   16   30/STD   406.4   9.53  42.6  100.0   8.0   180  0.2032    149M   0.41
F0001864   F   16   30/STD   406.4   9.53  42.6  100.0   8.0   240  0.2032    198M   0.55
F0001865   F   16   30/STD   406.4   9.53  42.6  100.0  10.0     0  0.2032      0M   0.00
F0001866   F   16   30/STD   406.4   9.53  42.6  100.0  10.0    60  0.2032     50M   0.14
F0001867   F   16   30/STD   406.4   9.53  42.6  100.0  10.0   120  0.2032     99M   0.28
F0001868   F   16   30/STD   406.4   9.53  42.6  100.0  10.0   180  0.2032    149M   0.41
F0001869   F   16   30/STD   406.4   9.53  42.6  100.0  10.0   240  0.2032    198M   0.55
F0001870   F   16   30/STD   406.4   9.53  42.6  100.0  12.0     0  0.2032      0M   0.00
F0001871   F   16   30/STD   406.4   9.53  42.6  100.0  12.0    60  0.2032     50M   0.14
F0001872   F   16   30/STD   406.4   9.53  42.6  100.0  12.0   120  0.2032     99M   0.28
F0001873   F   16   30/STD   406.4   9.53  42.6  100.0  12.0   180  0.2032    149M   0.41
F0001874   F   16   30/STD   406.4   9.53  42.6  100.0  12.0   240  0.2032    198M   0.55
F0001875   F   16   30/STD   406.4   9.53  42.6  115.0   4.0     0  0.1767      0M   0.00
F0001876   F   16   30/STD   406.4   9.53  42.6  115.0   4.0    60  0.1767     50M   0.14
F0001877   F   16   30/STD   406.4   9.53  42.6  115.0   4.0   120  0.1767     99M   0.28
F0001878   F   16   30/STD   406.4   9.53  42.6  115.0   4.0   180  0.1767    149M   0.41
F0001879   F   16   30/STD   406.4   9.53  42.6  115.0   4.0   240  0.1767    198M   0.55
F0001880   F   16   30/STD   406.4   9.53  42.6  115.0   6.0     0  0.1767      0M   0.00
F0001881   F   16   30/STD   406.4   9.53  42.6  115.0   6.0    60  0.1767     50M   0.14
F0001882   F   16   30/STD   406.4   9.53  42.6  115.0   6.0   120  0.1767     99M   0.28
F0001883   F   16   30/STD   406.4   9.53  42.6  115.0   6.0   180  0.1767    149M   0.41
F0001884   F   16   30/STD   406.4   9.53  42.6  115.0   6.0   240  0.1767    198M   0.55
F0001885   F   16   30/STD   406.4   9.53  42.6  115.0   8.0     0  0.1767      0M   0.00
F0001886   F   16   30/STD   406.4   9.53  42.6  115.0   8.0    60  0.1767     50M   0.14
F0001887   F   16   30/STD   406.4   9.53  42.6  115.0   8.0   120  0.1767     99M   0.28
F0001888   F   16   30/STD   406.4   9.53  42.6  115.0   8.0   180  0.1767    149M   0.41
F0001889   F   16   30/STD   406.4   9.53  42.6  115.0   8.0   240  0.1767    198M   0.55
F0001890   F   16   30/STD   406.4   9.53  42.6  115.0  10.0     0  0.1767      0M   0.00
F0001891   F   16   30/STD   406.4   9.53  42.6  115.0  10.0    60  0.1767     50M   0.14
F0001892   F   16   30/STD   406.4   9.53  42.6  115.0  10.0   120  0.1767     99M   0.28
F0001893   F   16   30/STD   406.4   9.53  42.6  115.0  10.0   180  0.1767    149M   0.41
F0001894   F   16   30/STD   406.4   9.53  42.6  115.0  10.0   240  0.1767    198M   0.55
F0001895   F   16   30/STD   406.4   9.53  42.6  115.0  12.0     0  0.1767      0M   0.00
F0001896   F   16   30/STD   406.4   9.53  42.6  115.0  12.0    60  0.1767     50M   0.14
F0001897   F   16   30/STD   406.4   9.53  42.6  115.0  12.0   120  0.1767     99M   0.28
F0001898   F   16   30/STD   406.4   9.53  42.6  115.0  12.0   180  0.1767    149M   0.41
F0001899   F   16   30/STD   406.4   9.53  42.6  115.0  12.0   240  0.1767    198M   0.55
F0001900   F   16   30/STD   406.4   9.53  42.6  130.0   4.0     0  0.1563      0M   0.00
F0001901   F   16   30/STD   406.4   9.53  42.6  130.0   4.0    60  0.1563     50M   0.14
F0001902   F   16   30/STD   406.4   9.53  42.6  130.0   4.0   120  0.1563     99M   0.28
F0001903   F   16   30/STD   406.4   9.53  42.6  130.0   4.0   180  0.1563    149M   0.41
F0001904   F   16   30/STD   406.4   9.53  42.6  130.0   4.0   240  0.1563    198M   0.55
F0001905   F   16   30/STD   406.4   9.53  42.6  130.0   6.0     0  0.1563      0M   0.00
F0001906   F   16   30/STD   406.4   9.53  42.6  130.0   6.0    60  0.1563     50M   0.14
F0001907   F   16   30/STD   406.4   9.53  42.6  130.0   6.0   120  0.1563     99M   0.28
F0001908   F   16   30/STD   406.4   9.53  42.6  130.0   6.0   180  0.1563    149M   0.41
F0001909   F   16   30/STD   406.4   9.53  42.6  130.0   6.0   240  0.1563    198M   0.55
F0001910   F   16   30/STD   406.4   9.53  42.6  130.0   8.0     0  0.1563      0M   0.00
F0001911   F   16   30/STD   406.4   9.53  42.6  130.0   8.0    60  0.1563     50M   0.14
F0001912   F   16   30/STD   406.4   9.53  42.6  130.0   8.0   120  0.1563     99M   0.28
F0001913   F   16   30/STD   406.4   9.53  42.6  130.0   8.0   180  0.1563    149M   0.41
F0001914   F   16   30/STD   406.4   9.53  42.6  130.0   8.0   240  0.1563    198M   0.55
F0001915   F   16   30/STD   406.4   9.53  42.6  130.0  10.0     0  0.1563      0M   0.00
F0001916   F   16   30/STD   406.4   9.53  42.6  130.0  10.0    60  0.1563     50M   0.14
F0001917   F   16   30/STD   406.4   9.53  42.6  130.0  10.0   120  0.1563     99M   0.28
F0001918   F   16   30/STD   406.4   9.53  42.6  130.0  10.0   180  0.1563    149M   0.41
F0001919   F   16   30/STD   406.4   9.53  42.6  130.0  10.0   240  0.1563    198M   0.55
F0001920   F   16   30/STD   406.4   9.53  42.6  130.0  12.0     0  0.1563      0M   0.00
F0001921   F   16   30/STD   406.4   9.53  42.6  130.0  12.0    60  0.1563     50M   0.14
F0001922   F   16   30/STD   406.4   9.53  42.6  130.0  12.0   120  0.1563     99M   0.28
F0001923   F   16   30/STD   406.4   9.53  42.6  130.0  12.0   180  0.1563    149M   0.41
F0001924   F   16   30/STD   406.4   9.53  42.6  130.0  12.0   240  0.1563    198M   0.55
F0001925   F   16   30/STD   406.4   9.53  42.6  145.0   4.0     0  0.1401      0M   0.00
F0001926   F   16   30/STD   406.4   9.53  42.6  145.0   4.0    60  0.1401     50M   0.14
F0001927   F   16   30/STD   406.4   9.53  42.6  145.0   4.0   120  0.1401     99M   0.28
F0001928   F   16   30/STD   406.4   9.53  42.6  145.0   4.0   180  0.1401    149M   0.41
F0001929   F   16   30/STD   406.4   9.53  42.6  145.0   4.0   240  0.1401    198M   0.55
F0001930   F   16   30/STD   406.4   9.53  42.6  145.0   6.0     0  0.1401      0M   0.00
F0001931   F   16   30/STD   406.4   9.53  42.6  145.0   6.0    60  0.1401     50M   0.14
F0001932   F   16   30/STD   406.4   9.53  42.6  145.0   6.0   120  0.1401     99M   0.28
F0001933   F   16   30/STD   406.4   9.53  42.6  145.0   6.0   180  0.1401    149M   0.41
F0001934   F   16   30/STD   406.4   9.53  42.6  145.0   6.0   240  0.1401    198M   0.55
F0001935   F   16   30/STD   406.4   9.53  42.6  145.0   8.0     0  0.1401      0M   0.00
F0001936   F   16   30/STD   406.4   9.53  42.6  145.0   8.0    60  0.1401     50M   0.14
F0001937   F   16   30/STD   406.4   9.53  42.6  145.0   8.0   120  0.1401     99M   0.28
F0001938   F   16   30/STD   406.4   9.53  42.6  145.0   8.0   180  0.1401    149M   0.41
F0001939   F   16   30/STD   406.4   9.53  42.6  145.0   8.0   240  0.1401    198M   0.55
F0001940   F   16   30/STD   406.4   9.53  42.6  145.0  10.0     0  0.1401      0M   0.00
F0001941   F   16   30/STD   406.4   9.53  42.6  145.0  10.0    60  0.1401     50M   0.14
F0001942   F   16   30/STD   406.4   9.53  42.6  145.0  10.0   120  0.1401     99M   0.28
F0001943   F   16   30/STD   406.4   9.53  42.6  145.0  10.0   180  0.1401    149M   0.41
F0001944   F   16   30/STD   406.4   9.53  42.6  145.0  10.0   240  0.1401    198M   0.55
F0001945   F   16   30/STD   406.4   9.53  42.6  145.0  12.0     0  0.1401      0M   0.00
F0001946   F   16   30/STD   406.4   9.53  42.6  145.0  12.0    60  0.1401     50M   0.14
F0001947   F   16   30/STD   406.4   9.53  42.6  145.0  12.0   120  0.1401     99M   0.28
F0001948   F   16   30/STD   406.4   9.53  42.6  145.0  12.0   180  0.1401    149M   0.41
F0001949   F   16   30/STD   406.4   9.53  42.6  145.0  12.0   240  0.1401    198M   0.55
F0001950   F   16    40/XS   406.4  12.70  32.0   70.0   4.0     0  0.2903      0M   0.00
F0001951   F   16    40/XS   406.4  12.70  32.0   70.0   4.0    60  0.2903     37M   0.10
F0001952   F   16    40/XS   406.4  12.70  32.0   70.0   4.0   120  0.2903     75M   0.21
F0001953   F   16    40/XS   406.4  12.70  32.0   70.0   4.0   180  0.2903    112M   0.31
F0001954   F   16    40/XS   406.4  12.70  32.0   70.0   4.0   240  0.2903    150M   0.42
F0001955   F   16    40/XS   406.4  12.70  32.0   70.0   6.0     0  0.2903      0M   0.00
F0001956   F   16    40/XS   406.4  12.70  32.0   70.0   6.0    60  0.2903     37M   0.10
F0001957   F   16    40/XS   406.4  12.70  32.0   70.0   6.0   120  0.2903     75M   0.21
F0001958   F   16    40/XS   406.4  12.70  32.0   70.0   6.0   180  0.2903    112M   0.31
F0001959   F   16    40/XS   406.4  12.70  32.0   70.0   6.0   240  0.2903    150M   0.42
F0001960   F   16    40/XS   406.4  12.70  32.0   70.0   8.0     0  0.2903      0M   0.00
F0001961   F   16    40/XS   406.4  12.70  32.0   70.0   8.0    60  0.2903     37M   0.10
F0001962   F   16    40/XS   406.4  12.70  32.0   70.0   8.0   120  0.2903     75M   0.21
F0001963   F   16    40/XS   406.4  12.70  32.0   70.0   8.0   180  0.2903    112M   0.31
F0001964   F   16    40/XS   406.4  12.70  32.0   70.0   8.0   240  0.2903    150M   0.42
F0001965   F   16    40/XS   406.4  12.70  32.0   70.0  10.0     0  0.2903      0M   0.00
F0001966   F   16    40/XS   406.4  12.70  32.0   70.0  10.0    60  0.2903     37M   0.10
F0001967   F   16    40/XS   406.4  12.70  32.0   70.0  10.0   120  0.2903     75M   0.21
F0001968   F   16    40/XS   406.4  12.70  32.0   70.0  10.0   180  0.2903    112M   0.31
F0001969   F   16    40/XS   406.4  12.70  32.0   70.0  10.0   240  0.2903    150M   0.42
F0001970   F   16    40/XS   406.4  12.70  32.0   70.0  12.0     0  0.2903      0M   0.00
F0001971   F   16    40/XS   406.4  12.70  32.0   70.0  12.0    60  0.2903     37M   0.10
F0001972   F   16    40/XS   406.4  12.70  32.0   70.0  12.0   120  0.2903     75M   0.21
F0001973   F   16    40/XS   406.4  12.70  32.0   70.0  12.0   180  0.2903    112M   0.31
F0001974   F   16    40/XS   406.4  12.70  32.0   70.0  12.0   240  0.2903    150M   0.42
F0001975   F   16    40/XS   406.4  12.70  32.0   85.0   4.0     0  0.2391      0M   0.00
F0001976   F   16    40/XS   406.4  12.70  32.0   85.0   4.0    60  0.2391     37M   0.10
F0001977   F   16    40/XS   406.4  12.70  32.0   85.0   4.0   120  0.2391     75M   0.21
F0001978   F   16    40/XS   406.4  12.70  32.0   85.0   4.0   180  0.2391    112M   0.31
F0001979   F   16    40/XS   406.4  12.70  32.0   85.0   4.0   240  0.2391    150M   0.42
F0001980   F   16    40/XS   406.4  12.70  32.0   85.0   6.0     0  0.2391      0M   0.00
F0001981   F   16    40/XS   406.4  12.70  32.0   85.0   6.0    60  0.2391     37M   0.10
F0001982   F   16    40/XS   406.4  12.70  32.0   85.0   6.0   120  0.2391     75M   0.21
F0001983   F   16    40/XS   406.4  12.70  32.0   85.0   6.0   180  0.2391    112M   0.31
F0001984   F   16    40/XS   406.4  12.70  32.0   85.0   6.0   240  0.2391    150M   0.42
F0001985   F   16    40/XS   406.4  12.70  32.0   85.0   8.0     0  0.2391      0M   0.00
F0001986   F   16    40/XS   406.4  12.70  32.0   85.0   8.0    60  0.2391     37M   0.10
F0001987   F   16    40/XS   406.4  12.70  32.0   85.0   8.0   120  0.2391     75M   0.21
F0001988   F   16    40/XS   406.4  12.70  32.0   85.0   8.0   180  0.2391    112M   0.31
F0001989   F   16    40/XS   406.4  12.70  32.0   85.0   8.0   240  0.2391    150M   0.42
F0001990   F   16    40/XS   406.4  12.70  32.0   85.0  10.0     0  0.2391      0M   0.00
F0001991   F   16    40/XS   406.4  12.70  32.0   85.0  10.0    60  0.2391     37M   0.10
F0001992   F   16    40/XS   406.4  12.70  32.0   85.0  10.0   120  0.2391     75M   0.21
F0001993   F   16    40/XS   406.4  12.70  32.0   85.0  10.0   180  0.2391    112M   0.31
F0001994   F   16    40/XS   406.4  12.70  32.0   85.0  10.0   240  0.2391    150M   0.42
F0001995   F   16    40/XS   406.4  12.70  32.0   85.0  12.0     0  0.2391      0M   0.00
F0001996   F   16    40/XS   406.4  12.70  32.0   85.0  12.0    60  0.2391     37M   0.10
F0001997   F   16    40/XS   406.4  12.70  32.0   85.0  12.0   120  0.2391     75M   0.21
F0001998   F   16    40/XS   406.4  12.70  32.0   85.0  12.0   180  0.2391    112M   0.31
F0001999   F   16    40/XS   406.4  12.70  32.0   85.0  12.0   240  0.2391    150M   0.42
F0002000   F   16    40/XS   406.4  12.70  32.0  100.0   4.0     0  0.2032      0M   0.00
F0002001   F   16    40/XS   406.4  12.70  32.0  100.0   4.0    60  0.2032     37M   0.10
F0002002   F   16    40/XS   406.4  12.70  32.0  100.0   4.0   120  0.2032     75M   0.21
F0002003   F   16    40/XS   406.4  12.70  32.0  100.0   4.0   180  0.2032    112M   0.31
F0002004   F   16    40/XS   406.4  12.70  32.0  100.0   4.0   240  0.2032    150M   0.42
F0002005   F   16    40/XS   406.4  12.70  32.0  100.0   6.0     0  0.2032      0M   0.00
F0002006   F   16    40/XS   406.4  12.70  32.0  100.0   6.0    60  0.2032     37M   0.10
F0002007   F   16    40/XS   406.4  12.70  32.0  100.0   6.0   120  0.2032     75M   0.21
F0002008   F   16    40/XS   406.4  12.70  32.0  100.0   6.0   180  0.2032    112M   0.31
F0002009   F   16    40/XS   406.4  12.70  32.0  100.0   6.0   240  0.2032    150M   0.42
F0002010   F   16    40/XS   406.4  12.70  32.0  100.0   8.0     0  0.2032      0M   0.00
F0002011   F   16    40/XS   406.4  12.70  32.0  100.0   8.0    60  0.2032     37M   0.10
F0002012   F   16    40/XS   406.4  12.70  32.0  100.0   8.0   120  0.2032     75M   0.21
F0002013   F   16    40/XS   406.4  12.70  32.0  100.0   8.0   180  0.2032    112M   0.31
F0002014   F   16    40/XS   406.4  12.70  32.0  100.0   8.0   240  0.2032    150M   0.42
F0002015   F   16    40/XS   406.4  12.70  32.0  100.0  10.0     0  0.2032      0M   0.00
F0002016   F   16    40/XS   406.4  12.70  32.0  100.0  10.0    60  0.2032     37M   0.10
F0002017   F   16    40/XS   406.4  12.70  32.0  100.0  10.0   120  0.2032     75M   0.21
F0002018   F   16    40/XS   406.4  12.70  32.0  100.0  10.0   180  0.2032    112M   0.31
F0002019   F   16    40/XS   406.4  12.70  32.0  100.0  10.0   240  0.2032    150M   0.42
F0002020   F   16    40/XS   406.4  12.70  32.0  100.0  12.0     0  0.2032      0M   0.00
F0002021   F   16    40/XS   406.4  12.70  32.0  100.0  12.0    60  0.2032     37M   0.10
F0002022   F   16    40/XS   406.4  12.70  32.0  100.0  12.0   120  0.2032     75M   0.21
F0002023   F   16    40/XS   406.4  12.70  32.0  100.0  12.0   180  0.2032    112M   0.31
F0002024   F   16    40/XS   406.4  12.70  32.0  100.0  12.0   240  0.2032    150M   0.42
F0002025   F   16    40/XS   406.4  12.70  32.0  115.0   4.0     0  0.1767      0M   0.00
F0002026   F   16    40/XS   406.4  12.70  32.0  115.0   4.0    60  0.1767     37M   0.10
F0002027   F   16    40/XS   406.4  12.70  32.0  115.0   4.0   120  0.1767     75M   0.21
F0002028   F   16    40/XS   406.4  12.70  32.0  115.0   4.0   180  0.1767    112M   0.31
F0002029   F   16    40/XS   406.4  12.70  32.0  115.0   4.0   240  0.1767    150M   0.42
F0002030   F   16    40/XS   406.4  12.70  32.0  115.0   6.0     0  0.1767      0M   0.00
F0002031   F   16    40/XS   406.4  12.70  32.0  115.0   6.0    60  0.1767     37M   0.10
F0002032   F   16    40/XS   406.4  12.70  32.0  115.0   6.0   120  0.1767     75M   0.21
F0002033   F   16    40/XS   406.4  12.70  32.0  115.0   6.0   180  0.1767    112M   0.31
F0002034   F   16    40/XS   406.4  12.70  32.0  115.0   6.0   240  0.1767    150M   0.42
F0002035   F   16    40/XS   406.4  12.70  32.0  115.0   8.0     0  0.1767      0M   0.00
F0002036   F   16    40/XS   406.4  12.70  32.0  115.0   8.0    60  0.1767     37M   0.10
F0002037   F   16    40/XS   406.4  12.70  32.0  115.0   8.0   120  0.1767     75M   0.21
F0002038   F   16    40/XS   406.4  12.70  32.0  115.0   8.0   180  0.1767    112M   0.31
F0002039   F   16    40/XS   406.4  12.70  32.0  115.0   8.0   240  0.1767    150M   0.42
F0002040   F   16    40/XS   406.4  12.70  32.0  115.0  10.0     0  0.1767      0M   0.00
F0002041   F   16    40/XS   406.4  12.70  32.0  115.0  10.0    60  0.1767     37M   0.10
F0002042   F   16    40/XS   406.4  12.70  32.0  115.0  10.0   120  0.1767     75M   0.21
F0002043   F   16    40/XS   406.4  12.70  32.0  115.0  10.0   180  0.1767    112M   0.31
F0002044   F   16    40/XS   406.4  12.70  32.0  115.0  10.0   240  0.1767    150M   0.42
F0002045   F   16    40/XS   406.4  12.70  32.0  115.0  12.0     0  0.1767      0M   0.00
F0002046   F   16    40/XS   406.4  12.70  32.0  115.0  12.0    60  0.1767     37M   0.10
F0002047   F   16    40/XS   406.4  12.70  32.0  115.0  12.0   120  0.1767     75M   0.21
F0002048   F   16    40/XS   406.4  12.70  32.0  115.0  12.0   180  0.1767    112M   0.31
F0002049   F   16    40/XS   406.4  12.70  32.0  115.0  12.0   240  0.1767    150M   0.42
F0002050   F   16    40/XS   406.4  12.70  32.0  130.0   4.0     0  0.1563      0M   0.00
F0002051   F   16    40/XS   406.4  12.70  32.0  130.0   4.0    60  0.1563     37M   0.10
F0002052   F   16    40/XS   406.4  12.70  32.0  130.0   4.0   120  0.1563     75M   0.21
F0002053   F   16    40/XS   406.4  12.70  32.0  130.0   4.0   180  0.1563    112M   0.31
F0002054   F   16    40/XS   406.4  12.70  32.0  130.0   4.0   240  0.1563    150M   0.42
F0002055   F   16    40/XS   406.4  12.70  32.0  130.0   6.0     0  0.1563      0M   0.00
F0002056   F   16    40/XS   406.4  12.70  32.0  130.0   6.0    60  0.1563     37M   0.10
F0002057   F   16    40/XS   406.4  12.70  32.0  130.0   6.0   120  0.1563     75M   0.21
F0002058   F   16    40/XS   406.4  12.70  32.0  130.0   6.0   180  0.1563    112M   0.31
F0002059   F   16    40/XS   406.4  12.70  32.0  130.0   6.0   240  0.1563    150M   0.42
F0002060   F   16    40/XS   406.4  12.70  32.0  130.0   8.0     0  0.1563      0M   0.00
F0002061   F   16    40/XS   406.4  12.70  32.0  130.0   8.0    60  0.1563     37M   0.10
F0002062   F   16    40/XS   406.4  12.70  32.0  130.0   8.0   120  0.1563     75M   0.21
F0002063   F   16    40/XS   406.4  12.70  32.0  130.0   8.0   180  0.1563    112M   0.31
F0002064   F   16    40/XS   406.4  12.70  32.0  130.0   8.0   240  0.1563    150M   0.42
F0002065   F   16    40/XS   406.4  12.70  32.0  130.0  10.0     0  0.1563      0M   0.00
F0002066   F   16    40/XS   406.4  12.70  32.0  130.0  10.0    60  0.1563     37M   0.10
F0002067   F   16    40/XS   406.4  12.70  32.0  130.0  10.0   120  0.1563     75M   0.21
F0002068   F   16    40/XS   406.4  12.70  32.0  130.0  10.0   180  0.1563    112M   0.31
F0002069   F   16    40/XS   406.4  12.70  32.0  130.0  10.0   240  0.1563    150M   0.42
F0002070   F   16    40/XS   406.4  12.70  32.0  130.0  12.0     0  0.1563      0M   0.00
F0002071   F   16    40/XS   406.4  12.70  32.0  130.0  12.0    60  0.1563     37M   0.10
F0002072   F   16    40/XS   406.4  12.70  32.0  130.0  12.0   120  0.1563     75M   0.21
F0002073   F   16    40/XS   406.4  12.70  32.0  130.0  12.0   180  0.1563    112M   0.31
F0002074   F   16    40/XS   406.4  12.70  32.0  130.0  12.0   240  0.1563    150M   0.42
F0002075   F   16    40/XS   406.4  12.70  32.0  145.0   4.0     0  0.1401      0M   0.00
F0002076   F   16    40/XS   406.4  12.70  32.0  145.0   4.0    60  0.1401     37M   0.10
F0002077   F   16    40/XS   406.4  12.70  32.0  145.0   4.0   120  0.1401     75M   0.21
F0002078   F   16    40/XS   406.4  12.70  32.0  145.0   4.0   180  0.1401    112M   0.31
F0002079   F   16    40/XS   406.4  12.70  32.0  145.0   4.0   240  0.1401    150M   0.42
F0002080   F   16    40/XS   406.4  12.70  32.0  145.0   6.0     0  0.1401      0M   0.00
F0002081   F   16    40/XS   406.4  12.70  32.0  145.0   6.0    60  0.1401     37M   0.10
F0002082   F   16    40/XS   406.4  12.70  32.0  145.0   6.0   120  0.1401     75M   0.21
F0002083   F   16    40/XS   406.4  12.70  32.0  145.0   6.0   180  0.1401    112M   0.31
F0002084   F   16    40/XS   406.4  12.70  32.0  145.0   6.0   240  0.1401    150M   0.42
F0002085   F   16    40/XS   406.4  12.70  32.0  145.0   8.0     0  0.1401      0M   0.00
F0002086   F   16    40/XS   406.4  12.70  32.0  145.0   8.0    60  0.1401     37M   0.10
F0002087   F   16    40/XS   406.4  12.70  32.0  145.0   8.0   120  0.1401     75M   0.21
F0002088   F   16    40/XS   406.4  12.70  32.0  145.0   8.0   180  0.1401    112M   0.31
F0002089   F   16    40/XS   406.4  12.70  32.0  145.0   8.0   240  0.1401    150M   0.42
F0002090   F   16    40/XS   406.4  12.70  32.0  145.0  10.0     0  0.1401      0M   0.00
F0002091   F   16    40/XS   406.4  12.70  32.0  145.0  10.0    60  0.1401     37M   0.10
F0002092   F   16    40/XS   406.4  12.70  32.0  145.0  10.0   120  0.1401     75M   0.21
F0002093   F   16    40/XS   406.4  12.70  32.0  145.0  10.0   180  0.1401    112M   0.31
F0002094   F   16    40/XS   406.4  12.70  32.0  145.0  10.0   240  0.1401    150M   0.42
F0002095   F   16    40/XS   406.4  12.70  32.0  145.0  12.0     0  0.1401      0M   0.00
F0002096   F   16    40/XS   406.4  12.70  32.0  145.0  12.0    60  0.1401     37M   0.10
F0002097   F   16    40/XS   406.4  12.70  32.0  145.0  12.0   120  0.1401     75M   0.21
F0002098   F   16    40/XS   406.4  12.70  32.0  145.0  12.0   180  0.1401    112M   0.31
F0002099   F   16    40/XS   406.4  12.70  32.0  145.0  12.0   240  0.1401    150M   0.42
F0002100   F   16       80   406.4  21.44  19.0   70.0   4.0     0  0.2903      0M   0.00
F0002101   F   16       80   406.4  21.44  19.0   70.0   4.0    60  0.2903     23M   0.06
F0002102   F   16       80   406.4  21.44  19.0   70.0   4.0   120  0.2903     45M   0.13
F0002103   F   16       80   406.4  21.44  19.0   70.0   4.0   180  0.2903     68M   0.19
F0002104   F   16       80   406.4  21.44  19.0   70.0   4.0   240  0.2903     91M   0.25
F0002105   F   16       80   406.4  21.44  19.0   70.0   6.0     0  0.2903      0M   0.00
F0002106   F   16       80   406.4  21.44  19.0   70.0   6.0    60  0.2903     23M   0.06
F0002107   F   16       80   406.4  21.44  19.0   70.0   6.0   120  0.2903     45M   0.13
F0002108   F   16       80   406.4  21.44  19.0   70.0   6.0   180  0.2903     68M   0.19
F0002109   F   16       80   406.4  21.44  19.0   70.0   6.0   240  0.2903     91M   0.25
F0002110   F   16       80   406.4  21.44  19.0   70.0   8.0     0  0.2903      0M   0.00
F0002111   F   16       80   406.4  21.44  19.0   70.0   8.0    60  0.2903     23M   0.06
F0002112   F   16       80   406.4  21.44  19.0   70.0   8.0   120  0.2903     45M   0.13
F0002113   F   16       80   406.4  21.44  19.0   70.0   8.0   180  0.2903     68M   0.19
F0002114   F   16       80   406.4  21.44  19.0   70.0   8.0   240  0.2903     91M   0.25
F0002115   F   16       80   406.4  21.44  19.0   70.0  10.0     0  0.2903      0M   0.00
F0002116   F   16       80   406.4  21.44  19.0   70.0  10.0    60  0.2903     23M   0.06
F0002117   F   16       80   406.4  21.44  19.0   70.0  10.0   120  0.2903     45M   0.13
F0002118   F   16       80   406.4  21.44  19.0   70.0  10.0   180  0.2903     68M   0.19
F0002119   F   16       80   406.4  21.44  19.0   70.0  10.0   240  0.2903     91M   0.25
F0002120   F   16       80   406.4  21.44  19.0   70.0  12.0     0  0.2903      0M   0.00
F0002121   F   16       80   406.4  21.44  19.0   70.0  12.0    60  0.2903     23M   0.06
F0002122   F   16       80   406.4  21.44  19.0   70.0  12.0   120  0.2903     45M   0.13
F0002123   F   16       80   406.4  21.44  19.0   70.0  12.0   180  0.2903     68M   0.19
F0002124   F   16       80   406.4  21.44  19.0   70.0  12.0   240  0.2903     91M   0.25
F0002125   F   16       80   406.4  21.44  19.0   85.0   4.0     0  0.2391      0M   0.00
F0002126   F   16       80   406.4  21.44  19.0   85.0   4.0    60  0.2391     23M   0.06
F0002127   F   16       80   406.4  21.44  19.0   85.0   4.0   120  0.2391     45M   0.13
F0002128   F   16       80   406.4  21.44  19.0   85.0   4.0   180  0.2391     68M   0.19
F0002129   F   16       80   406.4  21.44  19.0   85.0   4.0   240  0.2391     91M   0.25
F0002130   F   16       80   406.4  21.44  19.0   85.0   6.0     0  0.2391      0M   0.00
F0002131   F   16       80   406.4  21.44  19.0   85.0   6.0    60  0.2391     23M   0.06
F0002132   F   16       80   406.4  21.44  19.0   85.0   6.0   120  0.2391     45M   0.13
F0002133   F   16       80   406.4  21.44  19.0   85.0   6.0   180  0.2391     68M   0.19
F0002134   F   16       80   406.4  21.44  19.0   85.0   6.0   240  0.2391     91M   0.25
F0002135   F   16       80   406.4  21.44  19.0   85.0   8.0     0  0.2391      0M   0.00
F0002136   F   16       80   406.4  21.44  19.0   85.0   8.0    60  0.2391     23M   0.06
F0002137   F   16       80   406.4  21.44  19.0   85.0   8.0   120  0.2391     45M   0.13
F0002138   F   16       80   406.4  21.44  19.0   85.0   8.0   180  0.2391     68M   0.19
F0002139   F   16       80   406.4  21.44  19.0   85.0   8.0   240  0.2391     91M   0.25
F0002140   F   16       80   406.4  21.44  19.0   85.0  10.0     0  0.2391      0M   0.00
F0002141   F   16       80   406.4  21.44  19.0   85.0  10.0    60  0.2391     23M   0.06
F0002142   F   16       80   406.4  21.44  19.0   85.0  10.0   120  0.2391     45M   0.13
F0002143   F   16       80   406.4  21.44  19.0   85.0  10.0   180  0.2391     68M   0.19
F0002144   F   16       80   406.4  21.44  19.0   85.0  10.0   240  0.2391     91M   0.25
F0002145   F   16       80   406.4  21.44  19.0   85.0  12.0     0  0.2391      0M   0.00
F0002146   F   16       80   406.4  21.44  19.0   85.0  12.0    60  0.2391     23M   0.06
F0002147   F   16       80   406.4  21.44  19.0   85.0  12.0   120  0.2391     45M   0.13
F0002148   F   16       80   406.4  21.44  19.0   85.0  12.0   180  0.2391     68M   0.19
F0002149   F   16       80   406.4  21.44  19.0   85.0  12.0   240  0.2391     91M   0.25
F0002150   F   16       80   406.4  21.44  19.0  100.0   4.0     0  0.2032      0M   0.00
F0002151   F   16       80   406.4  21.44  19.0  100.0   4.0    60  0.2032     23M   0.06
F0002152   F   16       80   406.4  21.44  19.0  100.0   4.0   120  0.2032     45M   0.13
F0002153   F   16       80   406.4  21.44  19.0  100.0   4.0   180  0.2032     68M   0.19
F0002154   F   16       80   406.4  21.44  19.0  100.0   4.0   240  0.2032     91M   0.25
F0002155   F   16       80   406.4  21.44  19.0  100.0   6.0     0  0.2032      0M   0.00
F0002156   F   16       80   406.4  21.44  19.0  100.0   6.0    60  0.2032     23M   0.06
F0002157   F   16       80   406.4  21.44  19.0  100.0   6.0   120  0.2032     45M   0.13
F0002158   F   16       80   406.4  21.44  19.0  100.0   6.0   180  0.2032     68M   0.19
F0002159   F   16       80   406.4  21.44  19.0  100.0   6.0   240  0.2032     91M   0.25
F0002160   F   16       80   406.4  21.44  19.0  100.0   8.0     0  0.2032      0M   0.00
F0002161   F   16       80   406.4  21.44  19.0  100.0   8.0    60  0.2032     23M   0.06
F0002162   F   16       80   406.4  21.44  19.0  100.0   8.0   120  0.2032     45M   0.13
F0002163   F   16       80   406.4  21.44  19.0  100.0   8.0   180  0.2032     68M   0.19
F0002164   F   16       80   406.4  21.44  19.0  100.0   8.0   240  0.2032     91M   0.25
F0002165   F   16       80   406.4  21.44  19.0  100.0  10.0     0  0.2032      0M   0.00
F0002166   F   16       80   406.4  21.44  19.0  100.0  10.0    60  0.2032     23M   0.06
F0002167   F   16       80   406.4  21.44  19.0  100.0  10.0   120  0.2032     45M   0.13
F0002168   F   16       80   406.4  21.44  19.0  100.0  10.0   180  0.2032     68M   0.19
F0002169   F   16       80   406.4  21.44  19.0  100.0  10.0   240  0.2032     91M   0.25
F0002170   F   16       80   406.4  21.44  19.0  100.0  12.0     0  0.2032      0M   0.00
F0002171   F   16       80   406.4  21.44  19.0  100.0  12.0    60  0.2032     23M   0.06
F0002172   F   16       80   406.4  21.44  19.0  100.0  12.0   120  0.2032     45M   0.13
F0002173   F   16       80   406.4  21.44  19.0  100.0  12.0   180  0.2032     68M   0.19
F0002174   F   16       80   406.4  21.44  19.0  100.0  12.0   240  0.2032     91M   0.25
F0002175   F   16       80   406.4  21.44  19.0  115.0   4.0     0  0.1767      0M   0.00
F0002176   F   16       80   406.4  21.44  19.0  115.0   4.0    60  0.1767     23M   0.06
F0002177   F   16       80   406.4  21.44  19.0  115.0   4.0   120  0.1767     45M   0.13
F0002178   F   16       80   406.4  21.44  19.0  115.0   4.0   180  0.1767     68M   0.19
F0002179   F   16       80   406.4  21.44  19.0  115.0   4.0   240  0.1767     91M   0.25
F0002180   F   16       80   406.4  21.44  19.0  115.0   6.0     0  0.1767      0M   0.00
F0002181   F   16       80   406.4  21.44  19.0  115.0   6.0    60  0.1767     23M   0.06
F0002182   F   16       80   406.4  21.44  19.0  115.0   6.0   120  0.1767     45M   0.13
F0002183   F   16       80   406.4  21.44  19.0  115.0   6.0   180  0.1767     68M   0.19
F0002184   F   16       80   406.4  21.44  19.0  115.0   6.0   240  0.1767     91M   0.25
F0002185   F   16       80   406.4  21.44  19.0  115.0   8.0     0  0.1767      0M   0.00
F0002186   F   16       80   406.4  21.44  19.0  115.0   8.0    60  0.1767     23M   0.06
F0002187   F   16       80   406.4  21.44  19.0  115.0   8.0   120  0.1767     45M   0.13
F0002188   F   16       80   406.4  21.44  19.0  115.0   8.0   180  0.1767     68M   0.19
F0002189   F   16       80   406.4  21.44  19.0  115.0   8.0   240  0.1767     91M   0.25
F0002190   F   16       80   406.4  21.44  19.0  115.0  10.0     0  0.1767      0M   0.00
F0002191   F   16       80   406.4  21.44  19.0  115.0  10.0    60  0.1767     23M   0.06
F0002192   F   16       80   406.4  21.44  19.0  115.0  10.0   120  0.1767     45M   0.13
F0002193   F   16       80   406.4  21.44  19.0  115.0  10.0   180  0.1767     68M   0.19
F0002194   F   16       80   406.4  21.44  19.0  115.0  10.0   240  0.1767     91M   0.25
F0002195   F   16       80   406.4  21.44  19.0  115.0  12.0     0  0.1767      0M   0.00
F0002196   F   16       80   406.4  21.44  19.0  115.0  12.0    60  0.1767     23M   0.06
F0002197   F   16       80   406.4  21.44  19.0  115.0  12.0   120  0.1767     45M   0.13
F0002198   F   16       80   406.4  21.44  19.0  115.0  12.0   180  0.1767     68M   0.19
F0002199   F   16       80   406.4  21.44  19.0  115.0  12.0   240  0.1767     91M   0.25
F0002200   F   16       80   406.4  21.44  19.0  130.0   4.0     0  0.1563      0M   0.00
F0002201   F   16       80   406.4  21.44  19.0  130.0   4.0    60  0.1563     23M   0.06
F0002202   F   16       80   406.4  21.44  19.0  130.0   4.0   120  0.1563     45M   0.13
F0002203   F   16       80   406.4  21.44  19.0  130.0   4.0   180  0.1563     68M   0.19
F0002204   F   16       80   406.4  21.44  19.0  130.0   4.0   240  0.1563     91M   0.25
F0002205   F   16       80   406.4  21.44  19.0  130.0   6.0     0  0.1563      0M   0.00
F0002206   F   16       80   406.4  21.44  19.0  130.0   6.0    60  0.1563     23M   0.06
F0002207   F   16       80   406.4  21.44  19.0  130.0   6.0   120  0.1563     45M   0.13
F0002208   F   16       80   406.4  21.44  19.0  130.0   6.0   180  0.1563     68M   0.19
F0002209   F   16       80   406.4  21.44  19.0  130.0   6.0   240  0.1563     91M   0.25
F0002210   F   16       80   406.4  21.44  19.0  130.0   8.0     0  0.1563      0M   0.00
F0002211   F   16       80   406.4  21.44  19.0  130.0   8.0    60  0.1563     23M   0.06
F0002212   F   16       80   406.4  21.44  19.0  130.0   8.0   120  0.1563     45M   0.13
F0002213   F   16       80   406.4  21.44  19.0  130.0   8.0   180  0.1563     68M   0.19
F0002214   F   16       80   406.4  21.44  19.0  130.0   8.0   240  0.1563     91M   0.25
F0002215   F   16       80   406.4  21.44  19.0  130.0  10.0     0  0.1563      0M   0.00
F0002216   F   16       80   406.4  21.44  19.0  130.0  10.0    60  0.1563     23M   0.06
F0002217   F   16       80   406.4  21.44  19.0  130.0  10.0   120  0.1563     45M   0.13
F0002218   F   16       80   406.4  21.44  19.0  130.0  10.0   180  0.1563     68M   0.19
F0002219   F   16       80   406.4  21.44  19.0  130.0  10.0   240  0.1563     91M   0.25
F0002220   F   16       80   406.4  21.44  19.0  130.0  12.0     0  0.1563      0M   0.00
F0002221   F   16       80   406.4  21.44  19.0  130.0  12.0    60  0.1563     23M   0.06
F0002222   F   16       80   406.4  21.44  19.0  130.0  12.0   120  0.1563     45M   0.13
F0002223   F   16       80   406.4  21.44  19.0  130.0  12.0   180  0.1563     68M   0.19
F0002224   F   16       80   406.4  21.44  19.0  130.0  12.0   240  0.1563     91M   0.25
F0002225   F   16       80   406.4  21.44  19.0  145.0   4.0     0  0.1401      0M   0.00
F0002226   F   16       80   406.4  21.44  19.0  145.0   4.0    60  0.1401     23M   0.06
F0002227   F   16       80   406.4  21.44  19.0  145.0   4.0   120  0.1401     45M   0.13
F0002228   F   16       80   406.4  21.44  19.0  145.0   4.0   180  0.1401     68M   0.19
F0002229   F   16       80   406.4  21.44  19.0  145.0   4.0   240  0.1401     91M   0.25
F0002230   F   16       80   406.4  21.44  19.0  145.0   6.0     0  0.1401      0M   0.00
F0002231   F   16       80   406.4  21.44  19.0  145.0   6.0    60  0.1401     23M   0.06
F0002232   F   16       80   406.4  21.44  19.0  145.0   6.0   120  0.1401     45M   0.13
F0002233   F   16       80   406.4  21.44  19.0  145.0   6.0   180  0.1401     68M   0.19
F0002234   F   16       80   406.4  21.44  19.0  145.0   6.0   240  0.1401     91M   0.25
F0002235   F   16       80   406.4  21.44  19.0  145.0   8.0     0  0.1401      0M   0.00
F0002236   F   16       80   406.4  21.44  19.0  145.0   8.0    60  0.1401     23M   0.06
F0002237   F   16       80   406.4  21.44  19.0  145.0   8.0   120  0.1401     45M   0.13
F0002238   F   16       80   406.4  21.44  19.0  145.0   8.0   180  0.1401     68M   0.19
F0002239   F   16       80   406.4  21.44  19.0  145.0   8.0   240  0.1401     91M   0.25
F0002240   F   16       80   406.4  21.44  19.0  145.0  10.0     0  0.1401      0M   0.00
F0002241   F   16       80   406.4  21.44  19.0  145.0  10.0    60  0.1401     23M   0.06
F0002242   F   16       80   406.4  21.44  19.0  145.0  10.0   120  0.1401     45M   0.13
F0002243   F   16       80   406.4  21.44  19.0  145.0  10.0   180  0.1401     68M   0.19
F0002244   F   16       80   406.4  21.44  19.0  145.0  10.0   240  0.1401     91M   0.25
F0002245   F   16       80   406.4  21.44  19.0  145.0  12.0     0  0.1401      0M   0.00
F0002246   F   16       80   406.4  21.44  19.0  145.0  12.0    60  0.1401     23M   0.06
F0002247   F   16       80   406.4  21.44  19.0  145.0  12.0   120  0.1401     45M   0.13
F0002248   F   16       80   406.4  21.44  19.0  145.0  12.0   180  0.1401     68M   0.19
F0002249   F   16       80   406.4  21.44  19.0  145.0  12.0   240  0.1401     91M   0.25
F0002250   F   20    30/XS   508.0  12.70  40.0   70.0   4.0     0  0.3629      0M   0.00
F0002251   F   20    30/XS   508.0  12.70  40.0   70.0   4.0    60  0.3629     30M   0.08
F0002252   F   20    30/XS   508.0  12.70  40.0   70.0   4.0   120  0.3629     60M   0.17
F0002253   F   20    30/XS   508.0  12.70  40.0   70.0   4.0   180  0.3629     89M   0.25
F0002254   F   20    30/XS   508.0  12.70  40.0   70.0   4.0   240  0.3629    119M   0.33
F0002255   F   20    30/XS   508.0  12.70  40.0   70.0   6.0     0  0.3629      0M   0.00
F0002256   F   20    30/XS   508.0  12.70  40.0   70.0   6.0    60  0.3629     30M   0.08
F0002257   F   20    30/XS   508.0  12.70  40.0   70.0   6.0   120  0.3629     60M   0.17
F0002258   F   20    30/XS   508.0  12.70  40.0   70.0   6.0   180  0.3629     89M   0.25
F0002259   F   20    30/XS   508.0  12.70  40.0   70.0   6.0   240  0.3629    119M   0.33
F0002260   F   20    30/XS   508.0  12.70  40.0   70.0   8.0     0  0.3629      0M   0.00
F0002261   F   20    30/XS   508.0  12.70  40.0   70.0   8.0    60  0.3629     30M   0.08
F0002262   F   20    30/XS   508.0  12.70  40.0   70.0   8.0   120  0.3629     60M   0.17
F0002263   F   20    30/XS   508.0  12.70  40.0   70.0   8.0   180  0.3629     89M   0.25
F0002264   F   20    30/XS   508.0  12.70  40.0   70.0   8.0   240  0.3629    119M   0.33
F0002265   F   20    30/XS   508.0  12.70  40.0   70.0  10.0     0  0.3629      0M   0.00
F0002266   F   20    30/XS   508.0  12.70  40.0   70.0  10.0    60  0.3629     30M   0.08
F0002267   F   20    30/XS   508.0  12.70  40.0   70.0  10.0   120  0.3629     60M   0.17
F0002268   F   20    30/XS   508.0  12.70  40.0   70.0  10.0   180  0.3629     89M   0.25
F0002269   F   20    30/XS   508.0  12.70  40.0   70.0  10.0   240  0.3629    119M   0.33
F0002270   F   20    30/XS   508.0  12.70  40.0   70.0  12.0     0  0.3629      0M   0.00
F0002271   F   20    30/XS   508.0  12.70  40.0   70.0  12.0    60  0.3629     30M   0.08
F0002272   F   20    30/XS   508.0  12.70  40.0   70.0  12.0   120  0.3629     60M   0.17
F0002273   F   20    30/XS   508.0  12.70  40.0   70.0  12.0   180  0.3629     89M   0.25
F0002274   F   20    30/XS   508.0  12.70  40.0   70.0  12.0   240  0.3629    119M   0.33
F0002275   F   20    30/XS   508.0  12.70  40.0   85.0   4.0     0  0.2988      0M   0.00
F0002276   F   20    30/XS   508.0  12.70  40.0   85.0   4.0    60  0.2988     30M   0.08
F0002277   F   20    30/XS   508.0  12.70  40.0   85.0   4.0   120  0.2988     60M   0.17
F0002278   F   20    30/XS   508.0  12.70  40.0   85.0   4.0   180  0.2988     89M   0.25
F0002279   F   20    30/XS   508.0  12.70  40.0   85.0   4.0   240  0.2988    119M   0.33
F0002280   F   20    30/XS   508.0  12.70  40.0   85.0   6.0     0  0.2988      0M   0.00
F0002281   F   20    30/XS   508.0  12.70  40.0   85.0   6.0    60  0.2988     30M   0.08
F0002282   F   20    30/XS   508.0  12.70  40.0   85.0   6.0   120  0.2988     60M   0.17
F0002283   F   20    30/XS   508.0  12.70  40.0   85.0   6.0   180  0.2988     89M   0.25
F0002284   F   20    30/XS   508.0  12.70  40.0   85.0   6.0   240  0.2988    119M   0.33
F0002285   F   20    30/XS   508.0  12.70  40.0   85.0   8.0     0  0.2988      0M   0.00
F0002286   F   20    30/XS   508.0  12.70  40.0   85.0   8.0    60  0.2988     30M   0.08
F0002287   F   20    30/XS   508.0  12.70  40.0   85.0   8.0   120  0.2988     60M   0.17
F0002288   F   20    30/XS   508.0  12.70  40.0   85.0   8.0   180  0.2988     89M   0.25
F0002289   F   20    30/XS   508.0  12.70  40.0   85.0   8.0   240  0.2988    119M   0.33
F0002290   F   20    30/XS   508.0  12.70  40.0   85.0  10.0     0  0.2988      0M   0.00
F0002291   F   20    30/XS   508.0  12.70  40.0   85.0  10.0    60  0.2988     30M   0.08
F0002292   F   20    30/XS   508.0  12.70  40.0   85.0  10.0   120  0.2988     60M   0.17
F0002293   F   20    30/XS   508.0  12.70  40.0   85.0  10.0   180  0.2988     89M   0.25
F0002294   F   20    30/XS   508.0  12.70  40.0   85.0  10.0   240  0.2988    119M   0.33
F0002295   F   20    30/XS   508.0  12.70  40.0   85.0  12.0     0  0.2988      0M   0.00
F0002296   F   20    30/XS   508.0  12.70  40.0   85.0  12.0    60  0.2988     30M   0.08
F0002297   F   20    30/XS   508.0  12.70  40.0   85.0  12.0   120  0.2988     60M   0.17
F0002298   F   20    30/XS   508.0  12.70  40.0   85.0  12.0   180  0.2988     89M   0.25
F0002299   F   20    30/XS   508.0  12.70  40.0   85.0  12.0   240  0.2988    119M   0.33
F0002300   F   20    30/XS   508.0  12.70  40.0  100.0   4.0     0  0.2540      0M   0.00
F0002301   F   20    30/XS   508.0  12.70  40.0  100.0   4.0    60  0.2540     30M   0.08
F0002302   F   20    30/XS   508.0  12.70  40.0  100.0   4.0   120  0.2540     60M   0.17
F0002303   F   20    30/XS   508.0  12.70  40.0  100.0   4.0   180  0.2540     89M   0.25
F0002304   F   20    30/XS   508.0  12.70  40.0  100.0   4.0   240  0.2540    119M   0.33
F0002305   F   20    30/XS   508.0  12.70  40.0  100.0   6.0     0  0.2540      0M   0.00
F0002306   F   20    30/XS   508.0  12.70  40.0  100.0   6.0    60  0.2540     30M   0.08
F0002307   F   20    30/XS   508.0  12.70  40.0  100.0   6.0   120  0.2540     60M   0.17
F0002308   F   20    30/XS   508.0  12.70  40.0  100.0   6.0   180  0.2540     89M   0.25
F0002309   F   20    30/XS   508.0  12.70  40.0  100.0   6.0   240  0.2540    119M   0.33
F0002310   F   20    30/XS   508.0  12.70  40.0  100.0   8.0     0  0.2540      0M   0.00
F0002311   F   20    30/XS   508.0  12.70  40.0  100.0   8.0    60  0.2540     30M   0.08
F0002312   F   20    30/XS   508.0  12.70  40.0  100.0   8.0   120  0.2540     60M   0.17
F0002313   F   20    30/XS   508.0  12.70  40.0  100.0   8.0   180  0.2540     89M   0.25
F0002314   F   20    30/XS   508.0  12.70  40.0  100.0   8.0   240  0.2540    119M   0.33
F0002315   F   20    30/XS   508.0  12.70  40.0  100.0  10.0     0  0.2540      0M   0.00
F0002316   F   20    30/XS   508.0  12.70  40.0  100.0  10.0    60  0.2540     30M   0.08
F0002317   F   20    30/XS   508.0  12.70  40.0  100.0  10.0   120  0.2540     60M   0.17
F0002318   F   20    30/XS   508.0  12.70  40.0  100.0  10.0   180  0.2540     89M   0.25
F0002319   F   20    30/XS   508.0  12.70  40.0  100.0  10.0   240  0.2540    119M   0.33
F0002320   F   20    30/XS   508.0  12.70  40.0  100.0  12.0     0  0.2540      0M   0.00
F0002321   F   20    30/XS   508.0  12.70  40.0  100.0  12.0    60  0.2540     30M   0.08
F0002322   F   20    30/XS   508.0  12.70  40.0  100.0  12.0   120  0.2540     60M   0.17
F0002323   F   20    30/XS   508.0  12.70  40.0  100.0  12.0   180  0.2540     89M   0.25
F0002324   F   20    30/XS   508.0  12.70  40.0  100.0  12.0   240  0.2540    119M   0.33
F0002325   F   20    30/XS   508.0  12.70  40.0  115.0   4.0     0  0.2209      0M   0.00
F0002326   F   20    30/XS   508.0  12.70  40.0  115.0   4.0    60  0.2209     30M   0.08
F0002327   F   20    30/XS   508.0  12.70  40.0  115.0   4.0   120  0.2209     60M   0.17
F0002328   F   20    30/XS   508.0  12.70  40.0  115.0   4.0   180  0.2209     89M   0.25
F0002329   F   20    30/XS   508.0  12.70  40.0  115.0   4.0   240  0.2209    119M   0.33
F0002330   F   20    30/XS   508.0  12.70  40.0  115.0   6.0     0  0.2209      0M   0.00
F0002331   F   20    30/XS   508.0  12.70  40.0  115.0   6.0    60  0.2209     30M   0.08
F0002332   F   20    30/XS   508.0  12.70  40.0  115.0   6.0   120  0.2209     60M   0.17
F0002333   F   20    30/XS   508.0  12.70  40.0  115.0   6.0   180  0.2209     89M   0.25
F0002334   F   20    30/XS   508.0  12.70  40.0  115.0   6.0   240  0.2209    119M   0.33
F0002335   F   20    30/XS   508.0  12.70  40.0  115.0   8.0     0  0.2209      0M   0.00
F0002336   F   20    30/XS   508.0  12.70  40.0  115.0   8.0    60  0.2209     30M   0.08
F0002337   F   20    30/XS   508.0  12.70  40.0  115.0   8.0   120  0.2209     60M   0.17
F0002338   F   20    30/XS   508.0  12.70  40.0  115.0   8.0   180  0.2209     89M   0.25
F0002339   F   20    30/XS   508.0  12.70  40.0  115.0   8.0   240  0.2209    119M   0.33
F0002340   F   20    30/XS   508.0  12.70  40.0  115.0  10.0     0  0.2209      0M   0.00
F0002341   F   20    30/XS   508.0  12.70  40.0  115.0  10.0    60  0.2209     30M   0.08
F0002342   F   20    30/XS   508.0  12.70  40.0  115.0  10.0   120  0.2209     60M   0.17
F0002343   F   20    30/XS   508.0  12.70  40.0  115.0  10.0   180  0.2209     89M   0.25
F0002344   F   20    30/XS   508.0  12.70  40.0  115.0  10.0   240  0.2209    119M   0.33
F0002345   F   20    30/XS   508.0  12.70  40.0  115.0  12.0     0  0.2209      0M   0.00
F0002346   F   20    30/XS   508.0  12.70  40.0  115.0  12.0    60  0.2209     30M   0.08
F0002347   F   20    30/XS   508.0  12.70  40.0  115.0  12.0   120  0.2209     60M   0.17
F0002348   F   20    30/XS   508.0  12.70  40.0  115.0  12.0   180  0.2209     89M   0.25
F0002349   F   20    30/XS   508.0  12.70  40.0  115.0  12.0   240  0.2209    119M   0.33
F0002350   F   20    30/XS   508.0  12.70  40.0  130.0   4.0     0  0.1954      0M   0.00
F0002351   F   20    30/XS   508.0  12.70  40.0  130.0   4.0    60  0.1954     30M   0.08
F0002352   F   20    30/XS   508.0  12.70  40.0  130.0   4.0   120  0.1954     60M   0.17
F0002353   F   20    30/XS   508.0  12.70  40.0  130.0   4.0   180  0.1954     89M   0.25
F0002354   F   20    30/XS   508.0  12.70  40.0  130.0   4.0   240  0.1954    119M   0.33
F0002355   F   20    30/XS   508.0  12.70  40.0  130.0   6.0     0  0.1954      0M   0.00
F0002356   F   20    30/XS   508.0  12.70  40.0  130.0   6.0    60  0.1954     30M   0.08
F0002357   F   20    30/XS   508.0  12.70  40.0  130.0   6.0   120  0.1954     60M   0.17
F0002358   F   20    30/XS   508.0  12.70  40.0  130.0   6.0   180  0.1954     89M   0.25
F0002359   F   20    30/XS   508.0  12.70  40.0  130.0   6.0   240  0.1954    119M   0.33
F0002360   F   20    30/XS   508.0  12.70  40.0  130.0   8.0     0  0.1954      0M   0.00
F0002361   F   20    30/XS   508.0  12.70  40.0  130.0   8.0    60  0.1954     30M   0.08
F0002362   F   20    30/XS   508.0  12.70  40.0  130.0   8.0   120  0.1954     60M   0.17
F0002363   F   20    30/XS   508.0  12.70  40.0  130.0   8.0   180  0.1954     89M   0.25
F0002364   F   20    30/XS   508.0  12.70  40.0  130.0   8.0   240  0.1954    119M   0.33
F0002365   F   20    30/XS   508.0  12.70  40.0  130.0  10.0     0  0.1954      0M   0.00
F0002366   F   20    30/XS   508.0  12.70  40.0  130.0  10.0    60  0.1954     30M   0.08
F0002367   F   20    30/XS   508.0  12.70  40.0  130.0  10.0   120  0.1954     60M   0.17
F0002368   F   20    30/XS   508.0  12.70  40.0  130.0  10.0   180  0.1954     89M   0.25
F0002369   F   20    30/XS   508.0  12.70  40.0  130.0  10.0   240  0.1954    119M   0.33
F0002370   F   20    30/XS   508.0  12.70  40.0  130.0  12.0     0  0.1954      0M   0.00
F0002371   F   20    30/XS   508.0  12.70  40.0  130.0  12.0    60  0.1954     30M   0.08
F0002372   F   20    30/XS   508.0  12.70  40.0  130.0  12.0   120  0.1954     60M   0.17
F0002373   F   20    30/XS   508.0  12.70  40.0  130.0  12.0   180  0.1954     89M   0.25
F0002374   F   20    30/XS   508.0  12.70  40.0  130.0  12.0   240  0.1954    119M   0.33
F0002375   F   20    30/XS   508.0  12.70  40.0  145.0   4.0     0  0.1752      0M   0.00
F0002376   F   20    30/XS   508.0  12.70  40.0  145.0   4.0    60  0.1752     30M   0.08
F0002377   F   20    30/XS   508.0  12.70  40.0  145.0   4.0   120  0.1752     60M   0.17
F0002378   F   20    30/XS   508.0  12.70  40.0  145.0   4.0   180  0.1752     89M   0.25
F0002379   F   20    30/XS   508.0  12.70  40.0  145.0   4.0   240  0.1752    119M   0.33
F0002380   F   20    30/XS   508.0  12.70  40.0  145.0   6.0     0  0.1752      0M   0.00
F0002381   F   20    30/XS   508.0  12.70  40.0  145.0   6.0    60  0.1752     30M   0.08
F0002382   F   20    30/XS   508.0  12.70  40.0  145.0   6.0   120  0.1752     60M   0.17
F0002383   F   20    30/XS   508.0  12.70  40.0  145.0   6.0   180  0.1752     89M   0.25
F0002384   F   20    30/XS   508.0  12.70  40.0  145.0   6.0   240  0.1752    119M   0.33
F0002385   F   20    30/XS   508.0  12.70  40.0  145.0   8.0     0  0.1752      0M   0.00
F0002386   F   20    30/XS   508.0  12.70  40.0  145.0   8.0    60  0.1752     30M   0.08
F0002387   F   20    30/XS   508.0  12.70  40.0  145.0   8.0   120  0.1752     60M   0.17
F0002388   F   20    30/XS   508.0  12.70  40.0  145.0   8.0   180  0.1752     89M   0.25
F0002389   F   20    30/XS   508.0  12.70  40.0  145.0   8.0   240  0.1752    119M   0.33
F0002390   F   20    30/XS   508.0  12.70  40.0  145.0  10.0     0  0.1752      0M   0.00
F0002391   F   20    30/XS   508.0  12.70  40.0  145.0  10.0    60  0.1752     30M   0.08
F0002392   F   20    30/XS   508.0  12.70  40.0  145.0  10.0   120  0.1752     60M   0.17
F0002393   F   20    30/XS   508.0  12.70  40.0  145.0  10.0   180  0.1752     89M   0.25
F0002394   F   20    30/XS   508.0  12.70  40.0  145.0  10.0   240  0.1752    119M   0.33
F0002395   F   20    30/XS   508.0  12.70  40.0  145.0  12.0     0  0.1752      0M   0.00
F0002396   F   20    30/XS   508.0  12.70  40.0  145.0  12.0    60  0.1752     30M   0.08
F0002397   F   20    30/XS   508.0  12.70  40.0  145.0  12.0   120  0.1752     60M   0.17
F0002398   F   20    30/XS   508.0  12.70  40.0  145.0  12.0   180  0.1752     89M   0.25
F0002399   F   20    30/XS   508.0  12.70  40.0  145.0  12.0   240  0.1752    119M   0.33
F0002400   F   20       60   508.0  20.62  24.6   70.0   4.0     0  0.3629      0M   0.00
F0002401   F   20       60   508.0  20.62  24.6   70.0   4.0    60  0.3629     19M   0.05
F0002402   F   20       60   508.0  20.62  24.6   70.0   4.0   120  0.3629     37M   0.10
F0002403   F   20       60   508.0  20.62  24.6   70.0   4.0   180  0.3629     56M   0.16
F0002404   F   20       60   508.0  20.62  24.6   70.0   4.0   240  0.3629     75M   0.21
F0002405   F   20       60   508.0  20.62  24.6   70.0   6.0     0  0.3629      0M   0.00
F0002406   F   20       60   508.0  20.62  24.6   70.0   6.0    60  0.3629     19M   0.05
F0002407   F   20       60   508.0  20.62  24.6   70.0   6.0   120  0.3629     37M   0.10
F0002408   F   20       60   508.0  20.62  24.6   70.0   6.0   180  0.3629     56M   0.16
F0002409   F   20       60   508.0  20.62  24.6   70.0   6.0   240  0.3629     75M   0.21
F0002410   F   20       60   508.0  20.62  24.6   70.0   8.0     0  0.3629      0M   0.00
F0002411   F   20       60   508.0  20.62  24.6   70.0   8.0    60  0.3629     19M   0.05
F0002412   F   20       60   508.0  20.62  24.6   70.0   8.0   120  0.3629     37M   0.10
F0002413   F   20       60   508.0  20.62  24.6   70.0   8.0   180  0.3629     56M   0.16
F0002414   F   20       60   508.0  20.62  24.6   70.0   8.0   240  0.3629     75M   0.21
F0002415   F   20       60   508.0  20.62  24.6   70.0  10.0     0  0.3629      0M   0.00
F0002416   F   20       60   508.0  20.62  24.6   70.0  10.0    60  0.3629     19M   0.05
F0002417   F   20       60   508.0  20.62  24.6   70.0  10.0   120  0.3629     37M   0.10
F0002418   F   20       60   508.0  20.62  24.6   70.0  10.0   180  0.3629     56M   0.16
F0002419   F   20       60   508.0  20.62  24.6   70.0  10.0   240  0.3629     75M   0.21
F0002420   F   20       60   508.0  20.62  24.6   70.0  12.0     0  0.3629      0M   0.00
F0002421   F   20       60   508.0  20.62  24.6   70.0  12.0    60  0.3629     19M   0.05
F0002422   F   20       60   508.0  20.62  24.6   70.0  12.0   120  0.3629     37M   0.10
F0002423   F   20       60   508.0  20.62  24.6   70.0  12.0   180  0.3629     56M   0.16
F0002424   F   20       60   508.0  20.62  24.6   70.0  12.0   240  0.3629     75M   0.21
F0002425   F   20       60   508.0  20.62  24.6   85.0   4.0     0  0.2988      0M   0.00
F0002426   F   20       60   508.0  20.62  24.6   85.0   4.0    60  0.2988     19M   0.05
F0002427   F   20       60   508.0  20.62  24.6   85.0   4.0   120  0.2988     37M   0.10
F0002428   F   20       60   508.0  20.62  24.6   85.0   4.0   180  0.2988     56M   0.16
F0002429   F   20       60   508.0  20.62  24.6   85.0   4.0   240  0.2988     75M   0.21
F0002430   F   20       60   508.0  20.62  24.6   85.0   6.0     0  0.2988      0M   0.00
F0002431   F   20       60   508.0  20.62  24.6   85.0   6.0    60  0.2988     19M   0.05
F0002432   F   20       60   508.0  20.62  24.6   85.0   6.0   120  0.2988     37M   0.10
F0002433   F   20       60   508.0  20.62  24.6   85.0   6.0   180  0.2988     56M   0.16
F0002434   F   20       60   508.0  20.62  24.6   85.0   6.0   240  0.2988     75M   0.21
F0002435   F   20       60   508.0  20.62  24.6   85.0   8.0     0  0.2988      0M   0.00
F0002436   F   20       60   508.0  20.62  24.6   85.0   8.0    60  0.2988     19M   0.05
F0002437   F   20       60   508.0  20.62  24.6   85.0   8.0   120  0.2988     37M   0.10
F0002438   F   20       60   508.0  20.62  24.6   85.0   8.0   180  0.2988     56M   0.16
F0002439   F   20       60   508.0  20.62  24.6   85.0   8.0   240  0.2988     75M   0.21
F0002440   F   20       60   508.0  20.62  24.6   85.0  10.0     0  0.2988      0M   0.00
F0002441   F   20       60   508.0  20.62  24.6   85.0  10.0    60  0.2988     19M   0.05
F0002442   F   20       60   508.0  20.62  24.6   85.0  10.0   120  0.2988     37M   0.10
F0002443   F   20       60   508.0  20.62  24.6   85.0  10.0   180  0.2988     56M   0.16
F0002444   F   20       60   508.0  20.62  24.6   85.0  10.0   240  0.2988     75M   0.21
F0002445   F   20       60   508.0  20.62  24.6   85.0  12.0     0  0.2988      0M   0.00
F0002446   F   20       60   508.0  20.62  24.6   85.0  12.0    60  0.2988     19M   0.05
F0002447   F   20       60   508.0  20.62  24.6   85.0  12.0   120  0.2988     37M   0.10
F0002448   F   20       60   508.0  20.62  24.6   85.0  12.0   180  0.2988     56M   0.16
F0002449   F   20       60   508.0  20.62  24.6   85.0  12.0   240  0.2988     75M   0.21
F0002450   F   20       60   508.0  20.62  24.6  100.0   4.0     0  0.2540      0M   0.00
F0002451   F   20       60   508.0  20.62  24.6  100.0   4.0    60  0.2540     19M   0.05
F0002452   F   20       60   508.0  20.62  24.6  100.0   4.0   120  0.2540     37M   0.10
F0002453   F   20       60   508.0  20.62  24.6  100.0   4.0   180  0.2540     56M   0.16
F0002454   F   20       60   508.0  20.62  24.6  100.0   4.0   240  0.2540     75M   0.21
F0002455   F   20       60   508.0  20.62  24.6  100.0   6.0     0  0.2540      0M   0.00
F0002456   F   20       60   508.0  20.62  24.6  100.0   6.0    60  0.2540     19M   0.05
F0002457   F   20       60   508.0  20.62  24.6  100.0   6.0   120  0.2540     37M   0.10
F0002458   F   20       60   508.0  20.62  24.6  100.0   6.0   180  0.2540     56M   0.16
F0002459   F   20       60   508.0  20.62  24.6  100.0   6.0   240  0.2540     75M   0.21
F0002460   F   20       60   508.0  20.62  24.6  100.0   8.0     0  0.2540      0M   0.00
F0002461   F   20       60   508.0  20.62  24.6  100.0   8.0    60  0.2540     19M   0.05
F0002462   F   20       60   508.0  20.62  24.6  100.0   8.0   120  0.2540     37M   0.10
F0002463   F   20       60   508.0  20.62  24.6  100.0   8.0   180  0.2540     56M   0.16
F0002464   F   20       60   508.0  20.62  24.6  100.0   8.0   240  0.2540     75M   0.21
F0002465   F   20       60   508.0  20.62  24.6  100.0  10.0     0  0.2540      0M   0.00
F0002466   F   20       60   508.0  20.62  24.6  100.0  10.0    60  0.2540     19M   0.05
F0002467   F   20       60   508.0  20.62  24.6  100.0  10.0   120  0.2540     37M   0.10
F0002468   F   20       60   508.0  20.62  24.6  100.0  10.0   180  0.2540     56M   0.16
F0002469   F   20       60   508.0  20.62  24.6  100.0  10.0   240  0.2540     75M   0.21
F0002470   F   20       60   508.0  20.62  24.6  100.0  12.0     0  0.2540      0M   0.00
F0002471   F   20       60   508.0  20.62  24.6  100.0  12.0    60  0.2540     19M   0.05
F0002472   F   20       60   508.0  20.62  24.6  100.0  12.0   120  0.2540     37M   0.10
F0002473   F   20       60   508.0  20.62  24.6  100.0  12.0   180  0.2540     56M   0.16
F0002474   F   20       60   508.0  20.62  24.6  100.0  12.0   240  0.2540     75M   0.21
F0002475   F   20       60   508.0  20.62  24.6  115.0   4.0     0  0.2209      0M   0.00
F0002476   F   20       60   508.0  20.62  24.6  115.0   4.0    60  0.2209     19M   0.05
F0002477   F   20       60   508.0  20.62  24.6  115.0   4.0   120  0.2209     37M   0.10
F0002478   F   20       60   508.0  20.62  24.6  115.0   4.0   180  0.2209     56M   0.16
F0002479   F   20       60   508.0  20.62  24.6  115.0   4.0   240  0.2209     75M   0.21
F0002480   F   20       60   508.0  20.62  24.6  115.0   6.0     0  0.2209      0M   0.00
F0002481   F   20       60   508.0  20.62  24.6  115.0   6.0    60  0.2209     19M   0.05
F0002482   F   20       60   508.0  20.62  24.6  115.0   6.0   120  0.2209     37M   0.10
F0002483   F   20       60   508.0  20.62  24.6  115.0   6.0   180  0.2209     56M   0.16
F0002484   F   20       60   508.0  20.62  24.6  115.0   6.0   240  0.2209     75M   0.21
F0002485   F   20       60   508.0  20.62  24.6  115.0   8.0     0  0.2209      0M   0.00
F0002486   F   20       60   508.0  20.62  24.6  115.0   8.0    60  0.2209     19M   0.05
F0002487   F   20       60   508.0  20.62  24.6  115.0   8.0   120  0.2209     37M   0.10
F0002488   F   20       60   508.0  20.62  24.6  115.0   8.0   180  0.2209     56M   0.16
F0002489   F   20       60   508.0  20.62  24.6  115.0   8.0   240  0.2209     75M   0.21
F0002490   F   20       60   508.0  20.62  24.6  115.0  10.0     0  0.2209      0M   0.00
F0002491   F   20       60   508.0  20.62  24.6  115.0  10.0    60  0.2209     19M   0.05
F0002492   F   20       60   508.0  20.62  24.6  115.0  10.0   120  0.2209     37M   0.10
F0002493   F   20       60   508.0  20.62  24.6  115.0  10.0   180  0.2209     56M   0.16
F0002494   F   20       60   508.0  20.62  24.6  115.0  10.0   240  0.2209     75M   0.21
F0002495   F   20       60   508.0  20.62  24.6  115.0  12.0     0  0.2209      0M   0.00
F0002496   F   20       60   508.0  20.62  24.6  115.0  12.0    60  0.2209     19M   0.05
F0002497   F   20       60   508.0  20.62  24.6  115.0  12.0   120  0.2209     37M   0.10
F0002498   F   20       60   508.0  20.62  24.6  115.0  12.0   180  0.2209     56M   0.16
F0002499   F   20       60   508.0  20.62  24.6  115.0  12.0   240  0.2209     75M   0.21
F0002500   F   20       60   508.0  20.62  24.6  130.0   4.0     0  0.1954      0M   0.00
F0002501   F   20       60   508.0  20.62  24.6  130.0   4.0    60  0.1954     19M   0.05
F0002502   F   20       60   508.0  20.62  24.6  130.0   4.0   120  0.1954     37M   0.10
F0002503   F   20       60   508.0  20.62  24.6  130.0   4.0   180  0.1954     56M   0.16
F0002504   F   20       60   508.0  20.62  24.6  130.0   4.0   240  0.1954     75M   0.21
F0002505   F   20       60   508.0  20.62  24.6  130.0   6.0     0  0.1954      0M   0.00
F0002506   F   20       60   508.0  20.62  24.6  130.0   6.0    60  0.1954     19M   0.05
F0002507   F   20       60   508.0  20.62  24.6  130.0   6.0   120  0.1954     37M   0.10
F0002508   F   20       60   508.0  20.62  24.6  130.0   6.0   180  0.1954     56M   0.16
F0002509   F   20       60   508.0  20.62  24.6  130.0   6.0   240  0.1954     75M   0.21
F0002510   F   20       60   508.0  20.62  24.6  130.0   8.0     0  0.1954      0M   0.00
F0002511   F   20       60   508.0  20.62  24.6  130.0   8.0    60  0.1954     19M   0.05
F0002512   F   20       60   508.0  20.62  24.6  130.0   8.0   120  0.1954     37M   0.10
F0002513   F   20       60   508.0  20.62  24.6  130.0   8.0   180  0.1954     56M   0.16
F0002514   F   20       60   508.0  20.62  24.6  130.0   8.0   240  0.1954     75M   0.21
F0002515   F   20       60   508.0  20.62  24.6  130.0  10.0     0  0.1954      0M   0.00
F0002516   F   20       60   508.0  20.62  24.6  130.0  10.0    60  0.1954     19M   0.05
F0002517   F   20       60   508.0  20.62  24.6  130.0  10.0   120  0.1954     37M   0.10
F0002518   F   20       60   508.0  20.62  24.6  130.0  10.0   180  0.1954     56M   0.16
F0002519   F   20       60   508.0  20.62  24.6  130.0  10.0   240  0.1954     75M   0.21
F0002520   F   20       60   508.0  20.62  24.6  130.0  12.0     0  0.1954      0M   0.00
F0002521   F   20       60   508.0  20.62  24.6  130.0  12.0    60  0.1954     19M   0.05
F0002522   F   20       60   508.0  20.62  24.6  130.0  12.0   120  0.1954     37M   0.10
F0002523   F   20       60   508.0  20.62  24.6  130.0  12.0   180  0.1954     56M   0.16
F0002524   F   20       60   508.0  20.62  24.6  130.0  12.0   240  0.1954     75M   0.21
F0002525   F   20       60   508.0  20.62  24.6  145.0   4.0     0  0.1752      0M   0.00
F0002526   F   20       60   508.0  20.62  24.6  145.0   4.0    60  0.1752     19M   0.05
F0002527   F   20       60   508.0  20.62  24.6  145.0   4.0   120  0.1752     37M   0.10
F0002528   F   20       60   508.0  20.62  24.6  145.0   4.0   180  0.1752     56M   0.16
F0002529   F   20       60   508.0  20.62  24.6  145.0   4.0   240  0.1752     75M   0.21
F0002530   F   20       60   508.0  20.62  24.6  145.0   6.0     0  0.1752      0M   0.00
F0002531   F   20       60   508.0  20.62  24.6  145.0   6.0    60  0.1752     19M   0.05
F0002532   F   20       60   508.0  20.62  24.6  145.0   6.0   120  0.1752     37M   0.10
F0002533   F   20       60   508.0  20.62  24.6  145.0   6.0   180  0.1752     56M   0.16
F0002534   F   20       60   508.0  20.62  24.6  145.0   6.0   240  0.1752     75M   0.21
F0002535   F   20       60   508.0  20.62  24.6  145.0   8.0     0  0.1752      0M   0.00
F0002536   F   20       60   508.0  20.62  24.6  145.0   8.0    60  0.1752     19M   0.05
F0002537   F   20       60   508.0  20.62  24.6  145.0   8.0   120  0.1752     37M   0.10
F0002538   F   20       60   508.0  20.62  24.6  145.0   8.0   180  0.1752     56M   0.16
F0002539   F   20       60   508.0  20.62  24.6  145.0   8.0   240  0.1752     75M   0.21
F0002540   F   20       60   508.0  20.62  24.6  145.0  10.0     0  0.1752      0M   0.00
F0002541   F   20       60   508.0  20.62  24.6  145.0  10.0    60  0.1752     19M   0.05
F0002542   F   20       60   508.0  20.62  24.6  145.0  10.0   120  0.1752     37M   0.10
F0002543   F   20       60   508.0  20.62  24.6  145.0  10.0   180  0.1752     56M   0.16
F0002544   F   20       60   508.0  20.62  24.6  145.0  10.0   240  0.1752     75M   0.21
F0002545   F   20       60   508.0  20.62  24.6  145.0  12.0     0  0.1752      0M   0.00
F0002546   F   20       60   508.0  20.62  24.6  145.0  12.0    60  0.1752     19M   0.05
F0002547   F   20       60   508.0  20.62  24.6  145.0  12.0   120  0.1752     37M   0.10
F0002548   F   20       60   508.0  20.62  24.6  145.0  12.0   180  0.1752     56M   0.16
F0002549   F   20       60   508.0  20.62  24.6  145.0  12.0   240  0.1752     75M   0.21
F0002550   F   20       80   508.0  26.19  19.4   70.0   4.0     0  0.3629      0M   0.00
F0002551   F   20       80   508.0  26.19  19.4   70.0   4.0    60  0.3629     15M   0.04
F0002552   F   20       80   508.0  26.19  19.4   70.0   4.0   120  0.3629     30M   0.08
F0002553   F   20       80   508.0  26.19  19.4   70.0   4.0   180  0.3629     45M   0.12
F0002554   F   20       80   508.0  26.19  19.4   70.0   4.0   240  0.3629     59M   0.16
F0002555   F   20       80   508.0  26.19  19.4   70.0   6.0     0  0.3629      0M   0.00
F0002556   F   20       80   508.0  26.19  19.4   70.0   6.0    60  0.3629     15M   0.04
F0002557   F   20       80   508.0  26.19  19.4   70.0   6.0   120  0.3629     30M   0.08
F0002558   F   20       80   508.0  26.19  19.4   70.0   6.0   180  0.3629     45M   0.12
F0002559   F   20       80   508.0  26.19  19.4   70.0   6.0   240  0.3629     59M   0.16
F0002560   F   20       80   508.0  26.19  19.4   70.0   8.0     0  0.3629      0M   0.00
F0002561   F   20       80   508.0  26.19  19.4   70.0   8.0    60  0.3629     15M   0.04
F0002562   F   20       80   508.0  26.19  19.4   70.0   8.0   120  0.3629     30M   0.08
F0002563   F   20       80   508.0  26.19  19.4   70.0   8.0   180  0.3629     45M   0.12
F0002564   F   20       80   508.0  26.19  19.4   70.0   8.0   240  0.3629     59M   0.16
F0002565   F   20       80   508.0  26.19  19.4   70.0  10.0     0  0.3629      0M   0.00
F0002566   F   20       80   508.0  26.19  19.4   70.0  10.0    60  0.3629     15M   0.04
F0002567   F   20       80   508.0  26.19  19.4   70.0  10.0   120  0.3629     30M   0.08
F0002568   F   20       80   508.0  26.19  19.4   70.0  10.0   180  0.3629     45M   0.12
F0002569   F   20       80   508.0  26.19  19.4   70.0  10.0   240  0.3629     59M   0.16
F0002570   F   20       80   508.0  26.19  19.4   70.0  12.0     0  0.3629      0M   0.00
F0002571   F   20       80   508.0  26.19  19.4   70.0  12.0    60  0.3629     15M   0.04
F0002572   F   20       80   508.0  26.19  19.4   70.0  12.0   120  0.3629     30M   0.08
F0002573   F   20       80   508.0  26.19  19.4   70.0  12.0   180  0.3629     45M   0.12
F0002574   F   20       80   508.0  26.19  19.4   70.0  12.0   240  0.3629     59M   0.16
F0002575   F   20       80   508.0  26.19  19.4   85.0   4.0     0  0.2988      0M   0.00
F0002576   F   20       80   508.0  26.19  19.4   85.0   4.0    60  0.2988     15M   0.04
F0002577   F   20       80   508.0  26.19  19.4   85.0   4.0   120  0.2988     30M   0.08
F0002578   F   20       80   508.0  26.19  19.4   85.0   4.0   180  0.2988     45M   0.12
F0002579   F   20       80   508.0  26.19  19.4   85.0   4.0   240  0.2988     59M   0.16
F0002580   F   20       80   508.0  26.19  19.4   85.0   6.0     0  0.2988      0M   0.00
F0002581   F   20       80   508.0  26.19  19.4   85.0   6.0    60  0.2988     15M   0.04
F0002582   F   20       80   508.0  26.19  19.4   85.0   6.0   120  0.2988     30M   0.08
F0002583   F   20       80   508.0  26.19  19.4   85.0   6.0   180  0.2988     45M   0.12
F0002584   F   20       80   508.0  26.19  19.4   85.0   6.0   240  0.2988     59M   0.16
F0002585   F   20       80   508.0  26.19  19.4   85.0   8.0     0  0.2988      0M   0.00
F0002586   F   20       80   508.0  26.19  19.4   85.0   8.0    60  0.2988     15M   0.04
F0002587   F   20       80   508.0  26.19  19.4   85.0   8.0   120  0.2988     30M   0.08
F0002588   F   20       80   508.0  26.19  19.4   85.0   8.0   180  0.2988     45M   0.12
F0002589   F   20       80   508.0  26.19  19.4   85.0   8.0   240  0.2988     59M   0.16
F0002590   F   20       80   508.0  26.19  19.4   85.0  10.0     0  0.2988      0M   0.00
F0002591   F   20       80   508.0  26.19  19.4   85.0  10.0    60  0.2988     15M   0.04
F0002592   F   20       80   508.0  26.19  19.4   85.0  10.0   120  0.2988     30M   0.08
F0002593   F   20       80   508.0  26.19  19.4   85.0  10.0   180  0.2988     45M   0.12
F0002594   F   20       80   508.0  26.19  19.4   85.0  10.0   240  0.2988     59M   0.16
F0002595   F   20       80   508.0  26.19  19.4   85.0  12.0     0  0.2988      0M   0.00
F0002596   F   20       80   508.0  26.19  19.4   85.0  12.0    60  0.2988     15M   0.04
F0002597   F   20       80   508.0  26.19  19.4   85.0  12.0   120  0.2988     30M   0.08
F0002598   F   20       80   508.0  26.19  19.4   85.0  12.0   180  0.2988     45M   0.12
F0002599   F   20       80   508.0  26.19  19.4   85.0  12.0   240  0.2988     59M   0.16
F0002600   F   20       80   508.0  26.19  19.4  100.0   4.0     0  0.2540      0M   0.00
F0002601   F   20       80   508.0  26.19  19.4  100.0   4.0    60  0.2540     15M   0.04
F0002602   F   20       80   508.0  26.19  19.4  100.0   4.0   120  0.2540     30M   0.08
F0002603   F   20       80   508.0  26.19  19.4  100.0   4.0   180  0.2540     45M   0.12
F0002604   F   20       80   508.0  26.19  19.4  100.0   4.0   240  0.2540     59M   0.16
F0002605   F   20       80   508.0  26.19  19.4  100.0   6.0     0  0.2540      0M   0.00
F0002606   F   20       80   508.0  26.19  19.4  100.0   6.0    60  0.2540     15M   0.04
F0002607   F   20       80   508.0  26.19  19.4  100.0   6.0   120  0.2540     30M   0.08
F0002608   F   20       80   508.0  26.19  19.4  100.0   6.0   180  0.2540     45M   0.12
F0002609   F   20       80   508.0  26.19  19.4  100.0   6.0   240  0.2540     59M   0.16
F0002610   F   20       80   508.0  26.19  19.4  100.0   8.0     0  0.2540      0M   0.00
F0002611   F   20       80   508.0  26.19  19.4  100.0   8.0    60  0.2540     15M   0.04
F0002612   F   20       80   508.0  26.19  19.4  100.0   8.0   120  0.2540     30M   0.08
F0002613   F   20       80   508.0  26.19  19.4  100.0   8.0   180  0.2540     45M   0.12
F0002614   F   20       80   508.0  26.19  19.4  100.0   8.0   240  0.2540     59M   0.16
F0002615   F   20       80   508.0  26.19  19.4  100.0  10.0     0  0.2540      0M   0.00
F0002616   F   20       80   508.0  26.19  19.4  100.0  10.0    60  0.2540     15M   0.04
F0002617   F   20       80   508.0  26.19  19.4  100.0  10.0   120  0.2540     30M   0.08
F0002618   F   20       80   508.0  26.19  19.4  100.0  10.0   180  0.2540     45M   0.12
F0002619   F   20       80   508.0  26.19  19.4  100.0  10.0   240  0.2540     59M   0.16
F0002620   F   20       80   508.0  26.19  19.4  100.0  12.0     0  0.2540      0M   0.00
F0002621   F   20       80   508.0  26.19  19.4  100.0  12.0    60  0.2540     15M   0.04
F0002622   F   20       80   508.0  26.19  19.4  100.0  12.0   120  0.2540     30M   0.08
F0002623   F   20       80   508.0  26.19  19.4  100.0  12.0   180  0.2540     45M   0.12
F0002624   F   20       80   508.0  26.19  19.4  100.0  12.0   240  0.2540     59M   0.16
F0002625   F   20       80   508.0  26.19  19.4  115.0   4.0     0  0.2209      0M   0.00
F0002626   F   20       80   508.0  26.19  19.4  115.0   4.0    60  0.2209     15M   0.04
F0002627   F   20       80   508.0  26.19  19.4  115.0   4.0   120  0.2209     30M   0.08
F0002628   F   20       80   508.0  26.19  19.4  115.0   4.0   180  0.2209     45M   0.12
F0002629   F   20       80   508.0  26.19  19.4  115.0   4.0   240  0.2209     59M   0.16
F0002630   F   20       80   508.0  26.19  19.4  115.0   6.0     0  0.2209      0M   0.00
F0002631   F   20       80   508.0  26.19  19.4  115.0   6.0    60  0.2209     15M   0.04
F0002632   F   20       80   508.0  26.19  19.4  115.0   6.0   120  0.2209     30M   0.08
F0002633   F   20       80   508.0  26.19  19.4  115.0   6.0   180  0.2209     45M   0.12
F0002634   F   20       80   508.0  26.19  19.4  115.0   6.0   240  0.2209     59M   0.16
F0002635   F   20       80   508.0  26.19  19.4  115.0   8.0     0  0.2209      0M   0.00
F0002636   F   20       80   508.0  26.19  19.4  115.0   8.0    60  0.2209     15M   0.04
F0002637   F   20       80   508.0  26.19  19.4  115.0   8.0   120  0.2209     30M   0.08
F0002638   F   20       80   508.0  26.19  19.4  115.0   8.0   180  0.2209     45M   0.12
F0002639   F   20       80   508.0  26.19  19.4  115.0   8.0   240  0.2209     59M   0.16
F0002640   F   20       80   508.0  26.19  19.4  115.0  10.0     0  0.2209      0M   0.00
F0002641   F   20       80   508.0  26.19  19.4  115.0  10.0    60  0.2209     15M   0.04
F0002642   F   20       80   508.0  26.19  19.4  115.0  10.0   120  0.2209     30M   0.08
F0002643   F   20       80   508.0  26.19  19.4  115.0  10.0   180  0.2209     45M   0.12
F0002644   F   20       80   508.0  26.19  19.4  115.0  10.0   240  0.2209     59M   0.16
F0002645   F   20       80   508.0  26.19  19.4  115.0  12.0     0  0.2209      0M   0.00
F0002646   F   20       80   508.0  26.19  19.4  115.0  12.0    60  0.2209     15M   0.04
F0002647   F   20       80   508.0  26.19  19.4  115.0  12.0   120  0.2209     30M   0.08
F0002648   F   20       80   508.0  26.19  19.4  115.0  12.0   180  0.2209     45M   0.12
F0002649   F   20       80   508.0  26.19  19.4  115.0  12.0   240  0.2209     59M   0.16
F0002650   F   20       80   508.0  26.19  19.4  130.0   4.0     0  0.1954      0M   0.00
F0002651   F   20       80   508.0  26.19  19.4  130.0   4.0    60  0.1954     15M   0.04
F0002652   F   20       80   508.0  26.19  19.4  130.0   4.0   120  0.1954     30M   0.08
F0002653   F   20       80   508.0  26.19  19.4  130.0   4.0   180  0.1954     45M   0.12
F0002654   F   20       80   508.0  26.19  19.4  130.0   4.0   240  0.1954     59M   0.16
F0002655   F   20       80   508.0  26.19  19.4  130.0   6.0     0  0.1954      0M   0.00
F0002656   F   20       80   508.0  26.19  19.4  130.0   6.0    60  0.1954     15M   0.04
F0002657   F   20       80   508.0  26.19  19.4  130.0   6.0   120  0.1954     30M   0.08
F0002658   F   20       80   508.0  26.19  19.4  130.0   6.0   180  0.1954     45M   0.12
F0002659   F   20       80   508.0  26.19  19.4  130.0   6.0   240  0.1954     59M   0.16
F0002660   F   20       80   508.0  26.19  19.4  130.0   8.0     0  0.1954      0M   0.00
F0002661   F   20       80   508.0  26.19  19.4  130.0   8.0    60  0.1954     15M   0.04
F0002662   F   20       80   508.0  26.19  19.4  130.0   8.0   120  0.1954     30M   0.08
F0002663   F   20       80   508.0  26.19  19.4  130.0   8.0   180  0.1954     45M   0.12
F0002664   F   20       80   508.0  26.19  19.4  130.0   8.0   240  0.1954     59M   0.16
F0002665   F   20       80   508.0  26.19  19.4  130.0  10.0     0  0.1954      0M   0.00
F0002666   F   20       80   508.0  26.19  19.4  130.0  10.0    60  0.1954     15M   0.04
F0002667   F   20       80   508.0  26.19  19.4  130.0  10.0   120  0.1954     30M   0.08
F0002668   F   20       80   508.0  26.19  19.4  130.0  10.0   180  0.1954     45M   0.12
F0002669   F   20       80   508.0  26.19  19.4  130.0  10.0   240  0.1954     59M   0.16
F0002670   F   20       80   508.0  26.19  19.4  130.0  12.0     0  0.1954      0M   0.00
F0002671   F   20       80   508.0  26.19  19.4  130.0  12.0    60  0.1954     15M   0.04
F0002672   F   20       80   508.0  26.19  19.4  130.0  12.0   120  0.1954     30M   0.08
F0002673   F   20       80   508.0  26.19  19.4  130.0  12.0   180  0.1954     45M   0.12
F0002674   F   20       80   508.0  26.19  19.4  130.0  12.0   240  0.1954     59M   0.16
F0002675   F   20       80   508.0  26.19  19.4  145.0   4.0     0  0.1752      0M   0.00
F0002676   F   20       80   508.0  26.19  19.4  145.0   4.0    60  0.1752     15M   0.04
F0002677   F   20       80   508.0  26.19  19.4  145.0   4.0   120  0.1752     30M   0.08
F0002678   F   20       80   508.0  26.19  19.4  145.0   4.0   180  0.1752     45M   0.12
F0002679   F   20       80   508.0  26.19  19.4  145.0   4.0   240  0.1752     59M   0.16
F0002680   F   20       80   508.0  26.19  19.4  145.0   6.0     0  0.1752      0M   0.00
F0002681   F   20       80   508.0  26.19  19.4  145.0   6.0    60  0.1752     15M   0.04
F0002682   F   20       80   508.0  26.19  19.4  145.0   6.0   120  0.1752     30M   0.08
F0002683   F   20       80   508.0  26.19  19.4  145.0   6.0   180  0.1752     45M   0.12
F0002684   F   20       80   508.0  26.19  19.4  145.0   6.0   240  0.1752     59M   0.16
F0002685   F   20       80   508.0  26.19  19.4  145.0   8.0     0  0.1752      0M   0.00
F0002686   F   20       80   508.0  26.19  19.4  145.0   8.0    60  0.1752     15M   0.04
F0002687   F   20       80   508.0  26.19  19.4  145.0   8.0   120  0.1752     30M   0.08
F0002688   F   20       80   508.0  26.19  19.4  145.0   8.0   180  0.1752     45M   0.12
F0002689   F   20       80   508.0  26.19  19.4  145.0   8.0   240  0.1752     59M   0.16
F0002690   F   20       80   508.0  26.19  19.4  145.0  10.0     0  0.1752      0M   0.00
F0002691   F   20       80   508.0  26.19  19.4  145.0  10.0    60  0.1752     15M   0.04
F0002692   F   20       80   508.0  26.19  19.4  145.0  10.0   120  0.1752     30M   0.08
F0002693   F   20       80   508.0  26.19  19.4  145.0  10.0   180  0.1752     45M   0.12
F0002694   F   20       80   508.0  26.19  19.4  145.0  10.0   240  0.1752     59M   0.16
F0002695   F   20       80   508.0  26.19  19.4  145.0  12.0     0  0.1752      0M   0.00
F0002696   F   20       80   508.0  26.19  19.4  145.0  12.0    60  0.1752     15M   0.04
F0002697   F   20       80   508.0  26.19  19.4  145.0  12.0   120  0.1752     30M   0.08
F0002698   F   20       80   508.0  26.19  19.4  145.0  12.0   180  0.1752     45M   0.12
F0002699   F   20       80   508.0  26.19  19.4  145.0  12.0   240  0.1752     59M   0.16
F0002700   F   24       30   609.6  14.27  42.7   70.0   4.0     0  0.4354      0M   0.00
F0002701   F   24       30   609.6  14.27  42.7   70.0   4.0    60  0.4354     22M   0.06
F0002702   F   24       30   609.6  14.27  42.7   70.0   4.0   120  0.4354     44M   0.12
F0002703   F   24       30   609.6  14.27  42.7   70.0   4.0   180  0.4354     66M   0.18
F0002704   F   24       30   609.6  14.27  42.7   70.0   4.0   240  0.4354     88M   0.24
F0002705   F   24       30   609.6  14.27  42.7   70.0   6.0     0  0.4354      0M   0.00
F0002706   F   24       30   609.6  14.27  42.7   70.0   6.0    60  0.4354     22M   0.06
F0002707   F   24       30   609.6  14.27  42.7   70.0   6.0   120  0.4354     44M   0.12
F0002708   F   24       30   609.6  14.27  42.7   70.0   6.0   180  0.4354     66M   0.18
F0002709   F   24       30   609.6  14.27  42.7   70.0   6.0   240  0.4354     88M   0.24
F0002710   F   24       30   609.6  14.27  42.7   70.0   8.0     0  0.4354      0M   0.00
F0002711   F   24       30   609.6  14.27  42.7   70.0   8.0    60  0.4354     22M   0.06
F0002712   F   24       30   609.6  14.27  42.7   70.0   8.0   120  0.4354     44M   0.12
F0002713   F   24       30   609.6  14.27  42.7   70.0   8.0   180  0.4354     66M   0.18
F0002714   F   24       30   609.6  14.27  42.7   70.0   8.0   240  0.4354     88M   0.24
F0002715   F   24       30   609.6  14.27  42.7   70.0  10.0     0  0.4354      0M   0.00
F0002716   F   24       30   609.6  14.27  42.7   70.0  10.0    60  0.4354     22M   0.06
F0002717   F   24       30   609.6  14.27  42.7   70.0  10.0   120  0.4354     44M   0.12
F0002718   F   24       30   609.6  14.27  42.7   70.0  10.0   180  0.4354     66M   0.18
F0002719   F   24       30   609.6  14.27  42.7   70.0  10.0   240  0.4354     88M   0.24
F0002720   F   24       30   609.6  14.27  42.7   70.0  12.0     0  0.4354      0M   0.00
F0002721   F   24       30   609.6  14.27  42.7   70.0  12.0    60  0.4354     22M   0.06
F0002722   F   24       30   609.6  14.27  42.7   70.0  12.0   120  0.4354     44M   0.12
F0002723   F   24       30   609.6  14.27  42.7   70.0  12.0   180  0.4354     66M   0.18
F0002724   F   24       30   609.6  14.27  42.7   70.0  12.0   240  0.4354     88M   0.24
F0002725   F   24       30   609.6  14.27  42.7   85.0   4.0     0  0.3586      0M   0.00
F0002726   F   24       30   609.6  14.27  42.7   85.0   4.0    60  0.3586     22M   0.06
F0002727   F   24       30   609.6  14.27  42.7   85.0   4.0   120  0.3586     44M   0.12
F0002728   F   24       30   609.6  14.27  42.7   85.0   4.0   180  0.3586     66M   0.18
F0002729   F   24       30   609.6  14.27  42.7   85.0   4.0   240  0.3586     88M   0.24
F0002730   F   24       30   609.6  14.27  42.7   85.0   6.0     0  0.3586      0M   0.00
F0002731   F   24       30   609.6  14.27  42.7   85.0   6.0    60  0.3586     22M   0.06
F0002732   F   24       30   609.6  14.27  42.7   85.0   6.0   120  0.3586     44M   0.12
F0002733   F   24       30   609.6  14.27  42.7   85.0   6.0   180  0.3586     66M   0.18
F0002734   F   24       30   609.6  14.27  42.7   85.0   6.0   240  0.3586     88M   0.24
F0002735   F   24       30   609.6  14.27  42.7   85.0   8.0     0  0.3586      0M   0.00
F0002736   F   24       30   609.6  14.27  42.7   85.0   8.0    60  0.3586     22M   0.06
F0002737   F   24       30   609.6  14.27  42.7   85.0   8.0   120  0.3586     44M   0.12
F0002738   F   24       30   609.6  14.27  42.7   85.0   8.0   180  0.3586     66M   0.18
F0002739   F   24       30   609.6  14.27  42.7   85.0   8.0   240  0.3586     88M   0.24
F0002740   F   24       30   609.6  14.27  42.7   85.0  10.0     0  0.3586      0M   0.00
F0002741   F   24       30   609.6  14.27  42.7   85.0  10.0    60  0.3586     22M   0.06
F0002742   F   24       30   609.6  14.27  42.7   85.0  10.0   120  0.3586     44M   0.12
F0002743   F   24       30   609.6  14.27  42.7   85.0  10.0   180  0.3586     66M   0.18
F0002744   F   24       30   609.6  14.27  42.7   85.0  10.0   240  0.3586     88M   0.24
F0002745   F   24       30   609.6  14.27  42.7   85.0  12.0     0  0.3586      0M   0.00
F0002746   F   24       30   609.6  14.27  42.7   85.0  12.0    60  0.3586     22M   0.06
F0002747   F   24       30   609.6  14.27  42.7   85.0  12.0   120  0.3586     44M   0.12
F0002748   F   24       30   609.6  14.27  42.7   85.0  12.0   180  0.3586     66M   0.18
F0002749   F   24       30   609.6  14.27  42.7   85.0  12.0   240  0.3586     88M   0.24
F0002750   F   24       30   609.6  14.27  42.7  100.0   4.0     0  0.3048      0M   0.00
F0002751   F   24       30   609.6  14.27  42.7  100.0   4.0    60  0.3048     22M   0.06
F0002752   F   24       30   609.6  14.27  42.7  100.0   4.0   120  0.3048     44M   0.12
F0002753   F   24       30   609.6  14.27  42.7  100.0   4.0   180  0.3048     66M   0.18
F0002754   F   24       30   609.6  14.27  42.7  100.0   4.0   240  0.3048     88M   0.24
F0002755   F   24       30   609.6  14.27  42.7  100.0   6.0     0  0.3048      0M   0.00
F0002756   F   24       30   609.6  14.27  42.7  100.0   6.0    60  0.3048     22M   0.06
F0002757   F   24       30   609.6  14.27  42.7  100.0   6.0   120  0.3048     44M   0.12
F0002758   F   24       30   609.6  14.27  42.7  100.0   6.0   180  0.3048     66M   0.18
F0002759   F   24       30   609.6  14.27  42.7  100.0   6.0   240  0.3048     88M   0.24
F0002760   F   24       30   609.6  14.27  42.7  100.0   8.0     0  0.3048      0M   0.00
F0002761   F   24       30   609.6  14.27  42.7  100.0   8.0    60  0.3048     22M   0.06
F0002762   F   24       30   609.6  14.27  42.7  100.0   8.0   120  0.3048     44M   0.12
F0002763   F   24       30   609.6  14.27  42.7  100.0   8.0   180  0.3048     66M   0.18
F0002764   F   24       30   609.6  14.27  42.7  100.0   8.0   240  0.3048     88M   0.24
F0002765   F   24       30   609.6  14.27  42.7  100.0  10.0     0  0.3048      0M   0.00
F0002766   F   24       30   609.6  14.27  42.7  100.0  10.0    60  0.3048     22M   0.06
F0002767   F   24       30   609.6  14.27  42.7  100.0  10.0   120  0.3048     44M   0.12
F0002768   F   24       30   609.6  14.27  42.7  100.0  10.0   180  0.3048     66M   0.18
F0002769   F   24       30   609.6  14.27  42.7  100.0  10.0   240  0.3048     88M   0.24
F0002770   F   24       30   609.6  14.27  42.7  100.0  12.0     0  0.3048      0M   0.00
F0002771   F   24       30   609.6  14.27  42.7  100.0  12.0    60  0.3048     22M   0.06
F0002772   F   24       30   609.6  14.27  42.7  100.0  12.0   120  0.3048     44M   0.12
F0002773   F   24       30   609.6  14.27  42.7  100.0  12.0   180  0.3048     66M   0.18
F0002774   F   24       30   609.6  14.27  42.7  100.0  12.0   240  0.3048     88M   0.24
F0002775   F   24       30   609.6  14.27  42.7  115.0   4.0     0  0.2650      0M   0.00
F0002776   F   24       30   609.6  14.27  42.7  115.0   4.0    60  0.2650     22M   0.06
F0002777   F   24       30   609.6  14.27  42.7  115.0   4.0   120  0.2650     44M   0.12
F0002778   F   24       30   609.6  14.27  42.7  115.0   4.0   180  0.2650     66M   0.18
F0002779   F   24       30   609.6  14.27  42.7  115.0   4.0   240  0.2650     88M   0.24
F0002780   F   24       30   609.6  14.27  42.7  115.0   6.0     0  0.2650      0M   0.00
F0002781   F   24       30   609.6  14.27  42.7  115.0   6.0    60  0.2650     22M   0.06
F0002782   F   24       30   609.6  14.27  42.7  115.0   6.0   120  0.2650     44M   0.12
F0002783   F   24       30   609.6  14.27  42.7  115.0   6.0   180  0.2650     66M   0.18
F0002784   F   24       30   609.6  14.27  42.7  115.0   6.0   240  0.2650     88M   0.24
F0002785   F   24       30   609.6  14.27  42.7  115.0   8.0     0  0.2650      0M   0.00
F0002786   F   24       30   609.6  14.27  42.7  115.0   8.0    60  0.2650     22M   0.06
F0002787   F   24       30   609.6  14.27  42.7  115.0   8.0   120  0.2650     44M   0.12
F0002788   F   24       30   609.6  14.27  42.7  115.0   8.0   180  0.2650     66M   0.18
F0002789   F   24       30   609.6  14.27  42.7  115.0   8.0   240  0.2650     88M   0.24
F0002790   F   24       30   609.6  14.27  42.7  115.0  10.0     0  0.2650      0M   0.00
F0002791   F   24       30   609.6  14.27  42.7  115.0  10.0    60  0.2650     22M   0.06
F0002792   F   24       30   609.6  14.27  42.7  115.0  10.0   120  0.2650     44M   0.12
F0002793   F   24       30   609.6  14.27  42.7  115.0  10.0   180  0.2650     66M   0.18
F0002794   F   24       30   609.6  14.27  42.7  115.0  10.0   240  0.2650     88M   0.24
F0002795   F   24       30   609.6  14.27  42.7  115.0  12.0     0  0.2650      0M   0.00
F0002796   F   24       30   609.6  14.27  42.7  115.0  12.0    60  0.2650     22M   0.06
F0002797   F   24       30   609.6  14.27  42.7  115.0  12.0   120  0.2650     44M   0.12
F0002798   F   24       30   609.6  14.27  42.7  115.0  12.0   180  0.2650     66M   0.18
F0002799   F   24       30   609.6  14.27  42.7  115.0  12.0   240  0.2650     88M   0.24
F0002800   F   24       30   609.6  14.27  42.7  130.0   4.0     0  0.2345      0M   0.00
F0002801   F   24       30   609.6  14.27  42.7  130.0   4.0    60  0.2345     22M   0.06
F0002802   F   24       30   609.6  14.27  42.7  130.0   4.0   120  0.2345     44M   0.12
F0002803   F   24       30   609.6  14.27  42.7  130.0   4.0   180  0.2345     66M   0.18
F0002804   F   24       30   609.6  14.27  42.7  130.0   4.0   240  0.2345     88M   0.24
F0002805   F   24       30   609.6  14.27  42.7  130.0   6.0     0  0.2345      0M   0.00
F0002806   F   24       30   609.6  14.27  42.7  130.0   6.0    60  0.2345     22M   0.06
F0002807   F   24       30   609.6  14.27  42.7  130.0   6.0   120  0.2345     44M   0.12
F0002808   F   24       30   609.6  14.27  42.7  130.0   6.0   180  0.2345     66M   0.18
F0002809   F   24       30   609.6  14.27  42.7  130.0   6.0   240  0.2345     88M   0.24
F0002810   F   24       30   609.6  14.27  42.7  130.0   8.0     0  0.2345      0M   0.00
F0002811   F   24       30   609.6  14.27  42.7  130.0   8.0    60  0.2345     22M   0.06
F0002812   F   24       30   609.6  14.27  42.7  130.0   8.0   120  0.2345     44M   0.12
F0002813   F   24       30   609.6  14.27  42.7  130.0   8.0   180  0.2345     66M   0.18
F0002814   F   24       30   609.6  14.27  42.7  130.0   8.0   240  0.2345     88M   0.24
F0002815   F   24       30   609.6  14.27  42.7  130.0  10.0     0  0.2345      0M   0.00
F0002816   F   24       30   609.6  14.27  42.7  130.0  10.0    60  0.2345     22M   0.06
F0002817   F   24       30   609.6  14.27  42.7  130.0  10.0   120  0.2345     44M   0.12
F0002818   F   24       30   609.6  14.27  42.7  130.0  10.0   180  0.2345     66M   0.18
F0002819   F   24       30   609.6  14.27  42.7  130.0  10.0   240  0.2345     88M   0.24
F0002820   F   24       30   609.6  14.27  42.7  130.0  12.0     0  0.2345      0M   0.00
F0002821   F   24       30   609.6  14.27  42.7  130.0  12.0    60  0.2345     22M   0.06
F0002822   F   24       30   609.6  14.27  42.7  130.0  12.0   120  0.2345     44M   0.12
F0002823   F   24       30   609.6  14.27  42.7  130.0  12.0   180  0.2345     66M   0.18
F0002824   F   24       30   609.6  14.27  42.7  130.0  12.0   240  0.2345     88M   0.24
F0002825   F   24       30   609.6  14.27  42.7  145.0   4.0     0  0.2102      0M   0.00
F0002826   F   24       30   609.6  14.27  42.7  145.0   4.0    60  0.2102     22M   0.06
F0002827   F   24       30   609.6  14.27  42.7  145.0   4.0   120  0.2102     44M   0.12
F0002828   F   24       30   609.6  14.27  42.7  145.0   4.0   180  0.2102     66M   0.18
F0002829   F   24       30   609.6  14.27  42.7  145.0   4.0   240  0.2102     88M   0.24
F0002830   F   24       30   609.6  14.27  42.7  145.0   6.0     0  0.2102      0M   0.00
F0002831   F   24       30   609.6  14.27  42.7  145.0   6.0    60  0.2102     22M   0.06
F0002832   F   24       30   609.6  14.27  42.7  145.0   6.0   120  0.2102     44M   0.12
F0002833   F   24       30   609.6  14.27  42.7  145.0   6.0   180  0.2102     66M   0.18
F0002834   F   24       30   609.6  14.27  42.7  145.0   6.0   240  0.2102     88M   0.24
F0002835   F   24       30   609.6  14.27  42.7  145.0   8.0     0  0.2102      0M   0.00
F0002836   F   24       30   609.6  14.27  42.7  145.0   8.0    60  0.2102     22M   0.06
F0002837   F   24       30   609.6  14.27  42.7  145.0   8.0   120  0.2102     44M   0.12
F0002838   F   24       30   609.6  14.27  42.7  145.0   8.0   180  0.2102     66M   0.18
F0002839   F   24       30   609.6  14.27  42.7  145.0   8.0   240  0.2102     88M   0.24
F0002840   F   24       30   609.6  14.27  42.7  145.0  10.0     0  0.2102      0M   0.00
F0002841   F   24       30   609.6  14.27  42.7  145.0  10.0    60  0.2102     22M   0.06
F0002842   F   24       30   609.6  14.27  42.7  145.0  10.0   120  0.2102     44M   0.12
F0002843   F   24       30   609.6  14.27  42.7  145.0  10.0   180  0.2102     66M   0.18
F0002844   F   24       30   609.6  14.27  42.7  145.0  10.0   240  0.2102     88M   0.24
F0002845   F   24       30   609.6  14.27  42.7  145.0  12.0     0  0.2102      0M   0.00
F0002846   F   24       30   609.6  14.27  42.7  145.0  12.0    60  0.2102     22M   0.06
F0002847   F   24       30   609.6  14.27  42.7  145.0  12.0   120  0.2102     44M   0.12
F0002848   F   24       30   609.6  14.27  42.7  145.0  12.0   180  0.2102     66M   0.18
F0002849   F   24       30   609.6  14.27  42.7  145.0  12.0   240  0.2102     88M   0.24
F0002850   F   24       60   609.6  24.61  24.8   70.0   4.0     0  0.4354      0M   0.00
F0002851   F   24       60   609.6  24.61  24.8   70.0   4.0    60  0.4354     13M   0.04
F0002852   F   24       60   609.6  24.61  24.8   70.0   4.0   120  0.4354     26M   0.07
F0002853   F   24       60   609.6  24.61  24.8   70.0   4.0   180  0.4354     39M   0.11
F0002854   F   24       60   609.6  24.61  24.8   70.0   4.0   240  0.4354     52M   0.14
F0002855   F   24       60   609.6  24.61  24.8   70.0   6.0     0  0.4354      0M   0.00
F0002856   F   24       60   609.6  24.61  24.8   70.0   6.0    60  0.4354     13M   0.04
F0002857   F   24       60   609.6  24.61  24.8   70.0   6.0   120  0.4354     26M   0.07
F0002858   F   24       60   609.6  24.61  24.8   70.0   6.0   180  0.4354     39M   0.11
F0002859   F   24       60   609.6  24.61  24.8   70.0   6.0   240  0.4354     52M   0.14
F0002860   F   24       60   609.6  24.61  24.8   70.0   8.0     0  0.4354      0M   0.00
F0002861   F   24       60   609.6  24.61  24.8   70.0   8.0    60  0.4354     13M   0.04
F0002862   F   24       60   609.6  24.61  24.8   70.0   8.0   120  0.4354     26M   0.07
F0002863   F   24       60   609.6  24.61  24.8   70.0   8.0   180  0.4354     39M   0.11
F0002864   F   24       60   609.6  24.61  24.8   70.0   8.0   240  0.4354     52M   0.14
F0002865   F   24       60   609.6  24.61  24.8   70.0  10.0     0  0.4354      0M   0.00
F0002866   F   24       60   609.6  24.61  24.8   70.0  10.0    60  0.4354     13M   0.04
F0002867   F   24       60   609.6  24.61  24.8   70.0  10.0   120  0.4354     26M   0.07
F0002868   F   24       60   609.6  24.61  24.8   70.0  10.0   180  0.4354     39M   0.11
F0002869   F   24       60   609.6  24.61  24.8   70.0  10.0   240  0.4354     52M   0.14
F0002870   F   24       60   609.6  24.61  24.8   70.0  12.0     0  0.4354      0M   0.00
F0002871   F   24       60   609.6  24.61  24.8   70.0  12.0    60  0.4354     13M   0.04
F0002872   F   24       60   609.6  24.61  24.8   70.0  12.0   120  0.4354     26M   0.07
F0002873   F   24       60   609.6  24.61  24.8   70.0  12.0   180  0.4354     39M   0.11
F0002874   F   24       60   609.6  24.61  24.8   70.0  12.0   240  0.4354     52M   0.14
F0002875   F   24       60   609.6  24.61  24.8   85.0   4.0     0  0.3586      0M   0.00
F0002876   F   24       60   609.6  24.61  24.8   85.0   4.0    60  0.3586     13M   0.04
F0002877   F   24       60   609.6  24.61  24.8   85.0   4.0   120  0.3586     26M   0.07
F0002878   F   24       60   609.6  24.61  24.8   85.0   4.0   180  0.3586     39M   0.11
F0002879   F   24       60   609.6  24.61  24.8   85.0   4.0   240  0.3586     52M   0.14
F0002880   F   24       60   609.6  24.61  24.8   85.0   6.0     0  0.3586      0M   0.00
F0002881   F   24       60   609.6  24.61  24.8   85.0   6.0    60  0.3586     13M   0.04
F0002882   F   24       60   609.6  24.61  24.8   85.0   6.0   120  0.3586     26M   0.07
F0002883   F   24       60   609.6  24.61  24.8   85.0   6.0   180  0.3586     39M   0.11
F0002884   F   24       60   609.6  24.61  24.8   85.0   6.0   240  0.3586     52M   0.14
F0002885   F   24       60   609.6  24.61  24.8   85.0   8.0     0  0.3586      0M   0.00
F0002886   F   24       60   609.6  24.61  24.8   85.0   8.0    60  0.3586     13M   0.04
F0002887   F   24       60   609.6  24.61  24.8   85.0   8.0   120  0.3586     26M   0.07
F0002888   F   24       60   609.6  24.61  24.8   85.0   8.0   180  0.3586     39M   0.11
F0002889   F   24       60   609.6  24.61  24.8   85.0   8.0   240  0.3586     52M   0.14
F0002890   F   24       60   609.6  24.61  24.8   85.0  10.0     0  0.3586      0M   0.00
F0002891   F   24       60   609.6  24.61  24.8   85.0  10.0    60  0.3586     13M   0.04
F0002892   F   24       60   609.6  24.61  24.8   85.0  10.0   120  0.3586     26M   0.07
F0002893   F   24       60   609.6  24.61  24.8   85.0  10.0   180  0.3586     39M   0.11
F0002894   F   24       60   609.6  24.61  24.8   85.0  10.0   240  0.3586     52M   0.14
F0002895   F   24       60   609.6  24.61  24.8   85.0  12.0     0  0.3586      0M   0.00
F0002896   F   24       60   609.6  24.61  24.8   85.0  12.0    60  0.3586     13M   0.04
F0002897   F   24       60   609.6  24.61  24.8   85.0  12.0   120  0.3586     26M   0.07
F0002898   F   24       60   609.6  24.61  24.8   85.0  12.0   180  0.3586     39M   0.11
F0002899   F   24       60   609.6  24.61  24.8   85.0  12.0   240  0.3586     52M   0.14
F0002900   F   24       60   609.6  24.61  24.8  100.0   4.0     0  0.3048      0M   0.00
F0002901   F   24       60   609.6  24.61  24.8  100.0   4.0    60  0.3048     13M   0.04
F0002902   F   24       60   609.6  24.61  24.8  100.0   4.0   120  0.3048     26M   0.07
F0002903   F   24       60   609.6  24.61  24.8  100.0   4.0   180  0.3048     39M   0.11
F0002904   F   24       60   609.6  24.61  24.8  100.0   4.0   240  0.3048     52M   0.14
F0002905   F   24       60   609.6  24.61  24.8  100.0   6.0     0  0.3048      0M   0.00
F0002906   F   24       60   609.6  24.61  24.8  100.0   6.0    60  0.3048     13M   0.04
F0002907   F   24       60   609.6  24.61  24.8  100.0   6.0   120  0.3048     26M   0.07
F0002908   F   24       60   609.6  24.61  24.8  100.0   6.0   180  0.3048     39M   0.11
F0002909   F   24       60   609.6  24.61  24.8  100.0   6.0   240  0.3048     52M   0.14
F0002910   F   24       60   609.6  24.61  24.8  100.0   8.0     0  0.3048      0M   0.00
F0002911   F   24       60   609.6  24.61  24.8  100.0   8.0    60  0.3048     13M   0.04
F0002912   F   24       60   609.6  24.61  24.8  100.0   8.0   120  0.3048     26M   0.07
F0002913   F   24       60   609.6  24.61  24.8  100.0   8.0   180  0.3048     39M   0.11
F0002914   F   24       60   609.6  24.61  24.8  100.0   8.0   240  0.3048     52M   0.14
F0002915   F   24       60   609.6  24.61  24.8  100.0  10.0     0  0.3048      0M   0.00
F0002916   F   24       60   609.6  24.61  24.8  100.0  10.0    60  0.3048     13M   0.04
F0002917   F   24       60   609.6  24.61  24.8  100.0  10.0   120  0.3048     26M   0.07
F0002918   F   24       60   609.6  24.61  24.8  100.0  10.0   180  0.3048     39M   0.11
F0002919   F   24       60   609.6  24.61  24.8  100.0  10.0   240  0.3048     52M   0.14
F0002920   F   24       60   609.6  24.61  24.8  100.0  12.0     0  0.3048      0M   0.00
F0002921   F   24       60   609.6  24.61  24.8  100.0  12.0    60  0.3048     13M   0.04
F0002922   F   24       60   609.6  24.61  24.8  100.0  12.0   120  0.3048     26M   0.07
F0002923   F   24       60   609.6  24.61  24.8  100.0  12.0   180  0.3048     39M   0.11
F0002924   F   24       60   609.6  24.61  24.8  100.0  12.0   240  0.3048     52M   0.14
F0002925   F   24       60   609.6  24.61  24.8  115.0   4.0     0  0.2650      0M   0.00
F0002926   F   24       60   609.6  24.61  24.8  115.0   4.0    60  0.2650     13M   0.04
F0002927   F   24       60   609.6  24.61  24.8  115.0   4.0   120  0.2650     26M   0.07
F0002928   F   24       60   609.6  24.61  24.8  115.0   4.0   180  0.2650     39M   0.11
F0002929   F   24       60   609.6  24.61  24.8  115.0   4.0   240  0.2650     52M   0.14
F0002930   F   24       60   609.6  24.61  24.8  115.0   6.0     0  0.2650      0M   0.00
F0002931   F   24       60   609.6  24.61  24.8  115.0   6.0    60  0.2650     13M   0.04
F0002932   F   24       60   609.6  24.61  24.8  115.0   6.0   120  0.2650     26M   0.07
F0002933   F   24       60   609.6  24.61  24.8  115.0   6.0   180  0.2650     39M   0.11
F0002934   F   24       60   609.6  24.61  24.8  115.0   6.0   240  0.2650     52M   0.14
F0002935   F   24       60   609.6  24.61  24.8  115.0   8.0     0  0.2650      0M   0.00
F0002936   F   24       60   609.6  24.61  24.8  115.0   8.0    60  0.2650     13M   0.04
F0002937   F   24       60   609.6  24.61  24.8  115.0   8.0   120  0.2650     26M   0.07
F0002938   F   24       60   609.6  24.61  24.8  115.0   8.0   180  0.2650     39M   0.11
F0002939   F   24       60   609.6  24.61  24.8  115.0   8.0   240  0.2650     52M   0.14
F0002940   F   24       60   609.6  24.61  24.8  115.0  10.0     0  0.2650      0M   0.00
F0002941   F   24       60   609.6  24.61  24.8  115.0  10.0    60  0.2650     13M   0.04
F0002942   F   24       60   609.6  24.61  24.8  115.0  10.0   120  0.2650     26M   0.07
F0002943   F   24       60   609.6  24.61  24.8  115.0  10.0   180  0.2650     39M   0.11
F0002944   F   24       60   609.6  24.61  24.8  115.0  10.0   240  0.2650     52M   0.14
F0002945   F   24       60   609.6  24.61  24.8  115.0  12.0     0  0.2650      0M   0.00
F0002946   F   24       60   609.6  24.61  24.8  115.0  12.0    60  0.2650     13M   0.04
F0002947   F   24       60   609.6  24.61  24.8  115.0  12.0   120  0.2650     26M   0.07
F0002948   F   24       60   609.6  24.61  24.8  115.0  12.0   180  0.2650     39M   0.11
F0002949   F   24       60   609.6  24.61  24.8  115.0  12.0   240  0.2650     52M   0.14
F0002950   F   24       60   609.6  24.61  24.8  130.0   4.0     0  0.2345      0M   0.00
F0002951   F   24       60   609.6  24.61  24.8  130.0   4.0    60  0.2345     13M   0.04
F0002952   F   24       60   609.6  24.61  24.8  130.0   4.0   120  0.2345     26M   0.07
F0002953   F   24       60   609.6  24.61  24.8  130.0   4.0   180  0.2345     39M   0.11
F0002954   F   24       60   609.6  24.61  24.8  130.0   4.0   240  0.2345     52M   0.14
F0002955   F   24       60   609.6  24.61  24.8  130.0   6.0     0  0.2345      0M   0.00
F0002956   F   24       60   609.6  24.61  24.8  130.0   6.0    60  0.2345     13M   0.04
F0002957   F   24       60   609.6  24.61  24.8  130.0   6.0   120  0.2345     26M   0.07
F0002958   F   24       60   609.6  24.61  24.8  130.0   6.0   180  0.2345     39M   0.11
F0002959   F   24       60   609.6  24.61  24.8  130.0   6.0   240  0.2345     52M   0.14
F0002960   F   24       60   609.6  24.61  24.8  130.0   8.0     0  0.2345      0M   0.00
F0002961   F   24       60   609.6  24.61  24.8  130.0   8.0    60  0.2345     13M   0.04
F0002962   F   24       60   609.6  24.61  24.8  130.0   8.0   120  0.2345     26M   0.07
F0002963   F   24       60   609.6  24.61  24.8  130.0   8.0   180  0.2345     39M   0.11
F0002964   F   24       60   609.6  24.61  24.8  130.0   8.0   240  0.2345     52M   0.14
F0002965   F   24       60   609.6  24.61  24.8  130.0  10.0     0  0.2345      0M   0.00
F0002966   F   24       60   609.6  24.61  24.8  130.0  10.0    60  0.2345     13M   0.04
F0002967   F   24       60   609.6  24.61  24.8  130.0  10.0   120  0.2345     26M   0.07
F0002968   F   24       60   609.6  24.61  24.8  130.0  10.0   180  0.2345     39M   0.11
F0002969   F   24       60   609.6  24.61  24.8  130.0  10.0   240  0.2345     52M   0.14
F0002970   F   24       60   609.6  24.61  24.8  130.0  12.0     0  0.2345      0M   0.00
F0002971   F   24       60   609.6  24.61  24.8  130.0  12.0    60  0.2345     13M   0.04
F0002972   F   24       60   609.6  24.61  24.8  130.0  12.0   120  0.2345     26M   0.07
F0002973   F   24       60   609.6  24.61  24.8  130.0  12.0   180  0.2345     39M   0.11
F0002974   F   24       60   609.6  24.61  24.8  130.0  12.0   240  0.2345     52M   0.14
F0002975   F   24       60   609.6  24.61  24.8  145.0   4.0     0  0.2102      0M   0.00
F0002976   F   24       60   609.6  24.61  24.8  145.0   4.0    60  0.2102     13M   0.04
F0002977   F   24       60   609.6  24.61  24.8  145.0   4.0   120  0.2102     26M   0.07
F0002978   F   24       60   609.6  24.61  24.8  145.0   4.0   180  0.2102     39M   0.11
F0002979   F   24       60   609.6  24.61  24.8  145.0   4.0   240  0.2102     52M   0.14
F0002980   F   24       60   609.6  24.61  24.8  145.0   6.0     0  0.2102      0M   0.00
F0002981   F   24       60   609.6  24.61  24.8  145.0   6.0    60  0.2102     13M   0.04
F0002982   F   24       60   609.6  24.61  24.8  145.0   6.0   120  0.2102     26M   0.07
F0002983   F   24       60   609.6  24.61  24.8  145.0   6.0   180  0.2102     39M   0.11
F0002984   F   24       60   609.6  24.61  24.8  145.0   6.0   240  0.2102     52M   0.14
F0002985   F   24       60   609.6  24.61  24.8  145.0   8.0     0  0.2102      0M   0.00
F0002986   F   24       60   609.6  24.61  24.8  145.0   8.0    60  0.2102     13M   0.04
F0002987   F   24       60   609.6  24.61  24.8  145.0   8.0   120  0.2102     26M   0.07
F0002988   F   24       60   609.6  24.61  24.8  145.0   8.0   180  0.2102     39M   0.11
F0002989   F   24       60   609.6  24.61  24.8  145.0   8.0   240  0.2102     52M   0.14
F0002990   F   24       60   609.6  24.61  24.8  145.0  10.0     0  0.2102      0M   0.00
F0002991   F   24       60   609.6  24.61  24.8  145.0  10.0    60  0.2102     13M   0.04
F0002992   F   24       60   609.6  24.61  24.8  145.0  10.0   120  0.2102     26M   0.07
F0002993   F   24       60   609.6  24.61  24.8  145.0  10.0   180  0.2102     39M   0.11
F0002994   F   24       60   609.6  24.61  24.8  145.0  10.0   240  0.2102     52M   0.14
F0002995   F   24       60   609.6  24.61  24.8  145.0  12.0     0  0.2102      0M   0.00
F0002996   F   24       60   609.6  24.61  24.8  145.0  12.0    60  0.2102     13M   0.04
F0002997   F   24       60   609.6  24.61  24.8  145.0  12.0   120  0.2102     26M   0.07
F0002998   F   24       60   609.6  24.61  24.8  145.0  12.0   180  0.2102     39M   0.11
F0002999   F   24       60   609.6  24.61  24.8  145.0  12.0   240  0.2102     52M   0.14
F0003000   F   24       80   609.6  30.96  19.7   70.0   4.0     0  0.4354      0M   0.00
F0003001   F   24       80   609.6  30.96  19.7   70.0   4.0    60  0.4354     10M   0.03
F0003002   F   24       80   609.6  30.96  19.7   70.0   4.0   120  0.4354     21M   0.06
F0003003   F   24       80   609.6  30.96  19.7   70.0   4.0   180  0.4354     31M   0.09
F0003004   F   24       80   609.6  30.96  19.7   70.0   4.0   240  0.4354     42M   0.12
F0003005   F   24       80   609.6  30.96  19.7   70.0   6.0     0  0.4354      0M   0.00
F0003006   F   24       80   609.6  30.96  19.7   70.0   6.0    60  0.4354     10M   0.03
F0003007   F   24       80   609.6  30.96  19.7   70.0   6.0   120  0.4354     21M   0.06
F0003008   F   24       80   609.6  30.96  19.7   70.0   6.0   180  0.4354     31M   0.09
F0003009   F   24       80   609.6  30.96  19.7   70.0   6.0   240  0.4354     42M   0.12
F0003010   F   24       80   609.6  30.96  19.7   70.0   8.0     0  0.4354      0M   0.00
F0003011   F   24       80   609.6  30.96  19.7   70.0   8.0    60  0.4354     10M   0.03
F0003012   F   24       80   609.6  30.96  19.7   70.0   8.0   120  0.4354     21M   0.06
F0003013   F   24       80   609.6  30.96  19.7   70.0   8.0   180  0.4354     31M   0.09
F0003014   F   24       80   609.6  30.96  19.7   70.0   8.0   240  0.4354     42M   0.12
F0003015   F   24       80   609.6  30.96  19.7   70.0  10.0     0  0.4354      0M   0.00
F0003016   F   24       80   609.6  30.96  19.7   70.0  10.0    60  0.4354     10M   0.03
F0003017   F   24       80   609.6  30.96  19.7   70.0  10.0   120  0.4354     21M   0.06
F0003018   F   24       80   609.6  30.96  19.7   70.0  10.0   180  0.4354     31M   0.09
F0003019   F   24       80   609.6  30.96  19.7   70.0  10.0   240  0.4354     42M   0.12
F0003020   F   24       80   609.6  30.96  19.7   70.0  12.0     0  0.4354      0M   0.00
F0003021   F   24       80   609.6  30.96  19.7   70.0  12.0    60  0.4354     10M   0.03
F0003022   F   24       80   609.6  30.96  19.7   70.0  12.0   120  0.4354     21M   0.06
F0003023   F   24       80   609.6  30.96  19.7   70.0  12.0   180  0.4354     31M   0.09
F0003024   F   24       80   609.6  30.96  19.7   70.0  12.0   240  0.4354     42M   0.12
F0003025   F   24       80   609.6  30.96  19.7   85.0   4.0     0  0.3586      0M   0.00
F0003026   F   24       80   609.6  30.96  19.7   85.0   4.0    60  0.3586     10M   0.03
F0003027   F   24       80   609.6  30.96  19.7   85.0   4.0   120  0.3586     21M   0.06
F0003028   F   24       80   609.6  30.96  19.7   85.0   4.0   180  0.3586     31M   0.09
F0003029   F   24       80   609.6  30.96  19.7   85.0   4.0   240  0.3586     42M   0.12
F0003030   F   24       80   609.6  30.96  19.7   85.0   6.0     0  0.3586      0M   0.00
F0003031   F   24       80   609.6  30.96  19.7   85.0   6.0    60  0.3586     10M   0.03
F0003032   F   24       80   609.6  30.96  19.7   85.0   6.0   120  0.3586     21M   0.06
F0003033   F   24       80   609.6  30.96  19.7   85.0   6.0   180  0.3586     31M   0.09
F0003034   F   24       80   609.6  30.96  19.7   85.0   6.0   240  0.3586     42M   0.12
F0003035   F   24       80   609.6  30.96  19.7   85.0   8.0     0  0.3586      0M   0.00
F0003036   F   24       80   609.6  30.96  19.7   85.0   8.0    60  0.3586     10M   0.03
F0003037   F   24       80   609.6  30.96  19.7   85.0   8.0   120  0.3586     21M   0.06
F0003038   F   24       80   609.6  30.96  19.7   85.0   8.0   180  0.3586     31M   0.09
F0003039   F   24       80   609.6  30.96  19.7   85.0   8.0   240  0.3586     42M   0.12
F0003040   F   24       80   609.6  30.96  19.7   85.0  10.0     0  0.3586      0M   0.00
F0003041   F   24       80   609.6  30.96  19.7   85.0  10.0    60  0.3586     10M   0.03
F0003042   F   24       80   609.6  30.96  19.7   85.0  10.0   120  0.3586     21M   0.06
F0003043   F   24       80   609.6  30.96  19.7   85.0  10.0   180  0.3586     31M   0.09
F0003044   F   24       80   609.6  30.96  19.7   85.0  10.0   240  0.3586     42M   0.12
F0003045   F   24       80   609.6  30.96  19.7   85.0  12.0     0  0.3586      0M   0.00
F0003046   F   24       80   609.6  30.96  19.7   85.0  12.0    60  0.3586     10M   0.03
F0003047   F   24       80   609.6  30.96  19.7   85.0  12.0   120  0.3586     21M   0.06
F0003048   F   24       80   609.6  30.96  19.7   85.0  12.0   180  0.3586     31M   0.09
F0003049   F   24       80   609.6  30.96  19.7   85.0  12.0   240  0.3586     42M   0.12
F0003050   F   24       80   609.6  30.96  19.7  100.0   4.0     0  0.3048      0M   0.00
F0003051   F   24       80   609.6  30.96  19.7  100.0   4.0    60  0.3048     10M   0.03
F0003052   F   24       80   609.6  30.96  19.7  100.0   4.0   120  0.3048     21M   0.06
F0003053   F   24       80   609.6  30.96  19.7  100.0   4.0   180  0.3048     31M   0.09
F0003054   F   24       80   609.6  30.96  19.7  100.0   4.0   240  0.3048     42M   0.12
F0003055   F   24       80   609.6  30.96  19.7  100.0   6.0     0  0.3048      0M   0.00
F0003056   F   24       80   609.6  30.96  19.7  100.0   6.0    60  0.3048     10M   0.03
F0003057   F   24       80   609.6  30.96  19.7  100.0   6.0   120  0.3048     21M   0.06
F0003058   F   24       80   609.6  30.96  19.7  100.0   6.0   180  0.3048     31M   0.09
F0003059   F   24       80   609.6  30.96  19.7  100.0   6.0   240  0.3048     42M   0.12
F0003060   F   24       80   609.6  30.96  19.7  100.0   8.0     0  0.3048      0M   0.00
F0003061   F   24       80   609.6  30.96  19.7  100.0   8.0    60  0.3048     10M   0.03
F0003062   F   24       80   609.6  30.96  19.7  100.0   8.0   120  0.3048     21M   0.06
F0003063   F   24       80   609.6  30.96  19.7  100.0   8.0   180  0.3048     31M   0.09
F0003064   F   24       80   609.6  30.96  19.7  100.0   8.0   240  0.3048     42M   0.12
F0003065   F   24       80   609.6  30.96  19.7  100.0  10.0     0  0.3048      0M   0.00
F0003066   F   24       80   609.6  30.96  19.7  100.0  10.0    60  0.3048     10M   0.03
F0003067   F   24       80   609.6  30.96  19.7  100.0  10.0   120  0.3048     21M   0.06
F0003068   F   24       80   609.6  30.96  19.7  100.0  10.0   180  0.3048     31M   0.09
F0003069   F   24       80   609.6  30.96  19.7  100.0  10.0   240  0.3048     42M   0.12
F0003070   F   24       80   609.6  30.96  19.7  100.0  12.0     0  0.3048      0M   0.00
F0003071   F   24       80   609.6  30.96  19.7  100.0  12.0    60  0.3048     10M   0.03
F0003072   F   24       80   609.6  30.96  19.7  100.0  12.0   120  0.3048     21M   0.06
F0003073   F   24       80   609.6  30.96  19.7  100.0  12.0   180  0.3048     31M   0.09
F0003074   F   24       80   609.6  30.96  19.7  100.0  12.0   240  0.3048     42M   0.12
F0003075   F   24       80   609.6  30.96  19.7  115.0   4.0     0  0.2650      0M   0.00
F0003076   F   24       80   609.6  30.96  19.7  115.0   4.0    60  0.2650     10M   0.03
F0003077   F   24       80   609.6  30.96  19.7  115.0   4.0   120  0.2650     21M   0.06
F0003078   F   24       80   609.6  30.96  19.7  115.0   4.0   180  0.2650     31M   0.09
F0003079   F   24       80   609.6  30.96  19.7  115.0   4.0   240  0.2650     42M   0.12
F0003080   F   24       80   609.6  30.96  19.7  115.0   6.0     0  0.2650      0M   0.00
F0003081   F   24       80   609.6  30.96  19.7  115.0   6.0    60  0.2650     10M   0.03
F0003082   F   24       80   609.6  30.96  19.7  115.0   6.0   120  0.2650     21M   0.06
F0003083   F   24       80   609.6  30.96  19.7  115.0   6.0   180  0.2650     31M   0.09
F0003084   F   24       80   609.6  30.96  19.7  115.0   6.0   240  0.2650     42M   0.12
F0003085   F   24       80   609.6  30.96  19.7  115.0   8.0     0  0.2650      0M   0.00
F0003086   F   24       80   609.6  30.96  19.7  115.0   8.0    60  0.2650     10M   0.03
F0003087   F   24       80   609.6  30.96  19.7  115.0   8.0   120  0.2650     21M   0.06
F0003088   F   24       80   609.6  30.96  19.7  115.0   8.0   180  0.2650     31M   0.09
F0003089   F   24       80   609.6  30.96  19.7  115.0   8.0   240  0.2650     42M   0.12
F0003090   F   24       80   609.6  30.96  19.7  115.0  10.0     0  0.2650      0M   0.00
F0003091   F   24       80   609.6  30.96  19.7  115.0  10.0    60  0.2650     10M   0.03
F0003092   F   24       80   609.6  30.96  19.7  115.0  10.0   120  0.2650     21M   0.06
F0003093   F   24       80   609.6  30.96  19.7  115.0  10.0   180  0.2650     31M   0.09
F0003094   F   24       80   609.6  30.96  19.7  115.0  10.0   240  0.2650     42M   0.12
F0003095   F   24       80   609.6  30.96  19.7  115.0  12.0     0  0.2650      0M   0.00
F0003096   F   24       80   609.6  30.96  19.7  115.0  12.0    60  0.2650     10M   0.03
F0003097   F   24       80   609.6  30.96  19.7  115.0  12.0   120  0.2650     21M   0.06
F0003098   F   24       80   609.6  30.96  19.7  115.0  12.0   180  0.2650     31M   0.09
F0003099   F   24       80   609.6  30.96  19.7  115.0  12.0   240  0.2650     42M   0.12
F0003100   F   24       80   609.6  30.96  19.7  130.0   4.0     0  0.2345      0M   0.00
F0003101   F   24       80   609.6  30.96  19.7  130.0   4.0    60  0.2345     10M   0.03
F0003102   F   24       80   609.6  30.96  19.7  130.0   4.0   120  0.2345     21M   0.06
F0003103   F   24       80   609.6  30.96  19.7  130.0   4.0   180  0.2345     31M   0.09
F0003104   F   24       80   609.6  30.96  19.7  130.0   4.0   240  0.2345     42M   0.12
F0003105   F   24       80   609.6  30.96  19.7  130.0   6.0     0  0.2345      0M   0.00
F0003106   F   24       80   609.6  30.96  19.7  130.0   6.0    60  0.2345     10M   0.03
F0003107   F   24       80   609.6  30.96  19.7  130.0   6.0   120  0.2345     21M   0.06
F0003108   F   24       80   609.6  30.96  19.7  130.0   6.0   180  0.2345     31M   0.09
F0003109   F   24       80   609.6  30.96  19.7  130.0   6.0   240  0.2345     42M   0.12
F0003110   F   24       80   609.6  30.96  19.7  130.0   8.0     0  0.2345      0M   0.00
F0003111   F   24       80   609.6  30.96  19.7  130.0   8.0    60  0.2345     10M   0.03
F0003112   F   24       80   609.6  30.96  19.7  130.0   8.0   120  0.2345     21M   0.06
F0003113   F   24       80   609.6  30.96  19.7  130.0   8.0   180  0.2345     31M   0.09
F0003114   F   24       80   609.6  30.96  19.7  130.0   8.0   240  0.2345     42M   0.12
F0003115   F   24       80   609.6  30.96  19.7  130.0  10.0     0  0.2345      0M   0.00
F0003116   F   24       80   609.6  30.96  19.7  130.0  10.0    60  0.2345     10M   0.03
F0003117   F   24       80   609.6  30.96  19.7  130.0  10.0   120  0.2345     21M   0.06
F0003118   F   24       80   609.6  30.96  19.7  130.0  10.0   180  0.2345     31M   0.09
F0003119   F   24       80   609.6  30.96  19.7  130.0  10.0   240  0.2345     42M   0.12
F0003120   F   24       80   609.6  30.96  19.7  130.0  12.0     0  0.2345      0M   0.00
F0003121   F   24       80   609.6  30.96  19.7  130.0  12.0    60  0.2345     10M   0.03
F0003122   F   24       80   609.6  30.96  19.7  130.0  12.0   120  0.2345     21M   0.06
F0003123   F   24       80   609.6  30.96  19.7  130.0  12.0   180  0.2345     31M   0.09
F0003124   F   24       80   609.6  30.96  19.7  130.0  12.0   240  0.2345     42M   0.12
F0003125   F   24       80   609.6  30.96  19.7  145.0   4.0     0  0.2102      0M   0.00
F0003126   F   24       80   609.6  30.96  19.7  145.0   4.0    60  0.2102     10M   0.03
F0003127   F   24       80   609.6  30.96  19.7  145.0   4.0   120  0.2102     21M   0.06
F0003128   F   24       80   609.6  30.96  19.7  145.0   4.0   180  0.2102     31M   0.09
F0003129   F   24       80   609.6  30.96  19.7  145.0   4.0   240  0.2102     42M   0.12
F0003130   F   24       80   609.6  30.96  19.7  145.0   6.0     0  0.2102      0M   0.00
F0003131   F   24       80   609.6  30.96  19.7  145.0   6.0    60  0.2102     10M   0.03
F0003132   F   24       80   609.6  30.96  19.7  145.0   6.0   120  0.2102     21M   0.06
F0003133   F   24       80   609.6  30.96  19.7  145.0   6.0   180  0.2102     31M   0.09
F0003134   F   24       80   609.6  30.96  19.7  145.0   6.0   240  0.2102     42M   0.12
F0003135   F   24       80   609.6  30.96  19.7  145.0   8.0     0  0.2102      0M   0.00
F0003136   F   24       80   609.6  30.96  19.7  145.0   8.0    60  0.2102     10M   0.03
F0003137   F   24       80   609.6  30.96  19.7  145.0   8.0   120  0.2102     21M   0.06
F0003138   F   24       80   609.6  30.96  19.7  145.0   8.0   180  0.2102     31M   0.09
F0003139   F   24       80   609.6  30.96  19.7  145.0   8.0   240  0.2102     42M   0.12
F0003140   F   24       80   609.6  30.96  19.7  145.0  10.0     0  0.2102      0M   0.00
F0003141   F   24       80   609.6  30.96  19.7  145.0  10.0    60  0.2102     10M   0.03
F0003142   F   24       80   609.6  30.96  19.7  145.0  10.0   120  0.2102     21M   0.06
F0003143   F   24       80   609.6  30.96  19.7  145.0  10.0   180  0.2102     31M   0.09
F0003144   F   24       80   609.6  30.96  19.7  145.0  10.0   240  0.2102     42M   0.12
F0003145   F   24       80   609.6  30.96  19.7  145.0  12.0     0  0.2102      0M   0.00
F0003146   F   24       80   609.6  30.96  19.7  145.0  12.0    60  0.2102     10M   0.03
F0003147   F   24       80   609.6  30.96  19.7  145.0  12.0   120  0.2102     21M   0.06
F0003148   F   24       80   609.6  30.96  19.7  145.0  12.0   180  0.2102     31M   0.09
F0003149   F   24       80   609.6  30.96  19.7  145.0  12.0   240  0.2102     42M   0.12
F0003150   F   32       40   812.8  17.48  46.5   70.0   4.0     0  0.5806      0M   0.00
F0003151   F   32       40   812.8  17.48  46.5   70.0   4.0    60  0.5806     13M   0.04
F0003152   F   32       40   812.8  17.48  46.5   70.0   4.0   120  0.5806     27M   0.07
F0003153   F   32       40   812.8  17.48  46.5   70.0   4.0   180  0.5806     40M   0.11
F0003154   F   32       40   812.8  17.48  46.5   70.0   4.0   240  0.5806     54M   0.15
F0003155   F   32       40   812.8  17.48  46.5   70.0   6.0     0  0.5806      0M   0.00
F0003156   F   32       40   812.8  17.48  46.5   70.0   6.0    60  0.5806     13M   0.04
F0003157   F   32       40   812.8  17.48  46.5   70.0   6.0   120  0.5806     27M   0.07
F0003158   F   32       40   812.8  17.48  46.5   70.0   6.0   180  0.5806     40M   0.11
F0003159   F   32       40   812.8  17.48  46.5   70.0   6.0   240  0.5806     54M   0.15
F0003160   F   32       40   812.8  17.48  46.5   70.0   8.0     0  0.5806      0M   0.00
F0003161   F   32       40   812.8  17.48  46.5   70.0   8.0    60  0.5806     13M   0.04
F0003162   F   32       40   812.8  17.48  46.5   70.0   8.0   120  0.5806     27M   0.07
F0003163   F   32       40   812.8  17.48  46.5   70.0   8.0   180  0.5806     40M   0.11
F0003164   F   32       40   812.8  17.48  46.5   70.0   8.0   240  0.5806     54M   0.15
F0003165   F   32       40   812.8  17.48  46.5   70.0  10.0     0  0.5806      0M   0.00
F0003166   F   32       40   812.8  17.48  46.5   70.0  10.0    60  0.5806     13M   0.04
F0003167   F   32       40   812.8  17.48  46.5   70.0  10.0   120  0.5806     27M   0.07
F0003168   F   32       40   812.8  17.48  46.5   70.0  10.0   180  0.5806     40M   0.11
F0003169   F   32       40   812.8  17.48  46.5   70.0  10.0   240  0.5806     54M   0.15
F0003170   F   32       40   812.8  17.48  46.5   70.0  12.0     0  0.5806      0M   0.00
F0003171   F   32       40   812.8  17.48  46.5   70.0  12.0    60  0.5806     13M   0.04
F0003172   F   32       40   812.8  17.48  46.5   70.0  12.0   120  0.5806     27M   0.07
F0003173   F   32       40   812.8  17.48  46.5   70.0  12.0   180  0.5806     40M   0.11
F0003174   F   32       40   812.8  17.48  46.5   70.0  12.0   240  0.5806     54M   0.15
F0003175   F   32       40   812.8  17.48  46.5   85.0   4.0     0  0.4781      0M   0.00
F0003176   F   32       40   812.8  17.48  46.5   85.0   4.0    60  0.4781     13M   0.04
F0003177   F   32       40   812.8  17.48  46.5   85.0   4.0   120  0.4781     27M   0.07
F0003178   F   32       40   812.8  17.48  46.5   85.0   4.0   180  0.4781     40M   0.11
F0003179   F   32       40   812.8  17.48  46.5   85.0   4.0   240  0.4781     54M   0.15
F0003180   F   32       40   812.8  17.48  46.5   85.0   6.0     0  0.4781      0M   0.00
F0003181   F   32       40   812.8  17.48  46.5   85.0   6.0    60  0.4781     13M   0.04
F0003182   F   32       40   812.8  17.48  46.5   85.0   6.0   120  0.4781     27M   0.07
F0003183   F   32       40   812.8  17.48  46.5   85.0   6.0   180  0.4781     40M   0.11
F0003184   F   32       40   812.8  17.48  46.5   85.0   6.0   240  0.4781     54M   0.15
F0003185   F   32       40   812.8  17.48  46.5   85.0   8.0     0  0.4781      0M   0.00
F0003186   F   32       40   812.8  17.48  46.5   85.0   8.0    60  0.4781     13M   0.04
F0003187   F   32       40   812.8  17.48  46.5   85.0   8.0   120  0.4781     27M   0.07
F0003188   F   32       40   812.8  17.48  46.5   85.0   8.0   180  0.4781     40M   0.11
F0003189   F   32       40   812.8  17.48  46.5   85.0   8.0   240  0.4781     54M   0.15
F0003190   F   32       40   812.8  17.48  46.5   85.0  10.0     0  0.4781      0M   0.00
F0003191   F   32       40   812.8  17.48  46.5   85.0  10.0    60  0.4781     13M   0.04
F0003192   F   32       40   812.8  17.48  46.5   85.0  10.0   120  0.4781     27M   0.07
F0003193   F   32       40   812.8  17.48  46.5   85.0  10.0   180  0.4781     40M   0.11
F0003194   F   32       40   812.8  17.48  46.5   85.0  10.0   240  0.4781     54M   0.15
F0003195   F   32       40   812.8  17.48  46.5   85.0  12.0     0  0.4781      0M   0.00
F0003196   F   32       40   812.8  17.48  46.5   85.0  12.0    60  0.4781     13M   0.04
F0003197   F   32       40   812.8  17.48  46.5   85.0  12.0   120  0.4781     27M   0.07
F0003198   F   32       40   812.8  17.48  46.5   85.0  12.0   180  0.4781     40M   0.11
F0003199   F   32       40   812.8  17.48  46.5   85.0  12.0   240  0.4781     54M   0.15
F0003200   F   32       40   812.8  17.48  46.5  100.0   4.0     0  0.4064      0M   0.00
F0003201   F   32       40   812.8  17.48  46.5  100.0   4.0    60  0.4064     13M   0.04
F0003202   F   32       40   812.8  17.48  46.5  100.0   4.0   120  0.4064     27M   0.07
F0003203   F   32       40   812.8  17.48  46.5  100.0   4.0   180  0.4064     40M   0.11
F0003204   F   32       40   812.8  17.48  46.5  100.0   4.0   240  0.4064     54M   0.15
F0003205   F   32       40   812.8  17.48  46.5  100.0   6.0     0  0.4064      0M   0.00
F0003206   F   32       40   812.8  17.48  46.5  100.0   6.0    60  0.4064     13M   0.04
F0003207   F   32       40   812.8  17.48  46.5  100.0   6.0   120  0.4064     27M   0.07
F0003208   F   32       40   812.8  17.48  46.5  100.0   6.0   180  0.4064     40M   0.11
F0003209   F   32       40   812.8  17.48  46.5  100.0   6.0   240  0.4064     54M   0.15
F0003210   F   32       40   812.8  17.48  46.5  100.0   8.0     0  0.4064      0M   0.00
F0003211   F   32       40   812.8  17.48  46.5  100.0   8.0    60  0.4064     13M   0.04
F0003212   F   32       40   812.8  17.48  46.5  100.0   8.0   120  0.4064     27M   0.07
F0003213   F   32       40   812.8  17.48  46.5  100.0   8.0   180  0.4064     40M   0.11
F0003214   F   32       40   812.8  17.48  46.5  100.0   8.0   240  0.4064     54M   0.15
F0003215   F   32       40   812.8  17.48  46.5  100.0  10.0     0  0.4064      0M   0.00
F0003216   F   32       40   812.8  17.48  46.5  100.0  10.0    60  0.4064     13M   0.04
F0003217   F   32       40   812.8  17.48  46.5  100.0  10.0   120  0.4064     27M   0.07
F0003218   F   32       40   812.8  17.48  46.5  100.0  10.0   180  0.4064     40M   0.11
F0003219   F   32       40   812.8  17.48  46.5  100.0  10.0   240  0.4064     54M   0.15
F0003220   F   32       40   812.8  17.48  46.5  100.0  12.0     0  0.4064      0M   0.00
F0003221   F   32       40   812.8  17.48  46.5  100.0  12.0    60  0.4064     13M   0.04
F0003222   F   32       40   812.8  17.48  46.5  100.0  12.0   120  0.4064     27M   0.07
F0003223   F   32       40   812.8  17.48  46.5  100.0  12.0   180  0.4064     40M   0.11
F0003224   F   32       40   812.8  17.48  46.5  100.0  12.0   240  0.4064     54M   0.15
F0003225   F   32       40   812.8  17.48  46.5  115.0   4.0     0  0.3534      0M   0.00
F0003226   F   32       40   812.8  17.48  46.5  115.0   4.0    60  0.3534     13M   0.04
F0003227   F   32       40   812.8  17.48  46.5  115.0   4.0   120  0.3534     27M   0.07
F0003228   F   32       40   812.8  17.48  46.5  115.0   4.0   180  0.3534     40M   0.11
F0003229   F   32       40   812.8  17.48  46.5  115.0   4.0   240  0.3534     54M   0.15
F0003230   F   32       40   812.8  17.48  46.5  115.0   6.0     0  0.3534      0M   0.00
F0003231   F   32       40   812.8  17.48  46.5  115.0   6.0    60  0.3534     13M   0.04
F0003232   F   32       40   812.8  17.48  46.5  115.0   6.0   120  0.3534     27M   0.07
F0003233   F   32       40   812.8  17.48  46.5  115.0   6.0   180  0.3534     40M   0.11
F0003234   F   32       40   812.8  17.48  46.5  115.0   6.0   240  0.3534     54M   0.15
F0003235   F   32       40   812.8  17.48  46.5  115.0   8.0     0  0.3534      0M   0.00
F0003236   F   32       40   812.8  17.48  46.5  115.0   8.0    60  0.3534     13M   0.04
F0003237   F   32       40   812.8  17.48  46.5  115.0   8.0   120  0.3534     27M   0.07
F0003238   F   32       40   812.8  17.48  46.5  115.0   8.0   180  0.3534     40M   0.11
F0003239   F   32       40   812.8  17.48  46.5  115.0   8.0   240  0.3534     54M   0.15
F0003240   F   32       40   812.8  17.48  46.5  115.0  10.0     0  0.3534      0M   0.00
F0003241   F   32       40   812.8  17.48  46.5  115.0  10.0    60  0.3534     13M   0.04
F0003242   F   32       40   812.8  17.48  46.5  115.0  10.0   120  0.3534     27M   0.07
F0003243   F   32       40   812.8  17.48  46.5  115.0  10.0   180  0.3534     40M   0.11
F0003244   F   32       40   812.8  17.48  46.5  115.0  10.0   240  0.3534     54M   0.15
F0003245   F   32       40   812.8  17.48  46.5  115.0  12.0     0  0.3534      0M   0.00
F0003246   F   32       40   812.8  17.48  46.5  115.0  12.0    60  0.3534     13M   0.04
F0003247   F   32       40   812.8  17.48  46.5  115.0  12.0   120  0.3534     27M   0.07
F0003248   F   32       40   812.8  17.48  46.5  115.0  12.0   180  0.3534     40M   0.11
F0003249   F   32       40   812.8  17.48  46.5  115.0  12.0   240  0.3534     54M   0.15
F0003250   F   32       40   812.8  17.48  46.5  130.0   4.0     0  0.3126      0M   0.00
F0003251   F   32       40   812.8  17.48  46.5  130.0   4.0    60  0.3126     13M   0.04
F0003252   F   32       40   812.8  17.48  46.5  130.0   4.0   120  0.3126     27M   0.07
F0003253   F   32       40   812.8  17.48  46.5  130.0   4.0   180  0.3126     40M   0.11
F0003254   F   32       40   812.8  17.48  46.5  130.0   4.0   240  0.3126     54M   0.15
F0003255   F   32       40   812.8  17.48  46.5  130.0   6.0     0  0.3126      0M   0.00
F0003256   F   32       40   812.8  17.48  46.5  130.0   6.0    60  0.3126     13M   0.04
F0003257   F   32       40   812.8  17.48  46.5  130.0   6.0   120  0.3126     27M   0.07
F0003258   F   32       40   812.8  17.48  46.5  130.0   6.0   180  0.3126     40M   0.11
F0003259   F   32       40   812.8  17.48  46.5  130.0   6.0   240  0.3126     54M   0.15
F0003260   F   32       40   812.8  17.48  46.5  130.0   8.0     0  0.3126      0M   0.00
F0003261   F   32       40   812.8  17.48  46.5  130.0   8.0    60  0.3126     13M   0.04
F0003262   F   32       40   812.8  17.48  46.5  130.0   8.0   120  0.3126     27M   0.07
F0003263   F   32       40   812.8  17.48  46.5  130.0   8.0   180  0.3126     40M   0.11
F0003264   F   32       40   812.8  17.48  46.5  130.0   8.0   240  0.3126     54M   0.15
F0003265   F   32       40   812.8  17.48  46.5  130.0  10.0     0  0.3126      0M   0.00
F0003266   F   32       40   812.8  17.48  46.5  130.0  10.0    60  0.3126     13M   0.04
F0003267   F   32       40   812.8  17.48  46.5  130.0  10.0   120  0.3126     27M   0.07
F0003268   F   32       40   812.8  17.48  46.5  130.0  10.0   180  0.3126     40M   0.11
F0003269   F   32       40   812.8  17.48  46.5  130.0  10.0   240  0.3126     54M   0.15
F0003270   F   32       40   812.8  17.48  46.5  130.0  12.0     0  0.3126      0M   0.00
F0003271   F   32       40   812.8  17.48  46.5  130.0  12.0    60  0.3126     13M   0.04
F0003272   F   32       40   812.8  17.48  46.5  130.0  12.0   120  0.3126     27M   0.07
F0003273   F   32       40   812.8  17.48  46.5  130.0  12.0   180  0.3126     40M   0.11
F0003274   F   32       40   812.8  17.48  46.5  130.0  12.0   240  0.3126     54M   0.15
F0003275   F   32       40   812.8  17.48  46.5  145.0   4.0     0  0.2803      0M   0.00
F0003276   F   32       40   812.8  17.48  46.5  145.0   4.0    60  0.2803     13M   0.04
F0003277   F   32       40   812.8  17.48  46.5  145.0   4.0   120  0.2803     27M   0.07
F0003278   F   32       40   812.8  17.48  46.5  145.0   4.0   180  0.2803     40M   0.11
F0003279   F   32       40   812.8  17.48  46.5  145.0   4.0   240  0.2803     54M   0.15
F0003280   F   32       40   812.8  17.48  46.5  145.0   6.0     0  0.2803      0M   0.00
F0003281   F   32       40   812.8  17.48  46.5  145.0   6.0    60  0.2803     13M   0.04
F0003282   F   32       40   812.8  17.48  46.5  145.0   6.0   120  0.2803     27M   0.07
F0003283   F   32       40   812.8  17.48  46.5  145.0   6.0   180  0.2803     40M   0.11
F0003284   F   32       40   812.8  17.48  46.5  145.0   6.0   240  0.2803     54M   0.15
F0003285   F   32       40   812.8  17.48  46.5  145.0   8.0     0  0.2803      0M   0.00
F0003286   F   32       40   812.8  17.48  46.5  145.0   8.0    60  0.2803     13M   0.04
F0003287   F   32       40   812.8  17.48  46.5  145.0   8.0   120  0.2803     27M   0.07
F0003288   F   32       40   812.8  17.48  46.5  145.0   8.0   180  0.2803     40M   0.11
F0003289   F   32       40   812.8  17.48  46.5  145.0   8.0   240  0.2803     54M   0.15
F0003290   F   32       40   812.8  17.48  46.5  145.0  10.0     0  0.2803      0M   0.00
F0003291   F   32       40   812.8  17.48  46.5  145.0  10.0    60  0.2803     13M   0.04
F0003292   F   32       40   812.8  17.48  46.5  145.0  10.0   120  0.2803     27M   0.07
F0003293   F   32       40   812.8  17.48  46.5  145.0  10.0   180  0.2803     40M   0.11
F0003294   F   32       40   812.8  17.48  46.5  145.0  10.0   240  0.2803     54M   0.15
F0003295   F   32       40   812.8  17.48  46.5  145.0  12.0     0  0.2803      0M   0.00
F0003296   F   32       40   812.8  17.48  46.5  145.0  12.0    60  0.2803     13M   0.04
F0003297   F   32       40   812.8  17.48  46.5  145.0  12.0   120  0.2803     27M   0.07
F0003298   F   32       40   812.8  17.48  46.5  145.0  12.0   180  0.2803     40M   0.11
F0003299   F   32       40   812.8  17.48  46.5  145.0  12.0   240  0.2803     54M   0.15
F0003300   F   32       5L   812.8  25.40  32.0   70.0   4.0     0  0.5806      0M   0.00
F0003301   F   32       5L   812.8  25.40  32.0   70.0   4.0    60  0.5806      9M   0.03
F0003302   F   32       5L   812.8  25.40  32.0   70.0   4.0   120  0.5806     19M   0.05
F0003303   F   32       5L   812.8  25.40  32.0   70.0   4.0   180  0.5806     28M   0.08
F0003304   F   32       5L   812.8  25.40  32.0   70.0   4.0   240  0.5806     37M   0.10
F0003305   F   32       5L   812.8  25.40  32.0   70.0   6.0     0  0.5806      0M   0.00
F0003306   F   32       5L   812.8  25.40  32.0   70.0   6.0    60  0.5806      9M   0.03
F0003307   F   32       5L   812.8  25.40  32.0   70.0   6.0   120  0.5806     19M   0.05
F0003308   F   32       5L   812.8  25.40  32.0   70.0   6.0   180  0.5806     28M   0.08
F0003309   F   32       5L   812.8  25.40  32.0   70.0   6.0   240  0.5806     37M   0.10
F0003310   F   32       5L   812.8  25.40  32.0   70.0   8.0     0  0.5806      0M   0.00
F0003311   F   32       5L   812.8  25.40  32.0   70.0   8.0    60  0.5806      9M   0.03
F0003312   F   32       5L   812.8  25.40  32.0   70.0   8.0   120  0.5806     19M   0.05
F0003313   F   32       5L   812.8  25.40  32.0   70.0   8.0   180  0.5806     28M   0.08
F0003314   F   32       5L   812.8  25.40  32.0   70.0   8.0   240  0.5806     37M   0.10
F0003315   F   32       5L   812.8  25.40  32.0   70.0  10.0     0  0.5806      0M   0.00
F0003316   F   32       5L   812.8  25.40  32.0   70.0  10.0    60  0.5806      9M   0.03
F0003317   F   32       5L   812.8  25.40  32.0   70.0  10.0   120  0.5806     19M   0.05
F0003318   F   32       5L   812.8  25.40  32.0   70.0  10.0   180  0.5806     28M   0.08
F0003319   F   32       5L   812.8  25.40  32.0   70.0  10.0   240  0.5806     37M   0.10
F0003320   F   32       5L   812.8  25.40  32.0   70.0  12.0     0  0.5806      0M   0.00
F0003321   F   32       5L   812.8  25.40  32.0   70.0  12.0    60  0.5806      9M   0.03
F0003322   F   32       5L   812.8  25.40  32.0   70.0  12.0   120  0.5806     19M   0.05
F0003323   F   32       5L   812.8  25.40  32.0   70.0  12.0   180  0.5806     28M   0.08
F0003324   F   32       5L   812.8  25.40  32.0   70.0  12.0   240  0.5806     37M   0.10
F0003325   F   32       5L   812.8  25.40  32.0   85.0   4.0     0  0.4781      0M   0.00
F0003326   F   32       5L   812.8  25.40  32.0   85.0   4.0    60  0.4781      9M   0.03
F0003327   F   32       5L   812.8  25.40  32.0   85.0   4.0   120  0.4781     19M   0.05
F0003328   F   32       5L   812.8  25.40  32.0   85.0   4.0   180  0.4781     28M   0.08
F0003329   F   32       5L   812.8  25.40  32.0   85.0   4.0   240  0.4781     37M   0.10
F0003330   F   32       5L   812.8  25.40  32.0   85.0   6.0     0  0.4781      0M   0.00
F0003331   F   32       5L   812.8  25.40  32.0   85.0   6.0    60  0.4781      9M   0.03
F0003332   F   32       5L   812.8  25.40  32.0   85.0   6.0   120  0.4781     19M   0.05
F0003333   F   32       5L   812.8  25.40  32.0   85.0   6.0   180  0.4781     28M   0.08
F0003334   F   32       5L   812.8  25.40  32.0   85.0   6.0   240  0.4781     37M   0.10
F0003335   F   32       5L   812.8  25.40  32.0   85.0   8.0     0  0.4781      0M   0.00
F0003336   F   32       5L   812.8  25.40  32.0   85.0   8.0    60  0.4781      9M   0.03
F0003337   F   32       5L   812.8  25.40  32.0   85.0   8.0   120  0.4781     19M   0.05
F0003338   F   32       5L   812.8  25.40  32.0   85.0   8.0   180  0.4781     28M   0.08
F0003339   F   32       5L   812.8  25.40  32.0   85.0   8.0   240  0.4781     37M   0.10
F0003340   F   32       5L   812.8  25.40  32.0   85.0  10.0     0  0.4781      0M   0.00
F0003341   F   32       5L   812.8  25.40  32.0   85.0  10.0    60  0.4781      9M   0.03
F0003342   F   32       5L   812.8  25.40  32.0   85.0  10.0   120  0.4781     19M   0.05
F0003343   F   32       5L   812.8  25.40  32.0   85.0  10.0   180  0.4781     28M   0.08
F0003344   F   32       5L   812.8  25.40  32.0   85.0  10.0   240  0.4781     37M   0.10
F0003345   F   32       5L   812.8  25.40  32.0   85.0  12.0     0  0.4781      0M   0.00
F0003346   F   32       5L   812.8  25.40  32.0   85.0  12.0    60  0.4781      9M   0.03
F0003347   F   32       5L   812.8  25.40  32.0   85.0  12.0   120  0.4781     19M   0.05
F0003348   F   32       5L   812.8  25.40  32.0   85.0  12.0   180  0.4781     28M   0.08
F0003349   F   32       5L   812.8  25.40  32.0   85.0  12.0   240  0.4781     37M   0.10
F0003350   F   32       5L   812.8  25.40  32.0  100.0   4.0     0  0.4064      0M   0.00
F0003351   F   32       5L   812.8  25.40  32.0  100.0   4.0    60  0.4064      9M   0.03
F0003352   F   32       5L   812.8  25.40  32.0  100.0   4.0   120  0.4064     19M   0.05
F0003353   F   32       5L   812.8  25.40  32.0  100.0   4.0   180  0.4064     28M   0.08
F0003354   F   32       5L   812.8  25.40  32.0  100.0   4.0   240  0.4064     37M   0.10
F0003355   F   32       5L   812.8  25.40  32.0  100.0   6.0     0  0.4064      0M   0.00
F0003356   F   32       5L   812.8  25.40  32.0  100.0   6.0    60  0.4064      9M   0.03
F0003357   F   32       5L   812.8  25.40  32.0  100.0   6.0   120  0.4064     19M   0.05
F0003358   F   32       5L   812.8  25.40  32.0  100.0   6.0   180  0.4064     28M   0.08
F0003359   F   32       5L   812.8  25.40  32.0  100.0   6.0   240  0.4064     37M   0.10
F0003360   F   32       5L   812.8  25.40  32.0  100.0   8.0     0  0.4064      0M   0.00
F0003361   F   32       5L   812.8  25.40  32.0  100.0   8.0    60  0.4064      9M   0.03
F0003362   F   32       5L   812.8  25.40  32.0  100.0   8.0   120  0.4064     19M   0.05
F0003363   F   32       5L   812.8  25.40  32.0  100.0   8.0   180  0.4064     28M   0.08
F0003364   F   32       5L   812.8  25.40  32.0  100.0   8.0   240  0.4064     37M   0.10
F0003365   F   32       5L   812.8  25.40  32.0  100.0  10.0     0  0.4064      0M   0.00
F0003366   F   32       5L   812.8  25.40  32.0  100.0  10.0    60  0.4064      9M   0.03
F0003367   F   32       5L   812.8  25.40  32.0  100.0  10.0   120  0.4064     19M   0.05
F0003368   F   32       5L   812.8  25.40  32.0  100.0  10.0   180  0.4064     28M   0.08
F0003369   F   32       5L   812.8  25.40  32.0  100.0  10.0   240  0.4064     37M   0.10
F0003370   F   32       5L   812.8  25.40  32.0  100.0  12.0     0  0.4064      0M   0.00
F0003371   F   32       5L   812.8  25.40  32.0  100.0  12.0    60  0.4064      9M   0.03
F0003372   F   32       5L   812.8  25.40  32.0  100.0  12.0   120  0.4064     19M   0.05
F0003373   F   32       5L   812.8  25.40  32.0  100.0  12.0   180  0.4064     28M   0.08
F0003374   F   32       5L   812.8  25.40  32.0  100.0  12.0   240  0.4064     37M   0.10
F0003375   F   32       5L   812.8  25.40  32.0  115.0   4.0     0  0.3534      0M   0.00
F0003376   F   32       5L   812.8  25.40  32.0  115.0   4.0    60  0.3534      9M   0.03
F0003377   F   32       5L   812.8  25.40  32.0  115.0   4.0   120  0.3534     19M   0.05
F0003378   F   32       5L   812.8  25.40  32.0  115.0   4.0   180  0.3534     28M   0.08
F0003379   F   32       5L   812.8  25.40  32.0  115.0   4.0   240  0.3534     37M   0.10
F0003380   F   32       5L   812.8  25.40  32.0  115.0   6.0     0  0.3534      0M   0.00
F0003381   F   32       5L   812.8  25.40  32.0  115.0   6.0    60  0.3534      9M   0.03
F0003382   F   32       5L   812.8  25.40  32.0  115.0   6.0   120  0.3534     19M   0.05
F0003383   F   32       5L   812.8  25.40  32.0  115.0   6.0   180  0.3534     28M   0.08
F0003384   F   32       5L   812.8  25.40  32.0  115.0   6.0   240  0.3534     37M   0.10
F0003385   F   32       5L   812.8  25.40  32.0  115.0   8.0     0  0.3534      0M   0.00
F0003386   F   32       5L   812.8  25.40  32.0  115.0   8.0    60  0.3534      9M   0.03
F0003387   F   32       5L   812.8  25.40  32.0  115.0   8.0   120  0.3534     19M   0.05
F0003388   F   32       5L   812.8  25.40  32.0  115.0   8.0   180  0.3534     28M   0.08
F0003389   F   32       5L   812.8  25.40  32.0  115.0   8.0   240  0.3534     37M   0.10
F0003390   F   32       5L   812.8  25.40  32.0  115.0  10.0     0  0.3534      0M   0.00
F0003391   F   32       5L   812.8  25.40  32.0  115.0  10.0    60  0.3534      9M   0.03
F0003392   F   32       5L   812.8  25.40  32.0  115.0  10.0   120  0.3534     19M   0.05
F0003393   F   32       5L   812.8  25.40  32.0  115.0  10.0   180  0.3534     28M   0.08
F0003394   F   32       5L   812.8  25.40  32.0  115.0  10.0   240  0.3534     37M   0.10
F0003395   F   32       5L   812.8  25.40  32.0  115.0  12.0     0  0.3534      0M   0.00
F0003396   F   32       5L   812.8  25.40  32.0  115.0  12.0    60  0.3534      9M   0.03
F0003397   F   32       5L   812.8  25.40  32.0  115.0  12.0   120  0.3534     19M   0.05
F0003398   F   32       5L   812.8  25.40  32.0  115.0  12.0   180  0.3534     28M   0.08
F0003399   F   32       5L   812.8  25.40  32.0  115.0  12.0   240  0.3534     37M   0.10
F0003400   F   32       5L   812.8  25.40  32.0  130.0   4.0     0  0.3126      0M   0.00
F0003401   F   32       5L   812.8  25.40  32.0  130.0   4.0    60  0.3126      9M   0.03
F0003402   F   32       5L   812.8  25.40  32.0  130.0   4.0   120  0.3126     19M   0.05
F0003403   F   32       5L   812.8  25.40  32.0  130.0   4.0   180  0.3126     28M   0.08
F0003404   F   32       5L   812.8  25.40  32.0  130.0   4.0   240  0.3126     37M   0.10
F0003405   F   32       5L   812.8  25.40  32.0  130.0   6.0     0  0.3126      0M   0.00
F0003406   F   32       5L   812.8  25.40  32.0  130.0   6.0    60  0.3126      9M   0.03
F0003407   F   32       5L   812.8  25.40  32.0  130.0   6.0   120  0.3126     19M   0.05
F0003408   F   32       5L   812.8  25.40  32.0  130.0   6.0   180  0.3126     28M   0.08
F0003409   F   32       5L   812.8  25.40  32.0  130.0   6.0   240  0.3126     37M   0.10
F0003410   F   32       5L   812.8  25.40  32.0  130.0   8.0     0  0.3126      0M   0.00
F0003411   F   32       5L   812.8  25.40  32.0  130.0   8.0    60  0.3126      9M   0.03
F0003412   F   32       5L   812.8  25.40  32.0  130.0   8.0   120  0.3126     19M   0.05
F0003413   F   32       5L   812.8  25.40  32.0  130.0   8.0   180  0.3126     28M   0.08
F0003414   F   32       5L   812.8  25.40  32.0  130.0   8.0   240  0.3126     37M   0.10
F0003415   F   32       5L   812.8  25.40  32.0  130.0  10.0     0  0.3126      0M   0.00
F0003416   F   32       5L   812.8  25.40  32.0  130.0  10.0    60  0.3126      9M   0.03
F0003417   F   32       5L   812.8  25.40  32.0  130.0  10.0   120  0.3126     19M   0.05
F0003418   F   32       5L   812.8  25.40  32.0  130.0  10.0   180  0.3126     28M   0.08
F0003419   F   32       5L   812.8  25.40  32.0  130.0  10.0   240  0.3126     37M   0.10
F0003420   F   32       5L   812.8  25.40  32.0  130.0  12.0     0  0.3126      0M   0.00
F0003421   F   32       5L   812.8  25.40  32.0  130.0  12.0    60  0.3126      9M   0.03
F0003422   F   32       5L   812.8  25.40  32.0  130.0  12.0   120  0.3126     19M   0.05
F0003423   F   32       5L   812.8  25.40  32.0  130.0  12.0   180  0.3126     28M   0.08
F0003424   F   32       5L   812.8  25.40  32.0  130.0  12.0   240  0.3126     37M   0.10
F0003425   F   32       5L   812.8  25.40  32.0  145.0   4.0     0  0.2803      0M   0.00
F0003426   F   32       5L   812.8  25.40  32.0  145.0   4.0    60  0.2803      9M   0.03
F0003427   F   32       5L   812.8  25.40  32.0  145.0   4.0   120  0.2803     19M   0.05
F0003428   F   32       5L   812.8  25.40  32.0  145.0   4.0   180  0.2803     28M   0.08
F0003429   F   32       5L   812.8  25.40  32.0  145.0   4.0   240  0.2803     37M   0.10
F0003430   F   32       5L   812.8  25.40  32.0  145.0   6.0     0  0.2803      0M   0.00
F0003431   F   32       5L   812.8  25.40  32.0  145.0   6.0    60  0.2803      9M   0.03
F0003432   F   32       5L   812.8  25.40  32.0  145.0   6.0   120  0.2803     19M   0.05
F0003433   F   32       5L   812.8  25.40  32.0  145.0   6.0   180  0.2803     28M   0.08
F0003434   F   32       5L   812.8  25.40  32.0  145.0   6.0   240  0.2803     37M   0.10
F0003435   F   32       5L   812.8  25.40  32.0  145.0   8.0     0  0.2803      0M   0.00
F0003436   F   32       5L   812.8  25.40  32.0  145.0   8.0    60  0.2803      9M   0.03
F0003437   F   32       5L   812.8  25.40  32.0  145.0   8.0   120  0.2803     19M   0.05
F0003438   F   32       5L   812.8  25.40  32.0  145.0   8.0   180  0.2803     28M   0.08
F0003439   F   32       5L   812.8  25.40  32.0  145.0   8.0   240  0.2803     37M   0.10
F0003440   F   32       5L   812.8  25.40  32.0  145.0  10.0     0  0.2803      0M   0.00
F0003441   F   32       5L   812.8  25.40  32.0  145.0  10.0    60  0.2803      9M   0.03
F0003442   F   32       5L   812.8  25.40  32.0  145.0  10.0   120  0.2803     19M   0.05
F0003443   F   32       5L   812.8  25.40  32.0  145.0  10.0   180  0.2803     28M   0.08
F0003444   F   32       5L   812.8  25.40  32.0  145.0  10.0   240  0.2803     37M   0.10
F0003445   F   32       5L   812.8  25.40  32.0  145.0  12.0     0  0.2803      0M   0.00
F0003446   F   32       5L   812.8  25.40  32.0  145.0  12.0    60  0.2803      9M   0.03
F0003447   F   32       5L   812.8  25.40  32.0  145.0  12.0   120  0.2803     19M   0.05
F0003448   F   32       5L   812.8  25.40  32.0  145.0  12.0   180  0.2803     28M   0.08
F0003449   F   32       5L   812.8  25.40  32.0  145.0  12.0   240  0.2803     37M   0.10
F0003450   F   32       5L   812.8  31.75  25.6   70.0   4.0     0  0.5806      0M   0.00
F0003451   F   32       5L   812.8  31.75  25.6   70.0   4.0    60  0.5806      8M   0.02
F0003452   F   32       5L   812.8  31.75  25.6   70.0   4.0   120  0.5806     15M   0.04
F0003453   F   32       5L   812.8  31.75  25.6   70.0   4.0   180  0.5806     23M   0.06
F0003454   F   32       5L   812.8  31.75  25.6   70.0   4.0   240  0.5806     30M   0.08
F0003455   F   32       5L   812.8  31.75  25.6   70.0   6.0     0  0.5806      0M   0.00
F0003456   F   32       5L   812.8  31.75  25.6   70.0   6.0    60  0.5806      8M   0.02
F0003457   F   32       5L   812.8  31.75  25.6   70.0   6.0   120  0.5806     15M   0.04
F0003458   F   32       5L   812.8  31.75  25.6   70.0   6.0   180  0.5806     23M   0.06
F0003459   F   32       5L   812.8  31.75  25.6   70.0   6.0   240  0.5806     30M   0.08
F0003460   F   32       5L   812.8  31.75  25.6   70.0   8.0     0  0.5806      0M   0.00
F0003461   F   32       5L   812.8  31.75  25.6   70.0   8.0    60  0.5806      8M   0.02
F0003462   F   32       5L   812.8  31.75  25.6   70.0   8.0   120  0.5806     15M   0.04
F0003463   F   32       5L   812.8  31.75  25.6   70.0   8.0   180  0.5806     23M   0.06
F0003464   F   32       5L   812.8  31.75  25.6   70.0   8.0   240  0.5806     30M   0.08
F0003465   F   32       5L   812.8  31.75  25.6   70.0  10.0     0  0.5806      0M   0.00
F0003466   F   32       5L   812.8  31.75  25.6   70.0  10.0    60  0.5806      8M   0.02
F0003467   F   32       5L   812.8  31.75  25.6   70.0  10.0   120  0.5806     15M   0.04
F0003468   F   32       5L   812.8  31.75  25.6   70.0  10.0   180  0.5806     23M   0.06
F0003469   F   32       5L   812.8  31.75  25.6   70.0  10.0   240  0.5806     30M   0.08
F0003470   F   32       5L   812.8  31.75  25.6   70.0  12.0     0  0.5806      0M   0.00
F0003471   F   32       5L   812.8  31.75  25.6   70.0  12.0    60  0.5806      8M   0.02
F0003472   F   32       5L   812.8  31.75  25.6   70.0  12.0   120  0.5806     15M   0.04
F0003473   F   32       5L   812.8  31.75  25.6   70.0  12.0   180  0.5806     23M   0.06
F0003474   F   32       5L   812.8  31.75  25.6   70.0  12.0   240  0.5806     30M   0.08
F0003475   F   32       5L   812.8  31.75  25.6   85.0   4.0     0  0.4781      0M   0.00
F0003476   F   32       5L   812.8  31.75  25.6   85.0   4.0    60  0.4781      8M   0.02
F0003477   F   32       5L   812.8  31.75  25.6   85.0   4.0   120  0.4781     15M   0.04
F0003478   F   32       5L   812.8  31.75  25.6   85.0   4.0   180  0.4781     23M   0.06
F0003479   F   32       5L   812.8  31.75  25.6   85.0   4.0   240  0.4781     30M   0.08
F0003480   F   32       5L   812.8  31.75  25.6   85.0   6.0     0  0.4781      0M   0.00
F0003481   F   32       5L   812.8  31.75  25.6   85.0   6.0    60  0.4781      8M   0.02
F0003482   F   32       5L   812.8  31.75  25.6   85.0   6.0   120  0.4781     15M   0.04
F0003483   F   32       5L   812.8  31.75  25.6   85.0   6.0   180  0.4781     23M   0.06
F0003484   F   32       5L   812.8  31.75  25.6   85.0   6.0   240  0.4781     30M   0.08
F0003485   F   32       5L   812.8  31.75  25.6   85.0   8.0     0  0.4781      0M   0.00
F0003486   F   32       5L   812.8  31.75  25.6   85.0   8.0    60  0.4781      8M   0.02
F0003487   F   32       5L   812.8  31.75  25.6   85.0   8.0   120  0.4781     15M   0.04
F0003488   F   32       5L   812.8  31.75  25.6   85.0   8.0   180  0.4781     23M   0.06
F0003489   F   32       5L   812.8  31.75  25.6   85.0   8.0   240  0.4781     30M   0.08
F0003490   F   32       5L   812.8  31.75  25.6   85.0  10.0     0  0.4781      0M   0.00
F0003491   F   32       5L   812.8  31.75  25.6   85.0  10.0    60  0.4781      8M   0.02
F0003492   F   32       5L   812.8  31.75  25.6   85.0  10.0   120  0.4781     15M   0.04
F0003493   F   32       5L   812.8  31.75  25.6   85.0  10.0   180  0.4781     23M   0.06
F0003494   F   32       5L   812.8  31.75  25.6   85.0  10.0   240  0.4781     30M   0.08
F0003495   F   32       5L   812.8  31.75  25.6   85.0  12.0     0  0.4781      0M   0.00
F0003496   F   32       5L   812.8  31.75  25.6   85.0  12.0    60  0.4781      8M   0.02
F0003497   F   32       5L   812.8  31.75  25.6   85.0  12.0   120  0.4781     15M   0.04
F0003498   F   32       5L   812.8  31.75  25.6   85.0  12.0   180  0.4781     23M   0.06
F0003499   F   32       5L   812.8  31.75  25.6   85.0  12.0   240  0.4781     30M   0.08
F0003500   F   32       5L   812.8  31.75  25.6  100.0   4.0     0  0.4064      0M   0.00
F0003501   F   32       5L   812.8  31.75  25.6  100.0   4.0    60  0.4064      8M   0.02
F0003502   F   32       5L   812.8  31.75  25.6  100.0   4.0   120  0.4064     15M   0.04
F0003503   F   32       5L   812.8  31.75  25.6  100.0   4.0   180  0.4064     23M   0.06
F0003504   F   32       5L   812.8  31.75  25.6  100.0   4.0   240  0.4064     30M   0.08
F0003505   F   32       5L   812.8  31.75  25.6  100.0   6.0     0  0.4064      0M   0.00
F0003506   F   32       5L   812.8  31.75  25.6  100.0   6.0    60  0.4064      8M   0.02
F0003507   F   32       5L   812.8  31.75  25.6  100.0   6.0   120  0.4064     15M   0.04
F0003508   F   32       5L   812.8  31.75  25.6  100.0   6.0   180  0.4064     23M   0.06
F0003509   F   32       5L   812.8  31.75  25.6  100.0   6.0   240  0.4064     30M   0.08
F0003510   F   32       5L   812.8  31.75  25.6  100.0   8.0     0  0.4064      0M   0.00
F0003511   F   32       5L   812.8  31.75  25.6  100.0   8.0    60  0.4064      8M   0.02
F0003512   F   32       5L   812.8  31.75  25.6  100.0   8.0   120  0.4064     15M   0.04
F0003513   F   32       5L   812.8  31.75  25.6  100.0   8.0   180  0.4064     23M   0.06
F0003514   F   32       5L   812.8  31.75  25.6  100.0   8.0   240  0.4064     30M   0.08
F0003515   F   32       5L   812.8  31.75  25.6  100.0  10.0     0  0.4064      0M   0.00
F0003516   F   32       5L   812.8  31.75  25.6  100.0  10.0    60  0.4064      8M   0.02
F0003517   F   32       5L   812.8  31.75  25.6  100.0  10.0   120  0.4064     15M   0.04
F0003518   F   32       5L   812.8  31.75  25.6  100.0  10.0   180  0.4064     23M   0.06
F0003519   F   32       5L   812.8  31.75  25.6  100.0  10.0   240  0.4064     30M   0.08
F0003520   F   32       5L   812.8  31.75  25.6  100.0  12.0     0  0.4064      0M   0.00
F0003521   F   32       5L   812.8  31.75  25.6  100.0  12.0    60  0.4064      8M   0.02
F0003522   F   32       5L   812.8  31.75  25.6  100.0  12.0   120  0.4064     15M   0.04
F0003523   F   32       5L   812.8  31.75  25.6  100.0  12.0   180  0.4064     23M   0.06
F0003524   F   32       5L   812.8  31.75  25.6  100.0  12.0   240  0.4064     30M   0.08
F0003525   F   32       5L   812.8  31.75  25.6  115.0   4.0     0  0.3534      0M   0.00
F0003526   F   32       5L   812.8  31.75  25.6  115.0   4.0    60  0.3534      8M   0.02
F0003527   F   32       5L   812.8  31.75  25.6  115.0   4.0   120  0.3534     15M   0.04
F0003528   F   32       5L   812.8  31.75  25.6  115.0   4.0   180  0.3534     23M   0.06
F0003529   F   32       5L   812.8  31.75  25.6  115.0   4.0   240  0.3534     30M   0.08
F0003530   F   32       5L   812.8  31.75  25.6  115.0   6.0     0  0.3534      0M   0.00
F0003531   F   32       5L   812.8  31.75  25.6  115.0   6.0    60  0.3534      8M   0.02
F0003532   F   32       5L   812.8  31.75  25.6  115.0   6.0   120  0.3534     15M   0.04
F0003533   F   32       5L   812.8  31.75  25.6  115.0   6.0   180  0.3534     23M   0.06
F0003534   F   32       5L   812.8  31.75  25.6  115.0   6.0   240  0.3534     30M   0.08
F0003535   F   32       5L   812.8  31.75  25.6  115.0   8.0     0  0.3534      0M   0.00
F0003536   F   32       5L   812.8  31.75  25.6  115.0   8.0    60  0.3534      8M   0.02
F0003537   F   32       5L   812.8  31.75  25.6  115.0   8.0   120  0.3534     15M   0.04
F0003538   F   32       5L   812.8  31.75  25.6  115.0   8.0   180  0.3534     23M   0.06
F0003539   F   32       5L   812.8  31.75  25.6  115.0   8.0   240  0.3534     30M   0.08
F0003540   F   32       5L   812.8  31.75  25.6  115.0  10.0     0  0.3534      0M   0.00
F0003541   F   32       5L   812.8  31.75  25.6  115.0  10.0    60  0.3534      8M   0.02
F0003542   F   32       5L   812.8  31.75  25.6  115.0  10.0   120  0.3534     15M   0.04
F0003543   F   32       5L   812.8  31.75  25.6  115.0  10.0   180  0.3534     23M   0.06
F0003544   F   32       5L   812.8  31.75  25.6  115.0  10.0   240  0.3534     30M   0.08
F0003545   F   32       5L   812.8  31.75  25.6  115.0  12.0     0  0.3534      0M   0.00
F0003546   F   32       5L   812.8  31.75  25.6  115.0  12.0    60  0.3534      8M   0.02
F0003547   F   32       5L   812.8  31.75  25.6  115.0  12.0   120  0.3534     15M   0.04
F0003548   F   32       5L   812.8  31.75  25.6  115.0  12.0   180  0.3534     23M   0.06
F0003549   F   32       5L   812.8  31.75  25.6  115.0  12.0   240  0.3534     30M   0.08
F0003550   F   32       5L   812.8  31.75  25.6  130.0   4.0     0  0.3126      0M   0.00
F0003551   F   32       5L   812.8  31.75  25.6  130.0   4.0    60  0.3126      8M   0.02
F0003552   F   32       5L   812.8  31.75  25.6  130.0   4.0   120  0.3126     15M   0.04
F0003553   F   32       5L   812.8  31.75  25.6  130.0   4.0   180  0.3126     23M   0.06
F0003554   F   32       5L   812.8  31.75  25.6  130.0   4.0   240  0.3126     30M   0.08
F0003555   F   32       5L   812.8  31.75  25.6  130.0   6.0     0  0.3126      0M   0.00
F0003556   F   32       5L   812.8  31.75  25.6  130.0   6.0    60  0.3126      8M   0.02
F0003557   F   32       5L   812.8  31.75  25.6  130.0   6.0   120  0.3126     15M   0.04
F0003558   F   32       5L   812.8  31.75  25.6  130.0   6.0   180  0.3126     23M   0.06
F0003559   F   32       5L   812.8  31.75  25.6  130.0   6.0   240  0.3126     30M   0.08
F0003560   F   32       5L   812.8  31.75  25.6  130.0   8.0     0  0.3126      0M   0.00
F0003561   F   32       5L   812.8  31.75  25.6  130.0   8.0    60  0.3126      8M   0.02
F0003562   F   32       5L   812.8  31.75  25.6  130.0   8.0   120  0.3126     15M   0.04
F0003563   F   32       5L   812.8  31.75  25.6  130.0   8.0   180  0.3126     23M   0.06
F0003564   F   32       5L   812.8  31.75  25.6  130.0   8.0   240  0.3126     30M   0.08
F0003565   F   32       5L   812.8  31.75  25.6  130.0  10.0     0  0.3126      0M   0.00
F0003566   F   32       5L   812.8  31.75  25.6  130.0  10.0    60  0.3126      8M   0.02
F0003567   F   32       5L   812.8  31.75  25.6  130.0  10.0   120  0.3126     15M   0.04
F0003568   F   32       5L   812.8  31.75  25.6  130.0  10.0   180  0.3126     23M   0.06
F0003569   F   32       5L   812.8  31.75  25.6  130.0  10.0   240  0.3126     30M   0.08
F0003570   F   32       5L   812.8  31.75  25.6  130.0  12.0     0  0.3126      0M   0.00
F0003571   F   32       5L   812.8  31.75  25.6  130.0  12.0    60  0.3126      8M   0.02
F0003572   F   32       5L   812.8  31.75  25.6  130.0  12.0   120  0.3126     15M   0.04
F0003573   F   32       5L   812.8  31.75  25.6  130.0  12.0   180  0.3126     23M   0.06
F0003574   F   32       5L   812.8  31.75  25.6  130.0  12.0   240  0.3126     30M   0.08
F0003575   F   32       5L   812.8  31.75  25.6  145.0   4.0     0  0.2803      0M   0.00
F0003576   F   32       5L   812.8  31.75  25.6  145.0   4.0    60  0.2803      8M   0.02
F0003577   F   32       5L   812.8  31.75  25.6  145.0   4.0   120  0.2803     15M   0.04
F0003578   F   32       5L   812.8  31.75  25.6  145.0   4.0   180  0.2803     23M   0.06
F0003579   F   32       5L   812.8  31.75  25.6  145.0   4.0   240  0.2803     30M   0.08
F0003580   F   32       5L   812.8  31.75  25.6  145.0   6.0     0  0.2803      0M   0.00
F0003581   F   32       5L   812.8  31.75  25.6  145.0   6.0    60  0.2803      8M   0.02
F0003582   F   32       5L   812.8  31.75  25.6  145.0   6.0   120  0.2803     15M   0.04
F0003583   F   32       5L   812.8  31.75  25.6  145.0   6.0   180  0.2803     23M   0.06
F0003584   F   32       5L   812.8  31.75  25.6  145.0   6.0   240  0.2803     30M   0.08
F0003585   F   32       5L   812.8  31.75  25.6  145.0   8.0     0  0.2803      0M   0.00
F0003586   F   32       5L   812.8  31.75  25.6  145.0   8.0    60  0.2803      8M   0.02
F0003587   F   32       5L   812.8  31.75  25.6  145.0   8.0   120  0.2803     15M   0.04
F0003588   F   32       5L   812.8  31.75  25.6  145.0   8.0   180  0.2803     23M   0.06
F0003589   F   32       5L   812.8  31.75  25.6  145.0   8.0   240  0.2803     30M   0.08
F0003590   F   32       5L   812.8  31.75  25.6  145.0  10.0     0  0.2803      0M   0.00
F0003591   F   32       5L   812.8  31.75  25.6  145.0  10.0    60  0.2803      8M   0.02
F0003592   F   32       5L   812.8  31.75  25.6  145.0  10.0   120  0.2803     15M   0.04
F0003593   F   32       5L   812.8  31.75  25.6  145.0  10.0   180  0.2803     23M   0.06
F0003594   F   32       5L   812.8  31.75  25.6  145.0  10.0   240  0.2803     30M   0.08
F0003595   F   32       5L   812.8  31.75  25.6  145.0  12.0     0  0.2803      0M   0.00
F0003596   F   32       5L   812.8  31.75  25.6  145.0  12.0    60  0.2803      8M   0.02
F0003597   F   32       5L   812.8  31.75  25.6  145.0  12.0   120  0.2803     15M   0.04
F0003598   F   32       5L   812.8  31.75  25.6  145.0  12.0   180  0.2803     23M   0.06
F0003599   F   32       5L   812.8  31.75  25.6  145.0  12.0   240  0.2803     30M   0.08
A0000000   A    6    paper   168.3  21.00   8.0   70.0   9.0     0  0.1202      0M   0.00
A0000001   A    6    paper   168.3  21.00   8.0   70.0   9.0   100  0.1202    101M   0.28
A0000002   A   16    paper   406.4  21.00  19.4   70.0   9.0     0  0.2903      0M   0.00
A0000003   A   16    paper   406.4  21.00  19.4   70.0   9.0   100  0.2903     39M   0.11
A0000004   A   20    paper   508.0  21.00  24.2   70.0   9.0     0  0.3629      0M   0.00
A0000005   A   20    paper   508.0  21.00  24.2   70.0   9.0   100  0.3629     31M   0.08
A0000006   A   16    paper   406.4  21.00  19.4   70.0   9.0   120  0.2903     46M   0.13
A0000007   A   16    paper   406.4  21.00  19.4   85.0   9.0   120  0.2391     46M   0.13
A0000008   A   16    paper   406.4  21.00  19.4  105.0   9.0   120  0.1935     46M   0.13
