  case_id blk  NPS      sch   OD/mm  WT/mm   D/t    R/m  sp/m  T/MT  D/2R %  sig_MPa  x_yld
-------------------------------------------------------------------------------------------
F000000    F    6   40/STD   168.3   7.11  23.7   85.0   4.0    60  0.0990      163   0.45
F000001    F    6   40/STD   168.3   7.11  23.7   85.0   4.0   120  0.0990      327   0.91
F000002    F    6   40/STD   168.3   7.11  23.7   85.0   4.0   180  0.0990      490   1.36
F000003    F    6   40/STD   168.3   7.11  23.7   85.0   4.0   240  0.0990      654   1.82
F000004    F    6   40/STD   168.3   7.11  23.7   85.0   6.0    60  0.0990      163   0.45
F000005    F    6   40/STD   168.3   7.11  23.7   85.0   6.0   120  0.0990      327   0.91
F000006    F    6   40/STD   168.3   7.11  23.7   85.0   6.0   180  0.0990      490   1.36
F000007    F    6   40/STD   168.3   7.11  23.7   85.0   6.0   240  0.0990      654   1.82
F000008    F    6   40/STD   168.3   7.11  23.7   85.0   8.0    60  0.0990      163   0.45
F000009    F    6   40/STD   168.3   7.11  23.7   85.0   8.0   120  0.0990      327   0.91
F000010    F    6   40/STD   168.3   7.11  23.7   85.0   8.0   180  0.0990      490   1.36
F000011    F    6   40/STD   168.3   7.11  23.7   85.0   8.0   240  0.0990      654   1.82
F000012    F    6   40/STD   168.3   7.11  23.7   85.0  10.0    60  0.0990      163   0.45
F000013    F    6   40/STD   168.3   7.11  23.7   85.0  10.0   120  0.0990      327   0.91
F000014    F    6   40/STD   168.3   7.11  23.7   85.0  10.0   180  0.0990      490   1.36
F000015    F    6   40/STD   168.3   7.11  23.7   85.0  10.0   240  0.0990      654   1.82
F000016    F    6   40/STD   168.3   7.11  23.7   85.0  12.0    60  0.0990      163   0.45
F000017    F    6   40/STD   168.3   7.11  23.7   85.0  12.0   120  0.0990      327   0.91
F000018    F    6   40/STD   168.3   7.11  23.7   85.0  12.0   180  0.0990      490   1.36
F000019    F    6   40/STD   168.3   7.11  23.7   85.0  12.0   240  0.0990      654   1.82
F000020    F    6   40/STD   168.3   7.11  23.7  100.0   4.0    60  0.0842      163   0.45
F000021    F    6   40/STD   168.3   7.11  23.7  100.0   4.0   120  0.0842      327   0.91
F000022    F    6   40/STD   168.3   7.11  23.7  100.0   4.0   180  0.0842      490   1.36
F000023    F    6   40/STD   168.3   7.11  23.7  100.0   4.0   240  0.0842      654   1.82
F000024    F    6   40/STD   168.3   7.11  23.7  100.0   6.0    60  0.0842      163   0.45
F000025    F    6   40/STD   168.3   7.11  23.7  100.0   6.0   120  0.0842      327   0.91
F000026    F    6   40/STD   168.3   7.11  23.7  100.0   6.0   180  0.0842      490   1.36
F000027    F    6   40/STD   168.3   7.11  23.7  100.0   6.0   240  0.0842      654   1.82
F000028    F    6   40/STD   168.3   7.11  23.7  100.0   8.0    60  0.0842      163   0.45
F000029    F    6   40/STD   168.3   7.11  23.7  100.0   8.0   120  0.0842      327   0.91
F000030    F    6   40/STD   168.3   7.11  23.7  100.0   8.0   180  0.0842      490   1.36
F000031    F    6   40/STD   168.3   7.11  23.7  100.0   8.0   240  0.0842      654   1.82
F000032    F    6   40/STD   168.3   7.11  23.7  100.0  10.0    60  0.0842      163   0.45
F000033    F    6   40/STD   168.3   7.11  23.7  100.0  10.0   120  0.0842      327   0.91
F000034    F    6   40/STD   168.3   7.11  23.7  100.0  10.0   180  0.0842      490   1.36
F000035    F    6   40/STD   168.3   7.11  23.7  100.0  10.0   240  0.0842      654   1.82
F000036    F    6   40/STD   168.3   7.11  23.7  100.0  12.0    60  0.0842      163   0.45
F000037    F    6   40/STD   168.3   7.11  23.7  100.0  12.0   120  0.0842      327   0.91
F000038    F    6   40/STD   168.3   7.11  23.7  100.0  12.0   180  0.0842      490   1.36
F000039    F    6   40/STD   168.3   7.11  23.7  100.0  12.0   240  0.0842      654   1.82
F000040    F    6   40/STD   168.3   7.11  23.7  115.0   4.0    60  0.0732      163   0.45
F000041    F    6   40/STD   168.3   7.11  23.7  115.0   4.0   120  0.0732      327   0.91
F000042    F    6   40/STD   168.3   7.11  23.7  115.0   4.0   180  0.0732      490   1.36
F000043    F    6   40/STD   168.3   7.11  23.7  115.0   4.0   240  0.0732      654   1.82
F000044    F    6   40/STD   168.3   7.11  23.7  115.0   6.0    60  0.0732      163   0.45
F000045    F    6   40/STD   168.3   7.11  23.7  115.0   6.0   120  0.0732      327   0.91
F000046    F    6   40/STD   168.3   7.11  23.7  115.0   6.0   180  0.0732      490   1.36
F000047    F    6   40/STD   168.3   7.11  23.7  115.0   6.0   240  0.0732      654   1.82
F000048    F    6   40/STD   168.3   7.11  23.7  115.0   8.0    60  0.0732      163   0.45
F000049    F    6   40/STD   168.3   7.11  23.7  115.0   8.0   120  0.0732      327   0.91
F000050    F    6   40/STD   168.3   7.11  23.7  115.0   8.0   180  0.0732      490   1.36
F000051    F    6   40/STD   168.3   7.11  23.7  115.0   8.0   240  0.0732      654   1.82
F000052    F    6   40/STD   168.3   7.11  23.7  115.0  10.0    60  0.0732      163   0.45
F000053    F    6   40/STD   168.3   7.11  23.7  115.0  10.0   120  0.0732      327   0.91
F000054    F    6   40/STD   168.3   7.11  23.7  115.0  10.0   180  0.0732      490   1.36
F000055    F    6   40/STD   168.3   7.11  23.7  115.0  10.0   240  0.0732      654   1.82
F000056    F    6   40/STD   168.3   7.11  23.7  115.0  12.0    60  0.0732      163   0.45
F000057    F    6   40/STD   168.3   7.11  23.7  115.0  12.0   120  0.0732      327   0.91
F000058    F    6   40/STD   168.3   7.11  23.7  115.0  12.0   180  0.0732      490   1.36
F000059    F    6   40/STD   168.3   7.11  23.7  115.0  12.0   240  0.0732      654   1.82
F000060    F    6   40/STD   168.3   7.11  23.7  130.0   4.0    60  0.0647      163   0.45
F000061    F    6   40/STD   168.3   7.11  23.7  130.0   4.0   120  0.0647      327   0.91
F000062    F    6   40/STD   168.3   7.11  23.7  130.0   4.0   180  0.0647      490   1.36
F000063    F    6   40/STD   168.3   7.11  23.7  130.0   4.0   240  0.0647      654   1.82
F000064    F    6   40/STD   168.3   7.11  23.7  130.0   6.0    60  0.0647      163   0.45
F000065    F    6   40/STD   168.3   7.11  23.7  130.0   6.0   120  0.0647      327   0.91
F000066    F    6   40/STD   168.3   7.11  23.7  130.0   6.0   180  0.0647      490   1.36
F000067    F    6   40/STD   168.3   7.11  23.7  130.0   6.0   240  0.0647      654   1.82
F000068    F    6   40/STD   168.3   7.11  23.7  130.0   8.0    60  0.0647      163   0.45
F000069    F    6   40/STD   168.3   7.11  23.7  130.0   8.0   120  0.0647      327   0.91
F000070    F    6   40/STD   168.3   7.11  23.7  130.0   8.0   180  0.0647      490   1.36
F000071    F    6   40/STD   168.3   7.11  23.7  130.0   8.0   240  0.0647      654   1.82
F000072    F    6   40/STD   168.3   7.11  23.7  130.0  10.0    60  0.0647      163   0.45
F000073    F    6   40/STD   168.3   7.11  23.7  130.0  10.0   120  0.0647      327   0.91
F000074    F    6   40/STD   168.3   7.11  23.7  130.0  10.0   180  0.0647      490   1.36
F000075    F    6   40/STD   168.3   7.11  23.7  130.0  10.0   240  0.0647      654   1.82
F000076    F    6   40/STD   168.3   7.11  23.7  130.0  12.0    60  0.0647      163   0.45
F000077    F    6   40/STD   168.3   7.11  23.7  130.0  12.0   120  0.0647      327   0.91
F000078    F    6   40/STD   168.3   7.11  23.7  130.0  12.0   180  0.0647      490   1.36
F000079    F    6   40/STD   168.3   7.11  23.7  130.0  12.0   240  0.0647      654   1.82
F000080    F    6   40/STD   168.3   7.11  23.7  145.0   4.0    60  0.0580      163   0.45
F000081    F    6   40/STD   168.3   7.11  23.7  145.0   4.0   120  0.0580      327   0.91
F000082    F    6   40/STD   168.3   7.11  23.7  145.0   4.0   180  0.0580      490   1.36
F000083    F    6   40/STD   168.3   7.11  23.7  145.0   4.0   240  0.0580      654   1.82
F000084    F    6   40/STD   168.3   7.11  23.7  145.0   6.0    60  0.0580      163   0.45
F000085    F    6   40/STD   168.3   7.11  23.7  145.0   6.0   120  0.0580      327   0.91
F000086    F    6   40/STD   168.3   7.11  23.7  145.0   6.0   180  0.0580      490   1.36
F000087    F    6   40/STD   168.3   7.11  23.7  145.0   6.0   240  0.0580      654   1.82
F000088    F    6   40/STD   168.3   7.11  23.7  145.0   8.0    60  0.0580      163   0.45
F000089    F    6   40/STD   168.3   7.11  23.7  145.0   8.0   120  0.0580      327   0.91
F000090    F    6   40/STD   168.3   7.11  23.7  145.0   8.0   180  0.0580      490   1.36
F000091    F    6   40/STD   168.3   7.11  23.7  145.0   8.0   240  0.0580      654   1.82
F000092    F    6   40/STD   168.3   7.11  23.7  145.0  10.0    60  0.0580      163   0.45
F000093    F    6   40/STD   168.3   7.11  23.7  145.0  10.0   120  0.0580      327   0.91
F000094    F    6   40/STD   168.3   7.11  23.7  145.0  10.0   180  0.0580      490   1.36
F000095    F    6   40/STD   168.3   7.11  23.7  145.0  10.0   240  0.0580      654   1.82
F000096    F    6   40/STD   168.3   7.11  23.7  145.0  12.0    60  0.0580      163   0.45
F000097    F    6   40/STD   168.3   7.11  23.7  145.0  12.0   120  0.0580      327   0.91
F000098    F    6   40/STD   168.3   7.11  23.7  145.0  12.0   180  0.0580      490   1.36
F000099    F    6   40/STD   168.3   7.11  23.7  145.0  12.0   240  0.0580      654   1.82
F000100    F    6    80/XS   168.3  10.97  15.3   85.0   4.0    60  0.0990      109   0.30
F000101    F    6    80/XS   168.3  10.97  15.3   85.0   4.0   120  0.0990      217   0.60
F000102    F    6    80/XS   168.3  10.97  15.3   85.0   4.0   180  0.0990      326   0.90
F000103    F    6    80/XS   168.3  10.97  15.3   85.0   4.0   240  0.0990      434   1.21
F000104    F    6    80/XS   168.3  10.97  15.3   85.0   6.0    60  0.0990      109   0.30
F000105    F    6    80/XS   168.3  10.97  15.3   85.0   6.0   120  0.0990      217   0.60
F000106    F    6    80/XS   168.3  10.97  15.3   85.0   6.0   180  0.0990      326   0.90
F000107    F    6    80/XS   168.3  10.97  15.3   85.0   6.0   240  0.0990      434   1.21
F000108    F    6    80/XS   168.3  10.97  15.3   85.0   8.0    60  0.0990      109   0.30
F000109    F    6    80/XS   168.3  10.97  15.3   85.0   8.0   120  0.0990      217   0.60
F000110    F    6    80/XS   168.3  10.97  15.3   85.0   8.0   180  0.0990      326   0.90
F000111    F    6    80/XS   168.3  10.97  15.3   85.0   8.0   240  0.0990      434   1.21
F000112    F    6    80/XS   168.3  10.97  15.3   85.0  10.0    60  0.0990      109   0.30
F000113    F    6    80/XS   168.3  10.97  15.3   85.0  10.0   120  0.0990      217   0.60
F000114    F    6    80/XS   168.3  10.97  15.3   85.0  10.0   180  0.0990      326   0.90
F000115    F    6    80/XS   168.3  10.97  15.3   85.0  10.0   240  0.0990      434   1.21
F000116    F    6    80/XS   168.3  10.97  15.3   85.0  12.0    60  0.0990      109   0.30
F000117    F    6    80/XS   168.3  10.97  15.3   85.0  12.0   120  0.0990      217   0.60
F000118    F    6    80/XS   168.3  10.97  15.3   85.0  12.0   180  0.0990      326   0.90
F000119    F    6    80/XS   168.3  10.97  15.3   85.0  12.0   240  0.0990      434   1.21
F000120    F    6    80/XS   168.3  10.97  15.3  100.0   4.0    60  0.0842      109   0.30
F000121    F    6    80/XS   168.3  10.97  15.3  100.0   4.0   120  0.0842      217   0.60
F000122    F    6    80/XS   168.3  10.97  15.3  100.0   4.0   180  0.0842      326   0.90
F000123    F    6    80/XS   168.3  10.97  15.3  100.0   4.0   240  0.0842      434   1.21
F000124    F    6    80/XS   168.3  10.97  15.3  100.0   6.0    60  0.0842      109   0.30
F000125    F    6    80/XS   168.3  10.97  15.3  100.0   6.0   120  0.0842      217   0.60
F000126    F    6    80/XS   168.3  10.97  15.3  100.0   6.0   180  0.0842      326   0.90
F000127    F    6    80/XS   168.3  10.97  15.3  100.0   6.0   240  0.0842      434   1.21
F000128    F    6    80/XS   168.3  10.97  15.3  100.0   8.0    60  0.0842      109   0.30
F000129    F    6    80/XS   168.3  10.97  15.3  100.0   8.0   120  0.0842      217   0.60
F000130    F    6    80/XS   168.3  10.97  15.3  100.0   8.0   180  0.0842      326   0.90
F000131    F    6    80/XS   168.3  10.97  15.3  100.0   8.0   240  0.0842      434   1.21
F000132    F    6    80/XS   168.3  10.97  15.3  100.0  10.0    60  0.0842      109   0.30
F000133    F    6    80/XS   168.3  10.97  15.3  100.0  10.0   120  0.0842      217   0.60
F000134    F    6    80/XS   168.3  10.97  15.3  100.0  10.0   180  0.0842      326   0.90
F000135    F    6    80/XS   168.3  10.97  15.3  100.0  10.0   240  0.0842      434   1.21
F000136    F    6    80/XS   168.3  10.97  15.3  100.0  12.0    60  0.0842      109   0.30
F000137    F    6    80/XS   168.3  10.97  15.3  100.0  12.0   120  0.0842      217   0.60
F000138    F    6    80/XS   168.3  10.97  15.3  100.0  12.0   180  0.0842      326   0.90
F000139    F    6    80/XS   168.3  10.97  15.3  100.0  12.0   240  0.0842      434   1.21
F000140    F    6    80/XS   168.3  10.97  15.3  115.0   4.0    60  0.0732      109   0.30
F000141    F    6    80/XS   168.3  10.97  15.3  115.0   4.0   120  0.0732      217   0.60
F000142    F    6    80/XS   168.3  10.97  15.3  115.0   4.0   180  0.0732      326   0.90
F000143    F    6    80/XS   168.3  10.97  15.3  115.0   4.0   240  0.0732      434   1.21
F000144    F    6    80/XS   168.3  10.97  15.3  115.0   6.0    60  0.0732      109   0.30
F000145    F    6    80/XS   168.3  10.97  15.3  115.0   6.0   120  0.0732      217   0.60
F000146    F    6    80/XS   168.3  10.97  15.3  115.0   6.0   180  0.0732      326   0.90
F000147    F    6    80/XS   168.3  10.97  15.3  115.0   6.0   240  0.0732      434   1.21
F000148    F    6    80/XS   168.3  10.97  15.3  115.0   8.0    60  0.0732      109   0.30
F000149    F    6    80/XS   168.3  10.97  15.3  115.0   8.0   120  0.0732      217   0.60
F000150    F    6    80/XS   168.3  10.97  15.3  115.0   8.0   180  0.0732      326   0.90
F000151    F    6    80/XS   168.3  10.97  15.3  115.0   8.0   240  0.0732      434   1.21
F000152    F    6    80/XS   168.3  10.97  15.3  115.0  10.0    60  0.0732      109   0.30
F000153    F    6    80/XS   168.3  10.97  15.3  115.0  10.0   120  0.0732      217   0.60
F000154    F    6    80/XS   168.3  10.97  15.3  115.0  10.0   180  0.0732      326   0.90
F000155    F    6    80/XS   168.3  10.97  15.3  115.0  10.0   240  0.0732      434   1.21
F000156    F    6    80/XS   168.3  10.97  15.3  115.0  12.0    60  0.0732      109   0.30
F000157    F    6    80/XS   168.3  10.97  15.3  115.0  12.0   120  0.0732      217   0.60
F000158    F    6    80/XS   168.3  10.97  15.3  115.0  12.0   180  0.0732      326   0.90
F000159    F    6    80/XS   168.3  10.97  15.3  115.0  12.0   240  0.0732      434   1.21
F000160    F    6    80/XS   168.3  10.97  15.3  130.0   4.0    60  0.0647      109   0.30
F000161    F    6    80/XS   168.3  10.97  15.3  130.0   4.0   120  0.0647      217   0.60
F000162    F    6    80/XS   168.3  10.97  15.3  130.0   4.0   180  0.0647      326   0.90
F000163    F    6    80/XS   168.3  10.97  15.3  130.0   4.0   240  0.0647      434   1.21
F000164    F    6    80/XS   168.3  10.97  15.3  130.0   6.0    60  0.0647      109   0.30
F000165    F    6    80/XS   168.3  10.97  15.3  130.0   6.0   120  0.0647      217   0.60
F000166    F    6    80/XS   168.3  10.97  15.3  130.0   6.0   180  0.0647      326   0.90
F000167    F    6    80/XS   168.3  10.97  15.3  130.0   6.0   240  0.0647      434   1.21
F000168    F    6    80/XS   168.3  10.97  15.3  130.0   8.0    60  0.0647      109   0.30
F000169    F    6    80/XS   168.3  10.97  15.3  130.0   8.0   120  0.0647      217   0.60
F000170    F    6    80/XS   168.3  10.97  15.3  130.0   8.0   180  0.0647      326   0.90
F000171    F    6    80/XS   168.3  10.97  15.3  130.0   8.0   240  0.0647      434   1.21
F000172    F    6    80/XS   168.3  10.97  15.3  130.0  10.0    60  0.0647      109   0.30
F000173    F    6    80/XS   168.3  10.97  15.3  130.0  10.0   120  0.0647      217   0.60
F000174    F    6    80/XS   168.3  10.97  15.3  130.0  10.0   180  0.0647      326   0.90
F000175    F    6    80/XS   168.3  10.97  15.3  130.0  10.0   240  0.0647      434   1.21
F000176    F    6    80/XS   168.3  10.97  15.3  130.0  12.0    60  0.0647      109   0.30
F000177    F    6    80/XS   168.3  10.97  15.3  130.0  12.0   120  0.0647      217   0.60
F000178    F    6    80/XS   168.3  10.97  15.3  130.0  12.0   180  0.0647      326   0.90
F000179    F    6    80/XS   168.3  10.97  15.3  130.0  12.0   240  0.0647      434   1.21
F000180    F    6    80/XS   168.3  10.97  15.3  145.0   4.0    60  0.0580      109   0.30
F000181    F    6    80/XS   168.3  10.97  15.3  145.0   4.0   120  0.0580      217   0.60
F000182    F    6    80/XS   168.3  10.97  15.3  145.0   4.0   180  0.0580      326   0.90
F000183    F    6    80/XS   168.3  10.97  15.3  145.0   4.0   240  0.0580      434   1.21
F000184    F    6    80/XS   168.3  10.97  15.3  145.0   6.0    60  0.0580      109   0.30
F000185    F    6    80/XS   168.3  10.97  15.3  145.0   6.0   120  0.0580      217   0.60
F000186    F    6    80/XS   168.3  10.97  15.3  145.0   6.0   180  0.0580      326   0.90
F000187    F    6    80/XS   168.3  10.97  15.3  145.0   6.0   240  0.0580      434   1.21
F000188    F    6    80/XS   168.3  10.97  15.3  145.0   8.0    60  0.0580      109   0.30
F000189    F    6    80/XS   168.3  10.97  15.3  145.0   8.0   120  0.0580      217   0.60
F000190    F    6    80/XS   168.3  10.97  15.3  145.0   8.0   180  0.0580      326   0.90
F000191    F    6    80/XS   168.3  10.97  15.3  145.0   8.0   240  0.0580      434   1.21
F000192    F    6    80/XS   168.3  10.97  15.3  145.0  10.0    60  0.0580      109   0.30
F000193    F    6    80/XS   168.3  10.97  15.3  145.0  10.0   120  0.0580      217   0.60
F000194    F    6    80/XS   168.3  10.97  15.3  145.0  10.0   180  0.0580      326   0.90
F000195    F    6    80/XS   168.3  10.97  15.3  145.0  10.0   240  0.0580      434   1.21
F000196    F    6    80/XS   168.3  10.97  15.3  145.0  12.0    60  0.0580      109   0.30
F000197    F    6    80/XS   168.3  10.97  15.3  145.0  12.0   120  0.0580      217   0.60
F000198    F    6    80/XS   168.3  10.97  15.3  145.0  12.0   180  0.0580      326   0.90
F000199    F    6    80/XS   168.3  10.97  15.3  145.0  12.0   240  0.0580      434   1.21
F000200    F    6      120   168.3  14.27  11.8   85.0   4.0    60  0.0990       85   0.24
F000201    F    6      120   168.3  14.27  11.8   85.0   4.0   120  0.0990      170   0.47
F000202    F    6      120   168.3  14.27  11.8   85.0   4.0   180  0.0990      256   0.71
F000203    F    6      120   168.3  14.27  11.8   85.0   4.0   240  0.0990      341   0.95
F000204    F    6      120   168.3  14.27  11.8   85.0   6.0    60  0.0990       85   0.24
F000205    F    6      120   168.3  14.27  11.8   85.0   6.0   120  0.0990      170   0.47
F000206    F    6      120   168.3  14.27  11.8   85.0   6.0   180  0.0990      256   0.71
F000207    F    6      120   168.3  14.27  11.8   85.0   6.0   240  0.0990      341   0.95
F000208    F    6      120   168.3  14.27  11.8   85.0   8.0    60  0.0990       85   0.24
F000209    F    6      120   168.3  14.27  11.8   85.0   8.0   120  0.0990      170   0.47
F000210    F    6      120   168.3  14.27  11.8   85.0   8.0   180  0.0990      256   0.71
F000211    F    6      120   168.3  14.27  11.8   85.0   8.0   240  0.0990      341   0.95
F000212    F    6      120   168.3  14.27  11.8   85.0  10.0    60  0.0990       85   0.24
F000213    F    6      120   168.3  14.27  11.8   85.0  10.0   120  0.0990      170   0.47
F000214    F    6      120   168.3  14.27  11.8   85.0  10.0   180  0.0990      256   0.71
F000215    F    6      120   168.3  14.27  11.8   85.0  10.0   240  0.0990      341   0.95
F000216    F    6      120   168.3  14.27  11.8   85.0  12.0    60  0.0990       85   0.24
F000217    F    6      120   168.3  14.27  11.8   85.0  12.0   120  0.0990      170   0.47
F000218    F    6      120   168.3  14.27  11.8   85.0  12.0   180  0.0990      256   0.71
F000219    F    6      120   168.3  14.27  11.8   85.0  12.0   240  0.0990      341   0.95
F000220    F    6      120   168.3  14.27  11.8  100.0   4.0    60  0.0842       85   0.24
F000221    F    6      120   168.3  14.27  11.8  100.0   4.0   120  0.0842      170   0.47
F000222    F    6      120   168.3  14.27  11.8  100.0   4.0   180  0.0842      256   0.71
F000223    F    6      120   168.3  14.27  11.8  100.0   4.0   240  0.0842      341   0.95
F000224    F    6      120   168.3  14.27  11.8  100.0   6.0    60  0.0842       85   0.24
F000225    F    6      120   168.3  14.27  11.8  100.0   6.0   120  0.0842      170   0.47
F000226    F    6      120   168.3  14.27  11.8  100.0   6.0   180  0.0842      256   0.71
F000227    F    6      120   168.3  14.27  11.8  100.0   6.0   240  0.0842      341   0.95
F000228    F    6      120   168.3  14.27  11.8  100.0   8.0    60  0.0842       85   0.24
F000229    F    6      120   168.3  14.27  11.8  100.0   8.0   120  0.0842      170   0.47
F000230    F    6      120   168.3  14.27  11.8  100.0   8.0   180  0.0842      256   0.71
F000231    F    6      120   168.3  14.27  11.8  100.0   8.0   240  0.0842      341   0.95
F000232    F    6      120   168.3  14.27  11.8  100.0  10.0    60  0.0842       85   0.24
F000233    F    6      120   168.3  14.27  11.8  100.0  10.0   120  0.0842      170   0.47
F000234    F    6      120   168.3  14.27  11.8  100.0  10.0   180  0.0842      256   0.71
F000235    F    6      120   168.3  14.27  11.8  100.0  10.0   240  0.0842      341   0.95
F000236    F    6      120   168.3  14.27  11.8  100.0  12.0    60  0.0842       85   0.24
F000237    F    6      120   168.3  14.27  11.8  100.0  12.0   120  0.0842      170   0.47
F000238    F    6      120   168.3  14.27  11.8  100.0  12.0   180  0.0842      256   0.71
F000239    F    6      120   168.3  14.27  11.8  100.0  12.0   240  0.0842      341   0.95
F000240    F    6      120   168.3  14.27  11.8  115.0   4.0    60  0.0732       85   0.24
F000241    F    6      120   168.3  14.27  11.8  115.0   4.0   120  0.0732      170   0.47
F000242    F    6      120   168.3  14.27  11.8  115.0   4.0   180  0.0732      256   0.71
F000243    F    6      120   168.3  14.27  11.8  115.0   4.0   240  0.0732      341   0.95
F000244    F    6      120   168.3  14.27  11.8  115.0   6.0    60  0.0732       85   0.24
F000245    F    6      120   168.3  14.27  11.8  115.0   6.0   120  0.0732      170   0.47
F000246    F    6      120   168.3  14.27  11.8  115.0   6.0   180  0.0732      256   0.71
F000247    F    6      120   168.3  14.27  11.8  115.0   6.0   240  0.0732      341   0.95
F000248    F    6      120   168.3  14.27  11.8  115.0   8.0    60  0.0732       85   0.24
F000249    F    6      120   168.3  14.27  11.8  115.0   8.0   120  0.0732      170   0.47
F000250    F    6      120   168.3  14.27  11.8  115.0   8.0   180  0.0732      256   0.71
F000251    F    6      120   168.3  14.27  11.8  115.0   8.0   240  0.0732      341   0.95
F000252    F    6      120   168.3  14.27  11.8  115.0  10.0    60  0.0732       85   0.24
F000253    F    6      120   168.3  14.27  11.8  115.0  10.0   120  0.0732      170   0.47
F000254    F    6      120   168.3  14.27  11.8  115.0  10.0   180  0.0732      256   0.71
F000255    F    6      120   168.3  14.27  11.8  115.0  10.0   240  0.0732      341   0.95
F000256    F    6      120   168.3  14.27  11.8  115.0  12.0    60  0.0732       85   0.24
F000257    F    6      120   168.3  14.27  11.8  115.0  12.0   120  0.0732      170   0.47
F000258    F    6      120   168.3  14.27  11.8  115.0  12.0   180  0.0732      256   0.71
F000259    F    6      120   168.3  14.27  11.8  115.0  12.0   240  0.0732      341   0.95
F000260    F    6      120   168.3  14.27  11.8  130.0   4.0    60  0.0647       85   0.24
F000261    F    6      120   168.3  14.27  11.8  130.0   4.0   120  0.0647      170   0.47
F000262    F    6      120   168.3  14.27  11.8  130.0   4.0   180  0.0647      256   0.71
F000263    F    6      120   168.3  14.27  11.8  130.0   4.0   240  0.0647      341   0.95
F000264    F    6      120   168.3  14.27  11.8  130.0   6.0    60  0.0647       85   0.24
F000265    F    6      120   168.3  14.27  11.8  130.0   6.0   120  0.0647      170   0.47
F000266    F    6      120   168.3  14.27  11.8  130.0   6.0   180  0.0647      256   0.71
F000267    F    6      120   168.3  14.27  11.8  130.0   6.0   240  0.0647      341   0.95
F000268    F    6      120   168.3  14.27  11.8  130.0   8.0    60  0.0647       85   0.24
F000269    F    6      120   168.3  14.27  11.8  130.0   8.0   120  0.0647      170   0.47
F000270    F    6      120   168.3  14.27  11.8  130.0   8.0   180  0.0647      256   0.71
F000271    F    6      120   168.3  14.27  11.8  130.0   8.0   240  0.0647      341   0.95
F000272    F    6      120   168.3  14.27  11.8  130.0  10.0    60  0.0647       85   0.24
F000273    F    6      120   168.3  14.27  11.8  130.0  10.0   120  0.0647      170   0.47
F000274    F    6      120   168.3  14.27  11.8  130.0  10.0   180  0.0647      256   0.71
F000275    F    6      120   168.3  14.27  11.8  130.0  10.0   240  0.0647      341   0.95
F000276    F    6      120   168.3  14.27  11.8  130.0  12.0    60  0.0647       85   0.24
F000277    F    6      120   168.3  14.27  11.8  130.0  12.0   120  0.0647      170   0.47
F000278    F    6      120   168.3  14.27  11.8  130.0  12.0   180  0.0647      256   0.71
F000279    F    6      120   168.3  14.27  11.8  130.0  12.0   240  0.0647      341   0.95
F000280    F    6      120   168.3  14.27  11.8  145.0   4.0    60  0.0580       85   0.24
F000281    F    6      120   168.3  14.27  11.8  145.0   4.0   120  0.0580      170   0.47
F000282    F    6      120   168.3  14.27  11.8  145.0   4.0   180  0.0580      256   0.71
F000283    F    6      120   168.3  14.27  11.8  145.0   4.0   240  0.0580      341   0.95
F000284    F    6      120   168.3  14.27  11.8  145.0   6.0    60  0.0580       85   0.24
F000285    F    6      120   168.3  14.27  11.8  145.0   6.0   120  0.0580      170   0.47
F000286    F    6      120   168.3  14.27  11.8  145.0   6.0   180  0.0580      256   0.71
F000287    F    6      120   168.3  14.27  11.8  145.0   6.0   240  0.0580      341   0.95
F000288    F    6      120   168.3  14.27  11.8  145.0   8.0    60  0.0580       85   0.24
F000289    F    6      120   168.3  14.27  11.8  145.0   8.0   120  0.0580      170   0.47
F000290    F    6      120   168.3  14.27  11.8  145.0   8.0   180  0.0580      256   0.71
F000291    F    6      120   168.3  14.27  11.8  145.0   8.0   240  0.0580      341   0.95
F000292    F    6      120   168.3  14.27  11.8  145.0  10.0    60  0.0580       85   0.24
F000293    F    6      120   168.3  14.27  11.8  145.0  10.0   120  0.0580      170   0.47
F000294    F    6      120   168.3  14.27  11.8  145.0  10.0   180  0.0580      256   0.71
F000295    F    6      120   168.3  14.27  11.8  145.0  10.0   240  0.0580      341   0.95
F000296    F    6      120   168.3  14.27  11.8  145.0  12.0    60  0.0580       85   0.24
F000297    F    6      120   168.3  14.27  11.8  145.0  12.0   120  0.0580      170   0.47
F000298    F    6      120   168.3  14.27  11.8  145.0  12.0   180  0.0580      256   0.71
F000299    F    6      120   168.3  14.27  11.8  145.0  12.0   240  0.0580      341   0.95
F000300    F   10   40/STD   273.1   9.27  29.5   85.0   4.0    60  0.1606       77   0.21
F000301    F   10   40/STD   273.1   9.27  29.5   85.0   4.0   120  0.1606      153   0.43
F000302    F   10   40/STD   273.1   9.27  29.5   85.0   4.0   180  0.1606      230   0.64
F000303    F   10   40/STD   273.1   9.27  29.5   85.0   4.0   240  0.1606      306   0.85
F000304    F   10   40/STD   273.1   9.27  29.5   85.0   6.0    60  0.1606       77   0.21
F000305    F   10   40/STD   273.1   9.27  29.5   85.0   6.0   120  0.1606      153   0.43
F000306    F   10   40/STD   273.1   9.27  29.5   85.0   6.0   180  0.1606      230   0.64
F000307    F   10   40/STD   273.1   9.27  29.5   85.0   6.0   240  0.1606      306   0.85
F000308    F   10   40/STD   273.1   9.27  29.5   85.0   8.0    60  0.1606       77   0.21
F000309    F   10   40/STD   273.1   9.27  29.5   85.0   8.0   120  0.1606      153   0.43
F000310    F   10   40/STD   273.1   9.27  29.5   85.0   8.0   180  0.1606      230   0.64
F000311    F   10   40/STD   273.1   9.27  29.5   85.0   8.0   240  0.1606      306   0.85
F000312    F   10   40/STD   273.1   9.27  29.5   85.0  10.0    60  0.1606       77   0.21
F000313    F   10   40/STD   273.1   9.27  29.5   85.0  10.0   120  0.1606      153   0.43
F000314    F   10   40/STD   273.1   9.27  29.5   85.0  10.0   180  0.1606      230   0.64
F000315    F   10   40/STD   273.1   9.27  29.5   85.0  10.0   240  0.1606      306   0.85
F000316    F   10   40/STD   273.1   9.27  29.5   85.0  12.0    60  0.1606       77   0.21
F000317    F   10   40/STD   273.1   9.27  29.5   85.0  12.0   120  0.1606      153   0.43
F000318    F   10   40/STD   273.1   9.27  29.5   85.0  12.0   180  0.1606      230   0.64
F000319    F   10   40/STD   273.1   9.27  29.5   85.0  12.0   240  0.1606      306   0.85
F000320    F   10   40/STD   273.1   9.27  29.5  100.0   4.0    60  0.1366       77   0.21
F000321    F   10   40/STD   273.1   9.27  29.5  100.0   4.0   120  0.1366      153   0.43
F000322    F   10   40/STD   273.1   9.27  29.5  100.0   4.0   180  0.1366      230   0.64
F000323    F   10   40/STD   273.1   9.27  29.5  100.0   4.0   240  0.1366      306   0.85
F000324    F   10   40/STD   273.1   9.27  29.5  100.0   6.0    60  0.1366       77   0.21
F000325    F   10   40/STD   273.1   9.27  29.5  100.0   6.0   120  0.1366      153   0.43
F000326    F   10   40/STD   273.1   9.27  29.5  100.0   6.0   180  0.1366      230   0.64
F000327    F   10   40/STD   273.1   9.27  29.5  100.0   6.0   240  0.1366      306   0.85
F000328    F   10   40/STD   273.1   9.27  29.5  100.0   8.0    60  0.1366       77   0.21
F000329    F   10   40/STD   273.1   9.27  29.5  100.0   8.0   120  0.1366      153   0.43
F000330    F   10   40/STD   273.1   9.27  29.5  100.0   8.0   180  0.1366      230   0.64
F000331    F   10   40/STD   273.1   9.27  29.5  100.0   8.0   240  0.1366      306   0.85
F000332    F   10   40/STD   273.1   9.27  29.5  100.0  10.0    60  0.1366       77   0.21
F000333    F   10   40/STD   273.1   9.27  29.5  100.0  10.0   120  0.1366      153   0.43
F000334    F   10   40/STD   273.1   9.27  29.5  100.0  10.0   180  0.1366      230   0.64
F000335    F   10   40/STD   273.1   9.27  29.5  100.0  10.0   240  0.1366      306   0.85
F000336    F   10   40/STD   273.1   9.27  29.5  100.0  12.0    60  0.1366       77   0.21
F000337    F   10   40/STD   273.1   9.27  29.5  100.0  12.0   120  0.1366      153   0.43
F000338    F   10   40/STD   273.1   9.27  29.5  100.0  12.0   180  0.1366      230   0.64
F000339    F   10   40/STD   273.1   9.27  29.5  100.0  12.0   240  0.1366      306   0.85
F000340    F   10   40/STD   273.1   9.27  29.5  115.0   4.0    60  0.1187       77   0.21
F000341    F   10   40/STD   273.1   9.27  29.5  115.0   4.0   120  0.1187      153   0.43
F000342    F   10   40/STD   273.1   9.27  29.5  115.0   4.0   180  0.1187      230   0.64
F000343    F   10   40/STD   273.1   9.27  29.5  115.0   4.0   240  0.1187      306   0.85
F000344    F   10   40/STD   273.1   9.27  29.5  115.0   6.0    60  0.1187       77   0.21
F000345    F   10   40/STD   273.1   9.27  29.5  115.0   6.0   120  0.1187      153   0.43
F000346    F   10   40/STD   273.1   9.27  29.5  115.0   6.0   180  0.1187      230   0.64
F000347    F   10   40/STD   273.1   9.27  29.5  115.0   6.0   240  0.1187      306   0.85
F000348    F   10   40/STD   273.1   9.27  29.5  115.0   8.0    60  0.1187       77   0.21
F000349    F   10   40/STD   273.1   9.27  29.5  115.0   8.0   120  0.1187      153   0.43
F000350    F   10   40/STD   273.1   9.27  29.5  115.0   8.0   180  0.1187      230   0.64
F000351    F   10   40/STD   273.1   9.27  29.5  115.0   8.0   240  0.1187      306   0.85
F000352    F   10   40/STD   273.1   9.27  29.5  115.0  10.0    60  0.1187       77   0.21
F000353    F   10   40/STD   273.1   9.27  29.5  115.0  10.0   120  0.1187      153   0.43
F000354    F   10   40/STD   273.1   9.27  29.5  115.0  10.0   180  0.1187      230   0.64
F000355    F   10   40/STD   273.1   9.27  29.5  115.0  10.0   240  0.1187      306   0.85
F000356    F   10   40/STD   273.1   9.27  29.5  115.0  12.0    60  0.1187       77   0.21
F000357    F   10   40/STD   273.1   9.27  29.5  115.0  12.0   120  0.1187      153   0.43
F000358    F   10   40/STD   273.1   9.27  29.5  115.0  12.0   180  0.1187      230   0.64
F000359    F   10   40/STD   273.1   9.27  29.5  115.0  12.0   240  0.1187      306   0.85
F000360    F   10   40/STD   273.1   9.27  29.5  130.0   4.0    60  0.1050       77   0.21
F000361    F   10   40/STD   273.1   9.27  29.5  130.0   4.0   120  0.1050      153   0.43
F000362    F   10   40/STD   273.1   9.27  29.5  130.0   4.0   180  0.1050      230   0.64
F000363    F   10   40/STD   273.1   9.27  29.5  130.0   4.0   240  0.1050      306   0.85
F000364    F   10   40/STD   273.1   9.27  29.5  130.0   6.0    60  0.1050       77   0.21
F000365    F   10   40/STD   273.1   9.27  29.5  130.0   6.0   120  0.1050      153   0.43
F000366    F   10   40/STD   273.1   9.27  29.5  130.0   6.0   180  0.1050      230   0.64
F000367    F   10   40/STD   273.1   9.27  29.5  130.0   6.0   240  0.1050      306   0.85
F000368    F   10   40/STD   273.1   9.27  29.5  130.0   8.0    60  0.1050       77   0.21
F000369    F   10   40/STD   273.1   9.27  29.5  130.0   8.0   120  0.1050      153   0.43
F000370    F   10   40/STD   273.1   9.27  29.5  130.0   8.0   180  0.1050      230   0.64
F000371    F   10   40/STD   273.1   9.27  29.5  130.0   8.0   240  0.1050      306   0.85
F000372    F   10   40/STD   273.1   9.27  29.5  130.0  10.0    60  0.1050       77   0.21
F000373    F   10   40/STD   273.1   9.27  29.5  130.0  10.0   120  0.1050      153   0.43
F000374    F   10   40/STD   273.1   9.27  29.5  130.0  10.0   180  0.1050      230   0.64
F000375    F   10   40/STD   273.1   9.27  29.5  130.0  10.0   240  0.1050      306   0.85
F000376    F   10   40/STD   273.1   9.27  29.5  130.0  12.0    60  0.1050       77   0.21
F000377    F   10   40/STD   273.1   9.27  29.5  130.0  12.0   120  0.1050      153   0.43
F000378    F   10   40/STD   273.1   9.27  29.5  130.0  12.0   180  0.1050      230   0.64
F000379    F   10   40/STD   273.1   9.27  29.5  130.0  12.0   240  0.1050      306   0.85
F000380    F   10   40/STD   273.1   9.27  29.5  145.0   4.0    60  0.0942       77   0.21
F000381    F   10   40/STD   273.1   9.27  29.5  145.0   4.0   120  0.0942      153   0.43
F000382    F   10   40/STD   273.1   9.27  29.5  145.0   4.0   180  0.0942      230   0.64
F000383    F   10   40/STD   273.1   9.27  29.5  145.0   4.0   240  0.0942      306   0.85
F000384    F   10   40/STD   273.1   9.27  29.5  145.0   6.0    60  0.0942       77   0.21
F000385    F   10   40/STD   273.1   9.27  29.5  145.0   6.0   120  0.0942      153   0.43
F000386    F   10   40/STD   273.1   9.27  29.5  145.0   6.0   180  0.0942      230   0.64
F000387    F   10   40/STD   273.1   9.27  29.5  145.0   6.0   240  0.0942      306   0.85
F000388    F   10   40/STD   273.1   9.27  29.5  145.0   8.0    60  0.0942       77   0.21
F000389    F   10   40/STD   273.1   9.27  29.5  145.0   8.0   120  0.0942      153   0.43
F000390    F   10   40/STD   273.1   9.27  29.5  145.0   8.0   180  0.0942      230   0.64
F000391    F   10   40/STD   273.1   9.27  29.5  145.0   8.0   240  0.0942      306   0.85
F000392    F   10   40/STD   273.1   9.27  29.5  145.0  10.0    60  0.0942       77   0.21
F000393    F   10   40/STD   273.1   9.27  29.5  145.0  10.0   120  0.0942      153   0.43
F000394    F   10   40/STD   273.1   9.27  29.5  145.0  10.0   180  0.0942      230   0.64
F000395    F   10   40/STD   273.1   9.27  29.5  145.0  10.0   240  0.0942      306   0.85
F000396    F   10   40/STD   273.1   9.27  29.5  145.0  12.0    60  0.0942       77   0.21
F000397    F   10   40/STD   273.1   9.27  29.5  145.0  12.0   120  0.0942      153   0.43
F000398    F   10   40/STD   273.1   9.27  29.5  145.0  12.0   180  0.0942      230   0.64
F000399    F   10   40/STD   273.1   9.27  29.5  145.0  12.0   240  0.0942      306   0.85
F000400    F   10    60/XS   273.1  12.70  21.5   85.0   4.0    60  0.1606       57   0.16
F000401    F   10    60/XS   273.1  12.70  21.5   85.0   4.0   120  0.1606      113   0.31
F000402    F   10    60/XS   273.1  12.70  21.5   85.0   4.0   180  0.1606      170   0.47
F000403    F   10    60/XS   273.1  12.70  21.5   85.0   4.0   240  0.1606      227   0.63
F000404    F   10    60/XS   273.1  12.70  21.5   85.0   6.0    60  0.1606       57   0.16
F000405    F   10    60/XS   273.1  12.70  21.5   85.0   6.0   120  0.1606      113   0.31
F000406    F   10    60/XS   273.1  12.70  21.5   85.0   6.0   180  0.1606      170   0.47
F000407    F   10    60/XS   273.1  12.70  21.5   85.0   6.0   240  0.1606      227   0.63
F000408    F   10    60/XS   273.1  12.70  21.5   85.0   8.0    60  0.1606       57   0.16
F000409    F   10    60/XS   273.1  12.70  21.5   85.0   8.0   120  0.1606      113   0.31
F000410    F   10    60/XS   273.1  12.70  21.5   85.0   8.0   180  0.1606      170   0.47
F000411    F   10    60/XS   273.1  12.70  21.5   85.0   8.0   240  0.1606      227   0.63
F000412    F   10    60/XS   273.1  12.70  21.5   85.0  10.0    60  0.1606       57   0.16
F000413    F   10    60/XS   273.1  12.70  21.5   85.0  10.0   120  0.1606      113   0.31
F000414    F   10    60/XS   273.1  12.70  21.5   85.0  10.0   180  0.1606      170   0.47
F000415    F   10    60/XS   273.1  12.70  21.5   85.0  10.0   240  0.1606      227   0.63
F000416    F   10    60/XS   273.1  12.70  21.5   85.0  12.0    60  0.1606       57   0.16
F000417    F   10    60/XS   273.1  12.70  21.5   85.0  12.0   120  0.1606      113   0.31
F000418    F   10    60/XS   273.1  12.70  21.5   85.0  12.0   180  0.1606      170   0.47
F000419    F   10    60/XS   273.1  12.70  21.5   85.0  12.0   240  0.1606      227   0.63
F000420    F   10    60/XS   273.1  12.70  21.5  100.0   4.0    60  0.1366       57   0.16
F000421    F   10    60/XS   273.1  12.70  21.5  100.0   4.0   120  0.1366      113   0.31
F000422    F   10    60/XS   273.1  12.70  21.5  100.0   4.0   180  0.1366      170   0.47
F000423    F   10    60/XS   273.1  12.70  21.5  100.0   4.0   240  0.1366      227   0.63
F000424    F   10    60/XS   273.1  12.70  21.5  100.0   6.0    60  0.1366       57   0.16
F000425    F   10    60/XS   273.1  12.70  21.5  100.0   6.0   120  0.1366      113   0.31
F000426    F   10    60/XS   273.1  12.70  21.5  100.0   6.0   180  0.1366      170   0.47
F000427    F   10    60/XS   273.1  12.70  21.5  100.0   6.0   240  0.1366      227   0.63
F000428    F   10    60/XS   273.1  12.70  21.5  100.0   8.0    60  0.1366       57   0.16
F000429    F   10    60/XS   273.1  12.70  21.5  100.0   8.0   120  0.1366      113   0.31
F000430    F   10    60/XS   273.1  12.70  21.5  100.0   8.0   180  0.1366      170   0.47
F000431    F   10    60/XS   273.1  12.70  21.5  100.0   8.0   240  0.1366      227   0.63
F000432    F   10    60/XS   273.1  12.70  21.5  100.0  10.0    60  0.1366       57   0.16
F000433    F   10    60/XS   273.1  12.70  21.5  100.0  10.0   120  0.1366      113   0.31
F000434    F   10    60/XS   273.1  12.70  21.5  100.0  10.0   180  0.1366      170   0.47
F000435    F   10    60/XS   273.1  12.70  21.5  100.0  10.0   240  0.1366      227   0.63
F000436    F   10    60/XS   273.1  12.70  21.5  100.0  12.0    60  0.1366       57   0.16
F000437    F   10    60/XS   273.1  12.70  21.5  100.0  12.0   120  0.1366      113   0.31
F000438    F   10    60/XS   273.1  12.70  21.5  100.0  12.0   180  0.1366      170   0.47
F000439    F   10    60/XS   273.1  12.70  21.5  100.0  12.0   240  0.1366      227   0.63
F000440    F   10    60/XS   273.1  12.70  21.5  115.0   4.0    60  0.1187       57   0.16
F000441    F   10    60/XS   273.1  12.70  21.5  115.0   4.0   120  0.1187      113   0.31
F000442    F   10    60/XS   273.1  12.70  21.5  115.0   4.0   180  0.1187      170   0.47
F000443    F   10    60/XS   273.1  12.70  21.5  115.0   4.0   240  0.1187      227   0.63
F000444    F   10    60/XS   273.1  12.70  21.5  115.0   6.0    60  0.1187       57   0.16
F000445    F   10    60/XS   273.1  12.70  21.5  115.0   6.0   120  0.1187      113   0.31
F000446    F   10    60/XS   273.1  12.70  21.5  115.0   6.0   180  0.1187      170   0.47
F000447    F   10    60/XS   273.1  12.70  21.5  115.0   6.0   240  0.1187      227   0.63
F000448    F   10    60/XS   273.1  12.70  21.5  115.0   8.0    60  0.1187       57   0.16
F000449    F   10    60/XS   273.1  12.70  21.5  115.0   8.0   120  0.1187      113   0.31
F000450    F   10    60/XS   273.1  12.70  21.5  115.0   8.0   180  0.1187      170   0.47
F000451    F   10    60/XS   273.1  12.70  21.5  115.0   8.0   240  0.1187      227   0.63
F000452    F   10    60/XS   273.1  12.70  21.5  115.0  10.0    60  0.1187       57   0.16
F000453    F   10    60/XS   273.1  12.70  21.5  115.0  10.0   120  0.1187      113   0.31
F000454    F   10    60/XS   273.1  12.70  21.5  115.0  10.0   180  0.1187      170   0.47
F000455    F   10    60/XS   273.1  12.70  21.5  115.0  10.0   240  0.1187      227   0.63
F000456    F   10    60/XS   273.1  12.70  21.5  115.0  12.0    60  0.1187       57   0.16
F000457    F   10    60/XS   273.1  12.70  21.5  115.0  12.0   120  0.1187      113   0.31
F000458    F   10    60/XS   273.1  12.70  21.5  115.0  12.0   180  0.1187      170   0.47
F000459    F   10    60/XS   273.1  12.70  21.5  115.0  12.0   240  0.1187      227   0.63
F000460    F   10    60/XS   273.1  12.70  21.5  130.0   4.0    60  0.1050       57   0.16
F000461    F   10    60/XS   273.1  12.70  21.5  130.0   4.0   120  0.1050      113   0.31
F000462    F   10    60/XS   273.1  12.70  21.5  130.0   4.0   180  0.1050      170   0.47
F000463    F   10    60/XS   273.1  12.70  21.5  130.0   4.0   240  0.1050      227   0.63
F000464    F   10    60/XS   273.1  12.70  21.5  130.0   6.0    60  0.1050       57   0.16
F000465    F   10    60/XS   273.1  12.70  21.5  130.0   6.0   120  0.1050      113   0.31
F000466    F   10    60/XS   273.1  12.70  21.5  130.0   6.0   180  0.1050      170   0.47
F000467    F   10    60/XS   273.1  12.70  21.5  130.0   6.0   240  0.1050      227   0.63
F000468    F   10    60/XS   273.1  12.70  21.5  130.0   8.0    60  0.1050       57   0.16
F000469    F   10    60/XS   273.1  12.70  21.5  130.0   8.0   120  0.1050      113   0.31
F000470    F   10    60/XS   273.1  12.70  21.5  130.0   8.0   180  0.1050      170   0.47
F000471    F   10    60/XS   273.1  12.70  21.5  130.0   8.0   240  0.1050      227   0.63
F000472    F   10    60/XS   273.1  12.70  21.5  130.0  10.0    60  0.1050       57   0.16
F000473    F   10    60/XS   273.1  12.70  21.5  130.0  10.0   120  0.1050      113   0.31
F000474    F   10    60/XS   273.1  12.70  21.5  130.0  10.0   180  0.1050      170   0.47
F000475    F   10    60/XS   273.1  12.70  21.5  130.0  10.0   240  0.1050      227   0.63
F000476    F   10    60/XS   273.1  12.70  21.5  130.0  12.0    60  0.1050       57   0.16
F000477    F   10    60/XS   273.1  12.70  21.5  130.0  12.0   120  0.1050      113   0.31
F000478    F   10    60/XS   273.1  12.70  21.5  130.0  12.0   180  0.1050      170   0.47
F000479    F   10    60/XS   273.1  12.70  21.5  130.0  12.0   240  0.1050      227   0.63
F000480    F   10    60/XS   273.1  12.70  21.5  145.0   4.0    60  0.0942       57   0.16
F000481    F   10    60/XS   273.1  12.70  21.5  145.0   4.0   120  0.0942      113   0.31
F000482    F   10    60/XS   273.1  12.70  21.5  145.0   4.0   180  0.0942      170   0.47
F000483    F   10    60/XS   273.1  12.70  21.5  145.0   4.0   240  0.0942      227   0.63
F000484    F   10    60/XS   273.1  12.70  21.5  145.0   6.0    60  0.0942       57   0.16
F000485    F   10    60/XS   273.1  12.70  21.5  145.0   6.0   120  0.0942      113   0.31
F000486    F   10    60/XS   273.1  12.70  21.5  145.0   6.0   180  0.0942      170   0.47
F000487    F   10    60/XS   273.1  12.70  21.5  145.0   6.0   240  0.0942      227   0.63
F000488    F   10    60/XS   273.1  12.70  21.5  145.0   8.0    60  0.0942       57   0.16
F000489    F   10    60/XS   273.1  12.70  21.5  145.0   8.0   120  0.0942      113   0.31
F000490    F   10    60/XS   273.1  12.70  21.5  145.0   8.0   180  0.0942      170   0.47
F000491    F   10    60/XS   273.1  12.70  21.5  145.0   8.0   240  0.0942      227   0.63
F000492    F   10    60/XS   273.1  12.70  21.5  145.0  10.0    60  0.0942       57   0.16
F000493    F   10    60/XS   273.1  12.70  21.5  145.0  10.0   120  0.0942      113   0.31
F000494    F   10    60/XS   273.1  12.70  21.5  145.0  10.0   180  0.0942      170   0.47
F000495    F   10    60/XS   273.1  12.70  21.5  145.0  10.0   240  0.0942      227   0.63
F000496    F   10    60/XS   273.1  12.70  21.5  145.0  12.0    60  0.0942       57   0.16
F000497    F   10    60/XS   273.1  12.70  21.5  145.0  12.0   120  0.0942      113   0.31
F000498    F   10    60/XS   273.1  12.70  21.5  145.0  12.0   180  0.0942      170   0.47
F000499    F   10    60/XS   273.1  12.70  21.5  145.0  12.0   240  0.0942      227   0.63
F000500    F   10      100   273.1  18.26  15.0   85.0   4.0    60  0.1606       40   0.11
F000501    F   10      100   273.1  18.26  15.0   85.0   4.0   120  0.1606       80   0.22
F000502    F   10      100   273.1  18.26  15.0   85.0   4.0   180  0.1606      121   0.34
F000503    F   10      100   273.1  18.26  15.0   85.0   4.0   240  0.1606      161   0.45
F000504    F   10      100   273.1  18.26  15.0   85.0   6.0    60  0.1606       40   0.11
F000505    F   10      100   273.1  18.26  15.0   85.0   6.0   120  0.1606       80   0.22
F000506    F   10      100   273.1  18.26  15.0   85.0   6.0   180  0.1606      121   0.34
F000507    F   10      100   273.1  18.26  15.0   85.0   6.0   240  0.1606      161   0.45
F000508    F   10      100   273.1  18.26  15.0   85.0   8.0    60  0.1606       40   0.11
F000509    F   10      100   273.1  18.26  15.0   85.0   8.0   120  0.1606       80   0.22
F000510    F   10      100   273.1  18.26  15.0   85.0   8.0   180  0.1606      121   0.34
F000511    F   10      100   273.1  18.26  15.0   85.0   8.0   240  0.1606      161   0.45
F000512    F   10      100   273.1  18.26  15.0   85.0  10.0    60  0.1606       40   0.11
F000513    F   10      100   273.1  18.26  15.0   85.0  10.0   120  0.1606       80   0.22
F000514    F   10      100   273.1  18.26  15.0   85.0  10.0   180  0.1606      121   0.34
F000515    F   10      100   273.1  18.26  15.0   85.0  10.0   240  0.1606      161   0.45
F000516    F   10      100   273.1  18.26  15.0   85.0  12.0    60  0.1606       40   0.11
F000517    F   10      100   273.1  18.26  15.0   85.0  12.0   120  0.1606       80   0.22
F000518    F   10      100   273.1  18.26  15.0   85.0  12.0   180  0.1606      121   0.34
F000519    F   10      100   273.1  18.26  15.0   85.0  12.0   240  0.1606      161   0.45
F000520    F   10      100   273.1  18.26  15.0  100.0   4.0    60  0.1366       40   0.11
F000521    F   10      100   273.1  18.26  15.0  100.0   4.0   120  0.1366       80   0.22
F000522    F   10      100   273.1  18.26  15.0  100.0   4.0   180  0.1366      121   0.34
F000523    F   10      100   273.1  18.26  15.0  100.0   4.0   240  0.1366      161   0.45
F000524    F   10      100   273.1  18.26  15.0  100.0   6.0    60  0.1366       40   0.11
F000525    F   10      100   273.1  18.26  15.0  100.0   6.0   120  0.1366       80   0.22
F000526    F   10      100   273.1  18.26  15.0  100.0   6.0   180  0.1366      121   0.34
F000527    F   10      100   273.1  18.26  15.0  100.0   6.0   240  0.1366      161   0.45
F000528    F   10      100   273.1  18.26  15.0  100.0   8.0    60  0.1366       40   0.11
F000529    F   10      100   273.1  18.26  15.0  100.0   8.0   120  0.1366       80   0.22
F000530    F   10      100   273.1  18.26  15.0  100.0   8.0   180  0.1366      121   0.34
F000531    F   10      100   273.1  18.26  15.0  100.0   8.0   240  0.1366      161   0.45
F000532    F   10      100   273.1  18.26  15.0  100.0  10.0    60  0.1366       40   0.11
F000533    F   10      100   273.1  18.26  15.0  100.0  10.0   120  0.1366       80   0.22
F000534    F   10      100   273.1  18.26  15.0  100.0  10.0   180  0.1366      121   0.34
F000535    F   10      100   273.1  18.26  15.0  100.0  10.0   240  0.1366      161   0.45
F000536    F   10      100   273.1  18.26  15.0  100.0  12.0    60  0.1366       40   0.11
F000537    F   10      100   273.1  18.26  15.0  100.0  12.0   120  0.1366       80   0.22
F000538    F   10      100   273.1  18.26  15.0  100.0  12.0   180  0.1366      121   0.34
F000539    F   10      100   273.1  18.26  15.0  100.0  12.0   240  0.1366      161   0.45
F000540    F   10      100   273.1  18.26  15.0  115.0   4.0    60  0.1187       40   0.11
F000541    F   10      100   273.1  18.26  15.0  115.0   4.0   120  0.1187       80   0.22
F000542    F   10      100   273.1  18.26  15.0  115.0   4.0   180  0.1187      121   0.34
F000543    F   10      100   273.1  18.26  15.0  115.0   4.0   240  0.1187      161   0.45
F000544    F   10      100   273.1  18.26  15.0  115.0   6.0    60  0.1187       40   0.11
F000545    F   10      100   273.1  18.26  15.0  115.0   6.0   120  0.1187       80   0.22
F000546    F   10      100   273.1  18.26  15.0  115.0   6.0   180  0.1187      121   0.34
F000547    F   10      100   273.1  18.26  15.0  115.0   6.0   240  0.1187      161   0.45
F000548    F   10      100   273.1  18.26  15.0  115.0   8.0    60  0.1187       40   0.11
F000549    F   10      100   273.1  18.26  15.0  115.0   8.0   120  0.1187       80   0.22
F000550    F   10      100   273.1  18.26  15.0  115.0   8.0   180  0.1187      121   0.34
F000551    F   10      100   273.1  18.26  15.0  115.0   8.0   240  0.1187      161   0.45
F000552    F   10      100   273.1  18.26  15.0  115.0  10.0    60  0.1187       40   0.11
F000553    F   10      100   273.1  18.26  15.0  115.0  10.0   120  0.1187       80   0.22
F000554    F   10      100   273.1  18.26  15.0  115.0  10.0   180  0.1187      121   0.34
F000555    F   10      100   273.1  18.26  15.0  115.0  10.0   240  0.1187      161   0.45
F000556    F   10      100   273.1  18.26  15.0  115.0  12.0    60  0.1187       40   0.11
F000557    F   10      100   273.1  18.26  15.0  115.0  12.0   120  0.1187       80   0.22
F000558    F   10      100   273.1  18.26  15.0  115.0  12.0   180  0.1187      121   0.34
F000559    F   10      100   273.1  18.26  15.0  115.0  12.0   240  0.1187      161   0.45
F000560    F   10      100   273.1  18.26  15.0  130.0   4.0    60  0.1050       40   0.11
F000561    F   10      100   273.1  18.26  15.0  130.0   4.0   120  0.1050       80   0.22
F000562    F   10      100   273.1  18.26  15.0  130.0   4.0   180  0.1050      121   0.34
F000563    F   10      100   273.1  18.26  15.0  130.0   4.0   240  0.1050      161   0.45
F000564    F   10      100   273.1  18.26  15.0  130.0   6.0    60  0.1050       40   0.11
F000565    F   10      100   273.1  18.26  15.0  130.0   6.0   120  0.1050       80   0.22
F000566    F   10      100   273.1  18.26  15.0  130.0   6.0   180  0.1050      121   0.34
F000567    F   10      100   273.1  18.26  15.0  130.0   6.0   240  0.1050      161   0.45
F000568    F   10      100   273.1  18.26  15.0  130.0   8.0    60  0.1050       40   0.11
F000569    F   10      100   273.1  18.26  15.0  130.0   8.0   120  0.1050       80   0.22
F000570    F   10      100   273.1  18.26  15.0  130.0   8.0   180  0.1050      121   0.34
F000571    F   10      100   273.1  18.26  15.0  130.0   8.0   240  0.1050      161   0.45
F000572    F   10      100   273.1  18.26  15.0  130.0  10.0    60  0.1050       40   0.11
F000573    F   10      100   273.1  18.26  15.0  130.0  10.0   120  0.1050       80   0.22
F000574    F   10      100   273.1  18.26  15.0  130.0  10.0   180  0.1050      121   0.34
F000575    F   10      100   273.1  18.26  15.0  130.0  10.0   240  0.1050      161   0.45
F000576    F   10      100   273.1  18.26  15.0  130.0  12.0    60  0.1050       40   0.11
F000577    F   10      100   273.1  18.26  15.0  130.0  12.0   120  0.1050       80   0.22
F000578    F   10      100   273.1  18.26  15.0  130.0  12.0   180  0.1050      121   0.34
F000579    F   10      100   273.1  18.26  15.0  130.0  12.0   240  0.1050      161   0.45
F000580    F   10      100   273.1  18.26  15.0  145.0   4.0    60  0.0942       40   0.11
F000581    F   10      100   273.1  18.26  15.0  145.0   4.0   120  0.0942       80   0.22
F000582    F   10      100   273.1  18.26  15.0  145.0   4.0   180  0.0942      121   0.34
F000583    F   10      100   273.1  18.26  15.0  145.0   4.0   240  0.0942      161   0.45
F000584    F   10      100   273.1  18.26  15.0  145.0   6.0    60  0.0942       40   0.11
F000585    F   10      100   273.1  18.26  15.0  145.0   6.0   120  0.0942       80   0.22
F000586    F   10      100   273.1  18.26  15.0  145.0   6.0   180  0.0942      121   0.34
F000587    F   10      100   273.1  18.26  15.0  145.0   6.0   240  0.0942      161   0.45
F000588    F   10      100   273.1  18.26  15.0  145.0   8.0    60  0.0942       40   0.11
F000589    F   10      100   273.1  18.26  15.0  145.0   8.0   120  0.0942       80   0.22
F000590    F   10      100   273.1  18.26  15.0  145.0   8.0   180  0.0942      121   0.34
F000591    F   10      100   273.1  18.26  15.0  145.0   8.0   240  0.0942      161   0.45
F000592    F   10      100   273.1  18.26  15.0  145.0  10.0    60  0.0942       40   0.11
F000593    F   10      100   273.1  18.26  15.0  145.0  10.0   120  0.0942       80   0.22
F000594    F   10      100   273.1  18.26  15.0  145.0  10.0   180  0.0942      121   0.34
F000595    F   10      100   273.1  18.26  15.0  145.0  10.0   240  0.0942      161   0.45
F000596    F   10      100   273.1  18.26  15.0  145.0  12.0    60  0.0942       40   0.11
F000597    F   10      100   273.1  18.26  15.0  145.0  12.0   120  0.0942       80   0.22
F000598    F   10      100   273.1  18.26  15.0  145.0  12.0   180  0.0942      121   0.34
F000599    F   10      100   273.1  18.26  15.0  145.0  12.0   240  0.0942      161   0.45
F000600    F   16   30/STD   406.4   9.53  42.6   85.0   4.0    60  0.2391       50   0.14
F000601    F   16   30/STD   406.4   9.53  42.6   85.0   4.0   120  0.2391       99   0.28
F000602    F   16   30/STD   406.4   9.53  42.6   85.0   4.0   180  0.2391      149   0.41
F000603    F   16   30/STD   406.4   9.53  42.6   85.0   4.0   240  0.2391      198   0.55
F000604    F   16   30/STD   406.4   9.53  42.6   85.0   6.0    60  0.2391       50   0.14
F000605    F   16   30/STD   406.4   9.53  42.6   85.0   6.0   120  0.2391       99   0.28
F000606    F   16   30/STD   406.4   9.53  42.6   85.0   6.0   180  0.2391      149   0.41
F000607    F   16   30/STD   406.4   9.53  42.6   85.0   6.0   240  0.2391      198   0.55
F000608    F   16   30/STD   406.4   9.53  42.6   85.0   8.0    60  0.2391       50   0.14
F000609    F   16   30/STD   406.4   9.53  42.6   85.0   8.0   120  0.2391       99   0.28
F000610    F   16   30/STD   406.4   9.53  42.6   85.0   8.0   180  0.2391      149   0.41
F000611    F   16   30/STD   406.4   9.53  42.6   85.0   8.0   240  0.2391      198   0.55
F000612    F   16   30/STD   406.4   9.53  42.6   85.0  10.0    60  0.2391       50   0.14
F000613    F   16   30/STD   406.4   9.53  42.6   85.0  10.0   120  0.2391       99   0.28
F000614    F   16   30/STD   406.4   9.53  42.6   85.0  10.0   180  0.2391      149   0.41
F000615    F   16   30/STD   406.4   9.53  42.6   85.0  10.0   240  0.2391      198   0.55
F000616    F   16   30/STD   406.4   9.53  42.6   85.0  12.0    60  0.2391       50   0.14
F000617    F   16   30/STD   406.4   9.53  42.6   85.0  12.0   120  0.2391       99   0.28
F000618    F   16   30/STD   406.4   9.53  42.6   85.0  12.0   180  0.2391      149   0.41
F000619    F   16   30/STD   406.4   9.53  42.6   85.0  12.0   240  0.2391      198   0.55
F000620    F   16   30/STD   406.4   9.53  42.6  100.0   4.0    60  0.2032       50   0.14
F000621    F   16   30/STD   406.4   9.53  42.6  100.0   4.0   120  0.2032       99   0.28
F000622    F   16   30/STD   406.4   9.53  42.6  100.0   4.0   180  0.2032      149   0.41
F000623    F   16   30/STD   406.4   9.53  42.6  100.0   4.0   240  0.2032      198   0.55
F000624    F   16   30/STD   406.4   9.53  42.6  100.0   6.0    60  0.2032       50   0.14
F000625    F   16   30/STD   406.4   9.53  42.6  100.0   6.0   120  0.2032       99   0.28
F000626    F   16   30/STD   406.4   9.53  42.6  100.0   6.0   180  0.2032      149   0.41
F000627    F   16   30/STD   406.4   9.53  42.6  100.0   6.0   240  0.2032      198   0.55
F000628    F   16   30/STD   406.4   9.53  42.6  100.0   8.0    60  0.2032       50   0.14
F000629    F   16   30/STD   406.4   9.53  42.6  100.0   8.0   120  0.2032       99   0.28
F000630    F   16   30/STD   406.4   9.53  42.6  100.0   8.0   180  0.2032      149   0.41
F000631    F   16   30/STD   406.4   9.53  42.6  100.0   8.0   240  0.2032      198   0.55
F000632    F   16   30/STD   406.4   9.53  42.6  100.0  10.0    60  0.2032       50   0.14
F000633    F   16   30/STD   406.4   9.53  42.6  100.0  10.0   120  0.2032       99   0.28
F000634    F   16   30/STD   406.4   9.53  42.6  100.0  10.0   180  0.2032      149   0.41
F000635    F   16   30/STD   406.4   9.53  42.6  100.0  10.0   240  0.2032      198   0.55
F000636    F   16   30/STD   406.4   9.53  42.6  100.0  12.0    60  0.2032       50   0.14
F000637    F   16   30/STD   406.4   9.53  42.6  100.0  12.0   120  0.2032       99   0.28
F000638    F   16   30/STD   406.4   9.53  42.6  100.0  12.0   180  0.2032      149   0.41
F000639    F   16   30/STD   406.4   9.53  42.6  100.0  12.0   240  0.2032      198   0.55
F000640    F   16   30/STD   406.4   9.53  42.6  115.0   4.0    60  0.1767       50   0.14
F000641    F   16   30/STD   406.4   9.53  42.6  115.0   4.0   120  0.1767       99   0.28
F000642    F   16   30/STD   406.4   9.53  42.6  115.0   4.0   180  0.1767      149   0.41
F000643    F   16   30/STD   406.4   9.53  42.6  115.0   4.0   240  0.1767      198   0.55
F000644    F   16   30/STD   406.4   9.53  42.6  115.0   6.0    60  0.1767       50   0.14
F000645    F   16   30/STD   406.4   9.53  42.6  115.0   6.0   120  0.1767       99   0.28
F000646    F   16   30/STD   406.4   9.53  42.6  115.0   6.0   180  0.1767      149   0.41
F000647    F   16   30/STD   406.4   9.53  42.6  115.0   6.0   240  0.1767      198   0.55
F000648    F   16   30/STD   406.4   9.53  42.6  115.0   8.0    60  0.1767       50   0.14
F000649    F   16   30/STD   406.4   9.53  42.6  115.0   8.0   120  0.1767       99   0.28
F000650    F   16   30/STD   406.4   9.53  42.6  115.0   8.0   180  0.1767      149   0.41
F000651    F   16   30/STD   406.4   9.53  42.6  115.0   8.0   240  0.1767      198   0.55
F000652    F   16   30/STD   406.4   9.53  42.6  115.0  10.0    60  0.1767       50   0.14
F000653    F   16   30/STD   406.4   9.53  42.6  115.0  10.0   120  0.1767       99   0.28
F000654    F   16   30/STD   406.4   9.53  42.6  115.0  10.0   180  0.1767      149   0.41
F000655    F   16   30/STD   406.4   9.53  42.6  115.0  10.0   240  0.1767      198   0.55
F000656    F   16   30/STD   406.4   9.53  42.6  115.0  12.0    60  0.1767       50   0.14
F000657    F   16   30/STD   406.4   9.53  42.6  115.0  12.0   120  0.1767       99   0.28
F000658    F   16   30/STD   406.4   9.53  42.6  115.0  12.0   180  0.1767      149   0.41
F000659    F   16   30/STD   406.4   9.53  42.6  115.0  12.0   240  0.1767      198   0.55
F000660    F   16   30/STD   406.4   9.53  42.6  130.0   4.0    60  0.1563       50   0.14
F000661    F   16   30/STD   406.4   9.53  42.6  130.0   4.0   120  0.1563       99   0.28
F000662    F   16   30/STD   406.4   9.53  42.6  130.0   4.0   180  0.1563      149   0.41
F000663    F   16   30/STD   406.4   9.53  42.6  130.0   4.0   240  0.1563      198   0.55
F000664    F   16   30/STD   406.4   9.53  42.6  130.0   6.0    60  0.1563       50   0.14
F000665    F   16   30/STD   406.4   9.53  42.6  130.0   6.0   120  0.1563       99   0.28
F000666    F   16   30/STD   406.4   9.53  42.6  130.0   6.0   180  0.1563      149   0.41
F000667    F   16   30/STD   406.4   9.53  42.6  130.0   6.0   240  0.1563      198   0.55
F000668    F   16   30/STD   406.4   9.53  42.6  130.0   8.0    60  0.1563       50   0.14
F000669    F   16   30/STD   406.4   9.53  42.6  130.0   8.0   120  0.1563       99   0.28
F000670    F   16   30/STD   406.4   9.53  42.6  130.0   8.0   180  0.1563      149   0.41
F000671    F   16   30/STD   406.4   9.53  42.6  130.0   8.0   240  0.1563      198   0.55
F000672    F   16   30/STD   406.4   9.53  42.6  130.0  10.0    60  0.1563       50   0.14
F000673    F   16   30/STD   406.4   9.53  42.6  130.0  10.0   120  0.1563       99   0.28
F000674    F   16   30/STD   406.4   9.53  42.6  130.0  10.0   180  0.1563      149   0.41
F000675    F   16   30/STD   406.4   9.53  42.6  130.0  10.0   240  0.1563      198   0.55
F000676    F   16   30/STD   406.4   9.53  42.6  130.0  12.0    60  0.1563       50   0.14
F000677    F   16   30/STD   406.4   9.53  42.6  130.0  12.0   120  0.1563       99   0.28
F000678    F   16   30/STD   406.4   9.53  42.6  130.0  12.0   180  0.1563      149   0.41
F000679    F   16   30/STD   406.4   9.53  42.6  130.0  12.0   240  0.1563      198   0.55
F000680    F   16   30/STD   406.4   9.53  42.6  145.0   4.0    60  0.1401       50   0.14
F000681    F   16   30/STD   406.4   9.53  42.6  145.0   4.0   120  0.1401       99   0.28
F000682    F   16   30/STD   406.4   9.53  42.6  145.0   4.0   180  0.1401      149   0.41
F000683    F   16   30/STD   406.4   9.53  42.6  145.0   4.0   240  0.1401      198   0.55
F000684    F   16   30/STD   406.4   9.53  42.6  145.0   6.0    60  0.1401       50   0.14
F000685    F   16   30/STD   406.4   9.53  42.6  145.0   6.0   120  0.1401       99   0.28
F000686    F   16   30/STD   406.4   9.53  42.6  145.0   6.0   180  0.1401      149   0.41
F000687    F   16   30/STD   406.4   9.53  42.6  145.0   6.0   240  0.1401      198   0.55
F000688    F   16   30/STD   406.4   9.53  42.6  145.0   8.0    60  0.1401       50   0.14
F000689    F   16   30/STD   406.4   9.53  42.6  145.0   8.0   120  0.1401       99   0.28
F000690    F   16   30/STD   406.4   9.53  42.6  145.0   8.0   180  0.1401      149   0.41
F000691    F   16   30/STD   406.4   9.53  42.6  145.0   8.0   240  0.1401      198   0.55
F000692    F   16   30/STD   406.4   9.53  42.6  145.0  10.0    60  0.1401       50   0.14
F000693    F   16   30/STD   406.4   9.53  42.6  145.0  10.0   120  0.1401       99   0.28
F000694    F   16   30/STD   406.4   9.53  42.6  145.0  10.0   180  0.1401      149   0.41
F000695    F   16   30/STD   406.4   9.53  42.6  145.0  10.0   240  0.1401      198   0.55
F000696    F   16   30/STD   406.4   9.53  42.6  145.0  12.0    60  0.1401       50   0.14
F000697    F   16   30/STD   406.4   9.53  42.6  145.0  12.0   120  0.1401       99   0.28
F000698    F   16   30/STD   406.4   9.53  42.6  145.0  12.0   180  0.1401      149   0.41
F000699    F   16   30/STD   406.4   9.53  42.6  145.0  12.0   240  0.1401      198   0.55
F000700    F   16    40/XS   406.4  12.70  32.0   85.0   4.0    60  0.2391       37   0.10
F000701    F   16    40/XS   406.4  12.70  32.0   85.0   4.0   120  0.2391       75   0.21
F000702    F   16    40/XS   406.4  12.70  32.0   85.0   4.0   180  0.2391      112   0.31
F000703    F   16    40/XS   406.4  12.70  32.0   85.0   4.0   240  0.2391      150   0.42
F000704    F   16    40/XS   406.4  12.70  32.0   85.0   6.0    60  0.2391       37   0.10
F000705    F   16    40/XS   406.4  12.70  32.0   85.0   6.0   120  0.2391       75   0.21
F000706    F   16    40/XS   406.4  12.70  32.0   85.0   6.0   180  0.2391      112   0.31
F000707    F   16    40/XS   406.4  12.70  32.0   85.0   6.0   240  0.2391      150   0.42
F000708    F   16    40/XS   406.4  12.70  32.0   85.0   8.0    60  0.2391       37   0.10
F000709    F   16    40/XS   406.4  12.70  32.0   85.0   8.0   120  0.2391       75   0.21
F000710    F   16    40/XS   406.4  12.70  32.0   85.0   8.0   180  0.2391      112   0.31
F000711    F   16    40/XS   406.4  12.70  32.0   85.0   8.0   240  0.2391      150   0.42
F000712    F   16    40/XS   406.4  12.70  32.0   85.0  10.0    60  0.2391       37   0.10
F000713    F   16    40/XS   406.4  12.70  32.0   85.0  10.0   120  0.2391       75   0.21
F000714    F   16    40/XS   406.4  12.70  32.0   85.0  10.0   180  0.2391      112   0.31
F000715    F   16    40/XS   406.4  12.70  32.0   85.0  10.0   240  0.2391      150   0.42
F000716    F   16    40/XS   406.4  12.70  32.0   85.0  12.0    60  0.2391       37   0.10
F000717    F   16    40/XS   406.4  12.70  32.0   85.0  12.0   120  0.2391       75   0.21
F000718    F   16    40/XS   406.4  12.70  32.0   85.0  12.0   180  0.2391      112   0.31
F000719    F   16    40/XS   406.4  12.70  32.0   85.0  12.0   240  0.2391      150   0.42
F000720    F   16    40/XS   406.4  12.70  32.0  100.0   4.0    60  0.2032       37   0.10
F000721    F   16    40/XS   406.4  12.70  32.0  100.0   4.0   120  0.2032       75   0.21
F000722    F   16    40/XS   406.4  12.70  32.0  100.0   4.0   180  0.2032      112   0.31
F000723    F   16    40/XS   406.4  12.70  32.0  100.0   4.0   240  0.2032      150   0.42
F000724    F   16    40/XS   406.4  12.70  32.0  100.0   6.0    60  0.2032       37   0.10
F000725    F   16    40/XS   406.4  12.70  32.0  100.0   6.0   120  0.2032       75   0.21
F000726    F   16    40/XS   406.4  12.70  32.0  100.0   6.0   180  0.2032      112   0.31
F000727    F   16    40/XS   406.4  12.70  32.0  100.0   6.0   240  0.2032      150   0.42
F000728    F   16    40/XS   406.4  12.70  32.0  100.0   8.0    60  0.2032       37   0.10
F000729    F   16    40/XS   406.4  12.70  32.0  100.0   8.0   120  0.2032       75   0.21
F000730    F   16    40/XS   406.4  12.70  32.0  100.0   8.0   180  0.2032      112   0.31
F000731    F   16    40/XS   406.4  12.70  32.0  100.0   8.0   240  0.2032      150   0.42
F000732    F   16    40/XS   406.4  12.70  32.0  100.0  10.0    60  0.2032       37   0.10
F000733    F   16    40/XS   406.4  12.70  32.0  100.0  10.0   120  0.2032       75   0.21
F000734    F   16    40/XS   406.4  12.70  32.0  100.0  10.0   180  0.2032      112   0.31
F000735    F   16    40/XS   406.4  12.70  32.0  100.0  10.0   240  0.2032      150   0.42
F000736    F   16    40/XS   406.4  12.70  32.0  100.0  12.0    60  0.2032       37   0.10
F000737    F   16    40/XS   406.4  12.70  32.0  100.0  12.0   120  0.2032       75   0.21
F000738    F   16    40/XS   406.4  12.70  32.0  100.0  12.0   180  0.2032      112   0.31
F000739    F   16    40/XS   406.4  12.70  32.0  100.0  12.0   240  0.2032      150   0.42
F000740    F   16    40/XS   406.4  12.70  32.0  115.0   4.0    60  0.1767       37   0.10
F000741    F   16    40/XS   406.4  12.70  32.0  115.0   4.0   120  0.1767       75   0.21
F000742    F   16    40/XS   406.4  12.70  32.0  115.0   4.0   180  0.1767      112   0.31
F000743    F   16    40/XS   406.4  12.70  32.0  115.0   4.0   240  0.1767      150   0.42
F000744    F   16    40/XS   406.4  12.70  32.0  115.0   6.0    60  0.1767       37   0.10
F000745    F   16    40/XS   406.4  12.70  32.0  115.0   6.0   120  0.1767       75   0.21
F000746    F   16    40/XS   406.4  12.70  32.0  115.0   6.0   180  0.1767      112   0.31
F000747    F   16    40/XS   406.4  12.70  32.0  115.0   6.0   240  0.1767      150   0.42
F000748    F   16    40/XS   406.4  12.70  32.0  115.0   8.0    60  0.1767       37   0.10
F000749    F   16    40/XS   406.4  12.70  32.0  115.0   8.0   120  0.1767       75   0.21
F000750    F   16    40/XS   406.4  12.70  32.0  115.0   8.0   180  0.1767      112   0.31
F000751    F   16    40/XS   406.4  12.70  32.0  115.0   8.0   240  0.1767      150   0.42
F000752    F   16    40/XS   406.4  12.70  32.0  115.0  10.0    60  0.1767       37   0.10
F000753    F   16    40/XS   406.4  12.70  32.0  115.0  10.0   120  0.1767       75   0.21
F000754    F   16    40/XS   406.4  12.70  32.0  115.0  10.0   180  0.1767      112   0.31
F000755    F   16    40/XS   406.4  12.70  32.0  115.0  10.0   240  0.1767      150   0.42
F000756    F   16    40/XS   406.4  12.70  32.0  115.0  12.0    60  0.1767       37   0.10
F000757    F   16    40/XS   406.4  12.70  32.0  115.0  12.0   120  0.1767       75   0.21
F000758    F   16    40/XS   406.4  12.70  32.0  115.0  12.0   180  0.1767      112   0.31
F000759    F   16    40/XS   406.4  12.70  32.0  115.0  12.0   240  0.1767      150   0.42
F000760    F   16    40/XS   406.4  12.70  32.0  130.0   4.0    60  0.1563       37   0.10
F000761    F   16    40/XS   406.4  12.70  32.0  130.0   4.0   120  0.1563       75   0.21
F000762    F   16    40/XS   406.4  12.70  32.0  130.0   4.0   180  0.1563      112   0.31
F000763    F   16    40/XS   406.4  12.70  32.0  130.0   4.0   240  0.1563      150   0.42
F000764    F   16    40/XS   406.4  12.70  32.0  130.0   6.0    60  0.1563       37   0.10
F000765    F   16    40/XS   406.4  12.70  32.0  130.0   6.0   120  0.1563       75   0.21
F000766    F   16    40/XS   406.4  12.70  32.0  130.0   6.0   180  0.1563      112   0.31
F000767    F   16    40/XS   406.4  12.70  32.0  130.0   6.0   240  0.1563      150   0.42
F000768    F   16    40/XS   406.4  12.70  32.0  130.0   8.0    60  0.1563       37   0.10
F000769    F   16    40/XS   406.4  12.70  32.0  130.0   8.0   120  0.1563       75   0.21
F000770    F   16    40/XS   406.4  12.70  32.0  130.0   8.0   180  0.1563      112   0.31
F000771    F   16    40/XS   406.4  12.70  32.0  130.0   8.0   240  0.1563      150   0.42
F000772    F   16    40/XS   406.4  12.70  32.0  130.0  10.0    60  0.1563       37   0.10
F000773    F   16    40/XS   406.4  12.70  32.0  130.0  10.0   120  0.1563       75   0.21
F000774    F   16    40/XS   406.4  12.70  32.0  130.0  10.0   180  0.1563      112   0.31
F000775    F   16    40/XS   406.4  12.70  32.0  130.0  10.0   240  0.1563      150   0.42
F000776    F   16    40/XS   406.4  12.70  32.0  130.0  12.0    60  0.1563       37   0.10
F000777    F   16    40/XS   406.4  12.70  32.0  130.0  12.0   120  0.1563       75   0.21
F000778    F   16    40/XS   406.4  12.70  32.0  130.0  12.0   180  0.1563      112   0.31
F000779    F   16    40/XS   406.4  12.70  32.0  130.0  12.0   240  0.1563      150   0.42
F000780    F   16    40/XS   406.4  12.70  32.0  145.0   4.0    60  0.1401       37   0.10
F000781    F   16    40/XS   406.4  12.70  32.0  145.0   4.0   120  0.1401       75   0.21
F000782    F   16    40/XS   406.4  12.70  32.0  145.0   4.0   180  0.1401      112   0.31
F000783    F   16    40/XS   406.4  12.70  32.0  145.0   4.0   240  0.1401      150   0.42
F000784    F   16    40/XS   406.4  12.70  32.0  145.0   6.0    60  0.1401       37   0.10
F000785    F   16    40/XS   406.4  12.70  32.0  145.0   6.0   120  0.1401       75   0.21
F000786    F   16    40/XS   406.4  12.70  32.0  145.0   6.0   180  0.1401      112   0.31
F000787    F   16    40/XS   406.4  12.70  32.0  145.0   6.0   240  0.1401      150   0.42
F000788    F   16    40/XS   406.4  12.70  32.0  145.0   8.0    60  0.1401       37   0.10
F000789    F   16    40/XS   406.4  12.70  32.0  145.0   8.0   120  0.1401       75   0.21
F000790    F   16    40/XS   406.4  12.70  32.0  145.0   8.0   180  0.1401      112   0.31
F000791    F   16    40/XS   406.4  12.70  32.0  145.0   8.0   240  0.1401      150   0.42
F000792    F   16    40/XS   406.4  12.70  32.0  145.0  10.0    60  0.1401       37   0.10
F000793    F   16    40/XS   406.4  12.70  32.0  145.0  10.0   120  0.1401       75   0.21
F000794    F   16    40/XS   406.4  12.70  32.0  145.0  10.0   180  0.1401      112   0.31
F000795    F   16    40/XS   406.4  12.70  32.0  145.0  10.0   240  0.1401      150   0.42
F000796    F   16    40/XS   406.4  12.70  32.0  145.0  12.0    60  0.1401       37   0.10
F000797    F   16    40/XS   406.4  12.70  32.0  145.0  12.0   120  0.1401       75   0.21
F000798    F   16    40/XS   406.4  12.70  32.0  145.0  12.0   180  0.1401      112   0.31
F000799    F   16    40/XS   406.4  12.70  32.0  145.0  12.0   240  0.1401      150   0.42
F000800    F   16       80   406.4  21.44  19.0   85.0   4.0    60  0.2391       23   0.06
F000801    F   16       80   406.4  21.44  19.0   85.0   4.0   120  0.2391       45   0.13
F000802    F   16       80   406.4  21.44  19.0   85.0   4.0   180  0.2391       68   0.19
F000803    F   16       80   406.4  21.44  19.0   85.0   4.0   240  0.2391       91   0.25
F000804    F   16       80   406.4  21.44  19.0   85.0   6.0    60  0.2391       23   0.06
F000805    F   16       80   406.4  21.44  19.0   85.0   6.0   120  0.2391       45   0.13
F000806    F   16       80   406.4  21.44  19.0   85.0   6.0   180  0.2391       68   0.19
F000807    F   16       80   406.4  21.44  19.0   85.0   6.0   240  0.2391       91   0.25
F000808    F   16       80   406.4  21.44  19.0   85.0   8.0    60  0.2391       23   0.06
F000809    F   16       80   406.4  21.44  19.0   85.0   8.0   120  0.2391       45   0.13
F000810    F   16       80   406.4  21.44  19.0   85.0   8.0   180  0.2391       68   0.19
F000811    F   16       80   406.4  21.44  19.0   85.0   8.0   240  0.2391       91   0.25
F000812    F   16       80   406.4  21.44  19.0   85.0  10.0    60  0.2391       23   0.06
F000813    F   16       80   406.4  21.44  19.0   85.0  10.0   120  0.2391       45   0.13
F000814    F   16       80   406.4  21.44  19.0   85.0  10.0   180  0.2391       68   0.19
F000815    F   16       80   406.4  21.44  19.0   85.0  10.0   240  0.2391       91   0.25
F000816    F   16       80   406.4  21.44  19.0   85.0  12.0    60  0.2391       23   0.06
F000817    F   16       80   406.4  21.44  19.0   85.0  12.0   120  0.2391       45   0.13
F000818    F   16       80   406.4  21.44  19.0   85.0  12.0   180  0.2391       68   0.19
F000819    F   16       80   406.4  21.44  19.0   85.0  12.0   240  0.2391       91   0.25
F000820    F   16       80   406.4  21.44  19.0  100.0   4.0    60  0.2032       23   0.06
F000821    F   16       80   406.4  21.44  19.0  100.0   4.0   120  0.2032       45   0.13
F000822    F   16       80   406.4  21.44  19.0  100.0   4.0   180  0.2032       68   0.19
F000823    F   16       80   406.4  21.44  19.0  100.0   4.0   240  0.2032       91   0.25
F000824    F   16       80   406.4  21.44  19.0  100.0   6.0    60  0.2032       23   0.06
F000825    F   16       80   406.4  21.44  19.0  100.0   6.0   120  0.2032       45   0.13
F000826    F   16       80   406.4  21.44  19.0  100.0   6.0   180  0.2032       68   0.19
F000827    F   16       80   406.4  21.44  19.0  100.0   6.0   240  0.2032       91   0.25
F000828    F   16       80   406.4  21.44  19.0  100.0   8.0    60  0.2032       23   0.06
F000829    F   16       80   406.4  21.44  19.0  100.0   8.0   120  0.2032       45   0.13
F000830    F   16       80   406.4  21.44  19.0  100.0   8.0   180  0.2032       68   0.19
F000831    F   16       80   406.4  21.44  19.0  100.0   8.0   240  0.2032       91   0.25
F000832    F   16       80   406.4  21.44  19.0  100.0  10.0    60  0.2032       23   0.06
F000833    F   16       80   406.4  21.44  19.0  100.0  10.0   120  0.2032       45   0.13
F000834    F   16       80   406.4  21.44  19.0  100.0  10.0   180  0.2032       68   0.19
F000835    F   16       80   406.4  21.44  19.0  100.0  10.0   240  0.2032       91   0.25
F000836    F   16       80   406.4  21.44  19.0  100.0  12.0    60  0.2032       23   0.06
F000837    F   16       80   406.4  21.44  19.0  100.0  12.0   120  0.2032       45   0.13
F000838    F   16       80   406.4  21.44  19.0  100.0  12.0   180  0.2032       68   0.19
F000839    F   16       80   406.4  21.44  19.0  100.0  12.0   240  0.2032       91   0.25
F000840    F   16       80   406.4  21.44  19.0  115.0   4.0    60  0.1767       23   0.06
F000841    F   16       80   406.4  21.44  19.0  115.0   4.0   120  0.1767       45   0.13
F000842    F   16       80   406.4  21.44  19.0  115.0   4.0   180  0.1767       68   0.19
F000843    F   16       80   406.4  21.44  19.0  115.0   4.0   240  0.1767       91   0.25
F000844    F   16       80   406.4  21.44  19.0  115.0   6.0    60  0.1767       23   0.06
F000845    F   16       80   406.4  21.44  19.0  115.0   6.0   120  0.1767       45   0.13
F000846    F   16       80   406.4  21.44  19.0  115.0   6.0   180  0.1767       68   0.19
F000847    F   16       80   406.4  21.44  19.0  115.0   6.0   240  0.1767       91   0.25
F000848    F   16       80   406.4  21.44  19.0  115.0   8.0    60  0.1767       23   0.06
F000849    F   16       80   406.4  21.44  19.0  115.0   8.0   120  0.1767       45   0.13
F000850    F   16       80   406.4  21.44  19.0  115.0   8.0   180  0.1767       68   0.19
F000851    F   16       80   406.4  21.44  19.0  115.0   8.0   240  0.1767       91   0.25
F000852    F   16       80   406.4  21.44  19.0  115.0  10.0    60  0.1767       23   0.06
F000853    F   16       80   406.4  21.44  19.0  115.0  10.0   120  0.1767       45   0.13
F000854    F   16       80   406.4  21.44  19.0  115.0  10.0   180  0.1767       68   0.19
F000855    F   16       80   406.4  21.44  19.0  115.0  10.0   240  0.1767       91   0.25
F000856    F   16       80   406.4  21.44  19.0  115.0  12.0    60  0.1767       23   0.06
F000857    F   16       80   406.4  21.44  19.0  115.0  12.0   120  0.1767       45   0.13
F000858    F   16       80   406.4  21.44  19.0  115.0  12.0   180  0.1767       68   0.19
F000859    F   16       80   406.4  21.44  19.0  115.0  12.0   240  0.1767       91   0.25
F000860    F   16       80   406.4  21.44  19.0  130.0   4.0    60  0.1563       23   0.06
F000861    F   16       80   406.4  21.44  19.0  130.0   4.0   120  0.1563       45   0.13
F000862    F   16       80   406.4  21.44  19.0  130.0   4.0   180  0.1563       68   0.19
F000863    F   16       80   406.4  21.44  19.0  130.0   4.0   240  0.1563       91   0.25
F000864    F   16       80   406.4  21.44  19.0  130.0   6.0    60  0.1563       23   0.06
F000865    F   16       80   406.4  21.44  19.0  130.0   6.0   120  0.1563       45   0.13
F000866    F   16       80   406.4  21.44  19.0  130.0   6.0   180  0.1563       68   0.19
F000867    F   16       80   406.4  21.44  19.0  130.0   6.0   240  0.1563       91   0.25
F000868    F   16       80   406.4  21.44  19.0  130.0   8.0    60  0.1563       23   0.06
F000869    F   16       80   406.4  21.44  19.0  130.0   8.0   120  0.1563       45   0.13
F000870    F   16       80   406.4  21.44  19.0  130.0   8.0   180  0.1563       68   0.19
F000871    F   16       80   406.4  21.44  19.0  130.0   8.0   240  0.1563       91   0.25
F000872    F   16       80   406.4  21.44  19.0  130.0  10.0    60  0.1563       23   0.06
F000873    F   16       80   406.4  21.44  19.0  130.0  10.0   120  0.1563       45   0.13
F000874    F   16       80   406.4  21.44  19.0  130.0  10.0   180  0.1563       68   0.19
F000875    F   16       80   406.4  21.44  19.0  130.0  10.0   240  0.1563       91   0.25
F000876    F   16       80   406.4  21.44  19.0  130.0  12.0    60  0.1563       23   0.06
F000877    F   16       80   406.4  21.44  19.0  130.0  12.0   120  0.1563       45   0.13
F000878    F   16       80   406.4  21.44  19.0  130.0  12.0   180  0.1563       68   0.19
F000879    F   16       80   406.4  21.44  19.0  130.0  12.0   240  0.1563       91   0.25
F000880    F   16       80   406.4  21.44  19.0  145.0   4.0    60  0.1401       23   0.06
F000881    F   16       80   406.4  21.44  19.0  145.0   4.0   120  0.1401       45   0.13
F000882    F   16       80   406.4  21.44  19.0  145.0   4.0   180  0.1401       68   0.19
F000883    F   16       80   406.4  21.44  19.0  145.0   4.0   240  0.1401       91   0.25
F000884    F   16       80   406.4  21.44  19.0  145.0   6.0    60  0.1401       23   0.06
F000885    F   16       80   406.4  21.44  19.0  145.0   6.0   120  0.1401       45   0.13
F000886    F   16       80   406.4  21.44  19.0  145.0   6.0   180  0.1401       68   0.19
F000887    F   16       80   406.4  21.44  19.0  145.0   6.0   240  0.1401       91   0.25
F000888    F   16       80   406.4  21.44  19.0  145.0   8.0    60  0.1401       23   0.06
F000889    F   16       80   406.4  21.44  19.0  145.0   8.0   120  0.1401       45   0.13
F000890    F   16       80   406.4  21.44  19.0  145.0   8.0   180  0.1401       68   0.19
F000891    F   16       80   406.4  21.44  19.0  145.0   8.0   240  0.1401       91   0.25
F000892    F   16       80   406.4  21.44  19.0  145.0  10.0    60  0.1401       23   0.06
F000893    F   16       80   406.4  21.44  19.0  145.0  10.0   120  0.1401       45   0.13
F000894    F   16       80   406.4  21.44  19.0  145.0  10.0   180  0.1401       68   0.19
F000895    F   16       80   406.4  21.44  19.0  145.0  10.0   240  0.1401       91   0.25
F000896    F   16       80   406.4  21.44  19.0  145.0  12.0    60  0.1401       23   0.06
F000897    F   16       80   406.4  21.44  19.0  145.0  12.0   120  0.1401       45   0.13
F000898    F   16       80   406.4  21.44  19.0  145.0  12.0   180  0.1401       68   0.19
F000899    F   16       80   406.4  21.44  19.0  145.0  12.0   240  0.1401       91   0.25
F000900    F   24       30   609.6  14.27  42.7   85.0   4.0    60  0.3586       22   0.06
F000901    F   24       30   609.6  14.27  42.7   85.0   4.0   120  0.3586       44   0.12
F000902    F   24       30   609.6  14.27  42.7   85.0   4.0   180  0.3586       66   0.18
F000903    F   24       30   609.6  14.27  42.7   85.0   4.0   240  0.3586       88   0.24
F000904    F   24       30   609.6  14.27  42.7   85.0   6.0    60  0.3586       22   0.06
F000905    F   24       30   609.6  14.27  42.7   85.0   6.0   120  0.3586       44   0.12
F000906    F   24       30   609.6  14.27  42.7   85.0   6.0   180  0.3586       66   0.18
F000907    F   24       30   609.6  14.27  42.7   85.0   6.0   240  0.3586       88   0.24
F000908    F   24       30   609.6  14.27  42.7   85.0   8.0    60  0.3586       22   0.06
F000909    F   24       30   609.6  14.27  42.7   85.0   8.0   120  0.3586       44   0.12
F000910    F   24       30   609.6  14.27  42.7   85.0   8.0   180  0.3586       66   0.18
F000911    F   24       30   609.6  14.27  42.7   85.0   8.0   240  0.3586       88   0.24
F000912    F   24       30   609.6  14.27  42.7   85.0  10.0    60  0.3586       22   0.06
F000913    F   24       30   609.6  14.27  42.7   85.0  10.0   120  0.3586       44   0.12
F000914    F   24       30   609.6  14.27  42.7   85.0  10.0   180  0.3586       66   0.18
F000915    F   24       30   609.6  14.27  42.7   85.0  10.0   240  0.3586       88   0.24
F000916    F   24       30   609.6  14.27  42.7   85.0  12.0    60  0.3586       22   0.06
F000917    F   24       30   609.6  14.27  42.7   85.0  12.0   120  0.3586       44   0.12
F000918    F   24       30   609.6  14.27  42.7   85.0  12.0   180  0.3586       66   0.18
F000919    F   24       30   609.6  14.27  42.7   85.0  12.0   240  0.3586       88   0.24
F000920    F   24       30   609.6  14.27  42.7  100.0   4.0    60  0.3048       22   0.06
F000921    F   24       30   609.6  14.27  42.7  100.0   4.0   120  0.3048       44   0.12
F000922    F   24       30   609.6  14.27  42.7  100.0   4.0   180  0.3048       66   0.18
F000923    F   24       30   609.6  14.27  42.7  100.0   4.0   240  0.3048       88   0.24
F000924    F   24       30   609.6  14.27  42.7  100.0   6.0    60  0.3048       22   0.06
F000925    F   24       30   609.6  14.27  42.7  100.0   6.0   120  0.3048       44   0.12
F000926    F   24       30   609.6  14.27  42.7  100.0   6.0   180  0.3048       66   0.18
F000927    F   24       30   609.6  14.27  42.7  100.0   6.0   240  0.3048       88   0.24
F000928    F   24       30   609.6  14.27  42.7  100.0   8.0    60  0.3048       22   0.06
F000929    F   24       30   609.6  14.27  42.7  100.0   8.0   120  0.3048       44   0.12
F000930    F   24       30   609.6  14.27  42.7  100.0   8.0   180  0.3048       66   0.18
F000931    F   24       30   609.6  14.27  42.7  100.0   8.0   240  0.3048       88   0.24
F000932    F   24       30   609.6  14.27  42.7  100.0  10.0    60  0.3048       22   0.06
F000933    F   24       30   609.6  14.27  42.7  100.0  10.0   120  0.3048       44   0.12
F000934    F   24       30   609.6  14.27  42.7  100.0  10.0   180  0.3048       66   0.18
F000935    F   24       30   609.6  14.27  42.7  100.0  10.0   240  0.3048       88   0.24
F000936    F   24       30   609.6  14.27  42.7  100.0  12.0    60  0.3048       22   0.06
F000937    F   24       30   609.6  14.27  42.7  100.0  12.0   120  0.3048       44   0.12
F000938    F   24       30   609.6  14.27  42.7  100.0  12.0   180  0.3048       66   0.18
F000939    F   24       30   609.6  14.27  42.7  100.0  12.0   240  0.3048       88   0.24
F000940    F   24       30   609.6  14.27  42.7  115.0   4.0    60  0.2650       22   0.06
F000941    F   24       30   609.6  14.27  42.7  115.0   4.0   120  0.2650       44   0.12
F000942    F   24       30   609.6  14.27  42.7  115.0   4.0   180  0.2650       66   0.18
F000943    F   24       30   609.6  14.27  42.7  115.0   4.0   240  0.2650       88   0.24
F000944    F   24       30   609.6  14.27  42.7  115.0   6.0    60  0.2650       22   0.06
F000945    F   24       30   609.6  14.27  42.7  115.0   6.0   120  0.2650       44   0.12
F000946    F   24       30   609.6  14.27  42.7  115.0   6.0   180  0.2650       66   0.18
F000947    F   24       30   609.6  14.27  42.7  115.0   6.0   240  0.2650       88   0.24
F000948    F   24       30   609.6  14.27  42.7  115.0   8.0    60  0.2650       22   0.06
F000949    F   24       30   609.6  14.27  42.7  115.0   8.0   120  0.2650       44   0.12
F000950    F   24       30   609.6  14.27  42.7  115.0   8.0   180  0.2650       66   0.18
F000951    F   24       30   609.6  14.27  42.7  115.0   8.0   240  0.2650       88   0.24
F000952    F   24       30   609.6  14.27  42.7  115.0  10.0    60  0.2650       22   0.06
F000953    F   24       30   609.6  14.27  42.7  115.0  10.0   120  0.2650       44   0.12
F000954    F   24       30   609.6  14.27  42.7  115.0  10.0   180  0.2650       66   0.18
F000955    F   24       30   609.6  14.27  42.7  115.0  10.0   240  0.2650       88   0.24
F000956    F   24       30   609.6  14.27  42.7  115.0  12.0    60  0.2650       22   0.06
F000957    F   24       30   609.6  14.27  42.7  115.0  12.0   120  0.2650       44   0.12
F000958    F   24       30   609.6  14.27  42.7  115.0  12.0   180  0.2650       66   0.18
F000959    F   24       30   609.6  14.27  42.7  115.0  12.0   240  0.2650       88   0.24
F000960    F   24       30   609.6  14.27  42.7  130.0   4.0    60  0.2345       22   0.06
F000961    F   24       30   609.6  14.27  42.7  130.0   4.0   120  0.2345       44   0.12
F000962    F   24       30   609.6  14.27  42.7  130.0   4.0   180  0.2345       66   0.18
F000963    F   24       30   609.6  14.27  42.7  130.0   4.0   240  0.2345       88   0.24
F000964    F   24       30   609.6  14.27  42.7  130.0   6.0    60  0.2345       22   0.06
F000965    F   24       30   609.6  14.27  42.7  130.0   6.0   120  0.2345       44   0.12
F000966    F   24       30   609.6  14.27  42.7  130.0   6.0   180  0.2345       66   0.18
F000967    F   24       30   609.6  14.27  42.7  130.0   6.0   240  0.2345       88   0.24
F000968    F   24       30   609.6  14.27  42.7  130.0   8.0    60  0.2345       22   0.06
F000969    F   24       30   609.6  14.27  42.7  130.0   8.0   120  0.2345       44   0.12
F000970    F   24       30   609.6  14.27  42.7  130.0   8.0   180  0.2345       66   0.18
F000971    F   24       30   609.6  14.27  42.7  130.0   8.0   240  0.2345       88   0.24
F000972    F   24       30   609.6  14.27  42.7  130.0  10.0    60  0.2345       22   0.06
F000973    F   24       30   609.6  14.27  42.7  130.0  10.0   120  0.2345       44   0.12
F000974    F   24       30   609.6  14.27  42.7  130.0  10.0   180  0.2345       66   0.18
F000975    F   24       30   609.6  14.27  42.7  130.0  10.0   240  0.2345       88   0.24
F000976    F   24       30   609.6  14.27  42.7  130.0  12.0    60  0.2345       22   0.06
F000977    F   24       30   609.6  14.27  42.7  130.0  12.0   120  0.2345       44   0.12
F000978    F   24       30   609.6  14.27  42.7  130.0  12.0   180  0.2345       66   0.18
F000979    F   24       30   609.6  14.27  42.7  130.0  12.0   240  0.2345       88   0.24
F000980    F   24       30   609.6  14.27  42.7  145.0   4.0    60  0.2102       22   0.06
F000981    F   24       30   609.6  14.27  42.7  145.0   4.0   120  0.2102       44   0.12
F000982    F   24       30   609.6  14.27  42.7  145.0   4.0   180  0.2102       66   0.18
F000983    F   24       30   609.6  14.27  42.7  145.0   4.0   240  0.2102       88   0.24
F000984    F   24       30   609.6  14.27  42.7  145.0   6.0    60  0.2102       22   0.06
F000985    F   24       30   609.6  14.27  42.7  145.0   6.0   120  0.2102       44   0.12
F000986    F   24       30   609.6  14.27  42.7  145.0   6.0   180  0.2102       66   0.18
F000987    F   24       30   609.6  14.27  42.7  145.0   6.0   240  0.2102       88   0.24
F000988    F   24       30   609.6  14.27  42.7  145.0   8.0    60  0.2102       22   0.06
F000989    F   24       30   609.6  14.27  42.7  145.0   8.0   120  0.2102       44   0.12
F000990    F   24       30   609.6  14.27  42.7  145.0   8.0   180  0.2102       66   0.18
F000991    F   24       30   609.6  14.27  42.7  145.0   8.0   240  0.2102       88   0.24
F000992    F   24       30   609.6  14.27  42.7  145.0  10.0    60  0.2102       22   0.06
F000993    F   24       30   609.6  14.27  42.7  145.0  10.0   120  0.2102       44   0.12
F000994    F   24       30   609.6  14.27  42.7  145.0  10.0   180  0.2102       66   0.18
F000995    F   24       30   609.6  14.27  42.7  145.0  10.0   240  0.2102       88   0.24
F000996    F   24       30   609.6  14.27  42.7  145.0  12.0    60  0.2102       22   0.06
F000997    F   24       30   609.6  14.27  42.7  145.0  12.0   120  0.2102       44   0.12
F000998    F   24       30   609.6  14.27  42.7  145.0  12.0   180  0.2102       66   0.18
F000999    F   24       30   609.6  14.27  42.7  145.0  12.0   240  0.2102       88   0.24
F001000    F   24       60   609.6  24.61  24.8   85.0   4.0    60  0.3586       13   0.04
F001001    F   24       60   609.6  24.61  24.8   85.0   4.0   120  0.3586       26   0.07
F001002    F   24       60   609.6  24.61  24.8   85.0   4.0   180  0.3586       39   0.11
F001003    F   24       60   609.6  24.61  24.8   85.0   4.0   240  0.3586       52   0.14
F001004    F   24       60   609.6  24.61  24.8   85.0   6.0    60  0.3586       13   0.04
F001005    F   24       60   609.6  24.61  24.8   85.0   6.0   120  0.3586       26   0.07
F001006    F   24       60   609.6  24.61  24.8   85.0   6.0   180  0.3586       39   0.11
F001007    F   24       60   609.6  24.61  24.8   85.0   6.0   240  0.3586       52   0.14
F001008    F   24       60   609.6  24.61  24.8   85.0   8.0    60  0.3586       13   0.04
F001009    F   24       60   609.6  24.61  24.8   85.0   8.0   120  0.3586       26   0.07
F001010    F   24       60   609.6  24.61  24.8   85.0   8.0   180  0.3586       39   0.11
F001011    F   24       60   609.6  24.61  24.8   85.0   8.0   240  0.3586       52   0.14
F001012    F   24       60   609.6  24.61  24.8   85.0  10.0    60  0.3586       13   0.04
F001013    F   24       60   609.6  24.61  24.8   85.0  10.0   120  0.3586       26   0.07
F001014    F   24       60   609.6  24.61  24.8   85.0  10.0   180  0.3586       39   0.11
F001015    F   24       60   609.6  24.61  24.8   85.0  10.0   240  0.3586       52   0.14
F001016    F   24       60   609.6  24.61  24.8   85.0  12.0    60  0.3586       13   0.04
F001017    F   24       60   609.6  24.61  24.8   85.0  12.0   120  0.3586       26   0.07
F001018    F   24       60   609.6  24.61  24.8   85.0  12.0   180  0.3586       39   0.11
F001019    F   24       60   609.6  24.61  24.8   85.0  12.0   240  0.3586       52   0.14
F001020    F   24       60   609.6  24.61  24.8  100.0   4.0    60  0.3048       13   0.04
F001021    F   24       60   609.6  24.61  24.8  100.0   4.0   120  0.3048       26   0.07
F001022    F   24       60   609.6  24.61  24.8  100.0   4.0   180  0.3048       39   0.11
F001023    F   24       60   609.6  24.61  24.8  100.0   4.0   240  0.3048       52   0.14
F001024    F   24       60   609.6  24.61  24.8  100.0   6.0    60  0.3048       13   0.04
F001025    F   24       60   609.6  24.61  24.8  100.0   6.0   120  0.3048       26   0.07
F001026    F   24       60   609.6  24.61  24.8  100.0   6.0   180  0.3048       39   0.11
F001027    F   24       60   609.6  24.61  24.8  100.0   6.0   240  0.3048       52   0.14
F001028    F   24       60   609.6  24.61  24.8  100.0   8.0    60  0.3048       13   0.04
F001029    F   24       60   609.6  24.61  24.8  100.0   8.0   120  0.3048       26   0.07
F001030    F   24       60   609.6  24.61  24.8  100.0   8.0   180  0.3048       39   0.11
F001031    F   24       60   609.6  24.61  24.8  100.0   8.0   240  0.3048       52   0.14
F001032    F   24       60   609.6  24.61  24.8  100.0  10.0    60  0.3048       13   0.04
F001033    F   24       60   609.6  24.61  24.8  100.0  10.0   120  0.3048       26   0.07
F001034    F   24       60   609.6  24.61  24.8  100.0  10.0   180  0.3048       39   0.11
F001035    F   24       60   609.6  24.61  24.8  100.0  10.0   240  0.3048       52   0.14
F001036    F   24       60   609.6  24.61  24.8  100.0  12.0    60  0.3048       13   0.04
F001037    F   24       60   609.6  24.61  24.8  100.0  12.0   120  0.3048       26   0.07
F001038    F   24       60   609.6  24.61  24.8  100.0  12.0   180  0.3048       39   0.11
F001039    F   24       60   609.6  24.61  24.8  100.0  12.0   240  0.3048       52   0.14
F001040    F   24       60   609.6  24.61  24.8  115.0   4.0    60  0.2650       13   0.04
F001041    F   24       60   609.6  24.61  24.8  115.0   4.0   120  0.2650       26   0.07
F001042    F   24       60   609.6  24.61  24.8  115.0   4.0   180  0.2650       39   0.11
F001043    F   24       60   609.6  24.61  24.8  115.0   4.0   240  0.2650       52   0.14
F001044    F   24       60   609.6  24.61  24.8  115.0   6.0    60  0.2650       13   0.04
F001045    F   24       60   609.6  24.61  24.8  115.0   6.0   120  0.2650       26   0.07
F001046    F   24       60   609.6  24.61  24.8  115.0   6.0   180  0.2650       39   0.11
F001047    F   24       60   609.6  24.61  24.8  115.0   6.0   240  0.2650       52   0.14
F001048    F   24       60   609.6  24.61  24.8  115.0   8.0    60  0.2650       13   0.04
F001049    F   24       60   609.6  24.61  24.8  115.0   8.0   120  0.2650       26   0.07
F001050    F   24       60   609.6  24.61  24.8  115.0   8.0   180  0.2650       39   0.11
F001051    F   24       60   609.6  24.61  24.8  115.0   8.0   240  0.2650       52   0.14
F001052    F   24       60   609.6  24.61  24.8  115.0  10.0    60  0.2650       13   0.04
F001053    F   24       60   609.6  24.61  24.8  115.0  10.0   120  0.2650       26   0.07
F001054    F   24       60   609.6  24.61  24.8  115.0  10.0   180  0.2650       39   0.11
F001055    F   24       60   609.6  24.61  24.8  115.0  10.0   240  0.2650       52   0.14
F001056    F   24       60   609.6  24.61  24.8  115.0  12.0    60  0.2650       13   0.04
F001057    F   24       60   609.6  24.61  24.8  115.0  12.0   120  0.2650       26   0.07
F001058    F   24       60   609.6  24.61  24.8  115.0  12.0   180  0.2650       39   0.11
F001059    F   24       60   609.6  24.61  24.8  115.0  12.0   240  0.2650       52   0.14
F001060    F   24       60   609.6  24.61  24.8  130.0   4.0    60  0.2345       13   0.04
F001061    F   24       60   609.6  24.61  24.8  130.0   4.0   120  0.2345       26   0.07
F001062    F   24       60   609.6  24.61  24.8  130.0   4.0   180  0.2345       39   0.11
F001063    F   24       60   609.6  24.61  24.8  130.0   4.0   240  0.2345       52   0.14
F001064    F   24       60   609.6  24.61  24.8  130.0   6.0    60  0.2345       13   0.04
F001065    F   24       60   609.6  24.61  24.8  130.0   6.0   120  0.2345       26   0.07
F001066    F   24       60   609.6  24.61  24.8  130.0   6.0   180  0.2345       39   0.11
F001067    F   24       60   609.6  24.61  24.8  130.0   6.0   240  0.2345       52   0.14
F001068    F   24       60   609.6  24.61  24.8  130.0   8.0    60  0.2345       13   0.04
F001069    F   24       60   609.6  24.61  24.8  130.0   8.0   120  0.2345       26   0.07
F001070    F   24       60   609.6  24.61  24.8  130.0   8.0   180  0.2345       39   0.11
F001071    F   24       60   609.6  24.61  24.8  130.0   8.0   240  0.2345       52   0.14
F001072    F   24       60   609.6  24.61  24.8  130.0  10.0    60  0.2345       13   0.04
F001073    F   24       60   609.6  24.61  24.8  130.0  10.0   120  0.2345       26   0.07
F001074    F   24       60   609.6  24.61  24.8  130.0  10.0   180  0.2345       39   0.11
F001075    F   24       60   609.6  24.61  24.8  130.0  10.0   240  0.2345       52   0.14
F001076    F   24       60   609.6  24.61  24.8  130.0  12.0    60  0.2345       13   0.04
F001077    F   24       60   609.6  24.61  24.8  130.0  12.0   120  0.2345       26   0.07
F001078    F   24       60   609.6  24.61  24.8  130.0  12.0   180  0.2345       39   0.11
F001079    F   24       60   609.6  24.61  24.8  130.0  12.0   240  0.2345       52   0.14
F001080    F   24       60   609.6  24.61  24.8  145.0   4.0    60  0.2102       13   0.04
F001081    F   24       60   609.6  24.61  24.8  145.0   4.0   120  0.2102       26   0.07
F001082    F   24       60   609.6  24.61  24.8  145.0   4.0   180  0.2102       39   0.11
F001083    F   24       60   609.6  24.61  24.8  145.0   4.0   240  0.2102       52   0.14
F001084    F   24       60   609.6  24.61  24.8  145.0   6.0    60  0.2102       13   0.04
F001085    F   24       60   609.6  24.61  24.8  145.0   6.0   120  0.2102       26   0.07
F001086    F   24       60   609.6  24.61  24.8  145.0   6.0   180  0.2102       39   0.11
F001087    F   24       60   609.6  24.61  24.8  145.0   6.0   240  0.2102       52   0.14
F001088    F   24       60   609.6  24.61  24.8  145.0   8.0    60  0.2102       13   0.04
F001089    F   24       60   609.6  24.61  24.8  145.0   8.0   120  0.2102       26   0.07
F001090    F   24       60   609.6  24.61  24.8  145.0   8.0   180  0.2102       39   0.11
F001091    F   24       60   609.6  24.61  24.8  145.0   8.0   240  0.2102       52   0.14
F001092    F   24       60   609.6  24.61  24.8  145.0  10.0    60  0.2102       13   0.04
F001093    F   24       60   609.6  24.61  24.8  145.0  10.0   120  0.2102       26   0.07
F001094    F   24       60   609.6  24.61  24.8  145.0  10.0   180  0.2102       39   0.11
F001095    F   24       60   609.6  24.61  24.8  145.0  10.0   240  0.2102       52   0.14
F001096    F   24       60   609.6  24.61  24.8  145.0  12.0    60  0.2102       13   0.04
F001097    F   24       60   609.6  24.61  24.8  145.0  12.0   120  0.2102       26   0.07
F001098    F   24       60   609.6  24.61  24.8  145.0  12.0   180  0.2102       39   0.11
F001099    F   24       60   609.6  24.61  24.8  145.0  12.0   240  0.2102       52   0.14
F001100    F   24       80   609.6  30.96  19.7   85.0   4.0    60  0.3586       10   0.03
F001101    F   24       80   609.6  30.96  19.7   85.0   4.0   120  0.3586       21   0.06
F001102    F   24       80   609.6  30.96  19.7   85.0   4.0   180  0.3586       31   0.09
F001103    F   24       80   609.6  30.96  19.7   85.0   4.0   240  0.3586       42   0.12
F001104    F   24       80   609.6  30.96  19.7   85.0   6.0    60  0.3586       10   0.03
F001105    F   24       80   609.6  30.96  19.7   85.0   6.0   120  0.3586       21   0.06
F001106    F   24       80   609.6  30.96  19.7   85.0   6.0   180  0.3586       31   0.09
F001107    F   24       80   609.6  30.96  19.7   85.0   6.0   240  0.3586       42   0.12
F001108    F   24       80   609.6  30.96  19.7   85.0   8.0    60  0.3586       10   0.03
F001109    F   24       80   609.6  30.96  19.7   85.0   8.0   120  0.3586       21   0.06
F001110    F   24       80   609.6  30.96  19.7   85.0   8.0   180  0.3586       31   0.09
F001111    F   24       80   609.6  30.96  19.7   85.0   8.0   240  0.3586       42   0.12
F001112    F   24       80   609.6  30.96  19.7   85.0  10.0    60  0.3586       10   0.03
F001113    F   24       80   609.6  30.96  19.7   85.0  10.0   120  0.3586       21   0.06
F001114    F   24       80   609.6  30.96  19.7   85.0  10.0   180  0.3586       31   0.09
F001115    F   24       80   609.6  30.96  19.7   85.0  10.0   240  0.3586       42   0.12
F001116    F   24       80   609.6  30.96  19.7   85.0  12.0    60  0.3586       10   0.03
F001117    F   24       80   609.6  30.96  19.7   85.0  12.0   120  0.3586       21   0.06
F001118    F   24       80   609.6  30.96  19.7   85.0  12.0   180  0.3586       31   0.09
F001119    F   24       80   609.6  30.96  19.7   85.0  12.0   240  0.3586       42   0.12
F001120    F   24       80   609.6  30.96  19.7  100.0   4.0    60  0.3048       10   0.03
F001121    F   24       80   609.6  30.96  19.7  100.0   4.0   120  0.3048       21   0.06
F001122    F   24       80   609.6  30.96  19.7  100.0   4.0   180  0.3048       31   0.09
F001123    F   24       80   609.6  30.96  19.7  100.0   4.0   240  0.3048       42   0.12
F001124    F   24       80   609.6  30.96  19.7  100.0   6.0    60  0.3048       10   0.03
F001125    F   24       80   609.6  30.96  19.7  100.0   6.0   120  0.3048       21   0.06
F001126    F   24       80   609.6  30.96  19.7  100.0   6.0   180  0.3048       31   0.09
F001127    F   24       80   609.6  30.96  19.7  100.0   6.0   240  0.3048       42   0.12
F001128    F   24       80   609.6  30.96  19.7  100.0   8.0    60  0.3048       10   0.03
F001129    F   24       80   609.6  30.96  19.7  100.0   8.0   120  0.3048       21   0.06
F001130    F   24       80   609.6  30.96  19.7  100.0   8.0   180  0.3048       31   0.09
F001131    F   24       80   609.6  30.96  19.7  100.0   8.0   240  0.3048       42   0.12
F001132    F   24       80   609.6  30.96  19.7  100.0  10.0    60  0.3048       10   0.03
F001133    F   24       80   609.6  30.96  19.7  100.0  10.0   120  0.3048       21   0.06
F001134    F   24       80   609.6  30.96  19.7  100.0  10.0   180  0.3048       31   0.09
F001135    F   24       80   609.6  30.96  19.7  100.0  10.0   240  0.3048       42   0.12
F001136    F   24       80   609.6  30.96  19.7  100.0  12.0    60  0.3048       10   0.03
F001137    F   24       80   609.6  30.96  19.7  100.0  12.0   120  0.3048       21   0.06
F001138    F   24       80   609.6  30.96  19.7  100.0  12.0   180  0.3048       31   0.09
F001139    F   24       80   609.6  30.96  19.7  100.0  12.0   240  0.3048       42   0.12
F001140    F   24       80   609.6  30.96  19.7  115.0   4.0    60  0.2650       10   0.03
F001141    F   24       80   609.6  30.96  19.7  115.0   4.0   120  0.2650       21   0.06
F001142    F   24       80   609.6  30.96  19.7  115.0   4.0   180  0.2650       31   0.09
F001143    F   24       80   609.6  30.96  19.7  115.0   4.0   240  0.2650       42   0.12
F001144    F   24       80   609.6  30.96  19.7  115.0   6.0    60  0.2650       10   0.03
F001145    F   24       80   609.6  30.96  19.7  115.0   6.0   120  0.2650       21   0.06
F001146    F   24       80   609.6  30.96  19.7  115.0   6.0   180  0.2650       31   0.09
F001147    F   24       80   609.6  30.96  19.7  115.0   6.0   240  0.2650       42   0.12
F001148    F   24       80   609.6  30.96  19.7  115.0   8.0    60  0.2650       10   0.03
F001149    F   24       80   609.6  30.96  19.7  115.0   8.0   120  0.2650       21   0.06
F001150    F   24       80   609.6  30.96  19.7  115.0   8.0   180  0.2650       31   0.09
F001151    F   24       80   609.6  30.96  19.7  115.0   8.0   240  0.2650       42   0.12
F001152    F   24       80   609.6  30.96  19.7  115.0  10.0    60  0.2650       10   0.03
F001153    F   24       80   609.6  30.96  19.7  115.0  10.0   120  0.2650       21   0.06
F001154    F   24       80   609.6  30.96  19.7  115.0  10.0   180  0.2650       31   0.09
F001155    F   24       80   609.6  30.96  19.7  115.0  10.0   240  0.2650       42   0.12
F001156    F   24       80   609.6  30.96  19.7  115.0  12.0    60  0.2650       10   0.03
F001157    F   24       80   609.6  30.96  19.7  115.0  12.0   120  0.2650       21   0.06
F001158    F   24       80   609.6  30.96  19.7  115.0  12.0   180  0.2650       31   0.09
F001159    F   24       80   609.6  30.96  19.7  115.0  12.0   240  0.2650       42   0.12
F001160    F   24       80   609.6  30.96  19.7  130.0   4.0    60  0.2345       10   0.03
F001161    F   24       80   609.6  30.96  19.7  130.0   4.0   120  0.2345       21   0.06
F001162    F   24       80   609.6  30.96  19.7  130.0   4.0   180  0.2345       31   0.09
F001163    F   24       80   609.6  30.96  19.7  130.0   4.0   240  0.2345       42   0.12
F001164    F   24       80   609.6  30.96  19.7  130.0   6.0    60  0.2345       10   0.03
F001165    F   24       80   609.6  30.96  19.7  130.0   6.0   120  0.2345       21   0.06
F001166    F   24       80   609.6  30.96  19.7  130.0   6.0   180  0.2345       31   0.09
F001167    F   24       80   609.6  30.96  19.7  130.0   6.0   240  0.2345       42   0.12
F001168    F   24       80   609.6  30.96  19.7  130.0   8.0    60  0.2345       10   0.03
F001169    F   24       80   609.6  30.96  19.7  130.0   8.0   120  0.2345       21   0.06
F001170    F   24       80   609.6  30.96  19.7  130.0   8.0   180  0.2345       31   0.09
F001171    F   24       80   609.6  30.96  19.7  130.0   8.0   240  0.2345       42   0.12
F001172    F   24       80   609.6  30.96  19.7  130.0  10.0    60  0.2345       10   0.03
F001173    F   24       80   609.6  30.96  19.7  130.0  10.0   120  0.2345       21   0.06
F001174    F   24       80   609.6  30.96  19.7  130.0  10.0   180  0.2345       31   0.09
F001175    F   24       80   609.6  30.96  19.7  130.0  10.0   240  0.2345       42   0.12
F001176    F   24       80   609.6  30.96  19.7  130.0  12.0    60  0.2345       10   0.03
F001177    F   24       80   609.6  30.96  19.7  130.0  12.0   120  0.2345       21   0.06
F001178    F   24       80   609.6  30.96  19.7  130.0  12.0   180  0.2345       31   0.09
F001179    F   24       80   609.6  30.96  19.7  130.0  12.0   240  0.2345       42   0.12
F001180    F   24       80   609.6  30.96  19.7  145.0   4.0    60  0.2102       10   0.03
F001181    F   24       80   609.6  30.96  19.7  145.0   4.0   120  0.2102       21   0.06
F001182    F   24       80   609.6  30.96  19.7  145.0   4.0   180  0.2102       31   0.09
F001183    F   24       80   609.6  30.96  19.7  145.0   4.0   240  0.2102       42   0.12
F001184    F   24       80   609.6  30.96  19.7  145.0   6.0    60  0.2102       10   0.03
F001185    F   24       80   609.6  30.96  19.7  145.0   6.0   120  0.2102       21   0.06
F001186    F   24       80   609.6  30.96  19.7  145.0   6.0   180  0.2102       31   0.09
F001187    F   24       80   609.6  30.96  19.7  145.0   6.0   240  0.2102       42   0.12
F001188    F   24       80   609.6  30.96  19.7  145.0   8.0    60  0.2102       10   0.03
F001189    F   24       80   609.6  30.96  19.7  145.0   8.0   120  0.2102       21   0.06
F001190    F   24       80   609.6  30.96  19.7  145.0   8.0   180  0.2102       31   0.09
F001191    F   24       80   609.6  30.96  19.7  145.0   8.0   240  0.2102       42   0.12
F001192    F   24       80   609.6  30.96  19.7  145.0  10.0    60  0.2102       10   0.03
F001193    F   24       80   609.6  30.96  19.7  145.0  10.0   120  0.2102       21   0.06
F001194    F   24       80   609.6  30.96  19.7  145.0  10.0   180  0.2102       31   0.09
F001195    F   24       80   609.6  30.96  19.7  145.0  10.0   240  0.2102       42   0.12
F001196    F   24       80   609.6  30.96  19.7  145.0  12.0    60  0.2102       10   0.03
F001197    F   24       80   609.6  30.96  19.7  145.0  12.0   120  0.2102       21   0.06
F001198    F   24       80   609.6  30.96  19.7  145.0  12.0   180  0.2102       31   0.09
F001199    F   24       80   609.6  30.96  19.7  145.0  12.0   240  0.2102       42   0.12
F001200    F   32       40   812.8  17.48  46.5   85.0   4.0    60  0.4781       13   0.04
F001201    F   32       40   812.8  17.48  46.5   85.0   4.0   120  0.4781       27   0.07
F001202    F   32       40   812.8  17.48  46.5   85.0   4.0   180  0.4781       40   0.11
F001203    F   32       40   812.8  17.48  46.5   85.0   4.0   240  0.4781       54   0.15
F001204    F   32       40   812.8  17.48  46.5   85.0   6.0    60  0.4781       13   0.04
F001205    F   32       40   812.8  17.48  46.5   85.0   6.0   120  0.4781       27   0.07
F001206    F   32       40   812.8  17.48  46.5   85.0   6.0   180  0.4781       40   0.11
F001207    F   32       40   812.8  17.48  46.5   85.0   6.0   240  0.4781       54   0.15
F001208    F   32       40   812.8  17.48  46.5   85.0   8.0    60  0.4781       13   0.04
F001209    F   32       40   812.8  17.48  46.5   85.0   8.0   120  0.4781       27   0.07
F001210    F   32       40   812.8  17.48  46.5   85.0   8.0   180  0.4781       40   0.11
F001211    F   32       40   812.8  17.48  46.5   85.0   8.0   240  0.4781       54   0.15
F001212    F   32       40   812.8  17.48  46.5   85.0  10.0    60  0.4781       13   0.04
F001213    F   32       40   812.8  17.48  46.5   85.0  10.0   120  0.4781       27   0.07
F001214    F   32       40   812.8  17.48  46.5   85.0  10.0   180  0.4781       40   0.11
F001215    F   32       40   812.8  17.48  46.5   85.0  10.0   240  0.4781       54   0.15
F001216    F   32       40   812.8  17.48  46.5   85.0  12.0    60  0.4781       13   0.04
F001217    F   32       40   812.8  17.48  46.5   85.0  12.0   120  0.4781       27   0.07
F001218    F   32       40   812.8  17.48  46.5   85.0  12.0   180  0.4781       40   0.11
F001219    F   32       40   812.8  17.48  46.5   85.0  12.0   240  0.4781       54   0.15
F001220    F   32       40   812.8  17.48  46.5  100.0   4.0    60  0.4064       13   0.04
F001221    F   32       40   812.8  17.48  46.5  100.0   4.0   120  0.4064       27   0.07
F001222    F   32       40   812.8  17.48  46.5  100.0   4.0   180  0.4064       40   0.11
F001223    F   32       40   812.8  17.48  46.5  100.0   4.0   240  0.4064       54   0.15
F001224    F   32       40   812.8  17.48  46.5  100.0   6.0    60  0.4064       13   0.04
F001225    F   32       40   812.8  17.48  46.5  100.0   6.0   120  0.4064       27   0.07
F001226    F   32       40   812.8  17.48  46.5  100.0   6.0   180  0.4064       40   0.11
F001227    F   32       40   812.8  17.48  46.5  100.0   6.0   240  0.4064       54   0.15
F001228    F   32       40   812.8  17.48  46.5  100.0   8.0    60  0.4064       13   0.04
F001229    F   32       40   812.8  17.48  46.5  100.0   8.0   120  0.4064       27   0.07
F001230    F   32       40   812.8  17.48  46.5  100.0   8.0   180  0.4064       40   0.11
F001231    F   32       40   812.8  17.48  46.5  100.0   8.0   240  0.4064       54   0.15
F001232    F   32       40   812.8  17.48  46.5  100.0  10.0    60  0.4064       13   0.04
F001233    F   32       40   812.8  17.48  46.5  100.0  10.0   120  0.4064       27   0.07
F001234    F   32       40   812.8  17.48  46.5  100.0  10.0   180  0.4064       40   0.11
F001235    F   32       40   812.8  17.48  46.5  100.0  10.0   240  0.4064       54   0.15
F001236    F   32       40   812.8  17.48  46.5  100.0  12.0    60  0.4064       13   0.04
F001237    F   32       40   812.8  17.48  46.5  100.0  12.0   120  0.4064       27   0.07
F001238    F   32       40   812.8  17.48  46.5  100.0  12.0   180  0.4064       40   0.11
F001239    F   32       40   812.8  17.48  46.5  100.0  12.0   240  0.4064       54   0.15
F001240    F   32       40   812.8  17.48  46.5  115.0   4.0    60  0.3534       13   0.04
F001241    F   32       40   812.8  17.48  46.5  115.0   4.0   120  0.3534       27   0.07
F001242    F   32       40   812.8  17.48  46.5  115.0   4.0   180  0.3534       40   0.11
F001243    F   32       40   812.8  17.48  46.5  115.0   4.0   240  0.3534       54   0.15
F001244    F   32       40   812.8  17.48  46.5  115.0   6.0    60  0.3534       13   0.04
F001245    F   32       40   812.8  17.48  46.5  115.0   6.0   120  0.3534       27   0.07
F001246    F   32       40   812.8  17.48  46.5  115.0   6.0   180  0.3534       40   0.11
F001247    F   32       40   812.8  17.48  46.5  115.0   6.0   240  0.3534       54   0.15
F001248    F   32       40   812.8  17.48  46.5  115.0   8.0    60  0.3534       13   0.04
F001249    F   32       40   812.8  17.48  46.5  115.0   8.0   120  0.3534       27   0.07
F001250    F   32       40   812.8  17.48  46.5  115.0   8.0   180  0.3534       40   0.11
F001251    F   32       40   812.8  17.48  46.5  115.0   8.0   240  0.3534       54   0.15
F001252    F   32       40   812.8  17.48  46.5  115.0  10.0    60  0.3534       13   0.04
F001253    F   32       40   812.8  17.48  46.5  115.0  10.0   120  0.3534       27   0.07
F001254    F   32       40   812.8  17.48  46.5  115.0  10.0   180  0.3534       40   0.11
F001255    F   32       40   812.8  17.48  46.5  115.0  10.0   240  0.3534       54   0.15
F001256    F   32       40   812.8  17.48  46.5  115.0  12.0    60  0.3534       13   0.04
F001257    F   32       40   812.8  17.48  46.5  115.0  12.0   120  0.3534       27   0.07
F001258    F   32       40   812.8  17.48  46.5  115.0  12.0   180  0.3534       40   0.11
F001259    F   32       40   812.8  17.48  46.5  115.0  12.0   240  0.3534       54   0.15
F001260    F   32       40   812.8  17.48  46.5  130.0   4.0    60  0.3126       13   0.04
F001261    F   32       40   812.8  17.48  46.5  130.0   4.0   120  0.3126       27   0.07
F001262    F   32       40   812.8  17.48  46.5  130.0   4.0   180  0.3126       40   0.11
F001263    F   32       40   812.8  17.48  46.5  130.0   4.0   240  0.3126       54   0.15
F001264    F   32       40   812.8  17.48  46.5  130.0   6.0    60  0.3126       13   0.04
F001265    F   32       40   812.8  17.48  46.5  130.0   6.0   120  0.3126       27   0.07
F001266    F   32       40   812.8  17.48  46.5  130.0   6.0   180  0.3126       40   0.11
F001267    F   32       40   812.8  17.48  46.5  130.0   6.0   240  0.3126       54   0.15
F001268    F   32       40   812.8  17.48  46.5  130.0   8.0    60  0.3126       13   0.04
F001269    F   32       40   812.8  17.48  46.5  130.0   8.0   120  0.3126       27   0.07
F001270    F   32       40   812.8  17.48  46.5  130.0   8.0   180  0.3126       40   0.11
F001271    F   32       40   812.8  17.48  46.5  130.0   8.0   240  0.3126       54   0.15
F001272    F   32       40   812.8  17.48  46.5  130.0  10.0    60  0.3126       13   0.04
F001273    F   32       40   812.8  17.48  46.5  130.0  10.0   120  0.3126       27   0.07
F001274    F   32       40   812.8  17.48  46.5  130.0  10.0   180  0.3126       40   0.11
F001275    F   32       40   812.8  17.48  46.5  130.0  10.0   240  0.3126       54   0.15
F001276    F   32       40   812.8  17.48  46.5  130.0  12.0    60  0.3126       13   0.04
F001277    F   32       40   812.8  17.48  46.5  130.0  12.0   120  0.3126       27   0.07
F001278    F   32       40   812.8  17.48  46.5  130.0  12.0   180  0.3126       40   0.11
F001279    F   32       40   812.8  17.48  46.5  130.0  12.0   240  0.3126       54   0.15
F001280    F   32       40   812.8  17.48  46.5  145.0   4.0    60  0.2803       13   0.04
F001281    F   32       40   812.8  17.48  46.5  145.0   4.0   120  0.2803       27   0.07
F001282    F   32       40   812.8  17.48  46.5  145.0   4.0   180  0.2803       40   0.11
F001283    F   32       40   812.8  17.48  46.5  145.0   4.0   240  0.2803       54   0.15
F001284    F   32       40   812.8  17.48  46.5  145.0   6.0    60  0.2803       13   0.04
F001285    F   32       40   812.8  17.48  46.5  145.0   6.0   120  0.2803       27   0.07
F001286    F   32       40   812.8  17.48  46.5  145.0   6.0   180  0.2803       40   0.11
F001287    F   32       40   812.8  17.48  46.5  145.0   6.0   240  0.2803       54   0.15
F001288    F   32       40   812.8  17.48  46.5  145.0   8.0    60  0.2803       13   0.04
F001289    F   32       40   812.8  17.48  46.5  145.0   8.0   120  0.2803       27   0.07
F001290    F   32       40   812.8  17.48  46.5  145.0   8.0   180  0.2803       40   0.11
F001291    F   32       40   812.8  17.48  46.5  145.0   8.0   240  0.2803       54   0.15
F001292    F   32       40   812.8  17.48  46.5  145.0  10.0    60  0.2803       13   0.04
F001293    F   32       40   812.8  17.48  46.5  145.0  10.0   120  0.2803       27   0.07
F001294    F   32       40   812.8  17.48  46.5  145.0  10.0   180  0.2803       40   0.11
F001295    F   32       40   812.8  17.48  46.5  145.0  10.0   240  0.2803       54   0.15
F001296    F   32       40   812.8  17.48  46.5  145.0  12.0    60  0.2803       13   0.04
F001297    F   32       40   812.8  17.48  46.5  145.0  12.0   120  0.2803       27   0.07
F001298    F   32       40   812.8  17.48  46.5  145.0  12.0   180  0.2803       40   0.11
F001299    F   32       40   812.8  17.48  46.5  145.0  12.0   240  0.2803       54   0.15
F001300    F   32       5L   812.8  25.40  32.0   85.0   4.0    60  0.4781        9   0.03
F001301    F   32       5L   812.8  25.40  32.0   85.0   4.0   120  0.4781       19   0.05
F001302    F   32       5L   812.8  25.40  32.0   85.0   4.0   180  0.4781       28   0.08
F001303    F   32       5L   812.8  25.40  32.0   85.0   4.0   240  0.4781       37   0.10
F001304    F   32       5L   812.8  25.40  32.0   85.0   6.0    60  0.4781        9   0.03
F001305    F   32       5L   812.8  25.40  32.0   85.0   6.0   120  0.4781       19   0.05
F001306    F   32       5L   812.8  25.40  32.0   85.0   6.0   180  0.4781       28   0.08
F001307    F   32       5L   812.8  25.40  32.0   85.0   6.0   240  0.4781       37   0.10
F001308    F   32       5L   812.8  25.40  32.0   85.0   8.0    60  0.4781        9   0.03
F001309    F   32       5L   812.8  25.40  32.0   85.0   8.0   120  0.4781       19   0.05
F001310    F   32       5L   812.8  25.40  32.0   85.0   8.0   180  0.4781       28   0.08
F001311    F   32       5L   812.8  25.40  32.0   85.0   8.0   240  0.4781       37   0.10
F001312    F   32       5L   812.8  25.40  32.0   85.0  10.0    60  0.4781        9   0.03
F001313    F   32       5L   812.8  25.40  32.0   85.0  10.0   120  0.4781       19   0.05
F001314    F   32       5L   812.8  25.40  32.0   85.0  10.0   180  0.4781       28   0.08
F001315    F   32       5L   812.8  25.40  32.0   85.0  10.0   240  0.4781       37   0.10
F001316    F   32       5L   812.8  25.40  32.0   85.0  12.0    60  0.4781        9   0.03
F001317    F   32       5L   812.8  25.40  32.0   85.0  12.0   120  0.4781       19   0.05
F001318    F   32       5L   812.8  25.40  32.0   85.0  12.0   180  0.4781       28   0.08
F001319    F   32       5L   812.8  25.40  32.0   85.0  12.0   240  0.4781       37   0.10
F001320    F   32       5L   812.8  25.40  32.0  100.0   4.0    60  0.4064        9   0.03
F001321    F   32       5L   812.8  25.40  32.0  100.0   4.0   120  0.4064       19   0.05
F001322    F   32       5L   812.8  25.40  32.0  100.0   4.0   180  0.4064       28   0.08
F001323    F   32       5L   812.8  25.40  32.0  100.0   4.0   240  0.4064       37   0.10
F001324    F   32       5L   812.8  25.40  32.0  100.0   6.0    60  0.4064        9   0.03
F001325    F   32       5L   812.8  25.40  32.0  100.0   6.0   120  0.4064       19   0.05
F001326    F   32       5L   812.8  25.40  32.0  100.0   6.0   180  0.4064       28   0.08
F001327    F   32       5L   812.8  25.40  32.0  100.0   6.0   240  0.4064       37   0.10
F001328    F   32       5L   812.8  25.40  32.0  100.0   8.0    60  0.4064        9   0.03
F001329    F   32       5L   812.8  25.40  32.0  100.0   8.0   120  0.4064       19   0.05
F001330    F   32       5L   812.8  25.40  32.0  100.0   8.0   180  0.4064       28   0.08
F001331    F   32       5L   812.8  25.40  32.0  100.0   8.0   240  0.4064       37   0.10
F001332    F   32       5L   812.8  25.40  32.0  100.0  10.0    60  0.4064        9   0.03
F001333    F   32       5L   812.8  25.40  32.0  100.0  10.0   120  0.4064       19   0.05
F001334    F   32       5L   812.8  25.40  32.0  100.0  10.0   180  0.4064       28   0.08
F001335    F   32       5L   812.8  25.40  32.0  100.0  10.0   240  0.4064       37   0.10
F001336    F   32       5L   812.8  25.40  32.0  100.0  12.0    60  0.4064        9   0.03
F001337    F   32       5L   812.8  25.40  32.0  100.0  12.0   120  0.4064       19   0.05
F001338    F   32       5L   812.8  25.40  32.0  100.0  12.0   180  0.4064       28   0.08
F001339    F   32       5L   812.8  25.40  32.0  100.0  12.0   240  0.4064       37   0.10
F001340    F   32       5L   812.8  25.40  32.0  115.0   4.0    60  0.3534        9   0.03
F001341    F   32       5L   812.8  25.40  32.0  115.0   4.0   120  0.3534       19   0.05
F001342    F   32       5L   812.8  25.40  32.0  115.0   4.0   180  0.3534       28   0.08
F001343    F   32       5L   812.8  25.40  32.0  115.0   4.0   240  0.3534       37   0.10
F001344    F   32       5L   812.8  25.40  32.0  115.0   6.0    60  0.3534        9   0.03
F001345    F   32       5L   812.8  25.40  32.0  115.0   6.0   120  0.3534       19   0.05
F001346    F   32       5L   812.8  25.40  32.0  115.0   6.0   180  0.3534       28   0.08
F001347    F   32       5L   812.8  25.40  32.0  115.0   6.0   240  0.3534       37   0.10
F001348    F   32       5L   812.8  25.40  32.0  115.0   8.0    60  0.3534        9   0.03
F001349    F   32       5L   812.8  25.40  32.0  115.0   8.0   120  0.3534       19   0.05
F001350    F   32       5L   812.8  25.40  32.0  115.0   8.0   180  0.3534       28   0.08
F001351    F   32       5L   812.8  25.40  32.0  115.0   8.0   240  0.3534       37   0.10
F001352    F   32       5L   812.8  25.40  32.0  115.0  10.0    60  0.3534        9   0.03
F001353    F   32       5L   812.8  25.40  32.0  115.0  10.0   120  0.3534       19   0.05
F001354    F   32       5L   812.8  25.40  32.0  115.0  10.0   180  0.3534       28   0.08
F001355    F   32       5L   812.8  25.40  32.0  115.0  10.0   240  0.3534       37   0.10
F001356    F   32       5L   812.8  25.40  32.0  115.0  12.0    60  0.3534        9   0.03
F001357    F   32       5L   812.8  25.40  32.0  115.0  12.0   120  0.3534       19   0.05
F001358    F   32       5L   812.8  25.40  32.0  115.0  12.0   180  0.3534       28   0.08
F001359    F   32       5L   812.8  25.40  32.0  115.0  12.0   240  0.3534       37   0.10
F001360    F   32       5L   812.8  25.40  32.0  130.0   4.0    60  0.3126        9   0.03
F001361    F   32       5L   812.8  25.40  32.0  130.0   4.0   120  0.3126       19   0.05
F001362    F   32       5L   812.8  25.40  32.0  130.0   4.0   180  0.3126       28   0.08
F001363    F   32       5L   812.8  25.40  32.0  130.0   4.0   240  0.3126       37   0.10
F001364    F   32       5L   812.8  25.40  32.0  130.0   6.0    60  0.3126        9   0.03
F001365    F   32       5L   812.8  25.40  32.0  130.0   6.0   120  0.3126       19   0.05
F001366    F   32       5L   812.8  25.40  32.0  130.0   6.0   180  0.3126       28   0.08
F001367    F   32       5L   812.8  25.40  32.0  130.0   6.0   240  0.3126       37   0.10
F001368    F   32       5L   812.8  25.40  32.0  130.0   8.0    60  0.3126        9   0.03
F001369    F   32       5L   812.8  25.40  32.0  130.0   8.0   120  0.3126       19   0.05
F001370    F   32       5L   812.8  25.40  32.0  130.0   8.0   180  0.3126       28   0.08
F001371    F   32       5L   812.8  25.40  32.0  130.0   8.0   240  0.3126       37   0.10
F001372    F   32       5L   812.8  25.40  32.0  130.0  10.0    60  0.3126        9   0.03
F001373    F   32       5L   812.8  25.40  32.0  130.0  10.0   120  0.3126       19   0.05
F001374    F   32       5L   812.8  25.40  32.0  130.0  10.0   180  0.3126       28   0.08
F001375    F   32       5L   812.8  25.40  32.0  130.0  10.0   240  0.3126       37   0.10
F001376    F   32       5L   812.8  25.40  32.0  130.0  12.0    60  0.3126        9   0.03
F001377    F   32       5L   812.8  25.40  32.0  130.0  12.0   120  0.3126       19   0.05
F001378    F   32       5L   812.8  25.40  32.0  130.0  12.0   180  0.3126       28   0.08
F001379    F   32       5L   812.8  25.40  32.0  130.0  12.0   240  0.3126       37   0.10
F001380    F   32       5L   812.8  25.40  32.0  145.0   4.0    60  0.2803        9   0.03
F001381    F   32       5L   812.8  25.40  32.0  145.0   4.0   120  0.2803       19   0.05
F001382    F   32       5L   812.8  25.40  32.0  145.0   4.0   180  0.2803       28   0.08
F001383    F   32       5L   812.8  25.40  32.0  145.0   4.0   240  0.2803       37   0.10
F001384    F   32       5L   812.8  25.40  32.0  145.0   6.0    60  0.2803        9   0.03
F001385    F   32       5L   812.8  25.40  32.0  145.0   6.0   120  0.2803       19   0.05
F001386    F   32       5L   812.8  25.40  32.0  145.0   6.0   180  0.2803       28   0.08
F001387    F   32       5L   812.8  25.40  32.0  145.0   6.0   240  0.2803       37   0.10
F001388    F   32       5L   812.8  25.40  32.0  145.0   8.0    60  0.2803        9   0.03
F001389    F   32       5L   812.8  25.40  32.0  145.0   8.0   120  0.2803       19   0.05
F001390    F   32       5L   812.8  25.40  32.0  145.0   8.0   180  0.2803       28   0.08
F001391    F   32       5L   812.8  25.40  32.0  145.0   8.0   240  0.2803       37   0.10
F001392    F   32       5L   812.8  25.40  32.0  145.0  10.0    60  0.2803        9   0.03
F001393    F   32       5L   812.8  25.40  32.0  145.0  10.0   120  0.2803       19   0.05
F001394    F   32       5L   812.8  25.40  32.0  145.0  10.0   180  0.2803       28   0.08
F001395    F   32       5L   812.8  25.40  32.0  145.0  10.0   240  0.2803       37   0.10
F001396    F   32       5L   812.8  25.40  32.0  145.0  12.0    60  0.2803        9   0.03
F001397    F   32       5L   812.8  25.40  32.0  145.0  12.0   120  0.2803       19   0.05
F001398    F   32       5L   812.8  25.40  32.0  145.0  12.0   180  0.2803       28   0.08
F001399    F   32       5L   812.8  25.40  32.0  145.0  12.0   240  0.2803       37   0.10
F001400    F   32       5L   812.8  31.75  25.6   85.0   4.0    60  0.4781        8   0.02
F001401    F   32       5L   812.8  31.75  25.6   85.0   4.0   120  0.4781       15   0.04
F001402    F   32       5L   812.8  31.75  25.6   85.0   4.0   180  0.4781       23   0.06
F001403    F   32       5L   812.8  31.75  25.6   85.0   4.0   240  0.4781       30   0.08
F001404    F   32       5L   812.8  31.75  25.6   85.0   6.0    60  0.4781        8   0.02
F001405    F   32       5L   812.8  31.75  25.6   85.0   6.0   120  0.4781       15   0.04
F001406    F   32       5L   812.8  31.75  25.6   85.0   6.0   180  0.4781       23   0.06
F001407    F   32       5L   812.8  31.75  25.6   85.0   6.0   240  0.4781       30   0.08
F001408    F   32       5L   812.8  31.75  25.6   85.0   8.0    60  0.4781        8   0.02
F001409    F   32       5L   812.8  31.75  25.6   85.0   8.0   120  0.4781       15   0.04
F001410    F   32       5L   812.8  31.75  25.6   85.0   8.0   180  0.4781       23   0.06
F001411    F   32       5L   812.8  31.75  25.6   85.0   8.0   240  0.4781       30   0.08
F001412    F   32       5L   812.8  31.75  25.6   85.0  10.0    60  0.4781        8   0.02
F001413    F   32       5L   812.8  31.75  25.6   85.0  10.0   120  0.4781       15   0.04
F001414    F   32       5L   812.8  31.75  25.6   85.0  10.0   180  0.4781       23   0.06
F001415    F   32       5L   812.8  31.75  25.6   85.0  10.0   240  0.4781       30   0.08
F001416    F   32       5L   812.8  31.75  25.6   85.0  12.0    60  0.4781        8   0.02
F001417    F   32       5L   812.8  31.75  25.6   85.0  12.0   120  0.4781       15   0.04
F001418    F   32       5L   812.8  31.75  25.6   85.0  12.0   180  0.4781       23   0.06
F001419    F   32       5L   812.8  31.75  25.6   85.0  12.0   240  0.4781       30   0.08
F001420    F   32       5L   812.8  31.75  25.6  100.0   4.0    60  0.4064        8   0.02
F001421    F   32       5L   812.8  31.75  25.6  100.0   4.0   120  0.4064       15   0.04
F001422    F   32       5L   812.8  31.75  25.6  100.0   4.0   180  0.4064       23   0.06
F001423    F   32       5L   812.8  31.75  25.6  100.0   4.0   240  0.4064       30   0.08
F001424    F   32       5L   812.8  31.75  25.6  100.0   6.0    60  0.4064        8   0.02
F001425    F   32       5L   812.8  31.75  25.6  100.0   6.0   120  0.4064       15   0.04
F001426    F   32       5L   812.8  31.75  25.6  100.0   6.0   180  0.4064       23   0.06
F001427    F   32       5L   812.8  31.75  25.6  100.0   6.0   240  0.4064       30   0.08
F001428    F   32       5L   812.8  31.75  25.6  100.0   8.0    60  0.4064        8   0.02
F001429    F   32       5L   812.8  31.75  25.6  100.0   8.0   120  0.4064       15   0.04
F001430    F   32       5L   812.8  31.75  25.6  100.0   8.0   180  0.4064       23   0.06
F001431    F   32       5L   812.8  31.75  25.6  100.0   8.0   240  0.4064       30   0.08
F001432    F   32       5L   812.8  31.75  25.6  100.0  10.0    60  0.4064        8   0.02
F001433    F   32       5L   812.8  31.75  25.6  100.0  10.0   120  0.4064       15   0.04
F001434    F   32       5L   812.8  31.75  25.6  100.0  10.0   180  0.4064       23   0.06
F001435    F   32       5L   812.8  31.75  25.6  100.0  10.0   240  0.4064       30   0.08
F001436    F   32       5L   812.8  31.75  25.6  100.0  12.0    60  0.4064        8   0.02
F001437    F   32       5L   812.8  31.75  25.6  100.0  12.0   120  0.4064       15   0.04
F001438    F   32       5L   812.8  31.75  25.6  100.0  12.0   180  0.4064       23   0.06
F001439    F   32       5L   812.8  31.75  25.6  100.0  12.0   240  0.4064       30   0.08
F001440    F   32       5L   812.8  31.75  25.6  115.0   4.0    60  0.3534        8   0.02
F001441    F   32       5L   812.8  31.75  25.6  115.0   4.0   120  0.3534       15   0.04
F001442    F   32       5L   812.8  31.75  25.6  115.0   4.0   180  0.3534       23   0.06
F001443    F   32       5L   812.8  31.75  25.6  115.0   4.0   240  0.3534       30   0.08
F001444    F   32       5L   812.8  31.75  25.6  115.0   6.0    60  0.3534        8   0.02
F001445    F   32       5L   812.8  31.75  25.6  115.0   6.0   120  0.3534       15   0.04
F001446    F   32       5L   812.8  31.75  25.6  115.0   6.0   180  0.3534       23   0.06
F001447    F   32       5L   812.8  31.75  25.6  115.0   6.0   240  0.3534       30   0.08
F001448    F   32       5L   812.8  31.75  25.6  115.0   8.0    60  0.3534        8   0.02
F001449    F   32       5L   812.8  31.75  25.6  115.0   8.0   120  0.3534       15   0.04
F001450    F   32       5L   812.8  31.75  25.6  115.0   8.0   180  0.3534       23   0.06
F001451    F   32       5L   812.8  31.75  25.6  115.0   8.0   240  0.3534       30   0.08
F001452    F   32       5L   812.8  31.75  25.6  115.0  10.0    60  0.3534        8   0.02
F001453    F   32       5L   812.8  31.75  25.6  115.0  10.0   120  0.3534       15   0.04
F001454    F   32       5L   812.8  31.75  25.6  115.0  10.0   180  0.3534       23   0.06
F001455    F   32       5L   812.8  31.75  25.6  115.0  10.0   240  0.3534       30   0.08
F001456    F   32       5L   812.8  31.75  25.6  115.0  12.0    60  0.3534        8   0.02
F001457    F   32       5L   812.8  31.75  25.6  115.0  12.0   120  0.3534       15   0.04
F001458    F   32       5L   812.8  31.75  25.6  115.0  12.0   180  0.3534       23   0.06
F001459    F   32       5L   812.8  31.75  25.6  115.0  12.0   240  0.3534       30   0.08
F001460    F   32       5L   812.8  31.75  25.6  130.0   4.0    60  0.3126        8   0.02
F001461    F   32       5L   812.8  31.75  25.6  130.0   4.0   120  0.3126       15   0.04
F001462    F   32       5L   812.8  31.75  25.6  130.0   4.0   180  0.3126       23   0.06
F001463    F   32       5L   812.8  31.75  25.6  130.0   4.0   240  0.3126       30   0.08
F001464    F   32       5L   812.8  31.75  25.6  130.0   6.0    60  0.3126        8   0.02
F001465    F   32       5L   812.8  31.75  25.6  130.0   6.0   120  0.3126       15   0.04
F001466    F   32       5L   812.8  31.75  25.6  130.0   6.0   180  0.3126       23   0.06
F001467    F   32       5L   812.8  31.75  25.6  130.0   6.0   240  0.3126       30   0.08
F001468    F   32       5L   812.8  31.75  25.6  130.0   8.0    60  0.3126        8   0.02
F001469    F   32       5L   812.8  31.75  25.6  130.0   8.0   120  0.3126       15   0.04
F001470    F   32       5L   812.8  31.75  25.6  130.0   8.0   180  0.3126       23   0.06
F001471    F   32       5L   812.8  31.75  25.6  130.0   8.0   240  0.3126       30   0.08
F001472    F   32       5L   812.8  31.75  25.6  130.0  10.0    60  0.3126        8   0.02
F001473    F   32       5L   812.8  31.75  25.6  130.0  10.0   120  0.3126       15   0.04
F001474    F   32       5L   812.8  31.75  25.6  130.0  10.0   180  0.3126       23   0.06
F001475    F   32       5L   812.8  31.75  25.6  130.0  10.0   240  0.3126       30   0.08
F001476    F   32       5L   812.8  31.75  25.6  130.0  12.0    60  0.3126        8   0.02
F001477    F   32       5L   812.8  31.75  25.6  130.0  12.0   120  0.3126       15   0.04
F001478    F   32       5L   812.8  31.75  25.6  130.0  12.0   180  0.3126       23   0.06
F001479    F   32       5L   812.8  31.75  25.6  130.0  12.0   240  0.3126       30   0.08
F001480    F   32       5L   812.8  31.75  25.6  145.0   4.0    60  0.2803        8   0.02
F001481    F   32       5L   812.8  31.75  25.6  145.0   4.0   120  0.2803       15   0.04
F001482    F   32       5L   812.8  31.75  25.6  145.0   4.0   180  0.2803       23   0.06
F001483    F   32       5L   812.8  31.75  25.6  145.0   4.0   240  0.2803       30   0.08
F001484    F   32       5L   812.8  31.75  25.6  145.0   6.0    60  0.2803        8   0.02
F001485    F   32       5L   812.8  31.75  25.6  145.0   6.0   120  0.2803       15   0.04
F001486    F   32       5L   812.8  31.75  25.6  145.0   6.0   180  0.2803       23   0.06
F001487    F   32       5L   812.8  31.75  25.6  145.0   6.0   240  0.2803       30   0.08
F001488    F   32       5L   812.8  31.75  25.6  145.0   8.0    60  0.2803        8   0.02
F001489    F   32       5L   812.8  31.75  25.6  145.0   8.0   120  0.2803       15   0.04
F001490    F   32       5L   812.8  31.75  25.6  145.0   8.0   180  0.2803       23   0.06
F001491    F   32       5L   812.8  31.75  25.6  145.0   8.0   240  0.2803       30   0.08
F001492    F   32       5L   812.8  31.75  25.6  145.0  10.0    60  0.2803        8   0.02
F001493    F   32       5L   812.8  31.75  25.6  145.0  10.0   120  0.2803       15   0.04
F001494    F   32       5L   812.8  31.75  25.6  145.0  10.0   180  0.2803       23   0.06
F001495    F   32       5L   812.8  31.75  25.6  145.0  10.0   240  0.2803       30   0.08
F001496    F   32       5L   812.8  31.75  25.6  145.0  12.0    60  0.2803        8   0.02
F001497    F   32       5L   812.8  31.75  25.6  145.0  12.0   120  0.2803       15   0.04
F001498    F   32       5L   812.8  31.75  25.6  145.0  12.0   180  0.2803       23   0.06
F001499    F   32       5L   812.8  31.75  25.6  145.0  12.0   240  0.2803       30   0.08
A000000    A    6    paper   168.3  21.00   8.0   70.0   9.0     0  0.1202        0   0.00
A000001    A    6    paper   168.3  21.00   8.0   70.0   9.0   100  0.1202      101   0.28
A000002    A   16    paper   406.4  21.00  19.4   70.0   9.0     0  0.2903        0   0.00
A000003    A   16    paper   406.4  21.00  19.4   70.0   9.0   100  0.2903       39   0.11
A000004    A   20    paper   508.0  21.00  24.2   70.0   9.0     0  0.3629        0   0.00
A000005    A   20    paper   508.0  21.00  24.2   70.0   9.0   100  0.3629       31   0.08
A000006    A   16    paper   406.4  21.00  19.4   70.0   9.0   120  0.2903       46   0.13
A000007    A   16    paper   406.4  21.00  19.4   85.0   9.0   120  0.2391       46   0.13
A000008    A   16    paper   406.4  21.00  19.4  105.0   9.0   120  0.1935       46   0.13
Z000000    Z    6   40/STD   168.3   7.11  23.7   85.0   4.0     0  0.0990        0   0.00
Z000001    Z    6   40/STD   168.3   7.11  23.7   85.0   6.0     0  0.0990        0   0.00
Z000002    Z    6   40/STD   168.3   7.11  23.7   85.0   8.0     0  0.0990        0   0.00
Z000003    Z    6   40/STD   168.3   7.11  23.7   85.0  10.0     0  0.0990        0   0.00
Z000004    Z    6   40/STD   168.3   7.11  23.7   85.0  12.0     0  0.0990        0   0.00
Z000005    Z    6    80/XS   168.3  10.97  15.3   85.0   4.0     0  0.0990        0   0.00
Z000006    Z    6    80/XS   168.3  10.97  15.3   85.0   6.0     0  0.0990        0   0.00
Z000007    Z    6    80/XS   168.3  10.97  15.3   85.0   8.0     0  0.0990        0   0.00
Z000008    Z    6    80/XS   168.3  10.97  15.3   85.0  10.0     0  0.0990        0   0.00
Z000009    Z    6    80/XS   168.3  10.97  15.3   85.0  12.0     0  0.0990        0   0.00
Z000010    Z    6      120   168.3  14.27  11.8   85.0   4.0     0  0.0990        0   0.00
Z000011    Z    6      120   168.3  14.27  11.8   85.0   6.0     0  0.0990        0   0.00
Z000012    Z    6      120   168.3  14.27  11.8   85.0   8.0     0  0.0990        0   0.00
Z000013    Z    6      120   168.3  14.27  11.8   85.0  10.0     0  0.0990        0   0.00
Z000014    Z    6      120   168.3  14.27  11.8   85.0  12.0     0  0.0990        0   0.00
Z000015    Z   10   40/STD   273.1   9.27  29.5   85.0   4.0     0  0.1606        0   0.00
Z000016    Z   10   40/STD   273.1   9.27  29.5   85.0   6.0     0  0.1606        0   0.00
Z000017    Z   10   40/STD   273.1   9.27  29.5   85.0   8.0     0  0.1606        0   0.00
Z000018    Z   10   40/STD   273.1   9.27  29.5   85.0  10.0     0  0.1606        0   0.00
Z000019    Z   10   40/STD   273.1   9.27  29.5   85.0  12.0     0  0.1606        0   0.00
Z000020    Z   10    60/XS   273.1  12.70  21.5   85.0   4.0     0  0.1606        0   0.00
Z000021    Z   10    60/XS   273.1  12.70  21.5   85.0   6.0     0  0.1606        0   0.00
Z000022    Z   10    60/XS   273.1  12.70  21.5   85.0   8.0     0  0.1606        0   0.00
Z000023    Z   10    60/XS   273.1  12.70  21.5   85.0  10.0     0  0.1606        0   0.00
Z000024    Z   10    60/XS   273.1  12.70  21.5   85.0  12.0     0  0.1606        0   0.00
Z000025    Z   10      100   273.1  18.26  15.0   85.0   4.0     0  0.1606        0   0.00
Z000026    Z   10      100   273.1  18.26  15.0   85.0   6.0     0  0.1606        0   0.00
Z000027    Z   10      100   273.1  18.26  15.0   85.0   8.0     0  0.1606        0   0.00
Z000028    Z   10      100   273.1  18.26  15.0   85.0  10.0     0  0.1606        0   0.00
Z000029    Z   10      100   273.1  18.26  15.0   85.0  12.0     0  0.1606        0   0.00
Z000030    Z   16   30/STD   406.4   9.53  42.6   85.0   4.0     0  0.2391        0   0.00
Z000031    Z   16   30/STD   406.4   9.53  42.6   85.0   6.0     0  0.2391        0   0.00
Z000032    Z   16   30/STD   406.4   9.53  42.6   85.0   8.0     0  0.2391        0   0.00
Z000033    Z   16   30/STD   406.4   9.53  42.6   85.0  10.0     0  0.2391        0   0.00
Z000034    Z   16   30/STD   406.4   9.53  42.6   85.0  12.0     0  0.2391        0   0.00
Z000035    Z   16    40/XS   406.4  12.70  32.0   85.0   4.0     0  0.2391        0   0.00
Z000036    Z   16    40/XS   406.4  12.70  32.0   85.0   6.0     0  0.2391        0   0.00
Z000037    Z   16    40/XS   406.4  12.70  32.0   85.0   8.0     0  0.2391        0   0.00
Z000038    Z   16    40/XS   406.4  12.70  32.0   85.0  10.0     0  0.2391        0   0.00
Z000039    Z   16    40/XS   406.4  12.70  32.0   85.0  12.0     0  0.2391        0   0.00
Z000040    Z   16       80   406.4  21.44  19.0   85.0   4.0     0  0.2391        0   0.00
Z000041    Z   16       80   406.4  21.44  19.0   85.0   6.0     0  0.2391        0   0.00
Z000042    Z   16       80   406.4  21.44  19.0   85.0   8.0     0  0.2391        0   0.00
Z000043    Z   16       80   406.4  21.44  19.0   85.0  10.0     0  0.2391        0   0.00
Z000044    Z   16       80   406.4  21.44  19.0   85.0  12.0     0  0.2391        0   0.00
Z000045    Z   24       30   609.6  14.27  42.7   85.0   4.0     0  0.3586        0   0.00
Z000046    Z   24       30   609.6  14.27  42.7   85.0   6.0     0  0.3586        0   0.00
Z000047    Z   24       30   609.6  14.27  42.7   85.0   8.0     0  0.3586        0   0.00
Z000048    Z   24       30   609.6  14.27  42.7   85.0  10.0     0  0.3586        0   0.00
Z000049    Z   24       30   609.6  14.27  42.7   85.0  12.0     0  0.3586        0   0.00
Z000050    Z   24       60   609.6  24.61  24.8   85.0   4.0     0  0.3586        0   0.00
Z000051    Z   24       60   609.6  24.61  24.8   85.0   6.0     0  0.3586        0   0.00
Z000052    Z   24       60   609.6  24.61  24.8   85.0   8.0     0  0.3586        0   0.00
Z000053    Z   24       60   609.6  24.61  24.8   85.0  10.0     0  0.3586        0   0.00
Z000054    Z   24       60   609.6  24.61  24.8   85.0  12.0     0  0.3586        0   0.00
Z000055    Z   24       80   609.6  30.96  19.7   85.0   4.0     0  0.3586        0   0.00
Z000056    Z   24       80   609.6  30.96  19.7   85.0   6.0     0  0.3586        0   0.00
Z000057    Z   24       80   609.6  30.96  19.7   85.0   8.0     0  0.3586        0   0.00
Z000058    Z   24       80   609.6  30.96  19.7   85.0  10.0     0  0.3586        0   0.00
Z000059    Z   24       80   609.6  30.96  19.7   85.0  12.0     0  0.3586        0   0.00
Z000060    Z   32       40   812.8  17.48  46.5   85.0   4.0     0  0.4781        0   0.00
Z000061    Z   32       40   812.8  17.48  46.5   85.0   6.0     0  0.4781        0   0.00
Z000062    Z   32       40   812.8  17.48  46.5   85.0   8.0     0  0.4781        0   0.00
Z000063    Z   32       40   812.8  17.48  46.5   85.0  10.0     0  0.4781        0   0.00
Z000064    Z   32       40   812.8  17.48  46.5   85.0  12.0     0  0.4781        0   0.00
Z000065    Z   32       5L   812.8  25.40  32.0   85.0   4.0     0  0.4781        0   0.00
Z000066    Z   32       5L   812.8  25.40  32.0   85.0   6.0     0  0.4781        0   0.00
Z000067    Z   32       5L   812.8  25.40  32.0   85.0   8.0     0  0.4781        0   0.00
Z000068    Z   32       5L   812.8  25.40  32.0   85.0  10.0     0  0.4781        0   0.00
Z000069    Z   32       5L   812.8  25.40  32.0   85.0  12.0     0  0.4781        0   0.00
Z000070    Z   32       5L   812.8  31.75  25.6   85.0   4.0     0  0.4781        0   0.00
Z000071    Z   32       5L   812.8  31.75  25.6   85.0   6.0     0  0.4781        0   0.00
Z000072    Z   32       5L   812.8  31.75  25.6   85.0   8.0     0  0.4781        0   0.00
Z000073    Z   32       5L   812.8  31.75  25.6   85.0  10.0     0  0.4781        0   0.00
Z000074    Z   32       5L   812.8  31.75  25.6   85.0  12.0     0  0.4781        0   0.00
