 case_id  blk  NPS      sch   OD/mm  WT/mm   D/t    R/m  sp/m  vr/m  T/MT  n_sr  span/m  trav  win/m  D/2R %  sig_MPa  x_yld
----------------------------------------------------------------------------------------------------------------------------
 A400000   A4    0    paper   406.4  21.00  19.4   70.0   9.0   9.0   120     6    54.0   4.0  1.626  0.2903       46   0.13
 A400001   A4    0    paper   406.4  21.00  19.4   85.0   9.0   9.0   120     6    54.0   4.0  1.626  0.2391       46   0.13
 A400002   A4    0    paper   406.4  21.00  19.4  105.0   9.0   9.0   120     6    54.0   4.0  1.626  0.1935       46   0.13
 A400003   A4    0    paper   168.3  21.00   8.0   70.0   9.0   9.0     0     6    54.0   4.0  0.673  0.1202        0   0.00
 A400004   A4    0    paper   168.3  21.00   8.0   70.0   9.0   9.0   100     6    54.0   4.0  0.673  0.1202      101   0.28
 A400005   A4    0    paper   406.4  21.00  19.4   70.0   9.0   9.0     0     6    54.0   4.0  1.626  0.2903        0   0.00
 A400006   A4    0    paper   406.4  21.00  19.4   70.0   9.0   9.0   100     6    54.0   4.0  1.626  0.2903       39   0.11
 A400007   A4    0    paper   508.0  21.00  24.2   70.0   9.0   9.0     0     6    54.0   4.0  2.032  0.3629        0   0.00
 A400008   A4    0    paper   508.0  21.00  24.2   70.0   9.0   9.0   100     6    54.0   4.0  2.032  0.3629       31   0.08
 A500009   A5    0    paper   406.4  21.00  19.4   70.0   9.0   9.0   120     6    54.0   5.0  1.626  0.2903       46   0.13
 A500010   A5    0    paper   406.4  21.00  19.4   85.0   9.0   9.0   120     6    54.0   5.0  1.626  0.2391       46   0.13
 A500011   A5    0    paper   406.4  21.00  19.4  105.0   9.0   9.0   120     6    54.0   5.0  1.626  0.1935       46   0.13
 A500012   A5    0    paper   168.3  21.00   8.0   70.0   9.0   9.0     0     6    54.0   5.0  0.673  0.1202        0   0.00
 A500013   A5    0    paper   168.3  21.00   8.0   70.0   9.0   9.0   100     6    54.0   5.0  0.673  0.1202      101   0.28
 A500014   A5    0    paper   406.4  21.00  19.4   70.0   9.0   9.0     0     6    54.0   5.0  1.626  0.2903        0   0.00
 A500015   A5    0    paper   406.4  21.00  19.4   70.0   9.0   9.0   100     6    54.0   5.0  1.626  0.2903       39   0.11
 A500016   A5    0    paper   508.0  21.00  24.2   70.0   9.0   9.0     0     6    54.0   5.0  2.032  0.3629        0   0.00
 A500017   A5    0    paper   508.0  21.00  24.2   70.0   9.0   9.0   100     6    54.0   5.0  2.032  0.3629       31   0.08
  F00018    F    6   40/STD   168.3   7.11  23.7   85.0   4.0   9.0    60    10    40.0   5.0  0.673  0.0990      163   0.45
  F00019    F    6   40/STD   168.3   7.11  23.7   85.0   4.0   9.0   120    10    40.0   5.0  0.673  0.0990      327   0.91
  F00020    F    6   40/STD   168.3   7.11  23.7   85.0   4.0   9.0   180    10    40.0   5.0  0.673  0.0990      490   1.36
  F00021    F    6   40/STD   168.3   7.11  23.7   85.0   4.0   9.0   240    10    40.0   5.0  0.673  0.0990      654   1.82
  F00022    F    6   40/STD   168.3   7.11  23.7   85.0   6.0   9.0    60     7    42.0   5.0  0.673  0.0990      163   0.45
  F00023    F    6   40/STD   168.3   7.11  23.7   85.0   6.0   9.0   120     7    42.0   5.0  0.673  0.0990      327   0.91
  F00024    F    6   40/STD   168.3   7.11  23.7   85.0   6.0   9.0   180     7    42.0   5.0  0.673  0.0990      490   1.36
  F00025    F    6   40/STD   168.3   7.11  23.7   85.0   6.0   9.0   240     7    42.0   5.0  0.673  0.0990      654   1.82
  F00026    F    6   40/STD   168.3   7.11  23.7   85.0   8.0   9.0    60     6    48.0   5.0  0.673  0.0990      163   0.45
  F00027    F    6   40/STD   168.3   7.11  23.7   85.0   8.0   9.0   120     6    48.0   5.0  0.673  0.0990      327   0.91
  F00028    F    6   40/STD   168.3   7.11  23.7   85.0   8.0   9.0   180     6    48.0   5.0  0.673  0.0990      490   1.36
  F00029    F    6   40/STD   168.3   7.11  23.7   85.0   8.0   9.0   240     6    48.0   5.0  0.673  0.0990      654   1.82
  F00030    F    6   40/STD   168.3   7.11  23.7   85.0  10.0   9.0    60     6    60.0   5.0  0.673  0.0990      163   0.45
  F00031    F    6   40/STD   168.3   7.11  23.7   85.0  10.0   9.0   120     6    60.0   5.0  0.673  0.0990      327   0.91
  F00032    F    6   40/STD   168.3   7.11  23.7   85.0  10.0   9.0   180     6    60.0   5.0  0.673  0.0990      490   1.36
  F00033    F    6   40/STD   168.3   7.11  23.7   85.0  10.0   9.0   240     6    60.0   5.0  0.673  0.0990      654   1.82
  F00034    F    6   40/STD   168.3   7.11  23.7   85.0  12.0   9.0    60     6    72.0   5.0  0.673  0.0990      163   0.45
  F00035    F    6   40/STD   168.3   7.11  23.7   85.0  12.0   9.0   120     6    72.0   5.0  0.673  0.0990      327   0.91
  F00036    F    6   40/STD   168.3   7.11  23.7   85.0  12.0   9.0   180     6    72.0   5.0  0.673  0.0990      490   1.36
  F00037    F    6   40/STD   168.3   7.11  23.7   85.0  12.0   9.0   240     6    72.0   5.0  0.673  0.0990      654   1.82
  F00038    F    6   40/STD   168.3   7.11  23.7  100.0   4.0   9.0    60    10    40.0   5.0  0.673  0.0842      163   0.45
  F00039    F    6   40/STD   168.3   7.11  23.7  100.0   4.0   9.0   120    10    40.0   5.0  0.673  0.0842      327   0.91
  F00040    F    6   40/STD   168.3   7.11  23.7  100.0   4.0   9.0   180    10    40.0   5.0  0.673  0.0842      490   1.36
  F00041    F    6   40/STD   168.3   7.11  23.7  100.0   4.0   9.0   240    10    40.0   5.0  0.673  0.0842      654   1.82
  F00042    F    6   40/STD   168.3   7.11  23.7  100.0   6.0   9.0    60     7    42.0   5.0  0.673  0.0842      163   0.45
  F00043    F    6   40/STD   168.3   7.11  23.7  100.0   6.0   9.0   120     7    42.0   5.0  0.673  0.0842      327   0.91
  F00044    F    6   40/STD   168.3   7.11  23.7  100.0   6.0   9.0   180     7    42.0   5.0  0.673  0.0842      490   1.36
  F00045    F    6   40/STD   168.3   7.11  23.7  100.0   6.0   9.0   240     7    42.0   5.0  0.673  0.0842      654   1.82
  F00046    F    6   40/STD   168.3   7.11  23.7  100.0   8.0   9.0    60     6    48.0   5.0  0.673  0.0842      163   0.45
  F00047    F    6   40/STD   168.3   7.11  23.7  100.0   8.0   9.0   120     6    48.0   5.0  0.673  0.0842      327   0.91
  F00048    F    6   40/STD   168.3   7.11  23.7  100.0   8.0   9.0   180     6    48.0   5.0  0.673  0.0842      490   1.36
  F00049    F    6   40/STD   168.3   7.11  23.7  100.0   8.0   9.0   240     6    48.0   5.0  0.673  0.0842      654   1.82
  F00050    F    6   40/STD   168.3   7.11  23.7  100.0  10.0   9.0    60     6    60.0   5.0  0.673  0.0842      163   0.45
  F00051    F    6   40/STD   168.3   7.11  23.7  100.0  10.0   9.0   120     6    60.0   5.0  0.673  0.0842      327   0.91
  F00052    F    6   40/STD   168.3   7.11  23.7  100.0  10.0   9.0   180     6    60.0   5.0  0.673  0.0842      490   1.36
  F00053    F    6   40/STD   168.3   7.11  23.7  100.0  10.0   9.0   240     6    60.0   5.0  0.673  0.0842      654   1.82
  F00054    F    6   40/STD   168.3   7.11  23.7  100.0  12.0   9.0    60     6    72.0   5.0  0.673  0.0842      163   0.45
  F00055    F    6   40/STD   168.3   7.11  23.7  100.0  12.0   9.0   120     6    72.0   5.0  0.673  0.0842      327   0.91
  F00056    F    6   40/STD   168.3   7.11  23.7  100.0  12.0   9.0   180     6    72.0   5.0  0.673  0.0842      490   1.36
  F00057    F    6   40/STD   168.3   7.11  23.7  100.0  12.0   9.0   240     6    72.0   5.0  0.673  0.0842      654   1.82
  F00058    F    6   40/STD   168.3   7.11  23.7  115.0   4.0   9.0    60    10    40.0   5.0  0.673  0.0732      163   0.45
  F00059    F    6   40/STD   168.3   7.11  23.7  115.0   4.0   9.0   120    10    40.0   5.0  0.673  0.0732      327   0.91
  F00060    F    6   40/STD   168.3   7.11  23.7  115.0   4.0   9.0   180    10    40.0   5.0  0.673  0.0732      490   1.36
  F00061    F    6   40/STD   168.3   7.11  23.7  115.0   4.0   9.0   240    10    40.0   5.0  0.673  0.0732      654   1.82
  F00062    F    6   40/STD   168.3   7.11  23.7  115.0   6.0   9.0    60     7    42.0   5.0  0.673  0.0732      163   0.45
  F00063    F    6   40/STD   168.3   7.11  23.7  115.0   6.0   9.0   120     7    42.0   5.0  0.673  0.0732      327   0.91
  F00064    F    6   40/STD   168.3   7.11  23.7  115.0   6.0   9.0   180     7    42.0   5.0  0.673  0.0732      490   1.36
  F00065    F    6   40/STD   168.3   7.11  23.7  115.0   6.0   9.0   240     7    42.0   5.0  0.673  0.0732      654   1.82
  F00066    F    6   40/STD   168.3   7.11  23.7  115.0   8.0   9.0    60     6    48.0   5.0  0.673  0.0732      163   0.45
  F00067    F    6   40/STD   168.3   7.11  23.7  115.0   8.0   9.0   120     6    48.0   5.0  0.673  0.0732      327   0.91
  F00068    F    6   40/STD   168.3   7.11  23.7  115.0   8.0   9.0   180     6    48.0   5.0  0.673  0.0732      490   1.36
  F00069    F    6   40/STD   168.3   7.11  23.7  115.0   8.0   9.0   240     6    48.0   5.0  0.673  0.0732      654   1.82
  F00070    F    6   40/STD   168.3   7.11  23.7  115.0  10.0   9.0    60     6    60.0   5.0  0.673  0.0732      163   0.45
  F00071    F    6   40/STD   168.3   7.11  23.7  115.0  10.0   9.0   120     6    60.0   5.0  0.673  0.0732      327   0.91
  F00072    F    6   40/STD   168.3   7.11  23.7  115.0  10.0   9.0   180     6    60.0   5.0  0.673  0.0732      490   1.36
  F00073    F    6   40/STD   168.3   7.11  23.7  115.0  10.0   9.0   240     6    60.0   5.0  0.673  0.0732      654   1.82
  F00074    F    6   40/STD   168.3   7.11  23.7  115.0  12.0   9.0    60     6    72.0   5.0  0.673  0.0732      163   0.45
  F00075    F    6   40/STD   168.3   7.11  23.7  115.0  12.0   9.0   120     6    72.0   5.0  0.673  0.0732      327   0.91
  F00076    F    6   40/STD   168.3   7.11  23.7  115.0  12.0   9.0   180     6    72.0   5.0  0.673  0.0732      490   1.36
  F00077    F    6   40/STD   168.3   7.11  23.7  115.0  12.0   9.0   240     6    72.0   5.0  0.673  0.0732      654   1.82
  F00078    F    6   40/STD   168.3   7.11  23.7  130.0   4.0   9.0    60    10    40.0   5.0  0.673  0.0647      163   0.45
  F00079    F    6   40/STD   168.3   7.11  23.7  130.0   4.0   9.0   120    10    40.0   5.0  0.673  0.0647      327   0.91
  F00080    F    6   40/STD   168.3   7.11  23.7  130.0   4.0   9.0   180    10    40.0   5.0  0.673  0.0647      490   1.36
  F00081    F    6   40/STD   168.3   7.11  23.7  130.0   4.0   9.0   240    10    40.0   5.0  0.673  0.0647      654   1.82
  F00082    F    6   40/STD   168.3   7.11  23.7  130.0   6.0   9.0    60     7    42.0   5.0  0.673  0.0647      163   0.45
  F00083    F    6   40/STD   168.3   7.11  23.7  130.0   6.0   9.0   120     7    42.0   5.0  0.673  0.0647      327   0.91
  F00084    F    6   40/STD   168.3   7.11  23.7  130.0   6.0   9.0   180     7    42.0   5.0  0.673  0.0647      490   1.36
  F00085    F    6   40/STD   168.3   7.11  23.7  130.0   6.0   9.0   240     7    42.0   5.0  0.673  0.0647      654   1.82
  F00086    F    6   40/STD   168.3   7.11  23.7  130.0   8.0   9.0    60     6    48.0   5.0  0.673  0.0647      163   0.45
  F00087    F    6   40/STD   168.3   7.11  23.7  130.0   8.0   9.0   120     6    48.0   5.0  0.673  0.0647      327   0.91
  F00088    F    6   40/STD   168.3   7.11  23.7  130.0   8.0   9.0   180     6    48.0   5.0  0.673  0.0647      490   1.36
  F00089    F    6   40/STD   168.3   7.11  23.7  130.0   8.0   9.0   240     6    48.0   5.0  0.673  0.0647      654   1.82
  F00090    F    6   40/STD   168.3   7.11  23.7  130.0  10.0   9.0    60     6    60.0   5.0  0.673  0.0647      163   0.45
  F00091    F    6   40/STD   168.3   7.11  23.7  130.0  10.0   9.0   120     6    60.0   5.0  0.673  0.0647      327   0.91
  F00092    F    6   40/STD   168.3   7.11  23.7  130.0  10.0   9.0   180     6    60.0   5.0  0.673  0.0647      490   1.36
  F00093    F    6   40/STD   168.3   7.11  23.7  130.0  10.0   9.0   240     6    60.0   5.0  0.673  0.0647      654   1.82
  F00094    F    6   40/STD   168.3   7.11  23.7  130.0  12.0   9.0    60     6    72.0   5.0  0.673  0.0647      163   0.45
  F00095    F    6   40/STD   168.3   7.11  23.7  130.0  12.0   9.0   120     6    72.0   5.0  0.673  0.0647      327   0.91
  F00096    F    6   40/STD   168.3   7.11  23.7  130.0  12.0   9.0   180     6    72.0   5.0  0.673  0.0647      490   1.36
  F00097    F    6   40/STD   168.3   7.11  23.7  130.0  12.0   9.0   240     6    72.0   5.0  0.673  0.0647      654   1.82
  F00098    F    6   40/STD   168.3   7.11  23.7  145.0   4.0   9.0    60    10    40.0   5.0  0.673  0.0580      163   0.45
  F00099    F    6   40/STD   168.3   7.11  23.7  145.0   4.0   9.0   120    10    40.0   5.0  0.673  0.0580      327   0.91
  F00100    F    6   40/STD   168.3   7.11  23.7  145.0   4.0   9.0   180    10    40.0   5.0  0.673  0.0580      490   1.36
  F00101    F    6   40/STD   168.3   7.11  23.7  145.0   4.0   9.0   240    10    40.0   5.0  0.673  0.0580      654   1.82
  F00102    F    6   40/STD   168.3   7.11  23.7  145.0   6.0   9.0    60     7    42.0   5.0  0.673  0.0580      163   0.45
  F00103    F    6   40/STD   168.3   7.11  23.7  145.0   6.0   9.0   120     7    42.0   5.0  0.673  0.0580      327   0.91
  F00104    F    6   40/STD   168.3   7.11  23.7  145.0   6.0   9.0   180     7    42.0   5.0  0.673  0.0580      490   1.36
  F00105    F    6   40/STD   168.3   7.11  23.7  145.0   6.0   9.0   240     7    42.0   5.0  0.673  0.0580      654   1.82
  F00106    F    6   40/STD   168.3   7.11  23.7  145.0   8.0   9.0    60     6    48.0   5.0  0.673  0.0580      163   0.45
  F00107    F    6   40/STD   168.3   7.11  23.7  145.0   8.0   9.0   120     6    48.0   5.0  0.673  0.0580      327   0.91
  F00108    F    6   40/STD   168.3   7.11  23.7  145.0   8.0   9.0   180     6    48.0   5.0  0.673  0.0580      490   1.36
  F00109    F    6   40/STD   168.3   7.11  23.7  145.0   8.0   9.0   240     6    48.0   5.0  0.673  0.0580      654   1.82
  F00110    F    6   40/STD   168.3   7.11  23.7  145.0  10.0   9.0    60     6    60.0   5.0  0.673  0.0580      163   0.45
  F00111    F    6   40/STD   168.3   7.11  23.7  145.0  10.0   9.0   120     6    60.0   5.0  0.673  0.0580      327   0.91
  F00112    F    6   40/STD   168.3   7.11  23.7  145.0  10.0   9.0   180     6    60.0   5.0  0.673  0.0580      490   1.36
  F00113    F    6   40/STD   168.3   7.11  23.7  145.0  10.0   9.0   240     6    60.0   5.0  0.673  0.0580      654   1.82
  F00114    F    6   40/STD   168.3   7.11  23.7  145.0  12.0   9.0    60     6    72.0   5.0  0.673  0.0580      163   0.45
  F00115    F    6   40/STD   168.3   7.11  23.7  145.0  12.0   9.0   120     6    72.0   5.0  0.673  0.0580      327   0.91
  F00116    F    6   40/STD   168.3   7.11  23.7  145.0  12.0   9.0   180     6    72.0   5.0  0.673  0.0580      490   1.36
  F00117    F    6   40/STD   168.3   7.11  23.7  145.0  12.0   9.0   240     6    72.0   5.0  0.673  0.0580      654   1.82
  F00118    F    6    80/XS   168.3  10.97  15.3   85.0   4.0   9.0    60    10    40.0   5.0  0.673  0.0990      109   0.30
  F00119    F    6    80/XS   168.3  10.97  15.3   85.0   4.0   9.0   120    10    40.0   5.0  0.673  0.0990      217   0.60
  F00120    F    6    80/XS   168.3  10.97  15.3   85.0   4.0   9.0   180    10    40.0   5.0  0.673  0.0990      326   0.90
  F00121    F    6    80/XS   168.3  10.97  15.3   85.0   4.0   9.0   240    10    40.0   5.0  0.673  0.0990      434   1.21
  F00122    F    6    80/XS   168.3  10.97  15.3   85.0   6.0   9.0    60     7    42.0   5.0  0.673  0.0990      109   0.30
  F00123    F    6    80/XS   168.3  10.97  15.3   85.0   6.0   9.0   120     7    42.0   5.0  0.673  0.0990      217   0.60
  F00124    F    6    80/XS   168.3  10.97  15.3   85.0   6.0   9.0   180     7    42.0   5.0  0.673  0.0990      326   0.90
  F00125    F    6    80/XS   168.3  10.97  15.3   85.0   6.0   9.0   240     7    42.0   5.0  0.673  0.0990      434   1.21
  F00126    F    6    80/XS   168.3  10.97  15.3   85.0   8.0   9.0    60     6    48.0   5.0  0.673  0.0990      109   0.30
  F00127    F    6    80/XS   168.3  10.97  15.3   85.0   8.0   9.0   120     6    48.0   5.0  0.673  0.0990      217   0.60
  F00128    F    6    80/XS   168.3  10.97  15.3   85.0   8.0   9.0   180     6    48.0   5.0  0.673  0.0990      326   0.90
  F00129    F    6    80/XS   168.3  10.97  15.3   85.0   8.0   9.0   240     6    48.0   5.0  0.673  0.0990      434   1.21
  F00130    F    6    80/XS   168.3  10.97  15.3   85.0  10.0   9.0    60     6    60.0   5.0  0.673  0.0990      109   0.30
  F00131    F    6    80/XS   168.3  10.97  15.3   85.0  10.0   9.0   120     6    60.0   5.0  0.673  0.0990      217   0.60
  F00132    F    6    80/XS   168.3  10.97  15.3   85.0  10.0   9.0   180     6    60.0   5.0  0.673  0.0990      326   0.90
  F00133    F    6    80/XS   168.3  10.97  15.3   85.0  10.0   9.0   240     6    60.0   5.0  0.673  0.0990      434   1.21
  F00134    F    6    80/XS   168.3  10.97  15.3   85.0  12.0   9.0    60     6    72.0   5.0  0.673  0.0990      109   0.30
  F00135    F    6    80/XS   168.3  10.97  15.3   85.0  12.0   9.0   120     6    72.0   5.0  0.673  0.0990      217   0.60
  F00136    F    6    80/XS   168.3  10.97  15.3   85.0  12.0   9.0   180     6    72.0   5.0  0.673  0.0990      326   0.90
  F00137    F    6    80/XS   168.3  10.97  15.3   85.0  12.0   9.0   240     6    72.0   5.0  0.673  0.0990      434   1.21
  F00138    F    6    80/XS   168.3  10.97  15.3  100.0   4.0   9.0    60    10    40.0   5.0  0.673  0.0842      109   0.30
  F00139    F    6    80/XS   168.3  10.97  15.3  100.0   4.0   9.0   120    10    40.0   5.0  0.673  0.0842      217   0.60
  F00140    F    6    80/XS   168.3  10.97  15.3  100.0   4.0   9.0   180    10    40.0   5.0  0.673  0.0842      326   0.90
  F00141    F    6    80/XS   168.3  10.97  15.3  100.0   4.0   9.0   240    10    40.0   5.0  0.673  0.0842      434   1.21
  F00142    F    6    80/XS   168.3  10.97  15.3  100.0   6.0   9.0    60     7    42.0   5.0  0.673  0.0842      109   0.30
  F00143    F    6    80/XS   168.3  10.97  15.3  100.0   6.0   9.0   120     7    42.0   5.0  0.673  0.0842      217   0.60
  F00144    F    6    80/XS   168.3  10.97  15.3  100.0   6.0   9.0   180     7    42.0   5.0  0.673  0.0842      326   0.90
  F00145    F    6    80/XS   168.3  10.97  15.3  100.0   6.0   9.0   240     7    42.0   5.0  0.673  0.0842      434   1.21
  F00146    F    6    80/XS   168.3  10.97  15.3  100.0   8.0   9.0    60     6    48.0   5.0  0.673  0.0842      109   0.30
  F00147    F    6    80/XS   168.3  10.97  15.3  100.0   8.0   9.0   120     6    48.0   5.0  0.673  0.0842      217   0.60
  F00148    F    6    80/XS   168.3  10.97  15.3  100.0   8.0   9.0   180     6    48.0   5.0  0.673  0.0842      326   0.90
  F00149    F    6    80/XS   168.3  10.97  15.3  100.0   8.0   9.0   240     6    48.0   5.0  0.673  0.0842      434   1.21
  F00150    F    6    80/XS   168.3  10.97  15.3  100.0  10.0   9.0    60     6    60.0   5.0  0.673  0.0842      109   0.30
  F00151    F    6    80/XS   168.3  10.97  15.3  100.0  10.0   9.0   120     6    60.0   5.0  0.673  0.0842      217   0.60
  F00152    F    6    80/XS   168.3  10.97  15.3  100.0  10.0   9.0   180     6    60.0   5.0  0.673  0.0842      326   0.90
  F00153    F    6    80/XS   168.3  10.97  15.3  100.0  10.0   9.0   240     6    60.0   5.0  0.673  0.0842      434   1.21
  F00154    F    6    80/XS   168.3  10.97  15.3  100.0  12.0   9.0    60     6    72.0   5.0  0.673  0.0842      109   0.30
  F00155    F    6    80/XS   168.3  10.97  15.3  100.0  12.0   9.0   120     6    72.0   5.0  0.673  0.0842      217   0.60
  F00156    F    6    80/XS   168.3  10.97  15.3  100.0  12.0   9.0   180     6    72.0   5.0  0.673  0.0842      326   0.90
  F00157    F    6    80/XS   168.3  10.97  15.3  100.0  12.0   9.0   240     6    72.0   5.0  0.673  0.0842      434   1.21
  F00158    F    6    80/XS   168.3  10.97  15.3  115.0   4.0   9.0    60    10    40.0   5.0  0.673  0.0732      109   0.30
  F00159    F    6    80/XS   168.3  10.97  15.3  115.0   4.0   9.0   120    10    40.0   5.0  0.673  0.0732      217   0.60
  F00160    F    6    80/XS   168.3  10.97  15.3  115.0   4.0   9.0   180    10    40.0   5.0  0.673  0.0732      326   0.90
  F00161    F    6    80/XS   168.3  10.97  15.3  115.0   4.0   9.0   240    10    40.0   5.0  0.673  0.0732      434   1.21
  F00162    F    6    80/XS   168.3  10.97  15.3  115.0   6.0   9.0    60     7    42.0   5.0  0.673  0.0732      109   0.30
  F00163    F    6    80/XS   168.3  10.97  15.3  115.0   6.0   9.0   120     7    42.0   5.0  0.673  0.0732      217   0.60
  F00164    F    6    80/XS   168.3  10.97  15.3  115.0   6.0   9.0   180     7    42.0   5.0  0.673  0.0732      326   0.90
  F00165    F    6    80/XS   168.3  10.97  15.3  115.0   6.0   9.0   240     7    42.0   5.0  0.673  0.0732      434   1.21
  F00166    F    6    80/XS   168.3  10.97  15.3  115.0   8.0   9.0    60     6    48.0   5.0  0.673  0.0732      109   0.30
  F00167    F    6    80/XS   168.3  10.97  15.3  115.0   8.0   9.0   120     6    48.0   5.0  0.673  0.0732      217   0.60
  F00168    F    6    80/XS   168.3  10.97  15.3  115.0   8.0   9.0   180     6    48.0   5.0  0.673  0.0732      326   0.90
  F00169    F    6    80/XS   168.3  10.97  15.3  115.0   8.0   9.0   240     6    48.0   5.0  0.673  0.0732      434   1.21
  F00170    F    6    80/XS   168.3  10.97  15.3  115.0  10.0   9.0    60     6    60.0   5.0  0.673  0.0732      109   0.30
  F00171    F    6    80/XS   168.3  10.97  15.3  115.0  10.0   9.0   120     6    60.0   5.0  0.673  0.0732      217   0.60
  F00172    F    6    80/XS   168.3  10.97  15.3  115.0  10.0   9.0   180     6    60.0   5.0  0.673  0.0732      326   0.90
  F00173    F    6    80/XS   168.3  10.97  15.3  115.0  10.0   9.0   240     6    60.0   5.0  0.673  0.0732      434   1.21
  F00174    F    6    80/XS   168.3  10.97  15.3  115.0  12.0   9.0    60     6    72.0   5.0  0.673  0.0732      109   0.30
  F00175    F    6    80/XS   168.3  10.97  15.3  115.0  12.0   9.0   120     6    72.0   5.0  0.673  0.0732      217   0.60
  F00176    F    6    80/XS   168.3  10.97  15.3  115.0  12.0   9.0   180     6    72.0   5.0  0.673  0.0732      326   0.90
  F00177    F    6    80/XS   168.3  10.97  15.3  115.0  12.0   9.0   240     6    72.0   5.0  0.673  0.0732      434   1.21
  F00178    F    6    80/XS   168.3  10.97  15.3  130.0   4.0   9.0    60    10    40.0   5.0  0.673  0.0647      109   0.30
  F00179    F    6    80/XS   168.3  10.97  15.3  130.0   4.0   9.0   120    10    40.0   5.0  0.673  0.0647      217   0.60
  F00180    F    6    80/XS   168.3  10.97  15.3  130.0   4.0   9.0   180    10    40.0   5.0  0.673  0.0647      326   0.90
  F00181    F    6    80/XS   168.3  10.97  15.3  130.0   4.0   9.0   240    10    40.0   5.0  0.673  0.0647      434   1.21
  F00182    F    6    80/XS   168.3  10.97  15.3  130.0   6.0   9.0    60     7    42.0   5.0  0.673  0.0647      109   0.30
  F00183    F    6    80/XS   168.3  10.97  15.3  130.0   6.0   9.0   120     7    42.0   5.0  0.673  0.0647      217   0.60
  F00184    F    6    80/XS   168.3  10.97  15.3  130.0   6.0   9.0   180     7    42.0   5.0  0.673  0.0647      326   0.90
  F00185    F    6    80/XS   168.3  10.97  15.3  130.0   6.0   9.0   240     7    42.0   5.0  0.673  0.0647      434   1.21
  F00186    F    6    80/XS   168.3  10.97  15.3  130.0   8.0   9.0    60     6    48.0   5.0  0.673  0.0647      109   0.30
  F00187    F    6    80/XS   168.3  10.97  15.3  130.0   8.0   9.0   120     6    48.0   5.0  0.673  0.0647      217   0.60
  F00188    F    6    80/XS   168.3  10.97  15.3  130.0   8.0   9.0   180     6    48.0   5.0  0.673  0.0647      326   0.90
  F00189    F    6    80/XS   168.3  10.97  15.3  130.0   8.0   9.0   240     6    48.0   5.0  0.673  0.0647      434   1.21
  F00190    F    6    80/XS   168.3  10.97  15.3  130.0  10.0   9.0    60     6    60.0   5.0  0.673  0.0647      109   0.30
  F00191    F    6    80/XS   168.3  10.97  15.3  130.0  10.0   9.0   120     6    60.0   5.0  0.673  0.0647      217   0.60
  F00192    F    6    80/XS   168.3  10.97  15.3  130.0  10.0   9.0   180     6    60.0   5.0  0.673  0.0647      326   0.90
  F00193    F    6    80/XS   168.3  10.97  15.3  130.0  10.0   9.0   240     6    60.0   5.0  0.673  0.0647      434   1.21
  F00194    F    6    80/XS   168.3  10.97  15.3  130.0  12.0   9.0    60     6    72.0   5.0  0.673  0.0647      109   0.30
  F00195    F    6    80/XS   168.3  10.97  15.3  130.0  12.0   9.0   120     6    72.0   5.0  0.673  0.0647      217   0.60
  F00196    F    6    80/XS   168.3  10.97  15.3  130.0  12.0   9.0   180     6    72.0   5.0  0.673  0.0647      326   0.90
  F00197    F    6    80/XS   168.3  10.97  15.3  130.0  12.0   9.0   240     6    72.0   5.0  0.673  0.0647      434   1.21
  F00198    F    6    80/XS   168.3  10.97  15.3  145.0   4.0   9.0    60    10    40.0   5.0  0.673  0.0580      109   0.30
  F00199    F    6    80/XS   168.3  10.97  15.3  145.0   4.0   9.0   120    10    40.0   5.0  0.673  0.0580      217   0.60
  F00200    F    6    80/XS   168.3  10.97  15.3  145.0   4.0   9.0   180    10    40.0   5.0  0.673  0.0580      326   0.90
  F00201    F    6    80/XS   168.3  10.97  15.3  145.0   4.0   9.0   240    10    40.0   5.0  0.673  0.0580      434   1.21
  F00202    F    6    80/XS   168.3  10.97  15.3  145.0   6.0   9.0    60     7    42.0   5.0  0.673  0.0580      109   0.30
  F00203    F    6    80/XS   168.3  10.97  15.3  145.0   6.0   9.0   120     7    42.0   5.0  0.673  0.0580      217   0.60
  F00204    F    6    80/XS   168.3  10.97  15.3  145.0   6.0   9.0   180     7    42.0   5.0  0.673  0.0580      326   0.90
  F00205    F    6    80/XS   168.3  10.97  15.3  145.0   6.0   9.0   240     7    42.0   5.0  0.673  0.0580      434   1.21
  F00206    F    6    80/XS   168.3  10.97  15.3  145.0   8.0   9.0    60     6    48.0   5.0  0.673  0.0580      109   0.30
  F00207    F    6    80/XS   168.3  10.97  15.3  145.0   8.0   9.0   120     6    48.0   5.0  0.673  0.0580      217   0.60
  F00208    F    6    80/XS   168.3  10.97  15.3  145.0   8.0   9.0   180     6    48.0   5.0  0.673  0.0580      326   0.90
  F00209    F    6    80/XS   168.3  10.97  15.3  145.0   8.0   9.0   240     6    48.0   5.0  0.673  0.0580      434   1.21
  F00210    F    6    80/XS   168.3  10.97  15.3  145.0  10.0   9.0    60     6    60.0   5.0  0.673  0.0580      109   0.30
  F00211    F    6    80/XS   168.3  10.97  15.3  145.0  10.0   9.0   120     6    60.0   5.0  0.673  0.0580      217   0.60
  F00212    F    6    80/XS   168.3  10.97  15.3  145.0  10.0   9.0   180     6    60.0   5.0  0.673  0.0580      326   0.90
  F00213    F    6    80/XS   168.3  10.97  15.3  145.0  10.0   9.0   240     6    60.0   5.0  0.673  0.0580      434   1.21
  F00214    F    6    80/XS   168.3  10.97  15.3  145.0  12.0   9.0    60     6    72.0   5.0  0.673  0.0580      109   0.30
  F00215    F    6    80/XS   168.3  10.97  15.3  145.0  12.0   9.0   120     6    72.0   5.0  0.673  0.0580      217   0.60
  F00216    F    6    80/XS   168.3  10.97  15.3  145.0  12.0   9.0   180     6    72.0   5.0  0.673  0.0580      326   0.90
  F00217    F    6    80/XS   168.3  10.97  15.3  145.0  12.0   9.0   240     6    72.0   5.0  0.673  0.0580      434   1.21
  F00218    F    6      120   168.3  14.27  11.8   85.0   4.0   9.0    60    10    40.0   5.0  0.673  0.0990       85   0.24
  F00219    F    6      120   168.3  14.27  11.8   85.0   4.0   9.0   120    10    40.0   5.0  0.673  0.0990      170   0.47
  F00220    F    6      120   168.3  14.27  11.8   85.0   4.0   9.0   180    10    40.0   5.0  0.673  0.0990      256   0.71
  F00221    F    6      120   168.3  14.27  11.8   85.0   4.0   9.0   240    10    40.0   5.0  0.673  0.0990      341   0.95
  F00222    F    6      120   168.3  14.27  11.8   85.0   6.0   9.0    60     7    42.0   5.0  0.673  0.0990       85   0.24
  F00223    F    6      120   168.3  14.27  11.8   85.0   6.0   9.0   120     7    42.0   5.0  0.673  0.0990      170   0.47
  F00224    F    6      120   168.3  14.27  11.8   85.0   6.0   9.0   180     7    42.0   5.0  0.673  0.0990      256   0.71
  F00225    F    6      120   168.3  14.27  11.8   85.0   6.0   9.0   240     7    42.0   5.0  0.673  0.0990      341   0.95
  F00226    F    6      120   168.3  14.27  11.8   85.0   8.0   9.0    60     6    48.0   5.0  0.673  0.0990       85   0.24
  F00227    F    6      120   168.3  14.27  11.8   85.0   8.0   9.0   120     6    48.0   5.0  0.673  0.0990      170   0.47
  F00228    F    6      120   168.3  14.27  11.8   85.0   8.0   9.0   180     6    48.0   5.0  0.673  0.0990      256   0.71
  F00229    F    6      120   168.3  14.27  11.8   85.0   8.0   9.0   240     6    48.0   5.0  0.673  0.0990      341   0.95
  F00230    F    6      120   168.3  14.27  11.8   85.0  10.0   9.0    60     6    60.0   5.0  0.673  0.0990       85   0.24
  F00231    F    6      120   168.3  14.27  11.8   85.0  10.0   9.0   120     6    60.0   5.0  0.673  0.0990      170   0.47
  F00232    F    6      120   168.3  14.27  11.8   85.0  10.0   9.0   180     6    60.0   5.0  0.673  0.0990      256   0.71
  F00233    F    6      120   168.3  14.27  11.8   85.0  10.0   9.0   240     6    60.0   5.0  0.673  0.0990      341   0.95
  F00234    F    6      120   168.3  14.27  11.8   85.0  12.0   9.0    60     6    72.0   5.0  0.673  0.0990       85   0.24
  F00235    F    6      120   168.3  14.27  11.8   85.0  12.0   9.0   120     6    72.0   5.0  0.673  0.0990      170   0.47
  F00236    F    6      120   168.3  14.27  11.8   85.0  12.0   9.0   180     6    72.0   5.0  0.673  0.0990      256   0.71
  F00237    F    6      120   168.3  14.27  11.8   85.0  12.0   9.0   240     6    72.0   5.0  0.673  0.0990      341   0.95
  F00238    F    6      120   168.3  14.27  11.8  100.0   4.0   9.0    60    10    40.0   5.0  0.673  0.0842       85   0.24
  F00239    F    6      120   168.3  14.27  11.8  100.0   4.0   9.0   120    10    40.0   5.0  0.673  0.0842      170   0.47
  F00240    F    6      120   168.3  14.27  11.8  100.0   4.0   9.0   180    10    40.0   5.0  0.673  0.0842      256   0.71
  F00241    F    6      120   168.3  14.27  11.8  100.0   4.0   9.0   240    10    40.0   5.0  0.673  0.0842      341   0.95
  F00242    F    6      120   168.3  14.27  11.8  100.0   6.0   9.0    60     7    42.0   5.0  0.673  0.0842       85   0.24
  F00243    F    6      120   168.3  14.27  11.8  100.0   6.0   9.0   120     7    42.0   5.0  0.673  0.0842      170   0.47
  F00244    F    6      120   168.3  14.27  11.8  100.0   6.0   9.0   180     7    42.0   5.0  0.673  0.0842      256   0.71
  F00245    F    6      120   168.3  14.27  11.8  100.0   6.0   9.0   240     7    42.0   5.0  0.673  0.0842      341   0.95
  F00246    F    6      120   168.3  14.27  11.8  100.0   8.0   9.0    60     6    48.0   5.0  0.673  0.0842       85   0.24
  F00247    F    6      120   168.3  14.27  11.8  100.0   8.0   9.0   120     6    48.0   5.0  0.673  0.0842      170   0.47
  F00248    F    6      120   168.3  14.27  11.8  100.0   8.0   9.0   180     6    48.0   5.0  0.673  0.0842      256   0.71
  F00249    F    6      120   168.3  14.27  11.8  100.0   8.0   9.0   240     6    48.0   5.0  0.673  0.0842      341   0.95
  F00250    F    6      120   168.3  14.27  11.8  100.0  10.0   9.0    60     6    60.0   5.0  0.673  0.0842       85   0.24
  F00251    F    6      120   168.3  14.27  11.8  100.0  10.0   9.0   120     6    60.0   5.0  0.673  0.0842      170   0.47
  F00252    F    6      120   168.3  14.27  11.8  100.0  10.0   9.0   180     6    60.0   5.0  0.673  0.0842      256   0.71
  F00253    F    6      120   168.3  14.27  11.8  100.0  10.0   9.0   240     6    60.0   5.0  0.673  0.0842      341   0.95
  F00254    F    6      120   168.3  14.27  11.8  100.0  12.0   9.0    60     6    72.0   5.0  0.673  0.0842       85   0.24
  F00255    F    6      120   168.3  14.27  11.8  100.0  12.0   9.0   120     6    72.0   5.0  0.673  0.0842      170   0.47
  F00256    F    6      120   168.3  14.27  11.8  100.0  12.0   9.0   180     6    72.0   5.0  0.673  0.0842      256   0.71
  F00257    F    6      120   168.3  14.27  11.8  100.0  12.0   9.0   240     6    72.0   5.0  0.673  0.0842      341   0.95
  F00258    F    6      120   168.3  14.27  11.8  115.0   4.0   9.0    60    10    40.0   5.0  0.673  0.0732       85   0.24
  F00259    F    6      120   168.3  14.27  11.8  115.0   4.0   9.0   120    10    40.0   5.0  0.673  0.0732      170   0.47
  F00260    F    6      120   168.3  14.27  11.8  115.0   4.0   9.0   180    10    40.0   5.0  0.673  0.0732      256   0.71
  F00261    F    6      120   168.3  14.27  11.8  115.0   4.0   9.0   240    10    40.0   5.0  0.673  0.0732      341   0.95
  F00262    F    6      120   168.3  14.27  11.8  115.0   6.0   9.0    60     7    42.0   5.0  0.673  0.0732       85   0.24
  F00263    F    6      120   168.3  14.27  11.8  115.0   6.0   9.0   120     7    42.0   5.0  0.673  0.0732      170   0.47
  F00264    F    6      120   168.3  14.27  11.8  115.0   6.0   9.0   180     7    42.0   5.0  0.673  0.0732      256   0.71
  F00265    F    6      120   168.3  14.27  11.8  115.0   6.0   9.0   240     7    42.0   5.0  0.673  0.0732      341   0.95
  F00266    F    6      120   168.3  14.27  11.8  115.0   8.0   9.0    60     6    48.0   5.0  0.673  0.0732       85   0.24
  F00267    F    6      120   168.3  14.27  11.8  115.0   8.0   9.0   120     6    48.0   5.0  0.673  0.0732      170   0.47
  F00268    F    6      120   168.3  14.27  11.8  115.0   8.0   9.0   180     6    48.0   5.0  0.673  0.0732      256   0.71
  F00269    F    6      120   168.3  14.27  11.8  115.0   8.0   9.0   240     6    48.0   5.0  0.673  0.0732      341   0.95
  F00270    F    6      120   168.3  14.27  11.8  115.0  10.0   9.0    60     6    60.0   5.0  0.673  0.0732       85   0.24
  F00271    F    6      120   168.3  14.27  11.8  115.0  10.0   9.0   120     6    60.0   5.0  0.673  0.0732      170   0.47
  F00272    F    6      120   168.3  14.27  11.8  115.0  10.0   9.0   180     6    60.0   5.0  0.673  0.0732      256   0.71
  F00273    F    6      120   168.3  14.27  11.8  115.0  10.0   9.0   240     6    60.0   5.0  0.673  0.0732      341   0.95
  F00274    F    6      120   168.3  14.27  11.8  115.0  12.0   9.0    60     6    72.0   5.0  0.673  0.0732       85   0.24
  F00275    F    6      120   168.3  14.27  11.8  115.0  12.0   9.0   120     6    72.0   5.0  0.673  0.0732      170   0.47
  F00276    F    6      120   168.3  14.27  11.8  115.0  12.0   9.0   180     6    72.0   5.0  0.673  0.0732      256   0.71
  F00277    F    6      120   168.3  14.27  11.8  115.0  12.0   9.0   240     6    72.0   5.0  0.673  0.0732      341   0.95
  F00278    F    6      120   168.3  14.27  11.8  130.0   4.0   9.0    60    10    40.0   5.0  0.673  0.0647       85   0.24
  F00279    F    6      120   168.3  14.27  11.8  130.0   4.0   9.0   120    10    40.0   5.0  0.673  0.0647      170   0.47
  F00280    F    6      120   168.3  14.27  11.8  130.0   4.0   9.0   180    10    40.0   5.0  0.673  0.0647      256   0.71
  F00281    F    6      120   168.3  14.27  11.8  130.0   4.0   9.0   240    10    40.0   5.0  0.673  0.0647      341   0.95
  F00282    F    6      120   168.3  14.27  11.8  130.0   6.0   9.0    60     7    42.0   5.0  0.673  0.0647       85   0.24
  F00283    F    6      120   168.3  14.27  11.8  130.0   6.0   9.0   120     7    42.0   5.0  0.673  0.0647      170   0.47
  F00284    F    6      120   168.3  14.27  11.8  130.0   6.0   9.0   180     7    42.0   5.0  0.673  0.0647      256   0.71
  F00285    F    6      120   168.3  14.27  11.8  130.0   6.0   9.0   240     7    42.0   5.0  0.673  0.0647      341   0.95
  F00286    F    6      120   168.3  14.27  11.8  130.0   8.0   9.0    60     6    48.0   5.0  0.673  0.0647       85   0.24
  F00287    F    6      120   168.3  14.27  11.8  130.0   8.0   9.0   120     6    48.0   5.0  0.673  0.0647      170   0.47
  F00288    F    6      120   168.3  14.27  11.8  130.0   8.0   9.0   180     6    48.0   5.0  0.673  0.0647      256   0.71
  F00289    F    6      120   168.3  14.27  11.8  130.0   8.0   9.0   240     6    48.0   5.0  0.673  0.0647      341   0.95
  F00290    F    6      120   168.3  14.27  11.8  130.0  10.0   9.0    60     6    60.0   5.0  0.673  0.0647       85   0.24
  F00291    F    6      120   168.3  14.27  11.8  130.0  10.0   9.0   120     6    60.0   5.0  0.673  0.0647      170   0.47
  F00292    F    6      120   168.3  14.27  11.8  130.0  10.0   9.0   180     6    60.0   5.0  0.673  0.0647      256   0.71
  F00293    F    6      120   168.3  14.27  11.8  130.0  10.0   9.0   240     6    60.0   5.0  0.673  0.0647      341   0.95
  F00294    F    6      120   168.3  14.27  11.8  130.0  12.0   9.0    60     6    72.0   5.0  0.673  0.0647       85   0.24
  F00295    F    6      120   168.3  14.27  11.8  130.0  12.0   9.0   120     6    72.0   5.0  0.673  0.0647      170   0.47
  F00296    F    6      120   168.3  14.27  11.8  130.0  12.0   9.0   180     6    72.0   5.0  0.673  0.0647      256   0.71
  F00297    F    6      120   168.3  14.27  11.8  130.0  12.0   9.0   240     6    72.0   5.0  0.673  0.0647      341   0.95
  F00298    F    6      120   168.3  14.27  11.8  145.0   4.0   9.0    60    10    40.0   5.0  0.673  0.0580       85   0.24
  F00299    F    6      120   168.3  14.27  11.8  145.0   4.0   9.0   120    10    40.0   5.0  0.673  0.0580      170   0.47
  F00300    F    6      120   168.3  14.27  11.8  145.0   4.0   9.0   180    10    40.0   5.0  0.673  0.0580      256   0.71
  F00301    F    6      120   168.3  14.27  11.8  145.0   4.0   9.0   240    10    40.0   5.0  0.673  0.0580      341   0.95
  F00302    F    6      120   168.3  14.27  11.8  145.0   6.0   9.0    60     7    42.0   5.0  0.673  0.0580       85   0.24
  F00303    F    6      120   168.3  14.27  11.8  145.0   6.0   9.0   120     7    42.0   5.0  0.673  0.0580      170   0.47
  F00304    F    6      120   168.3  14.27  11.8  145.0   6.0   9.0   180     7    42.0   5.0  0.673  0.0580      256   0.71
  F00305    F    6      120   168.3  14.27  11.8  145.0   6.0   9.0   240     7    42.0   5.0  0.673  0.0580      341   0.95
  F00306    F    6      120   168.3  14.27  11.8  145.0   8.0   9.0    60     6    48.0   5.0  0.673  0.0580       85   0.24
  F00307    F    6      120   168.3  14.27  11.8  145.0   8.0   9.0   120     6    48.0   5.0  0.673  0.0580      170   0.47
  F00308    F    6      120   168.3  14.27  11.8  145.0   8.0   9.0   180     6    48.0   5.0  0.673  0.0580      256   0.71
  F00309    F    6      120   168.3  14.27  11.8  145.0   8.0   9.0   240     6    48.0   5.0  0.673  0.0580      341   0.95
  F00310    F    6      120   168.3  14.27  11.8  145.0  10.0   9.0    60     6    60.0   5.0  0.673  0.0580       85   0.24
  F00311    F    6      120   168.3  14.27  11.8  145.0  10.0   9.0   120     6    60.0   5.0  0.673  0.0580      170   0.47
  F00312    F    6      120   168.3  14.27  11.8  145.0  10.0   9.0   180     6    60.0   5.0  0.673  0.0580      256   0.71
  F00313    F    6      120   168.3  14.27  11.8  145.0  10.0   9.0   240     6    60.0   5.0  0.673  0.0580      341   0.95
  F00314    F    6      120   168.3  14.27  11.8  145.0  12.0   9.0    60     6    72.0   5.0  0.673  0.0580       85   0.24
  F00315    F    6      120   168.3  14.27  11.8  145.0  12.0   9.0   120     6    72.0   5.0  0.673  0.0580      170   0.47
  F00316    F    6      120   168.3  14.27  11.8  145.0  12.0   9.0   180     6    72.0   5.0  0.673  0.0580      256   0.71
  F00317    F    6      120   168.3  14.27  11.8  145.0  12.0   9.0   240     6    72.0   5.0  0.673  0.0580      341   0.95
  F00318    F   10   40/STD   273.1   9.27  29.5   85.0   4.0   9.0    60    10    40.0   5.0  1.092  0.1606       77   0.21
  F00319    F   10   40/STD   273.1   9.27  29.5   85.0   4.0   9.0   120    10    40.0   5.0  1.092  0.1606      153   0.43
  F00320    F   10   40/STD   273.1   9.27  29.5   85.0   4.0   9.0   180    10    40.0   5.0  1.092  0.1606      230   0.64
  F00321    F   10   40/STD   273.1   9.27  29.5   85.0   4.0   9.0   240    10    40.0   5.0  1.092  0.1606      306   0.85
  F00322    F   10   40/STD   273.1   9.27  29.5   85.0   6.0   9.0    60     7    42.0   5.0  1.092  0.1606       77   0.21
  F00323    F   10   40/STD   273.1   9.27  29.5   85.0   6.0   9.0   120     7    42.0   5.0  1.092  0.1606      153   0.43
  F00324    F   10   40/STD   273.1   9.27  29.5   85.0   6.0   9.0   180     7    42.0   5.0  1.092  0.1606      230   0.64
  F00325    F   10   40/STD   273.1   9.27  29.5   85.0   6.0   9.0   240     7    42.0   5.0  1.092  0.1606      306   0.85
  F00326    F   10   40/STD   273.1   9.27  29.5   85.0   8.0   9.0    60     6    48.0   5.0  1.092  0.1606       77   0.21
  F00327    F   10   40/STD   273.1   9.27  29.5   85.0   8.0   9.0   120     6    48.0   5.0  1.092  0.1606      153   0.43
  F00328    F   10   40/STD   273.1   9.27  29.5   85.0   8.0   9.0   180     6    48.0   5.0  1.092  0.1606      230   0.64
  F00329    F   10   40/STD   273.1   9.27  29.5   85.0   8.0   9.0   240     6    48.0   5.0  1.092  0.1606      306   0.85
  F00330    F   10   40/STD   273.1   9.27  29.5   85.0  10.0   9.0    60     6    60.0   5.0  1.092  0.1606       77   0.21
  F00331    F   10   40/STD   273.1   9.27  29.5   85.0  10.0   9.0   120     6    60.0   5.0  1.092  0.1606      153   0.43
  F00332    F   10   40/STD   273.1   9.27  29.5   85.0  10.0   9.0   180     6    60.0   5.0  1.092  0.1606      230   0.64
  F00333    F   10   40/STD   273.1   9.27  29.5   85.0  10.0   9.0   240     6    60.0   5.0  1.092  0.1606      306   0.85
  F00334    F   10   40/STD   273.1   9.27  29.5   85.0  12.0   9.0    60     6    72.0   5.0  1.092  0.1606       77   0.21
  F00335    F   10   40/STD   273.1   9.27  29.5   85.0  12.0   9.0   120     6    72.0   5.0  1.092  0.1606      153   0.43
  F00336    F   10   40/STD   273.1   9.27  29.5   85.0  12.0   9.0   180     6    72.0   5.0  1.092  0.1606      230   0.64
  F00337    F   10   40/STD   273.1   9.27  29.5   85.0  12.0   9.0   240     6    72.0   5.0  1.092  0.1606      306   0.85
  F00338    F   10   40/STD   273.1   9.27  29.5  100.0   4.0   9.0    60    10    40.0   5.0  1.092  0.1366       77   0.21
  F00339    F   10   40/STD   273.1   9.27  29.5  100.0   4.0   9.0   120    10    40.0   5.0  1.092  0.1366      153   0.43
  F00340    F   10   40/STD   273.1   9.27  29.5  100.0   4.0   9.0   180    10    40.0   5.0  1.092  0.1366      230   0.64
  F00341    F   10   40/STD   273.1   9.27  29.5  100.0   4.0   9.0   240    10    40.0   5.0  1.092  0.1366      306   0.85
  F00342    F   10   40/STD   273.1   9.27  29.5  100.0   6.0   9.0    60     7    42.0   5.0  1.092  0.1366       77   0.21
  F00343    F   10   40/STD   273.1   9.27  29.5  100.0   6.0   9.0   120     7    42.0   5.0  1.092  0.1366      153   0.43
  F00344    F   10   40/STD   273.1   9.27  29.5  100.0   6.0   9.0   180     7    42.0   5.0  1.092  0.1366      230   0.64
  F00345    F   10   40/STD   273.1   9.27  29.5  100.0   6.0   9.0   240     7    42.0   5.0  1.092  0.1366      306   0.85
  F00346    F   10   40/STD   273.1   9.27  29.5  100.0   8.0   9.0    60     6    48.0   5.0  1.092  0.1366       77   0.21
  F00347    F   10   40/STD   273.1   9.27  29.5  100.0   8.0   9.0   120     6    48.0   5.0  1.092  0.1366      153   0.43
  F00348    F   10   40/STD   273.1   9.27  29.5  100.0   8.0   9.0   180     6    48.0   5.0  1.092  0.1366      230   0.64
  F00349    F   10   40/STD   273.1   9.27  29.5  100.0   8.0   9.0   240     6    48.0   5.0  1.092  0.1366      306   0.85
  F00350    F   10   40/STD   273.1   9.27  29.5  100.0  10.0   9.0    60     6    60.0   5.0  1.092  0.1366       77   0.21
  F00351    F   10   40/STD   273.1   9.27  29.5  100.0  10.0   9.0   120     6    60.0   5.0  1.092  0.1366      153   0.43
  F00352    F   10   40/STD   273.1   9.27  29.5  100.0  10.0   9.0   180     6    60.0   5.0  1.092  0.1366      230   0.64
  F00353    F   10   40/STD   273.1   9.27  29.5  100.0  10.0   9.0   240     6    60.0   5.0  1.092  0.1366      306   0.85
  F00354    F   10   40/STD   273.1   9.27  29.5  100.0  12.0   9.0    60     6    72.0   5.0  1.092  0.1366       77   0.21
  F00355    F   10   40/STD   273.1   9.27  29.5  100.0  12.0   9.0   120     6    72.0   5.0  1.092  0.1366      153   0.43
  F00356    F   10   40/STD   273.1   9.27  29.5  100.0  12.0   9.0   180     6    72.0   5.0  1.092  0.1366      230   0.64
  F00357    F   10   40/STD   273.1   9.27  29.5  100.0  12.0   9.0   240     6    72.0   5.0  1.092  0.1366      306   0.85
  F00358    F   10   40/STD   273.1   9.27  29.5  115.0   4.0   9.0    60    10    40.0   5.0  1.092  0.1187       77   0.21
  F00359    F   10   40/STD   273.1   9.27  29.5  115.0   4.0   9.0   120    10    40.0   5.0  1.092  0.1187      153   0.43
  F00360    F   10   40/STD   273.1   9.27  29.5  115.0   4.0   9.0   180    10    40.0   5.0  1.092  0.1187      230   0.64
  F00361    F   10   40/STD   273.1   9.27  29.5  115.0   4.0   9.0   240    10    40.0   5.0  1.092  0.1187      306   0.85
  F00362    F   10   40/STD   273.1   9.27  29.5  115.0   6.0   9.0    60     7    42.0   5.0  1.092  0.1187       77   0.21
  F00363    F   10   40/STD   273.1   9.27  29.5  115.0   6.0   9.0   120     7    42.0   5.0  1.092  0.1187      153   0.43
  F00364    F   10   40/STD   273.1   9.27  29.5  115.0   6.0   9.0   180     7    42.0   5.0  1.092  0.1187      230   0.64
  F00365    F   10   40/STD   273.1   9.27  29.5  115.0   6.0   9.0   240     7    42.0   5.0  1.092  0.1187      306   0.85
  F00366    F   10   40/STD   273.1   9.27  29.5  115.0   8.0   9.0    60     6    48.0   5.0  1.092  0.1187       77   0.21
  F00367    F   10   40/STD   273.1   9.27  29.5  115.0   8.0   9.0   120     6    48.0   5.0  1.092  0.1187      153   0.43
  F00368    F   10   40/STD   273.1   9.27  29.5  115.0   8.0   9.0   180     6    48.0   5.0  1.092  0.1187      230   0.64
  F00369    F   10   40/STD   273.1   9.27  29.5  115.0   8.0   9.0   240     6    48.0   5.0  1.092  0.1187      306   0.85
  F00370    F   10   40/STD   273.1   9.27  29.5  115.0  10.0   9.0    60     6    60.0   5.0  1.092  0.1187       77   0.21
  F00371    F   10   40/STD   273.1   9.27  29.5  115.0  10.0   9.0   120     6    60.0   5.0  1.092  0.1187      153   0.43
  F00372    F   10   40/STD   273.1   9.27  29.5  115.0  10.0   9.0   180     6    60.0   5.0  1.092  0.1187      230   0.64
  F00373    F   10   40/STD   273.1   9.27  29.5  115.0  10.0   9.0   240     6    60.0   5.0  1.092  0.1187      306   0.85
  F00374    F   10   40/STD   273.1   9.27  29.5  115.0  12.0   9.0    60     6    72.0   5.0  1.092  0.1187       77   0.21
  F00375    F   10   40/STD   273.1   9.27  29.5  115.0  12.0   9.0   120     6    72.0   5.0  1.092  0.1187      153   0.43
  F00376    F   10   40/STD   273.1   9.27  29.5  115.0  12.0   9.0   180     6    72.0   5.0  1.092  0.1187      230   0.64
  F00377    F   10   40/STD   273.1   9.27  29.5  115.0  12.0   9.0   240     6    72.0   5.0  1.092  0.1187      306   0.85
  F00378    F   10   40/STD   273.1   9.27  29.5  130.0   4.0   9.0    60    10    40.0   5.0  1.092  0.1050       77   0.21
  F00379    F   10   40/STD   273.1   9.27  29.5  130.0   4.0   9.0   120    10    40.0   5.0  1.092  0.1050      153   0.43
  F00380    F   10   40/STD   273.1   9.27  29.5  130.0   4.0   9.0   180    10    40.0   5.0  1.092  0.1050      230   0.64
  F00381    F   10   40/STD   273.1   9.27  29.5  130.0   4.0   9.0   240    10    40.0   5.0  1.092  0.1050      306   0.85
  F00382    F   10   40/STD   273.1   9.27  29.5  130.0   6.0   9.0    60     7    42.0   5.0  1.092  0.1050       77   0.21
  F00383    F   10   40/STD   273.1   9.27  29.5  130.0   6.0   9.0   120     7    42.0   5.0  1.092  0.1050      153   0.43
  F00384    F   10   40/STD   273.1   9.27  29.5  130.0   6.0   9.0   180     7    42.0   5.0  1.092  0.1050      230   0.64
  F00385    F   10   40/STD   273.1   9.27  29.5  130.0   6.0   9.0   240     7    42.0   5.0  1.092  0.1050      306   0.85
  F00386    F   10   40/STD   273.1   9.27  29.5  130.0   8.0   9.0    60     6    48.0   5.0  1.092  0.1050       77   0.21
  F00387    F   10   40/STD   273.1   9.27  29.5  130.0   8.0   9.0   120     6    48.0   5.0  1.092  0.1050      153   0.43
  F00388    F   10   40/STD   273.1   9.27  29.5  130.0   8.0   9.0   180     6    48.0   5.0  1.092  0.1050      230   0.64
  F00389    F   10   40/STD   273.1   9.27  29.5  130.0   8.0   9.0   240     6    48.0   5.0  1.092  0.1050      306   0.85
  F00390    F   10   40/STD   273.1   9.27  29.5  130.0  10.0   9.0    60     6    60.0   5.0  1.092  0.1050       77   0.21
  F00391    F   10   40/STD   273.1   9.27  29.5  130.0  10.0   9.0   120     6    60.0   5.0  1.092  0.1050      153   0.43
  F00392    F   10   40/STD   273.1   9.27  29.5  130.0  10.0   9.0   180     6    60.0   5.0  1.092  0.1050      230   0.64
  F00393    F   10   40/STD   273.1   9.27  29.5  130.0  10.0   9.0   240     6    60.0   5.0  1.092  0.1050      306   0.85
  F00394    F   10   40/STD   273.1   9.27  29.5  130.0  12.0   9.0    60     6    72.0   5.0  1.092  0.1050       77   0.21
  F00395    F   10   40/STD   273.1   9.27  29.5  130.0  12.0   9.0   120     6    72.0   5.0  1.092  0.1050      153   0.43
  F00396    F   10   40/STD   273.1   9.27  29.5  130.0  12.0   9.0   180     6    72.0   5.0  1.092  0.1050      230   0.64
  F00397    F   10   40/STD   273.1   9.27  29.5  130.0  12.0   9.0   240     6    72.0   5.0  1.092  0.1050      306   0.85
  F00398    F   10   40/STD   273.1   9.27  29.5  145.0   4.0   9.0    60    10    40.0   5.0  1.092  0.0942       77   0.21
  F00399    F   10   40/STD   273.1   9.27  29.5  145.0   4.0   9.0   120    10    40.0   5.0  1.092  0.0942      153   0.43
  F00400    F   10   40/STD   273.1   9.27  29.5  145.0   4.0   9.0   180    10    40.0   5.0  1.092  0.0942      230   0.64
  F00401    F   10   40/STD   273.1   9.27  29.5  145.0   4.0   9.0   240    10    40.0   5.0  1.092  0.0942      306   0.85
  F00402    F   10   40/STD   273.1   9.27  29.5  145.0   6.0   9.0    60     7    42.0   5.0  1.092  0.0942       77   0.21
  F00403    F   10   40/STD   273.1   9.27  29.5  145.0   6.0   9.0   120     7    42.0   5.0  1.092  0.0942      153   0.43
  F00404    F   10   40/STD   273.1   9.27  29.5  145.0   6.0   9.0   180     7    42.0   5.0  1.092  0.0942      230   0.64
  F00405    F   10   40/STD   273.1   9.27  29.5  145.0   6.0   9.0   240     7    42.0   5.0  1.092  0.0942      306   0.85
  F00406    F   10   40/STD   273.1   9.27  29.5  145.0   8.0   9.0    60     6    48.0   5.0  1.092  0.0942       77   0.21
  F00407    F   10   40/STD   273.1   9.27  29.5  145.0   8.0   9.0   120     6    48.0   5.0  1.092  0.0942      153   0.43
  F00408    F   10   40/STD   273.1   9.27  29.5  145.0   8.0   9.0   180     6    48.0   5.0  1.092  0.0942      230   0.64
  F00409    F   10   40/STD   273.1   9.27  29.5  145.0   8.0   9.0   240     6    48.0   5.0  1.092  0.0942      306   0.85
  F00410    F   10   40/STD   273.1   9.27  29.5  145.0  10.0   9.0    60     6    60.0   5.0  1.092  0.0942       77   0.21
  F00411    F   10   40/STD   273.1   9.27  29.5  145.0  10.0   9.0   120     6    60.0   5.0  1.092  0.0942      153   0.43
  F00412    F   10   40/STD   273.1   9.27  29.5  145.0  10.0   9.0   180     6    60.0   5.0  1.092  0.0942      230   0.64
  F00413    F   10   40/STD   273.1   9.27  29.5  145.0  10.0   9.0   240     6    60.0   5.0  1.092  0.0942      306   0.85
  F00414    F   10   40/STD   273.1   9.27  29.5  145.0  12.0   9.0    60     6    72.0   5.0  1.092  0.0942       77   0.21
  F00415    F   10   40/STD   273.1   9.27  29.5  145.0  12.0   9.0   120     6    72.0   5.0  1.092  0.0942      153   0.43
  F00416    F   10   40/STD   273.1   9.27  29.5  145.0  12.0   9.0   180     6    72.0   5.0  1.092  0.0942      230   0.64
  F00417    F   10   40/STD   273.1   9.27  29.5  145.0  12.0   9.0   240     6    72.0   5.0  1.092  0.0942      306   0.85
  F00418    F   10    60/XS   273.1  12.70  21.5   85.0   4.0   9.0    60    10    40.0   5.0  1.092  0.1606       57   0.16
  F00419    F   10    60/XS   273.1  12.70  21.5   85.0   4.0   9.0   120    10    40.0   5.0  1.092  0.1606      113   0.31
  F00420    F   10    60/XS   273.1  12.70  21.5   85.0   4.0   9.0   180    10    40.0   5.0  1.092  0.1606      170   0.47
  F00421    F   10    60/XS   273.1  12.70  21.5   85.0   4.0   9.0   240    10    40.0   5.0  1.092  0.1606      227   0.63
  F00422    F   10    60/XS   273.1  12.70  21.5   85.0   6.0   9.0    60     7    42.0   5.0  1.092  0.1606       57   0.16
  F00423    F   10    60/XS   273.1  12.70  21.5   85.0   6.0   9.0   120     7    42.0   5.0  1.092  0.1606      113   0.31
  F00424    F   10    60/XS   273.1  12.70  21.5   85.0   6.0   9.0   180     7    42.0   5.0  1.092  0.1606      170   0.47
  F00425    F   10    60/XS   273.1  12.70  21.5   85.0   6.0   9.0   240     7    42.0   5.0  1.092  0.1606      227   0.63
  F00426    F   10    60/XS   273.1  12.70  21.5   85.0   8.0   9.0    60     6    48.0   5.0  1.092  0.1606       57   0.16
  F00427    F   10    60/XS   273.1  12.70  21.5   85.0   8.0   9.0   120     6    48.0   5.0  1.092  0.1606      113   0.31
  F00428    F   10    60/XS   273.1  12.70  21.5   85.0   8.0   9.0   180     6    48.0   5.0  1.092  0.1606      170   0.47
  F00429    F   10    60/XS   273.1  12.70  21.5   85.0   8.0   9.0   240     6    48.0   5.0  1.092  0.1606      227   0.63
  F00430    F   10    60/XS   273.1  12.70  21.5   85.0  10.0   9.0    60     6    60.0   5.0  1.092  0.1606       57   0.16
  F00431    F   10    60/XS   273.1  12.70  21.5   85.0  10.0   9.0   120     6    60.0   5.0  1.092  0.1606      113   0.31
  F00432    F   10    60/XS   273.1  12.70  21.5   85.0  10.0   9.0   180     6    60.0   5.0  1.092  0.1606      170   0.47
  F00433    F   10    60/XS   273.1  12.70  21.5   85.0  10.0   9.0   240     6    60.0   5.0  1.092  0.1606      227   0.63
  F00434    F   10    60/XS   273.1  12.70  21.5   85.0  12.0   9.0    60     6    72.0   5.0  1.092  0.1606       57   0.16
  F00435    F   10    60/XS   273.1  12.70  21.5   85.0  12.0   9.0   120     6    72.0   5.0  1.092  0.1606      113   0.31
  F00436    F   10    60/XS   273.1  12.70  21.5   85.0  12.0   9.0   180     6    72.0   5.0  1.092  0.1606      170   0.47
  F00437    F   10    60/XS   273.1  12.70  21.5   85.0  12.0   9.0   240     6    72.0   5.0  1.092  0.1606      227   0.63
  F00438    F   10    60/XS   273.1  12.70  21.5  100.0   4.0   9.0    60    10    40.0   5.0  1.092  0.1366       57   0.16
  F00439    F   10    60/XS   273.1  12.70  21.5  100.0   4.0   9.0   120    10    40.0   5.0  1.092  0.1366      113   0.31
  F00440    F   10    60/XS   273.1  12.70  21.5  100.0   4.0   9.0   180    10    40.0   5.0  1.092  0.1366      170   0.47
  F00441    F   10    60/XS   273.1  12.70  21.5  100.0   4.0   9.0   240    10    40.0   5.0  1.092  0.1366      227   0.63
  F00442    F   10    60/XS   273.1  12.70  21.5  100.0   6.0   9.0    60     7    42.0   5.0  1.092  0.1366       57   0.16
  F00443    F   10    60/XS   273.1  12.70  21.5  100.0   6.0   9.0   120     7    42.0   5.0  1.092  0.1366      113   0.31
  F00444    F   10    60/XS   273.1  12.70  21.5  100.0   6.0   9.0   180     7    42.0   5.0  1.092  0.1366      170   0.47
  F00445    F   10    60/XS   273.1  12.70  21.5  100.0   6.0   9.0   240     7    42.0   5.0  1.092  0.1366      227   0.63
  F00446    F   10    60/XS   273.1  12.70  21.5  100.0   8.0   9.0    60     6    48.0   5.0  1.092  0.1366       57   0.16
  F00447    F   10    60/XS   273.1  12.70  21.5  100.0   8.0   9.0   120     6    48.0   5.0  1.092  0.1366      113   0.31
  F00448    F   10    60/XS   273.1  12.70  21.5  100.0   8.0   9.0   180     6    48.0   5.0  1.092  0.1366      170   0.47
  F00449    F   10    60/XS   273.1  12.70  21.5  100.0   8.0   9.0   240     6    48.0   5.0  1.092  0.1366      227   0.63
  F00450    F   10    60/XS   273.1  12.70  21.5  100.0  10.0   9.0    60     6    60.0   5.0  1.092  0.1366       57   0.16
  F00451    F   10    60/XS   273.1  12.70  21.5  100.0  10.0   9.0   120     6    60.0   5.0  1.092  0.1366      113   0.31
  F00452    F   10    60/XS   273.1  12.70  21.5  100.0  10.0   9.0   180     6    60.0   5.0  1.092  0.1366      170   0.47
  F00453    F   10    60/XS   273.1  12.70  21.5  100.0  10.0   9.0   240     6    60.0   5.0  1.092  0.1366      227   0.63
  F00454    F   10    60/XS   273.1  12.70  21.5  100.0  12.0   9.0    60     6    72.0   5.0  1.092  0.1366       57   0.16
  F00455    F   10    60/XS   273.1  12.70  21.5  100.0  12.0   9.0   120     6    72.0   5.0  1.092  0.1366      113   0.31
  F00456    F   10    60/XS   273.1  12.70  21.5  100.0  12.0   9.0   180     6    72.0   5.0  1.092  0.1366      170   0.47
  F00457    F   10    60/XS   273.1  12.70  21.5  100.0  12.0   9.0   240     6    72.0   5.0  1.092  0.1366      227   0.63
  F00458    F   10    60/XS   273.1  12.70  21.5  115.0   4.0   9.0    60    10    40.0   5.0  1.092  0.1187       57   0.16
  F00459    F   10    60/XS   273.1  12.70  21.5  115.0   4.0   9.0   120    10    40.0   5.0  1.092  0.1187      113   0.31
  F00460    F   10    60/XS   273.1  12.70  21.5  115.0   4.0   9.0   180    10    40.0   5.0  1.092  0.1187      170   0.47
  F00461    F   10    60/XS   273.1  12.70  21.5  115.0   4.0   9.0   240    10    40.0   5.0  1.092  0.1187      227   0.63
  F00462    F   10    60/XS   273.1  12.70  21.5  115.0   6.0   9.0    60     7    42.0   5.0  1.092  0.1187       57   0.16
  F00463    F   10    60/XS   273.1  12.70  21.5  115.0   6.0   9.0   120     7    42.0   5.0  1.092  0.1187      113   0.31
  F00464    F   10    60/XS   273.1  12.70  21.5  115.0   6.0   9.0   180     7    42.0   5.0  1.092  0.1187      170   0.47
  F00465    F   10    60/XS   273.1  12.70  21.5  115.0   6.0   9.0   240     7    42.0   5.0  1.092  0.1187      227   0.63
  F00466    F   10    60/XS   273.1  12.70  21.5  115.0   8.0   9.0    60     6    48.0   5.0  1.092  0.1187       57   0.16
  F00467    F   10    60/XS   273.1  12.70  21.5  115.0   8.0   9.0   120     6    48.0   5.0  1.092  0.1187      113   0.31
  F00468    F   10    60/XS   273.1  12.70  21.5  115.0   8.0   9.0   180     6    48.0   5.0  1.092  0.1187      170   0.47
  F00469    F   10    60/XS   273.1  12.70  21.5  115.0   8.0   9.0   240     6    48.0   5.0  1.092  0.1187      227   0.63
  F00470    F   10    60/XS   273.1  12.70  21.5  115.0  10.0   9.0    60     6    60.0   5.0  1.092  0.1187       57   0.16
  F00471    F   10    60/XS   273.1  12.70  21.5  115.0  10.0   9.0   120     6    60.0   5.0  1.092  0.1187      113   0.31
  F00472    F   10    60/XS   273.1  12.70  21.5  115.0  10.0   9.0   180     6    60.0   5.0  1.092  0.1187      170   0.47
  F00473    F   10    60/XS   273.1  12.70  21.5  115.0  10.0   9.0   240     6    60.0   5.0  1.092  0.1187      227   0.63
  F00474    F   10    60/XS   273.1  12.70  21.5  115.0  12.0   9.0    60     6    72.0   5.0  1.092  0.1187       57   0.16
  F00475    F   10    60/XS   273.1  12.70  21.5  115.0  12.0   9.0   120     6    72.0   5.0  1.092  0.1187      113   0.31
  F00476    F   10    60/XS   273.1  12.70  21.5  115.0  12.0   9.0   180     6    72.0   5.0  1.092  0.1187      170   0.47
  F00477    F   10    60/XS   273.1  12.70  21.5  115.0  12.0   9.0   240     6    72.0   5.0  1.092  0.1187      227   0.63
  F00478    F   10    60/XS   273.1  12.70  21.5  130.0   4.0   9.0    60    10    40.0   5.0  1.092  0.1050       57   0.16
  F00479    F   10    60/XS   273.1  12.70  21.5  130.0   4.0   9.0   120    10    40.0   5.0  1.092  0.1050      113   0.31
  F00480    F   10    60/XS   273.1  12.70  21.5  130.0   4.0   9.0   180    10    40.0   5.0  1.092  0.1050      170   0.47
  F00481    F   10    60/XS   273.1  12.70  21.5  130.0   4.0   9.0   240    10    40.0   5.0  1.092  0.1050      227   0.63
  F00482    F   10    60/XS   273.1  12.70  21.5  130.0   6.0   9.0    60     7    42.0   5.0  1.092  0.1050       57   0.16
  F00483    F   10    60/XS   273.1  12.70  21.5  130.0   6.0   9.0   120     7    42.0   5.0  1.092  0.1050      113   0.31
  F00484    F   10    60/XS   273.1  12.70  21.5  130.0   6.0   9.0   180     7    42.0   5.0  1.092  0.1050      170   0.47
  F00485    F   10    60/XS   273.1  12.70  21.5  130.0   6.0   9.0   240     7    42.0   5.0  1.092  0.1050      227   0.63
  F00486    F   10    60/XS   273.1  12.70  21.5  130.0   8.0   9.0    60     6    48.0   5.0  1.092  0.1050       57   0.16
  F00487    F   10    60/XS   273.1  12.70  21.5  130.0   8.0   9.0   120     6    48.0   5.0  1.092  0.1050      113   0.31
  F00488    F   10    60/XS   273.1  12.70  21.5  130.0   8.0   9.0   180     6    48.0   5.0  1.092  0.1050      170   0.47
  F00489    F   10    60/XS   273.1  12.70  21.5  130.0   8.0   9.0   240     6    48.0   5.0  1.092  0.1050      227   0.63
  F00490    F   10    60/XS   273.1  12.70  21.5  130.0  10.0   9.0    60     6    60.0   5.0  1.092  0.1050       57   0.16
  F00491    F   10    60/XS   273.1  12.70  21.5  130.0  10.0   9.0   120     6    60.0   5.0  1.092  0.1050      113   0.31
  F00492    F   10    60/XS   273.1  12.70  21.5  130.0  10.0   9.0   180     6    60.0   5.0  1.092  0.1050      170   0.47
  F00493    F   10    60/XS   273.1  12.70  21.5  130.0  10.0   9.0   240     6    60.0   5.0  1.092  0.1050      227   0.63
  F00494    F   10    60/XS   273.1  12.70  21.5  130.0  12.0   9.0    60     6    72.0   5.0  1.092  0.1050       57   0.16
  F00495    F   10    60/XS   273.1  12.70  21.5  130.0  12.0   9.0   120     6    72.0   5.0  1.092  0.1050      113   0.31
  F00496    F   10    60/XS   273.1  12.70  21.5  130.0  12.0   9.0   180     6    72.0   5.0  1.092  0.1050      170   0.47
  F00497    F   10    60/XS   273.1  12.70  21.5  130.0  12.0   9.0   240     6    72.0   5.0  1.092  0.1050      227   0.63
  F00498    F   10    60/XS   273.1  12.70  21.5  145.0   4.0   9.0    60    10    40.0   5.0  1.092  0.0942       57   0.16
  F00499    F   10    60/XS   273.1  12.70  21.5  145.0   4.0   9.0   120    10    40.0   5.0  1.092  0.0942      113   0.31
  F00500    F   10    60/XS   273.1  12.70  21.5  145.0   4.0   9.0   180    10    40.0   5.0  1.092  0.0942      170   0.47
  F00501    F   10    60/XS   273.1  12.70  21.5  145.0   4.0   9.0   240    10    40.0   5.0  1.092  0.0942      227   0.63
  F00502    F   10    60/XS   273.1  12.70  21.5  145.0   6.0   9.0    60     7    42.0   5.0  1.092  0.0942       57   0.16
  F00503    F   10    60/XS   273.1  12.70  21.5  145.0   6.0   9.0   120     7    42.0   5.0  1.092  0.0942      113   0.31
  F00504    F   10    60/XS   273.1  12.70  21.5  145.0   6.0   9.0   180     7    42.0   5.0  1.092  0.0942      170   0.47
  F00505    F   10    60/XS   273.1  12.70  21.5  145.0   6.0   9.0   240     7    42.0   5.0  1.092  0.0942      227   0.63
  F00506    F   10    60/XS   273.1  12.70  21.5  145.0   8.0   9.0    60     6    48.0   5.0  1.092  0.0942       57   0.16
  F00507    F   10    60/XS   273.1  12.70  21.5  145.0   8.0   9.0   120     6    48.0   5.0  1.092  0.0942      113   0.31
  F00508    F   10    60/XS   273.1  12.70  21.5  145.0   8.0   9.0   180     6    48.0   5.0  1.092  0.0942      170   0.47
  F00509    F   10    60/XS   273.1  12.70  21.5  145.0   8.0   9.0   240     6    48.0   5.0  1.092  0.0942      227   0.63
  F00510    F   10    60/XS   273.1  12.70  21.5  145.0  10.0   9.0    60     6    60.0   5.0  1.092  0.0942       57   0.16
  F00511    F   10    60/XS   273.1  12.70  21.5  145.0  10.0   9.0   120     6    60.0   5.0  1.092  0.0942      113   0.31
  F00512    F   10    60/XS   273.1  12.70  21.5  145.0  10.0   9.0   180     6    60.0   5.0  1.092  0.0942      170   0.47
  F00513    F   10    60/XS   273.1  12.70  21.5  145.0  10.0   9.0   240     6    60.0   5.0  1.092  0.0942      227   0.63
  F00514    F   10    60/XS   273.1  12.70  21.5  145.0  12.0   9.0    60     6    72.0   5.0  1.092  0.0942       57   0.16
  F00515    F   10    60/XS   273.1  12.70  21.5  145.0  12.0   9.0   120     6    72.0   5.0  1.092  0.0942      113   0.31
  F00516    F   10    60/XS   273.1  12.70  21.5  145.0  12.0   9.0   180     6    72.0   5.0  1.092  0.0942      170   0.47
  F00517    F   10    60/XS   273.1  12.70  21.5  145.0  12.0   9.0   240     6    72.0   5.0  1.092  0.0942      227   0.63
  F00518    F   10      100   273.1  18.26  15.0   85.0   4.0   9.0    60    10    40.0   5.0  1.092  0.1606       40   0.11
  F00519    F   10      100   273.1  18.26  15.0   85.0   4.0   9.0   120    10    40.0   5.0  1.092  0.1606       80   0.22
  F00520    F   10      100   273.1  18.26  15.0   85.0   4.0   9.0   180    10    40.0   5.0  1.092  0.1606      121   0.34
  F00521    F   10      100   273.1  18.26  15.0   85.0   4.0   9.0   240    10    40.0   5.0  1.092  0.1606      161   0.45
  F00522    F   10      100   273.1  18.26  15.0   85.0   6.0   9.0    60     7    42.0   5.0  1.092  0.1606       40   0.11
  F00523    F   10      100   273.1  18.26  15.0   85.0   6.0   9.0   120     7    42.0   5.0  1.092  0.1606       80   0.22
  F00524    F   10      100   273.1  18.26  15.0   85.0   6.0   9.0   180     7    42.0   5.0  1.092  0.1606      121   0.34
  F00525    F   10      100   273.1  18.26  15.0   85.0   6.0   9.0   240     7    42.0   5.0  1.092  0.1606      161   0.45
  F00526    F   10      100   273.1  18.26  15.0   85.0   8.0   9.0    60     6    48.0   5.0  1.092  0.1606       40   0.11
  F00527    F   10      100   273.1  18.26  15.0   85.0   8.0   9.0   120     6    48.0   5.0  1.092  0.1606       80   0.22
  F00528    F   10      100   273.1  18.26  15.0   85.0   8.0   9.0   180     6    48.0   5.0  1.092  0.1606      121   0.34
  F00529    F   10      100   273.1  18.26  15.0   85.0   8.0   9.0   240     6    48.0   5.0  1.092  0.1606      161   0.45
  F00530    F   10      100   273.1  18.26  15.0   85.0  10.0   9.0    60     6    60.0   5.0  1.092  0.1606       40   0.11
  F00531    F   10      100   273.1  18.26  15.0   85.0  10.0   9.0   120     6    60.0   5.0  1.092  0.1606       80   0.22
  F00532    F   10      100   273.1  18.26  15.0   85.0  10.0   9.0   180     6    60.0   5.0  1.092  0.1606      121   0.34
  F00533    F   10      100   273.1  18.26  15.0   85.0  10.0   9.0   240     6    60.0   5.0  1.092  0.1606      161   0.45
  F00534    F   10      100   273.1  18.26  15.0   85.0  12.0   9.0    60     6    72.0   5.0  1.092  0.1606       40   0.11
  F00535    F   10      100   273.1  18.26  15.0   85.0  12.0   9.0   120     6    72.0   5.0  1.092  0.1606       80   0.22
  F00536    F   10      100   273.1  18.26  15.0   85.0  12.0   9.0   180     6    72.0   5.0  1.092  0.1606      121   0.34
  F00537    F   10      100   273.1  18.26  15.0   85.0  12.0   9.0   240     6    72.0   5.0  1.092  0.1606      161   0.45
  F00538    F   10      100   273.1  18.26  15.0  100.0   4.0   9.0    60    10    40.0   5.0  1.092  0.1366       40   0.11
  F00539    F   10      100   273.1  18.26  15.0  100.0   4.0   9.0   120    10    40.0   5.0  1.092  0.1366       80   0.22
  F00540    F   10      100   273.1  18.26  15.0  100.0   4.0   9.0   180    10    40.0   5.0  1.092  0.1366      121   0.34
  F00541    F   10      100   273.1  18.26  15.0  100.0   4.0   9.0   240    10    40.0   5.0  1.092  0.1366      161   0.45
  F00542    F   10      100   273.1  18.26  15.0  100.0   6.0   9.0    60     7    42.0   5.0  1.092  0.1366       40   0.11
  F00543    F   10      100   273.1  18.26  15.0  100.0   6.0   9.0   120     7    42.0   5.0  1.092  0.1366       80   0.22
  F00544    F   10      100   273.1  18.26  15.0  100.0   6.0   9.0   180     7    42.0   5.0  1.092  0.1366      121   0.34
  F00545    F   10      100   273.1  18.26  15.0  100.0   6.0   9.0   240     7    42.0   5.0  1.092  0.1366      161   0.45
  F00546    F   10      100   273.1  18.26  15.0  100.0   8.0   9.0    60     6    48.0   5.0  1.092  0.1366       40   0.11
  F00547    F   10      100   273.1  18.26  15.0  100.0   8.0   9.0   120     6    48.0   5.0  1.092  0.1366       80   0.22
  F00548    F   10      100   273.1  18.26  15.0  100.0   8.0   9.0   180     6    48.0   5.0  1.092  0.1366      121   0.34
  F00549    F   10      100   273.1  18.26  15.0  100.0   8.0   9.0   240     6    48.0   5.0  1.092  0.1366      161   0.45
  F00550    F   10      100   273.1  18.26  15.0  100.0  10.0   9.0    60     6    60.0   5.0  1.092  0.1366       40   0.11
  F00551    F   10      100   273.1  18.26  15.0  100.0  10.0   9.0   120     6    60.0   5.0  1.092  0.1366       80   0.22
  F00552    F   10      100   273.1  18.26  15.0  100.0  10.0   9.0   180     6    60.0   5.0  1.092  0.1366      121   0.34
  F00553    F   10      100   273.1  18.26  15.0  100.0  10.0   9.0   240     6    60.0   5.0  1.092  0.1366      161   0.45
  F00554    F   10      100   273.1  18.26  15.0  100.0  12.0   9.0    60     6    72.0   5.0  1.092  0.1366       40   0.11
  F00555    F   10      100   273.1  18.26  15.0  100.0  12.0   9.0   120     6    72.0   5.0  1.092  0.1366       80   0.22
  F00556    F   10      100   273.1  18.26  15.0  100.0  12.0   9.0   180     6    72.0   5.0  1.092  0.1366      121   0.34
  F00557    F   10      100   273.1  18.26  15.0  100.0  12.0   9.0   240     6    72.0   5.0  1.092  0.1366      161   0.45
  F00558    F   10      100   273.1  18.26  15.0  115.0   4.0   9.0    60    10    40.0   5.0  1.092  0.1187       40   0.11
  F00559    F   10      100   273.1  18.26  15.0  115.0   4.0   9.0   120    10    40.0   5.0  1.092  0.1187       80   0.22
  F00560    F   10      100   273.1  18.26  15.0  115.0   4.0   9.0   180    10    40.0   5.0  1.092  0.1187      121   0.34
  F00561    F   10      100   273.1  18.26  15.0  115.0   4.0   9.0   240    10    40.0   5.0  1.092  0.1187      161   0.45
  F00562    F   10      100   273.1  18.26  15.0  115.0   6.0   9.0    60     7    42.0   5.0  1.092  0.1187       40   0.11
  F00563    F   10      100   273.1  18.26  15.0  115.0   6.0   9.0   120     7    42.0   5.0  1.092  0.1187       80   0.22
  F00564    F   10      100   273.1  18.26  15.0  115.0   6.0   9.0   180     7    42.0   5.0  1.092  0.1187      121   0.34
  F00565    F   10      100   273.1  18.26  15.0  115.0   6.0   9.0   240     7    42.0   5.0  1.092  0.1187      161   0.45
  F00566    F   10      100   273.1  18.26  15.0  115.0   8.0   9.0    60     6    48.0   5.0  1.092  0.1187       40   0.11
  F00567    F   10      100   273.1  18.26  15.0  115.0   8.0   9.0   120     6    48.0   5.0  1.092  0.1187       80   0.22
  F00568    F   10      100   273.1  18.26  15.0  115.0   8.0   9.0   180     6    48.0   5.0  1.092  0.1187      121   0.34
  F00569    F   10      100   273.1  18.26  15.0  115.0   8.0   9.0   240     6    48.0   5.0  1.092  0.1187      161   0.45
  F00570    F   10      100   273.1  18.26  15.0  115.0  10.0   9.0    60     6    60.0   5.0  1.092  0.1187       40   0.11
  F00571    F   10      100   273.1  18.26  15.0  115.0  10.0   9.0   120     6    60.0   5.0  1.092  0.1187       80   0.22
  F00572    F   10      100   273.1  18.26  15.0  115.0  10.0   9.0   180     6    60.0   5.0  1.092  0.1187      121   0.34
  F00573    F   10      100   273.1  18.26  15.0  115.0  10.0   9.0   240     6    60.0   5.0  1.092  0.1187      161   0.45
  F00574    F   10      100   273.1  18.26  15.0  115.0  12.0   9.0    60     6    72.0   5.0  1.092  0.1187       40   0.11
  F00575    F   10      100   273.1  18.26  15.0  115.0  12.0   9.0   120     6    72.0   5.0  1.092  0.1187       80   0.22
  F00576    F   10      100   273.1  18.26  15.0  115.0  12.0   9.0   180     6    72.0   5.0  1.092  0.1187      121   0.34
  F00577    F   10      100   273.1  18.26  15.0  115.0  12.0   9.0   240     6    72.0   5.0  1.092  0.1187      161   0.45
  F00578    F   10      100   273.1  18.26  15.0  130.0   4.0   9.0    60    10    40.0   5.0  1.092  0.1050       40   0.11
  F00579    F   10      100   273.1  18.26  15.0  130.0   4.0   9.0   120    10    40.0   5.0  1.092  0.1050       80   0.22
  F00580    F   10      100   273.1  18.26  15.0  130.0   4.0   9.0   180    10    40.0   5.0  1.092  0.1050      121   0.34
  F00581    F   10      100   273.1  18.26  15.0  130.0   4.0   9.0   240    10    40.0   5.0  1.092  0.1050      161   0.45
  F00582    F   10      100   273.1  18.26  15.0  130.0   6.0   9.0    60     7    42.0   5.0  1.092  0.1050       40   0.11
  F00583    F   10      100   273.1  18.26  15.0  130.0   6.0   9.0   120     7    42.0   5.0  1.092  0.1050       80   0.22
  F00584    F   10      100   273.1  18.26  15.0  130.0   6.0   9.0   180     7    42.0   5.0  1.092  0.1050      121   0.34
  F00585    F   10      100   273.1  18.26  15.0  130.0   6.0   9.0   240     7    42.0   5.0  1.092  0.1050      161   0.45
  F00586    F   10      100   273.1  18.26  15.0  130.0   8.0   9.0    60     6    48.0   5.0  1.092  0.1050       40   0.11
  F00587    F   10      100   273.1  18.26  15.0  130.0   8.0   9.0   120     6    48.0   5.0  1.092  0.1050       80   0.22
  F00588    F   10      100   273.1  18.26  15.0  130.0   8.0   9.0   180     6    48.0   5.0  1.092  0.1050      121   0.34
  F00589    F   10      100   273.1  18.26  15.0  130.0   8.0   9.0   240     6    48.0   5.0  1.092  0.1050      161   0.45
  F00590    F   10      100   273.1  18.26  15.0  130.0  10.0   9.0    60     6    60.0   5.0  1.092  0.1050       40   0.11
  F00591    F   10      100   273.1  18.26  15.0  130.0  10.0   9.0   120     6    60.0   5.0  1.092  0.1050       80   0.22
  F00592    F   10      100   273.1  18.26  15.0  130.0  10.0   9.0   180     6    60.0   5.0  1.092  0.1050      121   0.34
  F00593    F   10      100   273.1  18.26  15.0  130.0  10.0   9.0   240     6    60.0   5.0  1.092  0.1050      161   0.45
  F00594    F   10      100   273.1  18.26  15.0  130.0  12.0   9.0    60     6    72.0   5.0  1.092  0.1050       40   0.11
  F00595    F   10      100   273.1  18.26  15.0  130.0  12.0   9.0   120     6    72.0   5.0  1.092  0.1050       80   0.22
  F00596    F   10      100   273.1  18.26  15.0  130.0  12.0   9.0   180     6    72.0   5.0  1.092  0.1050      121   0.34
  F00597    F   10      100   273.1  18.26  15.0  130.0  12.0   9.0   240     6    72.0   5.0  1.092  0.1050      161   0.45
  F00598    F   10      100   273.1  18.26  15.0  145.0   4.0   9.0    60    10    40.0   5.0  1.092  0.0942       40   0.11
  F00599    F   10      100   273.1  18.26  15.0  145.0   4.0   9.0   120    10    40.0   5.0  1.092  0.0942       80   0.22
  F00600    F   10      100   273.1  18.26  15.0  145.0   4.0   9.0   180    10    40.0   5.0  1.092  0.0942      121   0.34
  F00601    F   10      100   273.1  18.26  15.0  145.0   4.0   9.0   240    10    40.0   5.0  1.092  0.0942      161   0.45
  F00602    F   10      100   273.1  18.26  15.0  145.0   6.0   9.0    60     7    42.0   5.0  1.092  0.0942       40   0.11
  F00603    F   10      100   273.1  18.26  15.0  145.0   6.0   9.0   120     7    42.0   5.0  1.092  0.0942       80   0.22
  F00604    F   10      100   273.1  18.26  15.0  145.0   6.0   9.0   180     7    42.0   5.0  1.092  0.0942      121   0.34
  F00605    F   10      100   273.1  18.26  15.0  145.0   6.0   9.0   240     7    42.0   5.0  1.092  0.0942      161   0.45
  F00606    F   10      100   273.1  18.26  15.0  145.0   8.0   9.0    60     6    48.0   5.0  1.092  0.0942       40   0.11
  F00607    F   10      100   273.1  18.26  15.0  145.0   8.0   9.0   120     6    48.0   5.0  1.092  0.0942       80   0.22
  F00608    F   10      100   273.1  18.26  15.0  145.0   8.0   9.0   180     6    48.0   5.0  1.092  0.0942      121   0.34
  F00609    F   10      100   273.1  18.26  15.0  145.0   8.0   9.0   240     6    48.0   5.0  1.092  0.0942      161   0.45
  F00610    F   10      100   273.1  18.26  15.0  145.0  10.0   9.0    60     6    60.0   5.0  1.092  0.0942       40   0.11
  F00611    F   10      100   273.1  18.26  15.0  145.0  10.0   9.0   120     6    60.0   5.0  1.092  0.0942       80   0.22
  F00612    F   10      100   273.1  18.26  15.0  145.0  10.0   9.0   180     6    60.0   5.0  1.092  0.0942      121   0.34
  F00613    F   10      100   273.1  18.26  15.0  145.0  10.0   9.0   240     6    60.0   5.0  1.092  0.0942      161   0.45
  F00614    F   10      100   273.1  18.26  15.0  145.0  12.0   9.0    60     6    72.0   5.0  1.092  0.0942       40   0.11
  F00615    F   10      100   273.1  18.26  15.0  145.0  12.0   9.0   120     6    72.0   5.0  1.092  0.0942       80   0.22
  F00616    F   10      100   273.1  18.26  15.0  145.0  12.0   9.0   180     6    72.0   5.0  1.092  0.0942      121   0.34
  F00617    F   10      100   273.1  18.26  15.0  145.0  12.0   9.0   240     6    72.0   5.0  1.092  0.0942      161   0.45
  F00618    F   16   30/STD   406.4   9.53  42.6   85.0   4.0   9.0    60    10    40.0   5.0  1.626  0.2391       50   0.14
  F00619    F   16   30/STD   406.4   9.53  42.6   85.0   4.0   9.0   120    10    40.0   5.0  1.626  0.2391       99   0.28
  F00620    F   16   30/STD   406.4   9.53  42.6   85.0   4.0   9.0   180    10    40.0   5.0  1.626  0.2391      149   0.41
  F00621    F   16   30/STD   406.4   9.53  42.6   85.0   4.0   9.0   240    10    40.0   5.0  1.626  0.2391      198   0.55
  F00622    F   16   30/STD   406.4   9.53  42.6   85.0   6.0   9.0    60     7    42.0   5.0  1.626  0.2391       50   0.14
  F00623    F   16   30/STD   406.4   9.53  42.6   85.0   6.0   9.0   120     7    42.0   5.0  1.626  0.2391       99   0.28
  F00624    F   16   30/STD   406.4   9.53  42.6   85.0   6.0   9.0   180     7    42.0   5.0  1.626  0.2391      149   0.41
  F00625    F   16   30/STD   406.4   9.53  42.6   85.0   6.0   9.0   240     7    42.0   5.0  1.626  0.2391      198   0.55
  F00626    F   16   30/STD   406.4   9.53  42.6   85.0   8.0   9.0    60     6    48.0   5.0  1.626  0.2391       50   0.14
  F00627    F   16   30/STD   406.4   9.53  42.6   85.0   8.0   9.0   120     6    48.0   5.0  1.626  0.2391       99   0.28
  F00628    F   16   30/STD   406.4   9.53  42.6   85.0   8.0   9.0   180     6    48.0   5.0  1.626  0.2391      149   0.41
  F00629    F   16   30/STD   406.4   9.53  42.6   85.0   8.0   9.0   240     6    48.0   5.0  1.626  0.2391      198   0.55
  F00630    F   16   30/STD   406.4   9.53  42.6   85.0  10.0   9.0    60     6    60.0   5.0  1.626  0.2391       50   0.14
  F00631    F   16   30/STD   406.4   9.53  42.6   85.0  10.0   9.0   120     6    60.0   5.0  1.626  0.2391       99   0.28
  F00632    F   16   30/STD   406.4   9.53  42.6   85.0  10.0   9.0   180     6    60.0   5.0  1.626  0.2391      149   0.41
  F00633    F   16   30/STD   406.4   9.53  42.6   85.0  10.0   9.0   240     6    60.0   5.0  1.626  0.2391      198   0.55
  F00634    F   16   30/STD   406.4   9.53  42.6   85.0  12.0   9.0    60     6    72.0   5.0  1.626  0.2391       50   0.14
  F00635    F   16   30/STD   406.4   9.53  42.6   85.0  12.0   9.0   120     6    72.0   5.0  1.626  0.2391       99   0.28
  F00636    F   16   30/STD   406.4   9.53  42.6   85.0  12.0   9.0   180     6    72.0   5.0  1.626  0.2391      149   0.41
  F00637    F   16   30/STD   406.4   9.53  42.6   85.0  12.0   9.0   240     6    72.0   5.0  1.626  0.2391      198   0.55
  F00638    F   16   30/STD   406.4   9.53  42.6  100.0   4.0   9.0    60    10    40.0   5.0  1.626  0.2032       50   0.14
  F00639    F   16   30/STD   406.4   9.53  42.6  100.0   4.0   9.0   120    10    40.0   5.0  1.626  0.2032       99   0.28
  F00640    F   16   30/STD   406.4   9.53  42.6  100.0   4.0   9.0   180    10    40.0   5.0  1.626  0.2032      149   0.41
  F00641    F   16   30/STD   406.4   9.53  42.6  100.0   4.0   9.0   240    10    40.0   5.0  1.626  0.2032      198   0.55
  F00642    F   16   30/STD   406.4   9.53  42.6  100.0   6.0   9.0    60     7    42.0   5.0  1.626  0.2032       50   0.14
  F00643    F   16   30/STD   406.4   9.53  42.6  100.0   6.0   9.0   120     7    42.0   5.0  1.626  0.2032       99   0.28
  F00644    F   16   30/STD   406.4   9.53  42.6  100.0   6.0   9.0   180     7    42.0   5.0  1.626  0.2032      149   0.41
  F00645    F   16   30/STD   406.4   9.53  42.6  100.0   6.0   9.0   240     7    42.0   5.0  1.626  0.2032      198   0.55
  F00646    F   16   30/STD   406.4   9.53  42.6  100.0   8.0   9.0    60     6    48.0   5.0  1.626  0.2032       50   0.14
  F00647    F   16   30/STD   406.4   9.53  42.6  100.0   8.0   9.0   120     6    48.0   5.0  1.626  0.2032       99   0.28
  F00648    F   16   30/STD   406.4   9.53  42.6  100.0   8.0   9.0   180     6    48.0   5.0  1.626  0.2032      149   0.41
  F00649    F   16   30/STD   406.4   9.53  42.6  100.0   8.0   9.0   240     6    48.0   5.0  1.626  0.2032      198   0.55
  F00650    F   16   30/STD   406.4   9.53  42.6  100.0  10.0   9.0    60     6    60.0   5.0  1.626  0.2032       50   0.14
  F00651    F   16   30/STD   406.4   9.53  42.6  100.0  10.0   9.0   120     6    60.0   5.0  1.626  0.2032       99   0.28
  F00652    F   16   30/STD   406.4   9.53  42.6  100.0  10.0   9.0   180     6    60.0   5.0  1.626  0.2032      149   0.41
  F00653    F   16   30/STD   406.4   9.53  42.6  100.0  10.0   9.0   240     6    60.0   5.0  1.626  0.2032      198   0.55
  F00654    F   16   30/STD   406.4   9.53  42.6  100.0  12.0   9.0    60     6    72.0   5.0  1.626  0.2032       50   0.14
  F00655    F   16   30/STD   406.4   9.53  42.6  100.0  12.0   9.0   120     6    72.0   5.0  1.626  0.2032       99   0.28
  F00656    F   16   30/STD   406.4   9.53  42.6  100.0  12.0   9.0   180     6    72.0   5.0  1.626  0.2032      149   0.41
  F00657    F   16   30/STD   406.4   9.53  42.6  100.0  12.0   9.0   240     6    72.0   5.0  1.626  0.2032      198   0.55
  F00658    F   16   30/STD   406.4   9.53  42.6  115.0   4.0   9.0    60    10    40.0   5.0  1.626  0.1767       50   0.14
  F00659    F   16   30/STD   406.4   9.53  42.6  115.0   4.0   9.0   120    10    40.0   5.0  1.626  0.1767       99   0.28
  F00660    F   16   30/STD   406.4   9.53  42.6  115.0   4.0   9.0   180    10    40.0   5.0  1.626  0.1767      149   0.41
  F00661    F   16   30/STD   406.4   9.53  42.6  115.0   4.0   9.0   240    10    40.0   5.0  1.626  0.1767      198   0.55
  F00662    F   16   30/STD   406.4   9.53  42.6  115.0   6.0   9.0    60     7    42.0   5.0  1.626  0.1767       50   0.14
  F00663    F   16   30/STD   406.4   9.53  42.6  115.0   6.0   9.0   120     7    42.0   5.0  1.626  0.1767       99   0.28
  F00664    F   16   30/STD   406.4   9.53  42.6  115.0   6.0   9.0   180     7    42.0   5.0  1.626  0.1767      149   0.41
  F00665    F   16   30/STD   406.4   9.53  42.6  115.0   6.0   9.0   240     7    42.0   5.0  1.626  0.1767      198   0.55
  F00666    F   16   30/STD   406.4   9.53  42.6  115.0   8.0   9.0    60     6    48.0   5.0  1.626  0.1767       50   0.14
  F00667    F   16   30/STD   406.4   9.53  42.6  115.0   8.0   9.0   120     6    48.0   5.0  1.626  0.1767       99   0.28
  F00668    F   16   30/STD   406.4   9.53  42.6  115.0   8.0   9.0   180     6    48.0   5.0  1.626  0.1767      149   0.41
  F00669    F   16   30/STD   406.4   9.53  42.6  115.0   8.0   9.0   240     6    48.0   5.0  1.626  0.1767      198   0.55
  F00670    F   16   30/STD   406.4   9.53  42.6  115.0  10.0   9.0    60     6    60.0   5.0  1.626  0.1767       50   0.14
  F00671    F   16   30/STD   406.4   9.53  42.6  115.0  10.0   9.0   120     6    60.0   5.0  1.626  0.1767       99   0.28
  F00672    F   16   30/STD   406.4   9.53  42.6  115.0  10.0   9.0   180     6    60.0   5.0  1.626  0.1767      149   0.41
  F00673    F   16   30/STD   406.4   9.53  42.6  115.0  10.0   9.0   240     6    60.0   5.0  1.626  0.1767      198   0.55
  F00674    F   16   30/STD   406.4   9.53  42.6  115.0  12.0   9.0    60     6    72.0   5.0  1.626  0.1767       50   0.14
  F00675    F   16   30/STD   406.4   9.53  42.6  115.0  12.0   9.0   120     6    72.0   5.0  1.626  0.1767       99   0.28
  F00676    F   16   30/STD   406.4   9.53  42.6  115.0  12.0   9.0   180     6    72.0   5.0  1.626  0.1767      149   0.41
  F00677    F   16   30/STD   406.4   9.53  42.6  115.0  12.0   9.0   240     6    72.0   5.0  1.626  0.1767      198   0.55
  F00678    F   16   30/STD   406.4   9.53  42.6  130.0   4.0   9.0    60    10    40.0   5.0  1.626  0.1563       50   0.14
  F00679    F   16   30/STD   406.4   9.53  42.6  130.0   4.0   9.0   120    10    40.0   5.0  1.626  0.1563       99   0.28
  F00680    F   16   30/STD   406.4   9.53  42.6  130.0   4.0   9.0   180    10    40.0   5.0  1.626  0.1563      149   0.41
  F00681    F   16   30/STD   406.4   9.53  42.6  130.0   4.0   9.0   240    10    40.0   5.0  1.626  0.1563      198   0.55
  F00682    F   16   30/STD   406.4   9.53  42.6  130.0   6.0   9.0    60     7    42.0   5.0  1.626  0.1563       50   0.14
  F00683    F   16   30/STD   406.4   9.53  42.6  130.0   6.0   9.0   120     7    42.0   5.0  1.626  0.1563       99   0.28
  F00684    F   16   30/STD   406.4   9.53  42.6  130.0   6.0   9.0   180     7    42.0   5.0  1.626  0.1563      149   0.41
  F00685    F   16   30/STD   406.4   9.53  42.6  130.0   6.0   9.0   240     7    42.0   5.0  1.626  0.1563      198   0.55
  F00686    F   16   30/STD   406.4   9.53  42.6  130.0   8.0   9.0    60     6    48.0   5.0  1.626  0.1563       50   0.14
  F00687    F   16   30/STD   406.4   9.53  42.6  130.0   8.0   9.0   120     6    48.0   5.0  1.626  0.1563       99   0.28
  F00688    F   16   30/STD   406.4   9.53  42.6  130.0   8.0   9.0   180     6    48.0   5.0  1.626  0.1563      149   0.41
  F00689    F   16   30/STD   406.4   9.53  42.6  130.0   8.0   9.0   240     6    48.0   5.0  1.626  0.1563      198   0.55
  F00690    F   16   30/STD   406.4   9.53  42.6  130.0  10.0   9.0    60     6    60.0   5.0  1.626  0.1563       50   0.14
  F00691    F   16   30/STD   406.4   9.53  42.6  130.0  10.0   9.0   120     6    60.0   5.0  1.626  0.1563       99   0.28
  F00692    F   16   30/STD   406.4   9.53  42.6  130.0  10.0   9.0   180     6    60.0   5.0  1.626  0.1563      149   0.41
  F00693    F   16   30/STD   406.4   9.53  42.6  130.0  10.0   9.0   240     6    60.0   5.0  1.626  0.1563      198   0.55
  F00694    F   16   30/STD   406.4   9.53  42.6  130.0  12.0   9.0    60     6    72.0   5.0  1.626  0.1563       50   0.14
  F00695    F   16   30/STD   406.4   9.53  42.6  130.0  12.0   9.0   120     6    72.0   5.0  1.626  0.1563       99   0.28
  F00696    F   16   30/STD   406.4   9.53  42.6  130.0  12.0   9.0   180     6    72.0   5.0  1.626  0.1563      149   0.41
  F00697    F   16   30/STD   406.4   9.53  42.6  130.0  12.0   9.0   240     6    72.0   5.0  1.626  0.1563      198   0.55
  F00698    F   16   30/STD   406.4   9.53  42.6  145.0   4.0   9.0    60    10    40.0   5.0  1.626  0.1401       50   0.14
  F00699    F   16   30/STD   406.4   9.53  42.6  145.0   4.0   9.0   120    10    40.0   5.0  1.626  0.1401       99   0.28
  F00700    F   16   30/STD   406.4   9.53  42.6  145.0   4.0   9.0   180    10    40.0   5.0  1.626  0.1401      149   0.41
  F00701    F   16   30/STD   406.4   9.53  42.6  145.0   4.0   9.0   240    10    40.0   5.0  1.626  0.1401      198   0.55
  F00702    F   16   30/STD   406.4   9.53  42.6  145.0   6.0   9.0    60     7    42.0   5.0  1.626  0.1401       50   0.14
  F00703    F   16   30/STD   406.4   9.53  42.6  145.0   6.0   9.0   120     7    42.0   5.0  1.626  0.1401       99   0.28
  F00704    F   16   30/STD   406.4   9.53  42.6  145.0   6.0   9.0   180     7    42.0   5.0  1.626  0.1401      149   0.41
  F00705    F   16   30/STD   406.4   9.53  42.6  145.0   6.0   9.0   240     7    42.0   5.0  1.626  0.1401      198   0.55
  F00706    F   16   30/STD   406.4   9.53  42.6  145.0   8.0   9.0    60     6    48.0   5.0  1.626  0.1401       50   0.14
  F00707    F   16   30/STD   406.4   9.53  42.6  145.0   8.0   9.0   120     6    48.0   5.0  1.626  0.1401       99   0.28
  F00708    F   16   30/STD   406.4   9.53  42.6  145.0   8.0   9.0   180     6    48.0   5.0  1.626  0.1401      149   0.41
  F00709    F   16   30/STD   406.4   9.53  42.6  145.0   8.0   9.0   240     6    48.0   5.0  1.626  0.1401      198   0.55
  F00710    F   16   30/STD   406.4   9.53  42.6  145.0  10.0   9.0    60     6    60.0   5.0  1.626  0.1401       50   0.14
  F00711    F   16   30/STD   406.4   9.53  42.6  145.0  10.0   9.0   120     6    60.0   5.0  1.626  0.1401       99   0.28
  F00712    F   16   30/STD   406.4   9.53  42.6  145.0  10.0   9.0   180     6    60.0   5.0  1.626  0.1401      149   0.41
  F00713    F   16   30/STD   406.4   9.53  42.6  145.0  10.0   9.0   240     6    60.0   5.0  1.626  0.1401      198   0.55
  F00714    F   16   30/STD   406.4   9.53  42.6  145.0  12.0   9.0    60     6    72.0   5.0  1.626  0.1401       50   0.14
  F00715    F   16   30/STD   406.4   9.53  42.6  145.0  12.0   9.0   120     6    72.0   5.0  1.626  0.1401       99   0.28
  F00716    F   16   30/STD   406.4   9.53  42.6  145.0  12.0   9.0   180     6    72.0   5.0  1.626  0.1401      149   0.41
  F00717    F   16   30/STD   406.4   9.53  42.6  145.0  12.0   9.0   240     6    72.0   5.0  1.626  0.1401      198   0.55
  F00718    F   16    40/XS   406.4  12.70  32.0   85.0   4.0   9.0    60    10    40.0   5.0  1.626  0.2391       37   0.10
  F00719    F   16    40/XS   406.4  12.70  32.0   85.0   4.0   9.0   120    10    40.0   5.0  1.626  0.2391       75   0.21
  F00720    F   16    40/XS   406.4  12.70  32.0   85.0   4.0   9.0   180    10    40.0   5.0  1.626  0.2391      112   0.31
  F00721    F   16    40/XS   406.4  12.70  32.0   85.0   4.0   9.0   240    10    40.0   5.0  1.626  0.2391      150   0.42
  F00722    F   16    40/XS   406.4  12.70  32.0   85.0   6.0   9.0    60     7    42.0   5.0  1.626  0.2391       37   0.10
  F00723    F   16    40/XS   406.4  12.70  32.0   85.0   6.0   9.0   120     7    42.0   5.0  1.626  0.2391       75   0.21
  F00724    F   16    40/XS   406.4  12.70  32.0   85.0   6.0   9.0   180     7    42.0   5.0  1.626  0.2391      112   0.31
  F00725    F   16    40/XS   406.4  12.70  32.0   85.0   6.0   9.0   240     7    42.0   5.0  1.626  0.2391      150   0.42
  F00726    F   16    40/XS   406.4  12.70  32.0   85.0   8.0   9.0    60     6    48.0   5.0  1.626  0.2391       37   0.10
  F00727    F   16    40/XS   406.4  12.70  32.0   85.0   8.0   9.0   120     6    48.0   5.0  1.626  0.2391       75   0.21
  F00728    F   16    40/XS   406.4  12.70  32.0   85.0   8.0   9.0   180     6    48.0   5.0  1.626  0.2391      112   0.31
  F00729    F   16    40/XS   406.4  12.70  32.0   85.0   8.0   9.0   240     6    48.0   5.0  1.626  0.2391      150   0.42
  F00730    F   16    40/XS   406.4  12.70  32.0   85.0  10.0   9.0    60     6    60.0   5.0  1.626  0.2391       37   0.10
  F00731    F   16    40/XS   406.4  12.70  32.0   85.0  10.0   9.0   120     6    60.0   5.0  1.626  0.2391       75   0.21
  F00732    F   16    40/XS   406.4  12.70  32.0   85.0  10.0   9.0   180     6    60.0   5.0  1.626  0.2391      112   0.31
  F00733    F   16    40/XS   406.4  12.70  32.0   85.0  10.0   9.0   240     6    60.0   5.0  1.626  0.2391      150   0.42
  F00734    F   16    40/XS   406.4  12.70  32.0   85.0  12.0   9.0    60     6    72.0   5.0  1.626  0.2391       37   0.10
  F00735    F   16    40/XS   406.4  12.70  32.0   85.0  12.0   9.0   120     6    72.0   5.0  1.626  0.2391       75   0.21
  F00736    F   16    40/XS   406.4  12.70  32.0   85.0  12.0   9.0   180     6    72.0   5.0  1.626  0.2391      112   0.31
  F00737    F   16    40/XS   406.4  12.70  32.0   85.0  12.0   9.0   240     6    72.0   5.0  1.626  0.2391      150   0.42
  F00738    F   16    40/XS   406.4  12.70  32.0  100.0   4.0   9.0    60    10    40.0   5.0  1.626  0.2032       37   0.10
  F00739    F   16    40/XS   406.4  12.70  32.0  100.0   4.0   9.0   120    10    40.0   5.0  1.626  0.2032       75   0.21
  F00740    F   16    40/XS   406.4  12.70  32.0  100.0   4.0   9.0   180    10    40.0   5.0  1.626  0.2032      112   0.31
  F00741    F   16    40/XS   406.4  12.70  32.0  100.0   4.0   9.0   240    10    40.0   5.0  1.626  0.2032      150   0.42
  F00742    F   16    40/XS   406.4  12.70  32.0  100.0   6.0   9.0    60     7    42.0   5.0  1.626  0.2032       37   0.10
  F00743    F   16    40/XS   406.4  12.70  32.0  100.0   6.0   9.0   120     7    42.0   5.0  1.626  0.2032       75   0.21
  F00744    F   16    40/XS   406.4  12.70  32.0  100.0   6.0   9.0   180     7    42.0   5.0  1.626  0.2032      112   0.31
  F00745    F   16    40/XS   406.4  12.70  32.0  100.0   6.0   9.0   240     7    42.0   5.0  1.626  0.2032      150   0.42
  F00746    F   16    40/XS   406.4  12.70  32.0  100.0   8.0   9.0    60     6    48.0   5.0  1.626  0.2032       37   0.10
  F00747    F   16    40/XS   406.4  12.70  32.0  100.0   8.0   9.0   120     6    48.0   5.0  1.626  0.2032       75   0.21
  F00748    F   16    40/XS   406.4  12.70  32.0  100.0   8.0   9.0   180     6    48.0   5.0  1.626  0.2032      112   0.31
  F00749    F   16    40/XS   406.4  12.70  32.0  100.0   8.0   9.0   240     6    48.0   5.0  1.626  0.2032      150   0.42
  F00750    F   16    40/XS   406.4  12.70  32.0  100.0  10.0   9.0    60     6    60.0   5.0  1.626  0.2032       37   0.10
  F00751    F   16    40/XS   406.4  12.70  32.0  100.0  10.0   9.0   120     6    60.0   5.0  1.626  0.2032       75   0.21
  F00752    F   16    40/XS   406.4  12.70  32.0  100.0  10.0   9.0   180     6    60.0   5.0  1.626  0.2032      112   0.31
  F00753    F   16    40/XS   406.4  12.70  32.0  100.0  10.0   9.0   240     6    60.0   5.0  1.626  0.2032      150   0.42
  F00754    F   16    40/XS   406.4  12.70  32.0  100.0  12.0   9.0    60     6    72.0   5.0  1.626  0.2032       37   0.10
  F00755    F   16    40/XS   406.4  12.70  32.0  100.0  12.0   9.0   120     6    72.0   5.0  1.626  0.2032       75   0.21
  F00756    F   16    40/XS   406.4  12.70  32.0  100.0  12.0   9.0   180     6    72.0   5.0  1.626  0.2032      112   0.31
  F00757    F   16    40/XS   406.4  12.70  32.0  100.0  12.0   9.0   240     6    72.0   5.0  1.626  0.2032      150   0.42
  F00758    F   16    40/XS   406.4  12.70  32.0  115.0   4.0   9.0    60    10    40.0   5.0  1.626  0.1767       37   0.10
  F00759    F   16    40/XS   406.4  12.70  32.0  115.0   4.0   9.0   120    10    40.0   5.0  1.626  0.1767       75   0.21
  F00760    F   16    40/XS   406.4  12.70  32.0  115.0   4.0   9.0   180    10    40.0   5.0  1.626  0.1767      112   0.31
  F00761    F   16    40/XS   406.4  12.70  32.0  115.0   4.0   9.0   240    10    40.0   5.0  1.626  0.1767      150   0.42
  F00762    F   16    40/XS   406.4  12.70  32.0  115.0   6.0   9.0    60     7    42.0   5.0  1.626  0.1767       37   0.10
  F00763    F   16    40/XS   406.4  12.70  32.0  115.0   6.0   9.0   120     7    42.0   5.0  1.626  0.1767       75   0.21
  F00764    F   16    40/XS   406.4  12.70  32.0  115.0   6.0   9.0   180     7    42.0   5.0  1.626  0.1767      112   0.31
  F00765    F   16    40/XS   406.4  12.70  32.0  115.0   6.0   9.0   240     7    42.0   5.0  1.626  0.1767      150   0.42
  F00766    F   16    40/XS   406.4  12.70  32.0  115.0   8.0   9.0    60     6    48.0   5.0  1.626  0.1767       37   0.10
  F00767    F   16    40/XS   406.4  12.70  32.0  115.0   8.0   9.0   120     6    48.0   5.0  1.626  0.1767       75   0.21
  F00768    F   16    40/XS   406.4  12.70  32.0  115.0   8.0   9.0   180     6    48.0   5.0  1.626  0.1767      112   0.31
  F00769    F   16    40/XS   406.4  12.70  32.0  115.0   8.0   9.0   240     6    48.0   5.0  1.626  0.1767      150   0.42
  F00770    F   16    40/XS   406.4  12.70  32.0  115.0  10.0   9.0    60     6    60.0   5.0  1.626  0.1767       37   0.10
  F00771    F   16    40/XS   406.4  12.70  32.0  115.0  10.0   9.0   120     6    60.0   5.0  1.626  0.1767       75   0.21
  F00772    F   16    40/XS   406.4  12.70  32.0  115.0  10.0   9.0   180     6    60.0   5.0  1.626  0.1767      112   0.31
  F00773    F   16    40/XS   406.4  12.70  32.0  115.0  10.0   9.0   240     6    60.0   5.0  1.626  0.1767      150   0.42
  F00774    F   16    40/XS   406.4  12.70  32.0  115.0  12.0   9.0    60     6    72.0   5.0  1.626  0.1767       37   0.10
  F00775    F   16    40/XS   406.4  12.70  32.0  115.0  12.0   9.0   120     6    72.0   5.0  1.626  0.1767       75   0.21
  F00776    F   16    40/XS   406.4  12.70  32.0  115.0  12.0   9.0   180     6    72.0   5.0  1.626  0.1767      112   0.31
  F00777    F   16    40/XS   406.4  12.70  32.0  115.0  12.0   9.0   240     6    72.0   5.0  1.626  0.1767      150   0.42
  F00778    F   16    40/XS   406.4  12.70  32.0  130.0   4.0   9.0    60    10    40.0   5.0  1.626  0.1563       37   0.10
  F00779    F   16    40/XS   406.4  12.70  32.0  130.0   4.0   9.0   120    10    40.0   5.0  1.626  0.1563       75   0.21
  F00780    F   16    40/XS   406.4  12.70  32.0  130.0   4.0   9.0   180    10    40.0   5.0  1.626  0.1563      112   0.31
  F00781    F   16    40/XS   406.4  12.70  32.0  130.0   4.0   9.0   240    10    40.0   5.0  1.626  0.1563      150   0.42
  F00782    F   16    40/XS   406.4  12.70  32.0  130.0   6.0   9.0    60     7    42.0   5.0  1.626  0.1563       37   0.10
  F00783    F   16    40/XS   406.4  12.70  32.0  130.0   6.0   9.0   120     7    42.0   5.0  1.626  0.1563       75   0.21
  F00784    F   16    40/XS   406.4  12.70  32.0  130.0   6.0   9.0   180     7    42.0   5.0  1.626  0.1563      112   0.31
  F00785    F   16    40/XS   406.4  12.70  32.0  130.0   6.0   9.0   240     7    42.0   5.0  1.626  0.1563      150   0.42
  F00786    F   16    40/XS   406.4  12.70  32.0  130.0   8.0   9.0    60     6    48.0   5.0  1.626  0.1563       37   0.10
  F00787    F   16    40/XS   406.4  12.70  32.0  130.0   8.0   9.0   120     6    48.0   5.0  1.626  0.1563       75   0.21
  F00788    F   16    40/XS   406.4  12.70  32.0  130.0   8.0   9.0   180     6    48.0   5.0  1.626  0.1563      112   0.31
  F00789    F   16    40/XS   406.4  12.70  32.0  130.0   8.0   9.0   240     6    48.0   5.0  1.626  0.1563      150   0.42
  F00790    F   16    40/XS   406.4  12.70  32.0  130.0  10.0   9.0    60     6    60.0   5.0  1.626  0.1563       37   0.10
  F00791    F   16    40/XS   406.4  12.70  32.0  130.0  10.0   9.0   120     6    60.0   5.0  1.626  0.1563       75   0.21
  F00792    F   16    40/XS   406.4  12.70  32.0  130.0  10.0   9.0   180     6    60.0   5.0  1.626  0.1563      112   0.31
  F00793    F   16    40/XS   406.4  12.70  32.0  130.0  10.0   9.0   240     6    60.0   5.0  1.626  0.1563      150   0.42
  F00794    F   16    40/XS   406.4  12.70  32.0  130.0  12.0   9.0    60     6    72.0   5.0  1.626  0.1563       37   0.10
  F00795    F   16    40/XS   406.4  12.70  32.0  130.0  12.0   9.0   120     6    72.0   5.0  1.626  0.1563       75   0.21
  F00796    F   16    40/XS   406.4  12.70  32.0  130.0  12.0   9.0   180     6    72.0   5.0  1.626  0.1563      112   0.31
  F00797    F   16    40/XS   406.4  12.70  32.0  130.0  12.0   9.0   240     6    72.0   5.0  1.626  0.1563      150   0.42
  F00798    F   16    40/XS   406.4  12.70  32.0  145.0   4.0   9.0    60    10    40.0   5.0  1.626  0.1401       37   0.10
  F00799    F   16    40/XS   406.4  12.70  32.0  145.0   4.0   9.0   120    10    40.0   5.0  1.626  0.1401       75   0.21
  F00800    F   16    40/XS   406.4  12.70  32.0  145.0   4.0   9.0   180    10    40.0   5.0  1.626  0.1401      112   0.31
  F00801    F   16    40/XS   406.4  12.70  32.0  145.0   4.0   9.0   240    10    40.0   5.0  1.626  0.1401      150   0.42
  F00802    F   16    40/XS   406.4  12.70  32.0  145.0   6.0   9.0    60     7    42.0   5.0  1.626  0.1401       37   0.10
  F00803    F   16    40/XS   406.4  12.70  32.0  145.0   6.0   9.0   120     7    42.0   5.0  1.626  0.1401       75   0.21
  F00804    F   16    40/XS   406.4  12.70  32.0  145.0   6.0   9.0   180     7    42.0   5.0  1.626  0.1401      112   0.31
  F00805    F   16    40/XS   406.4  12.70  32.0  145.0   6.0   9.0   240     7    42.0   5.0  1.626  0.1401      150   0.42
  F00806    F   16    40/XS   406.4  12.70  32.0  145.0   8.0   9.0    60     6    48.0   5.0  1.626  0.1401       37   0.10
  F00807    F   16    40/XS   406.4  12.70  32.0  145.0   8.0   9.0   120     6    48.0   5.0  1.626  0.1401       75   0.21
  F00808    F   16    40/XS   406.4  12.70  32.0  145.0   8.0   9.0   180     6    48.0   5.0  1.626  0.1401      112   0.31
  F00809    F   16    40/XS   406.4  12.70  32.0  145.0   8.0   9.0   240     6    48.0   5.0  1.626  0.1401      150   0.42
  F00810    F   16    40/XS   406.4  12.70  32.0  145.0  10.0   9.0    60     6    60.0   5.0  1.626  0.1401       37   0.10
  F00811    F   16    40/XS   406.4  12.70  32.0  145.0  10.0   9.0   120     6    60.0   5.0  1.626  0.1401       75   0.21
  F00812    F   16    40/XS   406.4  12.70  32.0  145.0  10.0   9.0   180     6    60.0   5.0  1.626  0.1401      112   0.31
  F00813    F   16    40/XS   406.4  12.70  32.0  145.0  10.0   9.0   240     6    60.0   5.0  1.626  0.1401      150   0.42
  F00814    F   16    40/XS   406.4  12.70  32.0  145.0  12.0   9.0    60     6    72.0   5.0  1.626  0.1401       37   0.10
  F00815    F   16    40/XS   406.4  12.70  32.0  145.0  12.0   9.0   120     6    72.0   5.0  1.626  0.1401       75   0.21
  F00816    F   16    40/XS   406.4  12.70  32.0  145.0  12.0   9.0   180     6    72.0   5.0  1.626  0.1401      112   0.31
  F00817    F   16    40/XS   406.4  12.70  32.0  145.0  12.0   9.0   240     6    72.0   5.0  1.626  0.1401      150   0.42
  F00818    F   16       80   406.4  21.44  19.0   85.0   4.0   9.0    60    10    40.0   5.0  1.626  0.2391       23   0.06
  F00819    F   16       80   406.4  21.44  19.0   85.0   4.0   9.0   120    10    40.0   5.0  1.626  0.2391       45   0.13
  F00820    F   16       80   406.4  21.44  19.0   85.0   4.0   9.0   180    10    40.0   5.0  1.626  0.2391       68   0.19
  F00821    F   16       80   406.4  21.44  19.0   85.0   4.0   9.0   240    10    40.0   5.0  1.626  0.2391       91   0.25
  F00822    F   16       80   406.4  21.44  19.0   85.0   6.0   9.0    60     7    42.0   5.0  1.626  0.2391       23   0.06
  F00823    F   16       80   406.4  21.44  19.0   85.0   6.0   9.0   120     7    42.0   5.0  1.626  0.2391       45   0.13
  F00824    F   16       80   406.4  21.44  19.0   85.0   6.0   9.0   180     7    42.0   5.0  1.626  0.2391       68   0.19
  F00825    F   16       80   406.4  21.44  19.0   85.0   6.0   9.0   240     7    42.0   5.0  1.626  0.2391       91   0.25
  F00826    F   16       80   406.4  21.44  19.0   85.0   8.0   9.0    60     6    48.0   5.0  1.626  0.2391       23   0.06
  F00827    F   16       80   406.4  21.44  19.0   85.0   8.0   9.0   120     6    48.0   5.0  1.626  0.2391       45   0.13
  F00828    F   16       80   406.4  21.44  19.0   85.0   8.0   9.0   180     6    48.0   5.0  1.626  0.2391       68   0.19
  F00829    F   16       80   406.4  21.44  19.0   85.0   8.0   9.0   240     6    48.0   5.0  1.626  0.2391       91   0.25
  F00830    F   16       80   406.4  21.44  19.0   85.0  10.0   9.0    60     6    60.0   5.0  1.626  0.2391       23   0.06
  F00831    F   16       80   406.4  21.44  19.0   85.0  10.0   9.0   120     6    60.0   5.0  1.626  0.2391       45   0.13
  F00832    F   16       80   406.4  21.44  19.0   85.0  10.0   9.0   180     6    60.0   5.0  1.626  0.2391       68   0.19
  F00833    F   16       80   406.4  21.44  19.0   85.0  10.0   9.0   240     6    60.0   5.0  1.626  0.2391       91   0.25
  F00834    F   16       80   406.4  21.44  19.0   85.0  12.0   9.0    60     6    72.0   5.0  1.626  0.2391       23   0.06
  F00835    F   16       80   406.4  21.44  19.0   85.0  12.0   9.0   120     6    72.0   5.0  1.626  0.2391       45   0.13
  F00836    F   16       80   406.4  21.44  19.0   85.0  12.0   9.0   180     6    72.0   5.0  1.626  0.2391       68   0.19
  F00837    F   16       80   406.4  21.44  19.0   85.0  12.0   9.0   240     6    72.0   5.0  1.626  0.2391       91   0.25
  F00838    F   16       80   406.4  21.44  19.0  100.0   4.0   9.0    60    10    40.0   5.0  1.626  0.2032       23   0.06
  F00839    F   16       80   406.4  21.44  19.0  100.0   4.0   9.0   120    10    40.0   5.0  1.626  0.2032       45   0.13
  F00840    F   16       80   406.4  21.44  19.0  100.0   4.0   9.0   180    10    40.0   5.0  1.626  0.2032       68   0.19
  F00841    F   16       80   406.4  21.44  19.0  100.0   4.0   9.0   240    10    40.0   5.0  1.626  0.2032       91   0.25
  F00842    F   16       80   406.4  21.44  19.0  100.0   6.0   9.0    60     7    42.0   5.0  1.626  0.2032       23   0.06
  F00843    F   16       80   406.4  21.44  19.0  100.0   6.0   9.0   120     7    42.0   5.0  1.626  0.2032       45   0.13
  F00844    F   16       80   406.4  21.44  19.0  100.0   6.0   9.0   180     7    42.0   5.0  1.626  0.2032       68   0.19
  F00845    F   16       80   406.4  21.44  19.0  100.0   6.0   9.0   240     7    42.0   5.0  1.626  0.2032       91   0.25
  F00846    F   16       80   406.4  21.44  19.0  100.0   8.0   9.0    60     6    48.0   5.0  1.626  0.2032       23   0.06
  F00847    F   16       80   406.4  21.44  19.0  100.0   8.0   9.0   120     6    48.0   5.0  1.626  0.2032       45   0.13
  F00848    F   16       80   406.4  21.44  19.0  100.0   8.0   9.0   180     6    48.0   5.0  1.626  0.2032       68   0.19
  F00849    F   16       80   406.4  21.44  19.0  100.0   8.0   9.0   240     6    48.0   5.0  1.626  0.2032       91   0.25
  F00850    F   16       80   406.4  21.44  19.0  100.0  10.0   9.0    60     6    60.0   5.0  1.626  0.2032       23   0.06
  F00851    F   16       80   406.4  21.44  19.0  100.0  10.0   9.0   120     6    60.0   5.0  1.626  0.2032       45   0.13
  F00852    F   16       80   406.4  21.44  19.0  100.0  10.0   9.0   180     6    60.0   5.0  1.626  0.2032       68   0.19
  F00853    F   16       80   406.4  21.44  19.0  100.0  10.0   9.0   240     6    60.0   5.0  1.626  0.2032       91   0.25
  F00854    F   16       80   406.4  21.44  19.0  100.0  12.0   9.0    60     6    72.0   5.0  1.626  0.2032       23   0.06
  F00855    F   16       80   406.4  21.44  19.0  100.0  12.0   9.0   120     6    72.0   5.0  1.626  0.2032       45   0.13
  F00856    F   16       80   406.4  21.44  19.0  100.0  12.0   9.0   180     6    72.0   5.0  1.626  0.2032       68   0.19
  F00857    F   16       80   406.4  21.44  19.0  100.0  12.0   9.0   240     6    72.0   5.0  1.626  0.2032       91   0.25
  F00858    F   16       80   406.4  21.44  19.0  115.0   4.0   9.0    60    10    40.0   5.0  1.626  0.1767       23   0.06
  F00859    F   16       80   406.4  21.44  19.0  115.0   4.0   9.0   120    10    40.0   5.0  1.626  0.1767       45   0.13
  F00860    F   16       80   406.4  21.44  19.0  115.0   4.0   9.0   180    10    40.0   5.0  1.626  0.1767       68   0.19
  F00861    F   16       80   406.4  21.44  19.0  115.0   4.0   9.0   240    10    40.0   5.0  1.626  0.1767       91   0.25
  F00862    F   16       80   406.4  21.44  19.0  115.0   6.0   9.0    60     7    42.0   5.0  1.626  0.1767       23   0.06
  F00863    F   16       80   406.4  21.44  19.0  115.0   6.0   9.0   120     7    42.0   5.0  1.626  0.1767       45   0.13
  F00864    F   16       80   406.4  21.44  19.0  115.0   6.0   9.0   180     7    42.0   5.0  1.626  0.1767       68   0.19
  F00865    F   16       80   406.4  21.44  19.0  115.0   6.0   9.0   240     7    42.0   5.0  1.626  0.1767       91   0.25
  F00866    F   16       80   406.4  21.44  19.0  115.0   8.0   9.0    60     6    48.0   5.0  1.626  0.1767       23   0.06
  F00867    F   16       80   406.4  21.44  19.0  115.0   8.0   9.0   120     6    48.0   5.0  1.626  0.1767       45   0.13
  F00868    F   16       80   406.4  21.44  19.0  115.0   8.0   9.0   180     6    48.0   5.0  1.626  0.1767       68   0.19
  F00869    F   16       80   406.4  21.44  19.0  115.0   8.0   9.0   240     6    48.0   5.0  1.626  0.1767       91   0.25
  F00870    F   16       80   406.4  21.44  19.0  115.0  10.0   9.0    60     6    60.0   5.0  1.626  0.1767       23   0.06
  F00871    F   16       80   406.4  21.44  19.0  115.0  10.0   9.0   120     6    60.0   5.0  1.626  0.1767       45   0.13
  F00872    F   16       80   406.4  21.44  19.0  115.0  10.0   9.0   180     6    60.0   5.0  1.626  0.1767       68   0.19
  F00873    F   16       80   406.4  21.44  19.0  115.0  10.0   9.0   240     6    60.0   5.0  1.626  0.1767       91   0.25
  F00874    F   16       80   406.4  21.44  19.0  115.0  12.0   9.0    60     6    72.0   5.0  1.626  0.1767       23   0.06
  F00875    F   16       80   406.4  21.44  19.0  115.0  12.0   9.0   120     6    72.0   5.0  1.626  0.1767       45   0.13
  F00876    F   16       80   406.4  21.44  19.0  115.0  12.0   9.0   180     6    72.0   5.0  1.626  0.1767       68   0.19
  F00877    F   16       80   406.4  21.44  19.0  115.0  12.0   9.0   240     6    72.0   5.0  1.626  0.1767       91   0.25
  F00878    F   16       80   406.4  21.44  19.0  130.0   4.0   9.0    60    10    40.0   5.0  1.626  0.1563       23   0.06
  F00879    F   16       80   406.4  21.44  19.0  130.0   4.0   9.0   120    10    40.0   5.0  1.626  0.1563       45   0.13
  F00880    F   16       80   406.4  21.44  19.0  130.0   4.0   9.0   180    10    40.0   5.0  1.626  0.1563       68   0.19
  F00881    F   16       80   406.4  21.44  19.0  130.0   4.0   9.0   240    10    40.0   5.0  1.626  0.1563       91   0.25
  F00882    F   16       80   406.4  21.44  19.0  130.0   6.0   9.0    60     7    42.0   5.0  1.626  0.1563       23   0.06
  F00883    F   16       80   406.4  21.44  19.0  130.0   6.0   9.0   120     7    42.0   5.0  1.626  0.1563       45   0.13
  F00884    F   16       80   406.4  21.44  19.0  130.0   6.0   9.0   180     7    42.0   5.0  1.626  0.1563       68   0.19
  F00885    F   16       80   406.4  21.44  19.0  130.0   6.0   9.0   240     7    42.0   5.0  1.626  0.1563       91   0.25
  F00886    F   16       80   406.4  21.44  19.0  130.0   8.0   9.0    60     6    48.0   5.0  1.626  0.1563       23   0.06
  F00887    F   16       80   406.4  21.44  19.0  130.0   8.0   9.0   120     6    48.0   5.0  1.626  0.1563       45   0.13
  F00888    F   16       80   406.4  21.44  19.0  130.0   8.0   9.0   180     6    48.0   5.0  1.626  0.1563       68   0.19
  F00889    F   16       80   406.4  21.44  19.0  130.0   8.0   9.0   240     6    48.0   5.0  1.626  0.1563       91   0.25
  F00890    F   16       80   406.4  21.44  19.0  130.0  10.0   9.0    60     6    60.0   5.0  1.626  0.1563       23   0.06
  F00891    F   16       80   406.4  21.44  19.0  130.0  10.0   9.0   120     6    60.0   5.0  1.626  0.1563       45   0.13
  F00892    F   16       80   406.4  21.44  19.0  130.0  10.0   9.0   180     6    60.0   5.0  1.626  0.1563       68   0.19
  F00893    F   16       80   406.4  21.44  19.0  130.0  10.0   9.0   240     6    60.0   5.0  1.626  0.1563       91   0.25
  F00894    F   16       80   406.4  21.44  19.0  130.0  12.0   9.0    60     6    72.0   5.0  1.626  0.1563       23   0.06
  F00895    F   16       80   406.4  21.44  19.0  130.0  12.0   9.0   120     6    72.0   5.0  1.626  0.1563       45   0.13
  F00896    F   16       80   406.4  21.44  19.0  130.0  12.0   9.0   180     6    72.0   5.0  1.626  0.1563       68   0.19
  F00897    F   16       80   406.4  21.44  19.0  130.0  12.0   9.0   240     6    72.0   5.0  1.626  0.1563       91   0.25
  F00898    F   16       80   406.4  21.44  19.0  145.0   4.0   9.0    60    10    40.0   5.0  1.626  0.1401       23   0.06
  F00899    F   16       80   406.4  21.44  19.0  145.0   4.0   9.0   120    10    40.0   5.0  1.626  0.1401       45   0.13
  F00900    F   16       80   406.4  21.44  19.0  145.0   4.0   9.0   180    10    40.0   5.0  1.626  0.1401       68   0.19
  F00901    F   16       80   406.4  21.44  19.0  145.0   4.0   9.0   240    10    40.0   5.0  1.626  0.1401       91   0.25
  F00902    F   16       80   406.4  21.44  19.0  145.0   6.0   9.0    60     7    42.0   5.0  1.626  0.1401       23   0.06
  F00903    F   16       80   406.4  21.44  19.0  145.0   6.0   9.0   120     7    42.0   5.0  1.626  0.1401       45   0.13
  F00904    F   16       80   406.4  21.44  19.0  145.0   6.0   9.0   180     7    42.0   5.0  1.626  0.1401       68   0.19
  F00905    F   16       80   406.4  21.44  19.0  145.0   6.0   9.0   240     7    42.0   5.0  1.626  0.1401       91   0.25
  F00906    F   16       80   406.4  21.44  19.0  145.0   8.0   9.0    60     6    48.0   5.0  1.626  0.1401       23   0.06
  F00907    F   16       80   406.4  21.44  19.0  145.0   8.0   9.0   120     6    48.0   5.0  1.626  0.1401       45   0.13
  F00908    F   16       80   406.4  21.44  19.0  145.0   8.0   9.0   180     6    48.0   5.0  1.626  0.1401       68   0.19
  F00909    F   16       80   406.4  21.44  19.0  145.0   8.0   9.0   240     6    48.0   5.0  1.626  0.1401       91   0.25
  F00910    F   16       80   406.4  21.44  19.0  145.0  10.0   9.0    60     6    60.0   5.0  1.626  0.1401       23   0.06
  F00911    F   16       80   406.4  21.44  19.0  145.0  10.0   9.0   120     6    60.0   5.0  1.626  0.1401       45   0.13
  F00912    F   16       80   406.4  21.44  19.0  145.0  10.0   9.0   180     6    60.0   5.0  1.626  0.1401       68   0.19
  F00913    F   16       80   406.4  21.44  19.0  145.0  10.0   9.0   240     6    60.0   5.0  1.626  0.1401       91   0.25
  F00914    F   16       80   406.4  21.44  19.0  145.0  12.0   9.0    60     6    72.0   5.0  1.626  0.1401       23   0.06
  F00915    F   16       80   406.4  21.44  19.0  145.0  12.0   9.0   120     6    72.0   5.0  1.626  0.1401       45   0.13
  F00916    F   16       80   406.4  21.44  19.0  145.0  12.0   9.0   180     6    72.0   5.0  1.626  0.1401       68   0.19
  F00917    F   16       80   406.4  21.44  19.0  145.0  12.0   9.0   240     6    72.0   5.0  1.626  0.1401       91   0.25
  F00918    F   24       30   609.6  14.27  42.7   85.0   4.0   9.0    60    10    40.0   5.0  2.000  0.3586       22   0.06
  F00919    F   24       30   609.6  14.27  42.7   85.0   4.0   9.0   120    10    40.0   5.0  2.000  0.3586       44   0.12
  F00920    F   24       30   609.6  14.27  42.7   85.0   4.0   9.0   180    10    40.0   5.0  2.000  0.3586       66   0.18
  F00921    F   24       30   609.6  14.27  42.7   85.0   4.0   9.0   240    10    40.0   5.0  2.000  0.3586       88   0.24
  F00922    F   24       30   609.6  14.27  42.7   85.0   6.0   9.0    60     7    42.0   5.0  2.438  0.3586       22   0.06
  F00923    F   24       30   609.6  14.27  42.7   85.0   6.0   9.0   120     7    42.0   5.0  2.438  0.3586       44   0.12
  F00924    F   24       30   609.6  14.27  42.7   85.0   6.0   9.0   180     7    42.0   5.0  2.438  0.3586       66   0.18
  F00925    F   24       30   609.6  14.27  42.7   85.0   6.0   9.0   240     7    42.0   5.0  2.438  0.3586       88   0.24
  F00926    F   24       30   609.6  14.27  42.7   85.0   8.0   9.0    60     6    48.0   5.0  2.438  0.3586       22   0.06
  F00927    F   24       30   609.6  14.27  42.7   85.0   8.0   9.0   120     6    48.0   5.0  2.438  0.3586       44   0.12
  F00928    F   24       30   609.6  14.27  42.7   85.0   8.0   9.0   180     6    48.0   5.0  2.438  0.3586       66   0.18
  F00929    F   24       30   609.6  14.27  42.7   85.0   8.0   9.0   240     6    48.0   5.0  2.438  0.3586       88   0.24
  F00930    F   24       30   609.6  14.27  42.7   85.0  10.0   9.0    60     6    60.0   5.0  2.438  0.3586       22   0.06
  F00931    F   24       30   609.6  14.27  42.7   85.0  10.0   9.0   120     6    60.0   5.0  2.438  0.3586       44   0.12
  F00932    F   24       30   609.6  14.27  42.7   85.0  10.0   9.0   180     6    60.0   5.0  2.438  0.3586       66   0.18
  F00933    F   24       30   609.6  14.27  42.7   85.0  10.0   9.0   240     6    60.0   5.0  2.438  0.3586       88   0.24
  F00934    F   24       30   609.6  14.27  42.7   85.0  12.0   9.0    60     6    72.0   5.0  2.438  0.3586       22   0.06
  F00935    F   24       30   609.6  14.27  42.7   85.0  12.0   9.0   120     6    72.0   5.0  2.438  0.3586       44   0.12
  F00936    F   24       30   609.6  14.27  42.7   85.0  12.0   9.0   180     6    72.0   5.0  2.438  0.3586       66   0.18
  F00937    F   24       30   609.6  14.27  42.7   85.0  12.0   9.0   240     6    72.0   5.0  2.438  0.3586       88   0.24
  F00938    F   24       30   609.6  14.27  42.7  100.0   4.0   9.0    60    10    40.0   5.0  2.000  0.3048       22   0.06
  F00939    F   24       30   609.6  14.27  42.7  100.0   4.0   9.0   120    10    40.0   5.0  2.000  0.3048       44   0.12
  F00940    F   24       30   609.6  14.27  42.7  100.0   4.0   9.0   180    10    40.0   5.0  2.000  0.3048       66   0.18
  F00941    F   24       30   609.6  14.27  42.7  100.0   4.0   9.0   240    10    40.0   5.0  2.000  0.3048       88   0.24
  F00942    F   24       30   609.6  14.27  42.7  100.0   6.0   9.0    60     7    42.0   5.0  2.438  0.3048       22   0.06
  F00943    F   24       30   609.6  14.27  42.7  100.0   6.0   9.0   120     7    42.0   5.0  2.438  0.3048       44   0.12
  F00944    F   24       30   609.6  14.27  42.7  100.0   6.0   9.0   180     7    42.0   5.0  2.438  0.3048       66   0.18
  F00945    F   24       30   609.6  14.27  42.7  100.0   6.0   9.0   240     7    42.0   5.0  2.438  0.3048       88   0.24
  F00946    F   24       30   609.6  14.27  42.7  100.0   8.0   9.0    60     6    48.0   5.0  2.438  0.3048       22   0.06
  F00947    F   24       30   609.6  14.27  42.7  100.0   8.0   9.0   120     6    48.0   5.0  2.438  0.3048       44   0.12
  F00948    F   24       30   609.6  14.27  42.7  100.0   8.0   9.0   180     6    48.0   5.0  2.438  0.3048       66   0.18
  F00949    F   24       30   609.6  14.27  42.7  100.0   8.0   9.0   240     6    48.0   5.0  2.438  0.3048       88   0.24
  F00950    F   24       30   609.6  14.27  42.7  100.0  10.0   9.0    60     6    60.0   5.0  2.438  0.3048       22   0.06
  F00951    F   24       30   609.6  14.27  42.7  100.0  10.0   9.0   120     6    60.0   5.0  2.438  0.3048       44   0.12
  F00952    F   24       30   609.6  14.27  42.7  100.0  10.0   9.0   180     6    60.0   5.0  2.438  0.3048       66   0.18
  F00953    F   24       30   609.6  14.27  42.7  100.0  10.0   9.0   240     6    60.0   5.0  2.438  0.3048       88   0.24
  F00954    F   24       30   609.6  14.27  42.7  100.0  12.0   9.0    60     6    72.0   5.0  2.438  0.3048       22   0.06
  F00955    F   24       30   609.6  14.27  42.7  100.0  12.0   9.0   120     6    72.0   5.0  2.438  0.3048       44   0.12
  F00956    F   24       30   609.6  14.27  42.7  100.0  12.0   9.0   180     6    72.0   5.0  2.438  0.3048       66   0.18
  F00957    F   24       30   609.6  14.27  42.7  100.0  12.0   9.0   240     6    72.0   5.0  2.438  0.3048       88   0.24
  F00958    F   24       30   609.6  14.27  42.7  115.0   4.0   9.0    60    10    40.0   5.0  2.000  0.2650       22   0.06
  F00959    F   24       30   609.6  14.27  42.7  115.0   4.0   9.0   120    10    40.0   5.0  2.000  0.2650       44   0.12
  F00960    F   24       30   609.6  14.27  42.7  115.0   4.0   9.0   180    10    40.0   5.0  2.000  0.2650       66   0.18
  F00961    F   24       30   609.6  14.27  42.7  115.0   4.0   9.0   240    10    40.0   5.0  2.000  0.2650       88   0.24
  F00962    F   24       30   609.6  14.27  42.7  115.0   6.0   9.0    60     7    42.0   5.0  2.438  0.2650       22   0.06
  F00963    F   24       30   609.6  14.27  42.7  115.0   6.0   9.0   120     7    42.0   5.0  2.438  0.2650       44   0.12
  F00964    F   24       30   609.6  14.27  42.7  115.0   6.0   9.0   180     7    42.0   5.0  2.438  0.2650       66   0.18
  F00965    F   24       30   609.6  14.27  42.7  115.0   6.0   9.0   240     7    42.0   5.0  2.438  0.2650       88   0.24
  F00966    F   24       30   609.6  14.27  42.7  115.0   8.0   9.0    60     6    48.0   5.0  2.438  0.2650       22   0.06
  F00967    F   24       30   609.6  14.27  42.7  115.0   8.0   9.0   120     6    48.0   5.0  2.438  0.2650       44   0.12
  F00968    F   24       30   609.6  14.27  42.7  115.0   8.0   9.0   180     6    48.0   5.0  2.438  0.2650       66   0.18
  F00969    F   24       30   609.6  14.27  42.7  115.0   8.0   9.0   240     6    48.0   5.0  2.438  0.2650       88   0.24
  F00970    F   24       30   609.6  14.27  42.7  115.0  10.0   9.0    60     6    60.0   5.0  2.438  0.2650       22   0.06
  F00971    F   24       30   609.6  14.27  42.7  115.0  10.0   9.0   120     6    60.0   5.0  2.438  0.2650       44   0.12
  F00972    F   24       30   609.6  14.27  42.7  115.0  10.0   9.0   180     6    60.0   5.0  2.438  0.2650       66   0.18
  F00973    F   24       30   609.6  14.27  42.7  115.0  10.0   9.0   240     6    60.0   5.0  2.438  0.2650       88   0.24
  F00974    F   24       30   609.6  14.27  42.7  115.0  12.0   9.0    60     6    72.0   5.0  2.438  0.2650       22   0.06
  F00975    F   24       30   609.6  14.27  42.7  115.0  12.0   9.0   120     6    72.0   5.0  2.438  0.2650       44   0.12
  F00976    F   24       30   609.6  14.27  42.7  115.0  12.0   9.0   180     6    72.0   5.0  2.438  0.2650       66   0.18
  F00977    F   24       30   609.6  14.27  42.7  115.0  12.0   9.0   240     6    72.0   5.0  2.438  0.2650       88   0.24
  F00978    F   24       30   609.6  14.27  42.7  130.0   4.0   9.0    60    10    40.0   5.0  2.000  0.2345       22   0.06
  F00979    F   24       30   609.6  14.27  42.7  130.0   4.0   9.0   120    10    40.0   5.0  2.000  0.2345       44   0.12
  F00980    F   24       30   609.6  14.27  42.7  130.0   4.0   9.0   180    10    40.0   5.0  2.000  0.2345       66   0.18
  F00981    F   24       30   609.6  14.27  42.7  130.0   4.0   9.0   240    10    40.0   5.0  2.000  0.2345       88   0.24
  F00982    F   24       30   609.6  14.27  42.7  130.0   6.0   9.0    60     7    42.0   5.0  2.438  0.2345       22   0.06
  F00983    F   24       30   609.6  14.27  42.7  130.0   6.0   9.0   120     7    42.0   5.0  2.438  0.2345       44   0.12
  F00984    F   24       30   609.6  14.27  42.7  130.0   6.0   9.0   180     7    42.0   5.0  2.438  0.2345       66   0.18
  F00985    F   24       30   609.6  14.27  42.7  130.0   6.0   9.0   240     7    42.0   5.0  2.438  0.2345       88   0.24
  F00986    F   24       30   609.6  14.27  42.7  130.0   8.0   9.0    60     6    48.0   5.0  2.438  0.2345       22   0.06
  F00987    F   24       30   609.6  14.27  42.7  130.0   8.0   9.0   120     6    48.0   5.0  2.438  0.2345       44   0.12
  F00988    F   24       30   609.6  14.27  42.7  130.0   8.0   9.0   180     6    48.0   5.0  2.438  0.2345       66   0.18
  F00989    F   24       30   609.6  14.27  42.7  130.0   8.0   9.0   240     6    48.0   5.0  2.438  0.2345       88   0.24
  F00990    F   24       30   609.6  14.27  42.7  130.0  10.0   9.0    60     6    60.0   5.0  2.438  0.2345       22   0.06
  F00991    F   24       30   609.6  14.27  42.7  130.0  10.0   9.0   120     6    60.0   5.0  2.438  0.2345       44   0.12
  F00992    F   24       30   609.6  14.27  42.7  130.0  10.0   9.0   180     6    60.0   5.0  2.438  0.2345       66   0.18
  F00993    F   24       30   609.6  14.27  42.7  130.0  10.0   9.0   240     6    60.0   5.0  2.438  0.2345       88   0.24
  F00994    F   24       30   609.6  14.27  42.7  130.0  12.0   9.0    60     6    72.0   5.0  2.438  0.2345       22   0.06
  F00995    F   24       30   609.6  14.27  42.7  130.0  12.0   9.0   120     6    72.0   5.0  2.438  0.2345       44   0.12
  F00996    F   24       30   609.6  14.27  42.7  130.0  12.0   9.0   180     6    72.0   5.0  2.438  0.2345       66   0.18
  F00997    F   24       30   609.6  14.27  42.7  130.0  12.0   9.0   240     6    72.0   5.0  2.438  0.2345       88   0.24
  F00998    F   24       30   609.6  14.27  42.7  145.0   4.0   9.0    60    10    40.0   5.0  2.000  0.2102       22   0.06
  F00999    F   24       30   609.6  14.27  42.7  145.0   4.0   9.0   120    10    40.0   5.0  2.000  0.2102       44   0.12
  F01000    F   24       30   609.6  14.27  42.7  145.0   4.0   9.0   180    10    40.0   5.0  2.000  0.2102       66   0.18
  F01001    F   24       30   609.6  14.27  42.7  145.0   4.0   9.0   240    10    40.0   5.0  2.000  0.2102       88   0.24
  F01002    F   24       30   609.6  14.27  42.7  145.0   6.0   9.0    60     7    42.0   5.0  2.438  0.2102       22   0.06
  F01003    F   24       30   609.6  14.27  42.7  145.0   6.0   9.0   120     7    42.0   5.0  2.438  0.2102       44   0.12
  F01004    F   24       30   609.6  14.27  42.7  145.0   6.0   9.0   180     7    42.0   5.0  2.438  0.2102       66   0.18
  F01005    F   24       30   609.6  14.27  42.7  145.0   6.0   9.0   240     7    42.0   5.0  2.438  0.2102       88   0.24
  F01006    F   24       30   609.6  14.27  42.7  145.0   8.0   9.0    60     6    48.0   5.0  2.438  0.2102       22   0.06
  F01007    F   24       30   609.6  14.27  42.7  145.0   8.0   9.0   120     6    48.0   5.0  2.438  0.2102       44   0.12
  F01008    F   24       30   609.6  14.27  42.7  145.0   8.0   9.0   180     6    48.0   5.0  2.438  0.2102       66   0.18
  F01009    F   24       30   609.6  14.27  42.7  145.0   8.0   9.0   240     6    48.0   5.0  2.438  0.2102       88   0.24
  F01010    F   24       30   609.6  14.27  42.7  145.0  10.0   9.0    60     6    60.0   5.0  2.438  0.2102       22   0.06
  F01011    F   24       30   609.6  14.27  42.7  145.0  10.0   9.0   120     6    60.0   5.0  2.438  0.2102       44   0.12
  F01012    F   24       30   609.6  14.27  42.7  145.0  10.0   9.0   180     6    60.0   5.0  2.438  0.2102       66   0.18
  F01013    F   24       30   609.6  14.27  42.7  145.0  10.0   9.0   240     6    60.0   5.0  2.438  0.2102       88   0.24
  F01014    F   24       30   609.6  14.27  42.7  145.0  12.0   9.0    60     6    72.0   5.0  2.438  0.2102       22   0.06
  F01015    F   24       30   609.6  14.27  42.7  145.0  12.0   9.0   120     6    72.0   5.0  2.438  0.2102       44   0.12
  F01016    F   24       30   609.6  14.27  42.7  145.0  12.0   9.0   180     6    72.0   5.0  2.438  0.2102       66   0.18
  F01017    F   24       30   609.6  14.27  42.7  145.0  12.0   9.0   240     6    72.0   5.0  2.438  0.2102       88   0.24
  F01018    F   24       60   609.6  24.61  24.8   85.0   4.0   9.0    60    10    40.0   5.0  2.000  0.3586       13   0.04
  F01019    F   24       60   609.6  24.61  24.8   85.0   4.0   9.0   120    10    40.0   5.0  2.000  0.3586       26   0.07
  F01020    F   24       60   609.6  24.61  24.8   85.0   4.0   9.0   180    10    40.0   5.0  2.000  0.3586       39   0.11
  F01021    F   24       60   609.6  24.61  24.8   85.0   4.0   9.0   240    10    40.0   5.0  2.000  0.3586       52   0.14
  F01022    F   24       60   609.6  24.61  24.8   85.0   6.0   9.0    60     7    42.0   5.0  2.438  0.3586       13   0.04
  F01023    F   24       60   609.6  24.61  24.8   85.0   6.0   9.0   120     7    42.0   5.0  2.438  0.3586       26   0.07
  F01024    F   24       60   609.6  24.61  24.8   85.0   6.0   9.0   180     7    42.0   5.0  2.438  0.3586       39   0.11
  F01025    F   24       60   609.6  24.61  24.8   85.0   6.0   9.0   240     7    42.0   5.0  2.438  0.3586       52   0.14
  F01026    F   24       60   609.6  24.61  24.8   85.0   8.0   9.0    60     6    48.0   5.0  2.438  0.3586       13   0.04
  F01027    F   24       60   609.6  24.61  24.8   85.0   8.0   9.0   120     6    48.0   5.0  2.438  0.3586       26   0.07
  F01028    F   24       60   609.6  24.61  24.8   85.0   8.0   9.0   180     6    48.0   5.0  2.438  0.3586       39   0.11
  F01029    F   24       60   609.6  24.61  24.8   85.0   8.0   9.0   240     6    48.0   5.0  2.438  0.3586       52   0.14
  F01030    F   24       60   609.6  24.61  24.8   85.0  10.0   9.0    60     6    60.0   5.0  2.438  0.3586       13   0.04
  F01031    F   24       60   609.6  24.61  24.8   85.0  10.0   9.0   120     6    60.0   5.0  2.438  0.3586       26   0.07
  F01032    F   24       60   609.6  24.61  24.8   85.0  10.0   9.0   180     6    60.0   5.0  2.438  0.3586       39   0.11
  F01033    F   24       60   609.6  24.61  24.8   85.0  10.0   9.0   240     6    60.0   5.0  2.438  0.3586       52   0.14
  F01034    F   24       60   609.6  24.61  24.8   85.0  12.0   9.0    60     6    72.0   5.0  2.438  0.3586       13   0.04
  F01035    F   24       60   609.6  24.61  24.8   85.0  12.0   9.0   120     6    72.0   5.0  2.438  0.3586       26   0.07
  F01036    F   24       60   609.6  24.61  24.8   85.0  12.0   9.0   180     6    72.0   5.0  2.438  0.3586       39   0.11
  F01037    F   24       60   609.6  24.61  24.8   85.0  12.0   9.0   240     6    72.0   5.0  2.438  0.3586       52   0.14
  F01038    F   24       60   609.6  24.61  24.8  100.0   4.0   9.0    60    10    40.0   5.0  2.000  0.3048       13   0.04
  F01039    F   24       60   609.6  24.61  24.8  100.0   4.0   9.0   120    10    40.0   5.0  2.000  0.3048       26   0.07
  F01040    F   24       60   609.6  24.61  24.8  100.0   4.0   9.0   180    10    40.0   5.0  2.000  0.3048       39   0.11
  F01041    F   24       60   609.6  24.61  24.8  100.0   4.0   9.0   240    10    40.0   5.0  2.000  0.3048       52   0.14
  F01042    F   24       60   609.6  24.61  24.8  100.0   6.0   9.0    60     7    42.0   5.0  2.438  0.3048       13   0.04
  F01043    F   24       60   609.6  24.61  24.8  100.0   6.0   9.0   120     7    42.0   5.0  2.438  0.3048       26   0.07
  F01044    F   24       60   609.6  24.61  24.8  100.0   6.0   9.0   180     7    42.0   5.0  2.438  0.3048       39   0.11
  F01045    F   24       60   609.6  24.61  24.8  100.0   6.0   9.0   240     7    42.0   5.0  2.438  0.3048       52   0.14
  F01046    F   24       60   609.6  24.61  24.8  100.0   8.0   9.0    60     6    48.0   5.0  2.438  0.3048       13   0.04
  F01047    F   24       60   609.6  24.61  24.8  100.0   8.0   9.0   120     6    48.0   5.0  2.438  0.3048       26   0.07
  F01048    F   24       60   609.6  24.61  24.8  100.0   8.0   9.0   180     6    48.0   5.0  2.438  0.3048       39   0.11
  F01049    F   24       60   609.6  24.61  24.8  100.0   8.0   9.0   240     6    48.0   5.0  2.438  0.3048       52   0.14
  F01050    F   24       60   609.6  24.61  24.8  100.0  10.0   9.0    60     6    60.0   5.0  2.438  0.3048       13   0.04
  F01051    F   24       60   609.6  24.61  24.8  100.0  10.0   9.0   120     6    60.0   5.0  2.438  0.3048       26   0.07
  F01052    F   24       60   609.6  24.61  24.8  100.0  10.0   9.0   180     6    60.0   5.0  2.438  0.3048       39   0.11
  F01053    F   24       60   609.6  24.61  24.8  100.0  10.0   9.0   240     6    60.0   5.0  2.438  0.3048       52   0.14
  F01054    F   24       60   609.6  24.61  24.8  100.0  12.0   9.0    60     6    72.0   5.0  2.438  0.3048       13   0.04
  F01055    F   24       60   609.6  24.61  24.8  100.0  12.0   9.0   120     6    72.0   5.0  2.438  0.3048       26   0.07
  F01056    F   24       60   609.6  24.61  24.8  100.0  12.0   9.0   180     6    72.0   5.0  2.438  0.3048       39   0.11
  F01057    F   24       60   609.6  24.61  24.8  100.0  12.0   9.0   240     6    72.0   5.0  2.438  0.3048       52   0.14
  F01058    F   24       60   609.6  24.61  24.8  115.0   4.0   9.0    60    10    40.0   5.0  2.000  0.2650       13   0.04
  F01059    F   24       60   609.6  24.61  24.8  115.0   4.0   9.0   120    10    40.0   5.0  2.000  0.2650       26   0.07
  F01060    F   24       60   609.6  24.61  24.8  115.0   4.0   9.0   180    10    40.0   5.0  2.000  0.2650       39   0.11
  F01061    F   24       60   609.6  24.61  24.8  115.0   4.0   9.0   240    10    40.0   5.0  2.000  0.2650       52   0.14
  F01062    F   24       60   609.6  24.61  24.8  115.0   6.0   9.0    60     7    42.0   5.0  2.438  0.2650       13   0.04
  F01063    F   24       60   609.6  24.61  24.8  115.0   6.0   9.0   120     7    42.0   5.0  2.438  0.2650       26   0.07
  F01064    F   24       60   609.6  24.61  24.8  115.0   6.0   9.0   180     7    42.0   5.0  2.438  0.2650       39   0.11
  F01065    F   24       60   609.6  24.61  24.8  115.0   6.0   9.0   240     7    42.0   5.0  2.438  0.2650       52   0.14
  F01066    F   24       60   609.6  24.61  24.8  115.0   8.0   9.0    60     6    48.0   5.0  2.438  0.2650       13   0.04
  F01067    F   24       60   609.6  24.61  24.8  115.0   8.0   9.0   120     6    48.0   5.0  2.438  0.2650       26   0.07
  F01068    F   24       60   609.6  24.61  24.8  115.0   8.0   9.0   180     6    48.0   5.0  2.438  0.2650       39   0.11
  F01069    F   24       60   609.6  24.61  24.8  115.0   8.0   9.0   240     6    48.0   5.0  2.438  0.2650       52   0.14
  F01070    F   24       60   609.6  24.61  24.8  115.0  10.0   9.0    60     6    60.0   5.0  2.438  0.2650       13   0.04
  F01071    F   24       60   609.6  24.61  24.8  115.0  10.0   9.0   120     6    60.0   5.0  2.438  0.2650       26   0.07
  F01072    F   24       60   609.6  24.61  24.8  115.0  10.0   9.0   180     6    60.0   5.0  2.438  0.2650       39   0.11
  F01073    F   24       60   609.6  24.61  24.8  115.0  10.0   9.0   240     6    60.0   5.0  2.438  0.2650       52   0.14
  F01074    F   24       60   609.6  24.61  24.8  115.0  12.0   9.0    60     6    72.0   5.0  2.438  0.2650       13   0.04
  F01075    F   24       60   609.6  24.61  24.8  115.0  12.0   9.0   120     6    72.0   5.0  2.438  0.2650       26   0.07
  F01076    F   24       60   609.6  24.61  24.8  115.0  12.0   9.0   180     6    72.0   5.0  2.438  0.2650       39   0.11
  F01077    F   24       60   609.6  24.61  24.8  115.0  12.0   9.0   240     6    72.0   5.0  2.438  0.2650       52   0.14
  F01078    F   24       60   609.6  24.61  24.8  130.0   4.0   9.0    60    10    40.0   5.0  2.000  0.2345       13   0.04
  F01079    F   24       60   609.6  24.61  24.8  130.0   4.0   9.0   120    10    40.0   5.0  2.000  0.2345       26   0.07
  F01080    F   24       60   609.6  24.61  24.8  130.0   4.0   9.0   180    10    40.0   5.0  2.000  0.2345       39   0.11
  F01081    F   24       60   609.6  24.61  24.8  130.0   4.0   9.0   240    10    40.0   5.0  2.000  0.2345       52   0.14
  F01082    F   24       60   609.6  24.61  24.8  130.0   6.0   9.0    60     7    42.0   5.0  2.438  0.2345       13   0.04
  F01083    F   24       60   609.6  24.61  24.8  130.0   6.0   9.0   120     7    42.0   5.0  2.438  0.2345       26   0.07
  F01084    F   24       60   609.6  24.61  24.8  130.0   6.0   9.0   180     7    42.0   5.0  2.438  0.2345       39   0.11
  F01085    F   24       60   609.6  24.61  24.8  130.0   6.0   9.0   240     7    42.0   5.0  2.438  0.2345       52   0.14
  F01086    F   24       60   609.6  24.61  24.8  130.0   8.0   9.0    60     6    48.0   5.0  2.438  0.2345       13   0.04
  F01087    F   24       60   609.6  24.61  24.8  130.0   8.0   9.0   120     6    48.0   5.0  2.438  0.2345       26   0.07
  F01088    F   24       60   609.6  24.61  24.8  130.0   8.0   9.0   180     6    48.0   5.0  2.438  0.2345       39   0.11
  F01089    F   24       60   609.6  24.61  24.8  130.0   8.0   9.0   240     6    48.0   5.0  2.438  0.2345       52   0.14
  F01090    F   24       60   609.6  24.61  24.8  130.0  10.0   9.0    60     6    60.0   5.0  2.438  0.2345       13   0.04
  F01091    F   24       60   609.6  24.61  24.8  130.0  10.0   9.0   120     6    60.0   5.0  2.438  0.2345       26   0.07
  F01092    F   24       60   609.6  24.61  24.8  130.0  10.0   9.0   180     6    60.0   5.0  2.438  0.2345       39   0.11
  F01093    F   24       60   609.6  24.61  24.8  130.0  10.0   9.0   240     6    60.0   5.0  2.438  0.2345       52   0.14
  F01094    F   24       60   609.6  24.61  24.8  130.0  12.0   9.0    60     6    72.0   5.0  2.438  0.2345       13   0.04
  F01095    F   24       60   609.6  24.61  24.8  130.0  12.0   9.0   120     6    72.0   5.0  2.438  0.2345       26   0.07
  F01096    F   24       60   609.6  24.61  24.8  130.0  12.0   9.0   180     6    72.0   5.0  2.438  0.2345       39   0.11
  F01097    F   24       60   609.6  24.61  24.8  130.0  12.0   9.0   240     6    72.0   5.0  2.438  0.2345       52   0.14
  F01098    F   24       60   609.6  24.61  24.8  145.0   4.0   9.0    60    10    40.0   5.0  2.000  0.2102       13   0.04
  F01099    F   24       60   609.6  24.61  24.8  145.0   4.0   9.0   120    10    40.0   5.0  2.000  0.2102       26   0.07
  F01100    F   24       60   609.6  24.61  24.8  145.0   4.0   9.0   180    10    40.0   5.0  2.000  0.2102       39   0.11
  F01101    F   24       60   609.6  24.61  24.8  145.0   4.0   9.0   240    10    40.0   5.0  2.000  0.2102       52   0.14
  F01102    F   24       60   609.6  24.61  24.8  145.0   6.0   9.0    60     7    42.0   5.0  2.438  0.2102       13   0.04
  F01103    F   24       60   609.6  24.61  24.8  145.0   6.0   9.0   120     7    42.0   5.0  2.438  0.2102       26   0.07
  F01104    F   24       60   609.6  24.61  24.8  145.0   6.0   9.0   180     7    42.0   5.0  2.438  0.2102       39   0.11
  F01105    F   24       60   609.6  24.61  24.8  145.0   6.0   9.0   240     7    42.0   5.0  2.438  0.2102       52   0.14
  F01106    F   24       60   609.6  24.61  24.8  145.0   8.0   9.0    60     6    48.0   5.0  2.438  0.2102       13   0.04
  F01107    F   24       60   609.6  24.61  24.8  145.0   8.0   9.0   120     6    48.0   5.0  2.438  0.2102       26   0.07
  F01108    F   24       60   609.6  24.61  24.8  145.0   8.0   9.0   180     6    48.0   5.0  2.438  0.2102       39   0.11
  F01109    F   24       60   609.6  24.61  24.8  145.0   8.0   9.0   240     6    48.0   5.0  2.438  0.2102       52   0.14
  F01110    F   24       60   609.6  24.61  24.8  145.0  10.0   9.0    60     6    60.0   5.0  2.438  0.2102       13   0.04
  F01111    F   24       60   609.6  24.61  24.8  145.0  10.0   9.0   120     6    60.0   5.0  2.438  0.2102       26   0.07
  F01112    F   24       60   609.6  24.61  24.8  145.0  10.0   9.0   180     6    60.0   5.0  2.438  0.2102       39   0.11
  F01113    F   24       60   609.6  24.61  24.8  145.0  10.0   9.0   240     6    60.0   5.0  2.438  0.2102       52   0.14
  F01114    F   24       60   609.6  24.61  24.8  145.0  12.0   9.0    60     6    72.0   5.0  2.438  0.2102       13   0.04
  F01115    F   24       60   609.6  24.61  24.8  145.0  12.0   9.0   120     6    72.0   5.0  2.438  0.2102       26   0.07
  F01116    F   24       60   609.6  24.61  24.8  145.0  12.0   9.0   180     6    72.0   5.0  2.438  0.2102       39   0.11
  F01117    F   24       60   609.6  24.61  24.8  145.0  12.0   9.0   240     6    72.0   5.0  2.438  0.2102       52   0.14
  F01118    F   24       80   609.6  30.96  19.7   85.0   4.0   9.0    60    10    40.0   5.0  2.000  0.3586       10   0.03
  F01119    F   24       80   609.6  30.96  19.7   85.0   4.0   9.0   120    10    40.0   5.0  2.000  0.3586       21   0.06
  F01120    F   24       80   609.6  30.96  19.7   85.0   4.0   9.0   180    10    40.0   5.0  2.000  0.3586       31   0.09
  F01121    F   24       80   609.6  30.96  19.7   85.0   4.0   9.0   240    10    40.0   5.0  2.000  0.3586       42   0.12
  F01122    F   24       80   609.6  30.96  19.7   85.0   6.0   9.0    60     7    42.0   5.0  2.438  0.3586       10   0.03
  F01123    F   24       80   609.6  30.96  19.7   85.0   6.0   9.0   120     7    42.0   5.0  2.438  0.3586       21   0.06
  F01124    F   24       80   609.6  30.96  19.7   85.0   6.0   9.0   180     7    42.0   5.0  2.438  0.3586       31   0.09
  F01125    F   24       80   609.6  30.96  19.7   85.0   6.0   9.0   240     7    42.0   5.0  2.438  0.3586       42   0.12
  F01126    F   24       80   609.6  30.96  19.7   85.0   8.0   9.0    60     6    48.0   5.0  2.438  0.3586       10   0.03
  F01127    F   24       80   609.6  30.96  19.7   85.0   8.0   9.0   120     6    48.0   5.0  2.438  0.3586       21   0.06
  F01128    F   24       80   609.6  30.96  19.7   85.0   8.0   9.0   180     6    48.0   5.0  2.438  0.3586       31   0.09
  F01129    F   24       80   609.6  30.96  19.7   85.0   8.0   9.0   240     6    48.0   5.0  2.438  0.3586       42   0.12
  F01130    F   24       80   609.6  30.96  19.7   85.0  10.0   9.0    60     6    60.0   5.0  2.438  0.3586       10   0.03
  F01131    F   24       80   609.6  30.96  19.7   85.0  10.0   9.0   120     6    60.0   5.0  2.438  0.3586       21   0.06
  F01132    F   24       80   609.6  30.96  19.7   85.0  10.0   9.0   180     6    60.0   5.0  2.438  0.3586       31   0.09
  F01133    F   24       80   609.6  30.96  19.7   85.0  10.0   9.0   240     6    60.0   5.0  2.438  0.3586       42   0.12
  F01134    F   24       80   609.6  30.96  19.7   85.0  12.0   9.0    60     6    72.0   5.0  2.438  0.3586       10   0.03
  F01135    F   24       80   609.6  30.96  19.7   85.0  12.0   9.0   120     6    72.0   5.0  2.438  0.3586       21   0.06
  F01136    F   24       80   609.6  30.96  19.7   85.0  12.0   9.0   180     6    72.0   5.0  2.438  0.3586       31   0.09
  F01137    F   24       80   609.6  30.96  19.7   85.0  12.0   9.0   240     6    72.0   5.0  2.438  0.3586       42   0.12
  F01138    F   24       80   609.6  30.96  19.7  100.0   4.0   9.0    60    10    40.0   5.0  2.000  0.3048       10   0.03
  F01139    F   24       80   609.6  30.96  19.7  100.0   4.0   9.0   120    10    40.0   5.0  2.000  0.3048       21   0.06
  F01140    F   24       80   609.6  30.96  19.7  100.0   4.0   9.0   180    10    40.0   5.0  2.000  0.3048       31   0.09
  F01141    F   24       80   609.6  30.96  19.7  100.0   4.0   9.0   240    10    40.0   5.0  2.000  0.3048       42   0.12
  F01142    F   24       80   609.6  30.96  19.7  100.0   6.0   9.0    60     7    42.0   5.0  2.438  0.3048       10   0.03
  F01143    F   24       80   609.6  30.96  19.7  100.0   6.0   9.0   120     7    42.0   5.0  2.438  0.3048       21   0.06
  F01144    F   24       80   609.6  30.96  19.7  100.0   6.0   9.0   180     7    42.0   5.0  2.438  0.3048       31   0.09
  F01145    F   24       80   609.6  30.96  19.7  100.0   6.0   9.0   240     7    42.0   5.0  2.438  0.3048       42   0.12
  F01146    F   24       80   609.6  30.96  19.7  100.0   8.0   9.0    60     6    48.0   5.0  2.438  0.3048       10   0.03
  F01147    F   24       80   609.6  30.96  19.7  100.0   8.0   9.0   120     6    48.0   5.0  2.438  0.3048       21   0.06
  F01148    F   24       80   609.6  30.96  19.7  100.0   8.0   9.0   180     6    48.0   5.0  2.438  0.3048       31   0.09
  F01149    F   24       80   609.6  30.96  19.7  100.0   8.0   9.0   240     6    48.0   5.0  2.438  0.3048       42   0.12
  F01150    F   24       80   609.6  30.96  19.7  100.0  10.0   9.0    60     6    60.0   5.0  2.438  0.3048       10   0.03
  F01151    F   24       80   609.6  30.96  19.7  100.0  10.0   9.0   120     6    60.0   5.0  2.438  0.3048       21   0.06
  F01152    F   24       80   609.6  30.96  19.7  100.0  10.0   9.0   180     6    60.0   5.0  2.438  0.3048       31   0.09
  F01153    F   24       80   609.6  30.96  19.7  100.0  10.0   9.0   240     6    60.0   5.0  2.438  0.3048       42   0.12
  F01154    F   24       80   609.6  30.96  19.7  100.0  12.0   9.0    60     6    72.0   5.0  2.438  0.3048       10   0.03
  F01155    F   24       80   609.6  30.96  19.7  100.0  12.0   9.0   120     6    72.0   5.0  2.438  0.3048       21   0.06
  F01156    F   24       80   609.6  30.96  19.7  100.0  12.0   9.0   180     6    72.0   5.0  2.438  0.3048       31   0.09
  F01157    F   24       80   609.6  30.96  19.7  100.0  12.0   9.0   240     6    72.0   5.0  2.438  0.3048       42   0.12
  F01158    F   24       80   609.6  30.96  19.7  115.0   4.0   9.0    60    10    40.0   5.0  2.000  0.2650       10   0.03
  F01159    F   24       80   609.6  30.96  19.7  115.0   4.0   9.0   120    10    40.0   5.0  2.000  0.2650       21   0.06
  F01160    F   24       80   609.6  30.96  19.7  115.0   4.0   9.0   180    10    40.0   5.0  2.000  0.2650       31   0.09
  F01161    F   24       80   609.6  30.96  19.7  115.0   4.0   9.0   240    10    40.0   5.0  2.000  0.2650       42   0.12
  F01162    F   24       80   609.6  30.96  19.7  115.0   6.0   9.0    60     7    42.0   5.0  2.438  0.2650       10   0.03
  F01163    F   24       80   609.6  30.96  19.7  115.0   6.0   9.0   120     7    42.0   5.0  2.438  0.2650       21   0.06
  F01164    F   24       80   609.6  30.96  19.7  115.0   6.0   9.0   180     7    42.0   5.0  2.438  0.2650       31   0.09
  F01165    F   24       80   609.6  30.96  19.7  115.0   6.0   9.0   240     7    42.0   5.0  2.438  0.2650       42   0.12
  F01166    F   24       80   609.6  30.96  19.7  115.0   8.0   9.0    60     6    48.0   5.0  2.438  0.2650       10   0.03
  F01167    F   24       80   609.6  30.96  19.7  115.0   8.0   9.0   120     6    48.0   5.0  2.438  0.2650       21   0.06
  F01168    F   24       80   609.6  30.96  19.7  115.0   8.0   9.0   180     6    48.0   5.0  2.438  0.2650       31   0.09
  F01169    F   24       80   609.6  30.96  19.7  115.0   8.0   9.0   240     6    48.0   5.0  2.438  0.2650       42   0.12
  F01170    F   24       80   609.6  30.96  19.7  115.0  10.0   9.0    60     6    60.0   5.0  2.438  0.2650       10   0.03
  F01171    F   24       80   609.6  30.96  19.7  115.0  10.0   9.0   120     6    60.0   5.0  2.438  0.2650       21   0.06
  F01172    F   24       80   609.6  30.96  19.7  115.0  10.0   9.0   180     6    60.0   5.0  2.438  0.2650       31   0.09
  F01173    F   24       80   609.6  30.96  19.7  115.0  10.0   9.0   240     6    60.0   5.0  2.438  0.2650       42   0.12
  F01174    F   24       80   609.6  30.96  19.7  115.0  12.0   9.0    60     6    72.0   5.0  2.438  0.2650       10   0.03
  F01175    F   24       80   609.6  30.96  19.7  115.0  12.0   9.0   120     6    72.0   5.0  2.438  0.2650       21   0.06
  F01176    F   24       80   609.6  30.96  19.7  115.0  12.0   9.0   180     6    72.0   5.0  2.438  0.2650       31   0.09
  F01177    F   24       80   609.6  30.96  19.7  115.0  12.0   9.0   240     6    72.0   5.0  2.438  0.2650       42   0.12
  F01178    F   24       80   609.6  30.96  19.7  130.0   4.0   9.0    60    10    40.0   5.0  2.000  0.2345       10   0.03
  F01179    F   24       80   609.6  30.96  19.7  130.0   4.0   9.0   120    10    40.0   5.0  2.000  0.2345       21   0.06
  F01180    F   24       80   609.6  30.96  19.7  130.0   4.0   9.0   180    10    40.0   5.0  2.000  0.2345       31   0.09
  F01181    F   24       80   609.6  30.96  19.7  130.0   4.0   9.0   240    10    40.0   5.0  2.000  0.2345       42   0.12
  F01182    F   24       80   609.6  30.96  19.7  130.0   6.0   9.0    60     7    42.0   5.0  2.438  0.2345       10   0.03
  F01183    F   24       80   609.6  30.96  19.7  130.0   6.0   9.0   120     7    42.0   5.0  2.438  0.2345       21   0.06
  F01184    F   24       80   609.6  30.96  19.7  130.0   6.0   9.0   180     7    42.0   5.0  2.438  0.2345       31   0.09
  F01185    F   24       80   609.6  30.96  19.7  130.0   6.0   9.0   240     7    42.0   5.0  2.438  0.2345       42   0.12
  F01186    F   24       80   609.6  30.96  19.7  130.0   8.0   9.0    60     6    48.0   5.0  2.438  0.2345       10   0.03
  F01187    F   24       80   609.6  30.96  19.7  130.0   8.0   9.0   120     6    48.0   5.0  2.438  0.2345       21   0.06
  F01188    F   24       80   609.6  30.96  19.7  130.0   8.0   9.0   180     6    48.0   5.0  2.438  0.2345       31   0.09
  F01189    F   24       80   609.6  30.96  19.7  130.0   8.0   9.0   240     6    48.0   5.0  2.438  0.2345       42   0.12
  F01190    F   24       80   609.6  30.96  19.7  130.0  10.0   9.0    60     6    60.0   5.0  2.438  0.2345       10   0.03
  F01191    F   24       80   609.6  30.96  19.7  130.0  10.0   9.0   120     6    60.0   5.0  2.438  0.2345       21   0.06
  F01192    F   24       80   609.6  30.96  19.7  130.0  10.0   9.0   180     6    60.0   5.0  2.438  0.2345       31   0.09
  F01193    F   24       80   609.6  30.96  19.7  130.0  10.0   9.0   240     6    60.0   5.0  2.438  0.2345       42   0.12
  F01194    F   24       80   609.6  30.96  19.7  130.0  12.0   9.0    60     6    72.0   5.0  2.438  0.2345       10   0.03
  F01195    F   24       80   609.6  30.96  19.7  130.0  12.0   9.0   120     6    72.0   5.0  2.438  0.2345       21   0.06
  F01196    F   24       80   609.6  30.96  19.7  130.0  12.0   9.0   180     6    72.0   5.0  2.438  0.2345       31   0.09
  F01197    F   24       80   609.6  30.96  19.7  130.0  12.0   9.0   240     6    72.0   5.0  2.438  0.2345       42   0.12
  F01198    F   24       80   609.6  30.96  19.7  145.0   4.0   9.0    60    10    40.0   5.0  2.000  0.2102       10   0.03
  F01199    F   24       80   609.6  30.96  19.7  145.0   4.0   9.0   120    10    40.0   5.0  2.000  0.2102       21   0.06
  F01200    F   24       80   609.6  30.96  19.7  145.0   4.0   9.0   180    10    40.0   5.0  2.000  0.2102       31   0.09
  F01201    F   24       80   609.6  30.96  19.7  145.0   4.0   9.0   240    10    40.0   5.0  2.000  0.2102       42   0.12
  F01202    F   24       80   609.6  30.96  19.7  145.0   6.0   9.0    60     7    42.0   5.0  2.438  0.2102       10   0.03
  F01203    F   24       80   609.6  30.96  19.7  145.0   6.0   9.0   120     7    42.0   5.0  2.438  0.2102       21   0.06
  F01204    F   24       80   609.6  30.96  19.7  145.0   6.0   9.0   180     7    42.0   5.0  2.438  0.2102       31   0.09
  F01205    F   24       80   609.6  30.96  19.7  145.0   6.0   9.0   240     7    42.0   5.0  2.438  0.2102       42   0.12
  F01206    F   24       80   609.6  30.96  19.7  145.0   8.0   9.0    60     6    48.0   5.0  2.438  0.2102       10   0.03
  F01207    F   24       80   609.6  30.96  19.7  145.0   8.0   9.0   120     6    48.0   5.0  2.438  0.2102       21   0.06
  F01208    F   24       80   609.6  30.96  19.7  145.0   8.0   9.0   180     6    48.0   5.0  2.438  0.2102       31   0.09
  F01209    F   24       80   609.6  30.96  19.7  145.0   8.0   9.0   240     6    48.0   5.0  2.438  0.2102       42   0.12
  F01210    F   24       80   609.6  30.96  19.7  145.0  10.0   9.0    60     6    60.0   5.0  2.438  0.2102       10   0.03
  F01211    F   24       80   609.6  30.96  19.7  145.0  10.0   9.0   120     6    60.0   5.0  2.438  0.2102       21   0.06
  F01212    F   24       80   609.6  30.96  19.7  145.0  10.0   9.0   180     6    60.0   5.0  2.438  0.2102       31   0.09
  F01213    F   24       80   609.6  30.96  19.7  145.0  10.0   9.0   240     6    60.0   5.0  2.438  0.2102       42   0.12
  F01214    F   24       80   609.6  30.96  19.7  145.0  12.0   9.0    60     6    72.0   5.0  2.438  0.2102       10   0.03
  F01215    F   24       80   609.6  30.96  19.7  145.0  12.0   9.0   120     6    72.0   5.0  2.438  0.2102       21   0.06
  F01216    F   24       80   609.6  30.96  19.7  145.0  12.0   9.0   180     6    72.0   5.0  2.438  0.2102       31   0.09
  F01217    F   24       80   609.6  30.96  19.7  145.0  12.0   9.0   240     6    72.0   5.0  2.438  0.2102       42   0.12
  F01218    F   32       40   812.8  17.48  46.5   85.0   4.0   9.0    60    10    40.0   5.0  2.000  0.4781       13   0.04
  F01219    F   32       40   812.8  17.48  46.5   85.0   4.0   9.0   120    10    40.0   5.0  2.000  0.4781       27   0.07
  F01220    F   32       40   812.8  17.48  46.5   85.0   4.0   9.0   180    10    40.0   5.0  2.000  0.4781       40   0.11
  F01221    F   32       40   812.8  17.48  46.5   85.0   4.0   9.0   240    10    40.0   5.0  2.000  0.4781       54   0.15
  F01222    F   32       40   812.8  17.48  46.5   85.0   6.0   9.0    60     7    42.0   5.0  3.000  0.4781       13   0.04
  F01223    F   32       40   812.8  17.48  46.5   85.0   6.0   9.0   120     7    42.0   5.0  3.000  0.4781       27   0.07
  F01224    F   32       40   812.8  17.48  46.5   85.0   6.0   9.0   180     7    42.0   5.0  3.000  0.4781       40   0.11
  F01225    F   32       40   812.8  17.48  46.5   85.0   6.0   9.0   240     7    42.0   5.0  3.000  0.4781       54   0.15
  F01226    F   32       40   812.8  17.48  46.5   85.0   8.0   9.0    60     6    48.0   5.0  3.251  0.4781       13   0.04
  F01227    F   32       40   812.8  17.48  46.5   85.0   8.0   9.0   120     6    48.0   5.0  3.251  0.4781       27   0.07
  F01228    F   32       40   812.8  17.48  46.5   85.0   8.0   9.0   180     6    48.0   5.0  3.251  0.4781       40   0.11
  F01229    F   32       40   812.8  17.48  46.5   85.0   8.0   9.0   240     6    48.0   5.0  3.251  0.4781       54   0.15
  F01230    F   32       40   812.8  17.48  46.5   85.0  10.0   9.0    60     6    60.0   5.0  3.251  0.4781       13   0.04
  F01231    F   32       40   812.8  17.48  46.5   85.0  10.0   9.0   120     6    60.0   5.0  3.251  0.4781       27   0.07
  F01232    F   32       40   812.8  17.48  46.5   85.0  10.0   9.0   180     6    60.0   5.0  3.251  0.4781       40   0.11
  F01233    F   32       40   812.8  17.48  46.5   85.0  10.0   9.0   240     6    60.0   5.0  3.251  0.4781       54   0.15
  F01234    F   32       40   812.8  17.48  46.5   85.0  12.0   9.0    60     6    72.0   5.0  3.251  0.4781       13   0.04
  F01235    F   32       40   812.8  17.48  46.5   85.0  12.0   9.0   120     6    72.0   5.0  3.251  0.4781       27   0.07
  F01236    F   32       40   812.8  17.48  46.5   85.0  12.0   9.0   180     6    72.0   5.0  3.251  0.4781       40   0.11
  F01237    F   32       40   812.8  17.48  46.5   85.0  12.0   9.0   240     6    72.0   5.0  3.251  0.4781       54   0.15
  F01238    F   32       40   812.8  17.48  46.5  100.0   4.0   9.0    60    10    40.0   5.0  2.000  0.4064       13   0.04
  F01239    F   32       40   812.8  17.48  46.5  100.0   4.0   9.0   120    10    40.0   5.0  2.000  0.4064       27   0.07
  F01240    F   32       40   812.8  17.48  46.5  100.0   4.0   9.0   180    10    40.0   5.0  2.000  0.4064       40   0.11
  F01241    F   32       40   812.8  17.48  46.5  100.0   4.0   9.0   240    10    40.0   5.0  2.000  0.4064       54   0.15
  F01242    F   32       40   812.8  17.48  46.5  100.0   6.0   9.0    60     7    42.0   5.0  3.000  0.4064       13   0.04
  F01243    F   32       40   812.8  17.48  46.5  100.0   6.0   9.0   120     7    42.0   5.0  3.000  0.4064       27   0.07
  F01244    F   32       40   812.8  17.48  46.5  100.0   6.0   9.0   180     7    42.0   5.0  3.000  0.4064       40   0.11
  F01245    F   32       40   812.8  17.48  46.5  100.0   6.0   9.0   240     7    42.0   5.0  3.000  0.4064       54   0.15
  F01246    F   32       40   812.8  17.48  46.5  100.0   8.0   9.0    60     6    48.0   5.0  3.251  0.4064       13   0.04
  F01247    F   32       40   812.8  17.48  46.5  100.0   8.0   9.0   120     6    48.0   5.0  3.251  0.4064       27   0.07
  F01248    F   32       40   812.8  17.48  46.5  100.0   8.0   9.0   180     6    48.0   5.0  3.251  0.4064       40   0.11
  F01249    F   32       40   812.8  17.48  46.5  100.0   8.0   9.0   240     6    48.0   5.0  3.251  0.4064       54   0.15
  F01250    F   32       40   812.8  17.48  46.5  100.0  10.0   9.0    60     6    60.0   5.0  3.251  0.4064       13   0.04
  F01251    F   32       40   812.8  17.48  46.5  100.0  10.0   9.0   120     6    60.0   5.0  3.251  0.4064       27   0.07
  F01252    F   32       40   812.8  17.48  46.5  100.0  10.0   9.0   180     6    60.0   5.0  3.251  0.4064       40   0.11
  F01253    F   32       40   812.8  17.48  46.5  100.0  10.0   9.0   240     6    60.0   5.0  3.251  0.4064       54   0.15
  F01254    F   32       40   812.8  17.48  46.5  100.0  12.0   9.0    60     6    72.0   5.0  3.251  0.4064       13   0.04
  F01255    F   32       40   812.8  17.48  46.5  100.0  12.0   9.0   120     6    72.0   5.0  3.251  0.4064       27   0.07
  F01256    F   32       40   812.8  17.48  46.5  100.0  12.0   9.0   180     6    72.0   5.0  3.251  0.4064       40   0.11
  F01257    F   32       40   812.8  17.48  46.5  100.0  12.0   9.0   240     6    72.0   5.0  3.251  0.4064       54   0.15
  F01258    F   32       40   812.8  17.48  46.5  115.0   4.0   9.0    60    10    40.0   5.0  2.000  0.3534       13   0.04
  F01259    F   32       40   812.8  17.48  46.5  115.0   4.0   9.0   120    10    40.0   5.0  2.000  0.3534       27   0.07
  F01260    F   32       40   812.8  17.48  46.5  115.0   4.0   9.0   180    10    40.0   5.0  2.000  0.3534       40   0.11
  F01261    F   32       40   812.8  17.48  46.5  115.0   4.0   9.0   240    10    40.0   5.0  2.000  0.3534       54   0.15
  F01262    F   32       40   812.8  17.48  46.5  115.0   6.0   9.0    60     7    42.0   5.0  3.000  0.3534       13   0.04
  F01263    F   32       40   812.8  17.48  46.5  115.0   6.0   9.0   120     7    42.0   5.0  3.000  0.3534       27   0.07
  F01264    F   32       40   812.8  17.48  46.5  115.0   6.0   9.0   180     7    42.0   5.0  3.000  0.3534       40   0.11
  F01265    F   32       40   812.8  17.48  46.5  115.0   6.0   9.0   240     7    42.0   5.0  3.000  0.3534       54   0.15
  F01266    F   32       40   812.8  17.48  46.5  115.0   8.0   9.0    60     6    48.0   5.0  3.251  0.3534       13   0.04
  F01267    F   32       40   812.8  17.48  46.5  115.0   8.0   9.0   120     6    48.0   5.0  3.251  0.3534       27   0.07
  F01268    F   32       40   812.8  17.48  46.5  115.0   8.0   9.0   180     6    48.0   5.0  3.251  0.3534       40   0.11
  F01269    F   32       40   812.8  17.48  46.5  115.0   8.0   9.0   240     6    48.0   5.0  3.251  0.3534       54   0.15
  F01270    F   32       40   812.8  17.48  46.5  115.0  10.0   9.0    60     6    60.0   5.0  3.251  0.3534       13   0.04
  F01271    F   32       40   812.8  17.48  46.5  115.0  10.0   9.0   120     6    60.0   5.0  3.251  0.3534       27   0.07
  F01272    F   32       40   812.8  17.48  46.5  115.0  10.0   9.0   180     6    60.0   5.0  3.251  0.3534       40   0.11
  F01273    F   32       40   812.8  17.48  46.5  115.0  10.0   9.0   240     6    60.0   5.0  3.251  0.3534       54   0.15
  F01274    F   32       40   812.8  17.48  46.5  115.0  12.0   9.0    60     6    72.0   5.0  3.251  0.3534       13   0.04
  F01275    F   32       40   812.8  17.48  46.5  115.0  12.0   9.0   120     6    72.0   5.0  3.251  0.3534       27   0.07
  F01276    F   32       40   812.8  17.48  46.5  115.0  12.0   9.0   180     6    72.0   5.0  3.251  0.3534       40   0.11
  F01277    F   32       40   812.8  17.48  46.5  115.0  12.0   9.0   240     6    72.0   5.0  3.251  0.3534       54   0.15
  F01278    F   32       40   812.8  17.48  46.5  130.0   4.0   9.0    60    10    40.0   5.0  2.000  0.3126       13   0.04
  F01279    F   32       40   812.8  17.48  46.5  130.0   4.0   9.0   120    10    40.0   5.0  2.000  0.3126       27   0.07
  F01280    F   32       40   812.8  17.48  46.5  130.0   4.0   9.0   180    10    40.0   5.0  2.000  0.3126       40   0.11
  F01281    F   32       40   812.8  17.48  46.5  130.0   4.0   9.0   240    10    40.0   5.0  2.000  0.3126       54   0.15
  F01282    F   32       40   812.8  17.48  46.5  130.0   6.0   9.0    60     7    42.0   5.0  3.000  0.3126       13   0.04
  F01283    F   32       40   812.8  17.48  46.5  130.0   6.0   9.0   120     7    42.0   5.0  3.000  0.3126       27   0.07
  F01284    F   32       40   812.8  17.48  46.5  130.0   6.0   9.0   180     7    42.0   5.0  3.000  0.3126       40   0.11
  F01285    F   32       40   812.8  17.48  46.5  130.0   6.0   9.0   240     7    42.0   5.0  3.000  0.3126       54   0.15
  F01286    F   32       40   812.8  17.48  46.5  130.0   8.0   9.0    60     6    48.0   5.0  3.251  0.3126       13   0.04
  F01287    F   32       40   812.8  17.48  46.5  130.0   8.0   9.0   120     6    48.0   5.0  3.251  0.3126       27   0.07
  F01288    F   32       40   812.8  17.48  46.5  130.0   8.0   9.0   180     6    48.0   5.0  3.251  0.3126       40   0.11
  F01289    F   32       40   812.8  17.48  46.5  130.0   8.0   9.0   240     6    48.0   5.0  3.251  0.3126       54   0.15
  F01290    F   32       40   812.8  17.48  46.5  130.0  10.0   9.0    60     6    60.0   5.0  3.251  0.3126       13   0.04
  F01291    F   32       40   812.8  17.48  46.5  130.0  10.0   9.0   120     6    60.0   5.0  3.251  0.3126       27   0.07
  F01292    F   32       40   812.8  17.48  46.5  130.0  10.0   9.0   180     6    60.0   5.0  3.251  0.3126       40   0.11
  F01293    F   32       40   812.8  17.48  46.5  130.0  10.0   9.0   240     6    60.0   5.0  3.251  0.3126       54   0.15
  F01294    F   32       40   812.8  17.48  46.5  130.0  12.0   9.0    60     6    72.0   5.0  3.251  0.3126       13   0.04
  F01295    F   32       40   812.8  17.48  46.5  130.0  12.0   9.0   120     6    72.0   5.0  3.251  0.3126       27   0.07
  F01296    F   32       40   812.8  17.48  46.5  130.0  12.0   9.0   180     6    72.0   5.0  3.251  0.3126       40   0.11
  F01297    F   32       40   812.8  17.48  46.5  130.0  12.0   9.0   240     6    72.0   5.0  3.251  0.3126       54   0.15
  F01298    F   32       40   812.8  17.48  46.5  145.0   4.0   9.0    60    10    40.0   5.0  2.000  0.2803       13   0.04
  F01299    F   32       40   812.8  17.48  46.5  145.0   4.0   9.0   120    10    40.0   5.0  2.000  0.2803       27   0.07
  F01300    F   32       40   812.8  17.48  46.5  145.0   4.0   9.0   180    10    40.0   5.0  2.000  0.2803       40   0.11
  F01301    F   32       40   812.8  17.48  46.5  145.0   4.0   9.0   240    10    40.0   5.0  2.000  0.2803       54   0.15
  F01302    F   32       40   812.8  17.48  46.5  145.0   6.0   9.0    60     7    42.0   5.0  3.000  0.2803       13   0.04
  F01303    F   32       40   812.8  17.48  46.5  145.0   6.0   9.0   120     7    42.0   5.0  3.000  0.2803       27   0.07
  F01304    F   32       40   812.8  17.48  46.5  145.0   6.0   9.0   180     7    42.0   5.0  3.000  0.2803       40   0.11
  F01305    F   32       40   812.8  17.48  46.5  145.0   6.0   9.0   240     7    42.0   5.0  3.000  0.2803       54   0.15
  F01306    F   32       40   812.8  17.48  46.5  145.0   8.0   9.0    60     6    48.0   5.0  3.251  0.2803       13   0.04
  F01307    F   32       40   812.8  17.48  46.5  145.0   8.0   9.0   120     6    48.0   5.0  3.251  0.2803       27   0.07
  F01308    F   32       40   812.8  17.48  46.5  145.0   8.0   9.0   180     6    48.0   5.0  3.251  0.2803       40   0.11
  F01309    F   32       40   812.8  17.48  46.5  145.0   8.0   9.0   240     6    48.0   5.0  3.251  0.2803       54   0.15
  F01310    F   32       40   812.8  17.48  46.5  145.0  10.0   9.0    60     6    60.0   5.0  3.251  0.2803       13   0.04
  F01311    F   32       40   812.8  17.48  46.5  145.0  10.0   9.0   120     6    60.0   5.0  3.251  0.2803       27   0.07
  F01312    F   32       40   812.8  17.48  46.5  145.0  10.0   9.0   180     6    60.0   5.0  3.251  0.2803       40   0.11
  F01313    F   32       40   812.8  17.48  46.5  145.0  10.0   9.0   240     6    60.0   5.0  3.251  0.2803       54   0.15
  F01314    F   32       40   812.8  17.48  46.5  145.0  12.0   9.0    60     6    72.0   5.0  3.251  0.2803       13   0.04
  F01315    F   32       40   812.8  17.48  46.5  145.0  12.0   9.0   120     6    72.0   5.0  3.251  0.2803       27   0.07
  F01316    F   32       40   812.8  17.48  46.5  145.0  12.0   9.0   180     6    72.0   5.0  3.251  0.2803       40   0.11
  F01317    F   32       40   812.8  17.48  46.5  145.0  12.0   9.0   240     6    72.0   5.0  3.251  0.2803       54   0.15
  F01318    F   32       5L   812.8  25.40  32.0   85.0   4.0   9.0    60    10    40.0   5.0  2.000  0.4781        9   0.03
  F01319    F   32       5L   812.8  25.40  32.0   85.0   4.0   9.0   120    10    40.0   5.0  2.000  0.4781       19   0.05
  F01320    F   32       5L   812.8  25.40  32.0   85.0   4.0   9.0   180    10    40.0   5.0  2.000  0.4781       28   0.08
  F01321    F   32       5L   812.8  25.40  32.0   85.0   4.0   9.0   240    10    40.0   5.0  2.000  0.4781       37   0.10
  F01322    F   32       5L   812.8  25.40  32.0   85.0   6.0   9.0    60     7    42.0   5.0  3.000  0.4781        9   0.03
  F01323    F   32       5L   812.8  25.40  32.0   85.0   6.0   9.0   120     7    42.0   5.0  3.000  0.4781       19   0.05
  F01324    F   32       5L   812.8  25.40  32.0   85.0   6.0   9.0   180     7    42.0   5.0  3.000  0.4781       28   0.08
  F01325    F   32       5L   812.8  25.40  32.0   85.0   6.0   9.0   240     7    42.0   5.0  3.000  0.4781       37   0.10
  F01326    F   32       5L   812.8  25.40  32.0   85.0   8.0   9.0    60     6    48.0   5.0  3.251  0.4781        9   0.03
  F01327    F   32       5L   812.8  25.40  32.0   85.0   8.0   9.0   120     6    48.0   5.0  3.251  0.4781       19   0.05
  F01328    F   32       5L   812.8  25.40  32.0   85.0   8.0   9.0   180     6    48.0   5.0  3.251  0.4781       28   0.08
  F01329    F   32       5L   812.8  25.40  32.0   85.0   8.0   9.0   240     6    48.0   5.0  3.251  0.4781       37   0.10
  F01330    F   32       5L   812.8  25.40  32.0   85.0  10.0   9.0    60     6    60.0   5.0  3.251  0.4781        9   0.03
  F01331    F   32       5L   812.8  25.40  32.0   85.0  10.0   9.0   120     6    60.0   5.0  3.251  0.4781       19   0.05
  F01332    F   32       5L   812.8  25.40  32.0   85.0  10.0   9.0   180     6    60.0   5.0  3.251  0.4781       28   0.08
  F01333    F   32       5L   812.8  25.40  32.0   85.0  10.0   9.0   240     6    60.0   5.0  3.251  0.4781       37   0.10
  F01334    F   32       5L   812.8  25.40  32.0   85.0  12.0   9.0    60     6    72.0   5.0  3.251  0.4781        9   0.03
  F01335    F   32       5L   812.8  25.40  32.0   85.0  12.0   9.0   120     6    72.0   5.0  3.251  0.4781       19   0.05
  F01336    F   32       5L   812.8  25.40  32.0   85.0  12.0   9.0   180     6    72.0   5.0  3.251  0.4781       28   0.08
  F01337    F   32       5L   812.8  25.40  32.0   85.0  12.0   9.0   240     6    72.0   5.0  3.251  0.4781       37   0.10
  F01338    F   32       5L   812.8  25.40  32.0  100.0   4.0   9.0    60    10    40.0   5.0  2.000  0.4064        9   0.03
  F01339    F   32       5L   812.8  25.40  32.0  100.0   4.0   9.0   120    10    40.0   5.0  2.000  0.4064       19   0.05
  F01340    F   32       5L   812.8  25.40  32.0  100.0   4.0   9.0   180    10    40.0   5.0  2.000  0.4064       28   0.08
  F01341    F   32       5L   812.8  25.40  32.0  100.0   4.0   9.0   240    10    40.0   5.0  2.000  0.4064       37   0.10
  F01342    F   32       5L   812.8  25.40  32.0  100.0   6.0   9.0    60     7    42.0   5.0  3.000  0.4064        9   0.03
  F01343    F   32       5L   812.8  25.40  32.0  100.0   6.0   9.0   120     7    42.0   5.0  3.000  0.4064       19   0.05
  F01344    F   32       5L   812.8  25.40  32.0  100.0   6.0   9.0   180     7    42.0   5.0  3.000  0.4064       28   0.08
  F01345    F   32       5L   812.8  25.40  32.0  100.0   6.0   9.0   240     7    42.0   5.0  3.000  0.4064       37   0.10
  F01346    F   32       5L   812.8  25.40  32.0  100.0   8.0   9.0    60     6    48.0   5.0  3.251  0.4064        9   0.03
  F01347    F   32       5L   812.8  25.40  32.0  100.0   8.0   9.0   120     6    48.0   5.0  3.251  0.4064       19   0.05
  F01348    F   32       5L   812.8  25.40  32.0  100.0   8.0   9.0   180     6    48.0   5.0  3.251  0.4064       28   0.08
  F01349    F   32       5L   812.8  25.40  32.0  100.0   8.0   9.0   240     6    48.0   5.0  3.251  0.4064       37   0.10
  F01350    F   32       5L   812.8  25.40  32.0  100.0  10.0   9.0    60     6    60.0   5.0  3.251  0.4064        9   0.03
  F01351    F   32       5L   812.8  25.40  32.0  100.0  10.0   9.0   120     6    60.0   5.0  3.251  0.4064       19   0.05
  F01352    F   32       5L   812.8  25.40  32.0  100.0  10.0   9.0   180     6    60.0   5.0  3.251  0.4064       28   0.08
  F01353    F   32       5L   812.8  25.40  32.0  100.0  10.0   9.0   240     6    60.0   5.0  3.251  0.4064       37   0.10
  F01354    F   32       5L   812.8  25.40  32.0  100.0  12.0   9.0    60     6    72.0   5.0  3.251  0.4064        9   0.03
  F01355    F   32       5L   812.8  25.40  32.0  100.0  12.0   9.0   120     6    72.0   5.0  3.251  0.4064       19   0.05
  F01356    F   32       5L   812.8  25.40  32.0  100.0  12.0   9.0   180     6    72.0   5.0  3.251  0.4064       28   0.08
  F01357    F   32       5L   812.8  25.40  32.0  100.0  12.0   9.0   240     6    72.0   5.0  3.251  0.4064       37   0.10
  F01358    F   32       5L   812.8  25.40  32.0  115.0   4.0   9.0    60    10    40.0   5.0  2.000  0.3534        9   0.03
  F01359    F   32       5L   812.8  25.40  32.0  115.0   4.0   9.0   120    10    40.0   5.0  2.000  0.3534       19   0.05
  F01360    F   32       5L   812.8  25.40  32.0  115.0   4.0   9.0   180    10    40.0   5.0  2.000  0.3534       28   0.08
  F01361    F   32       5L   812.8  25.40  32.0  115.0   4.0   9.0   240    10    40.0   5.0  2.000  0.3534       37   0.10
  F01362    F   32       5L   812.8  25.40  32.0  115.0   6.0   9.0    60     7    42.0   5.0  3.000  0.3534        9   0.03
  F01363    F   32       5L   812.8  25.40  32.0  115.0   6.0   9.0   120     7    42.0   5.0  3.000  0.3534       19   0.05
  F01364    F   32       5L   812.8  25.40  32.0  115.0   6.0   9.0   180     7    42.0   5.0  3.000  0.3534       28   0.08
  F01365    F   32       5L   812.8  25.40  32.0  115.0   6.0   9.0   240     7    42.0   5.0  3.000  0.3534       37   0.10
  F01366    F   32       5L   812.8  25.40  32.0  115.0   8.0   9.0    60     6    48.0   5.0  3.251  0.3534        9   0.03
  F01367    F   32       5L   812.8  25.40  32.0  115.0   8.0   9.0   120     6    48.0   5.0  3.251  0.3534       19   0.05
  F01368    F   32       5L   812.8  25.40  32.0  115.0   8.0   9.0   180     6    48.0   5.0  3.251  0.3534       28   0.08
  F01369    F   32       5L   812.8  25.40  32.0  115.0   8.0   9.0   240     6    48.0   5.0  3.251  0.3534       37   0.10
  F01370    F   32       5L   812.8  25.40  32.0  115.0  10.0   9.0    60     6    60.0   5.0  3.251  0.3534        9   0.03
  F01371    F   32       5L   812.8  25.40  32.0  115.0  10.0   9.0   120     6    60.0   5.0  3.251  0.3534       19   0.05
  F01372    F   32       5L   812.8  25.40  32.0  115.0  10.0   9.0   180     6    60.0   5.0  3.251  0.3534       28   0.08
  F01373    F   32       5L   812.8  25.40  32.0  115.0  10.0   9.0   240     6    60.0   5.0  3.251  0.3534       37   0.10
  F01374    F   32       5L   812.8  25.40  32.0  115.0  12.0   9.0    60     6    72.0   5.0  3.251  0.3534        9   0.03
  F01375    F   32       5L   812.8  25.40  32.0  115.0  12.0   9.0   120     6    72.0   5.0  3.251  0.3534       19   0.05
  F01376    F   32       5L   812.8  25.40  32.0  115.0  12.0   9.0   180     6    72.0   5.0  3.251  0.3534       28   0.08
  F01377    F   32       5L   812.8  25.40  32.0  115.0  12.0   9.0   240     6    72.0   5.0  3.251  0.3534       37   0.10
  F01378    F   32       5L   812.8  25.40  32.0  130.0   4.0   9.0    60    10    40.0   5.0  2.000  0.3126        9   0.03
  F01379    F   32       5L   812.8  25.40  32.0  130.0   4.0   9.0   120    10    40.0   5.0  2.000  0.3126       19   0.05
  F01380    F   32       5L   812.8  25.40  32.0  130.0   4.0   9.0   180    10    40.0   5.0  2.000  0.3126       28   0.08
  F01381    F   32       5L   812.8  25.40  32.0  130.0   4.0   9.0   240    10    40.0   5.0  2.000  0.3126       37   0.10
  F01382    F   32       5L   812.8  25.40  32.0  130.0   6.0   9.0    60     7    42.0   5.0  3.000  0.3126        9   0.03
  F01383    F   32       5L   812.8  25.40  32.0  130.0   6.0   9.0   120     7    42.0   5.0  3.000  0.3126       19   0.05
  F01384    F   32       5L   812.8  25.40  32.0  130.0   6.0   9.0   180     7    42.0   5.0  3.000  0.3126       28   0.08
  F01385    F   32       5L   812.8  25.40  32.0  130.0   6.0   9.0   240     7    42.0   5.0  3.000  0.3126       37   0.10
  F01386    F   32       5L   812.8  25.40  32.0  130.0   8.0   9.0    60     6    48.0   5.0  3.251  0.3126        9   0.03
  F01387    F   32       5L   812.8  25.40  32.0  130.0   8.0   9.0   120     6    48.0   5.0  3.251  0.3126       19   0.05
  F01388    F   32       5L   812.8  25.40  32.0  130.0   8.0   9.0   180     6    48.0   5.0  3.251  0.3126       28   0.08
  F01389    F   32       5L   812.8  25.40  32.0  130.0   8.0   9.0   240     6    48.0   5.0  3.251  0.3126       37   0.10
  F01390    F   32       5L   812.8  25.40  32.0  130.0  10.0   9.0    60     6    60.0   5.0  3.251  0.3126        9   0.03
  F01391    F   32       5L   812.8  25.40  32.0  130.0  10.0   9.0   120     6    60.0   5.0  3.251  0.3126       19   0.05
  F01392    F   32       5L   812.8  25.40  32.0  130.0  10.0   9.0   180     6    60.0   5.0  3.251  0.3126       28   0.08
  F01393    F   32       5L   812.8  25.40  32.0  130.0  10.0   9.0   240     6    60.0   5.0  3.251  0.3126       37   0.10
  F01394    F   32       5L   812.8  25.40  32.0  130.0  12.0   9.0    60     6    72.0   5.0  3.251  0.3126        9   0.03
  F01395    F   32       5L   812.8  25.40  32.0  130.0  12.0   9.0   120     6    72.0   5.0  3.251  0.3126       19   0.05
  F01396    F   32       5L   812.8  25.40  32.0  130.0  12.0   9.0   180     6    72.0   5.0  3.251  0.3126       28   0.08
  F01397    F   32       5L   812.8  25.40  32.0  130.0  12.0   9.0   240     6    72.0   5.0  3.251  0.3126       37   0.10
  F01398    F   32       5L   812.8  25.40  32.0  145.0   4.0   9.0    60    10    40.0   5.0  2.000  0.2803        9   0.03
  F01399    F   32       5L   812.8  25.40  32.0  145.0   4.0   9.0   120    10    40.0   5.0  2.000  0.2803       19   0.05
  F01400    F   32       5L   812.8  25.40  32.0  145.0   4.0   9.0   180    10    40.0   5.0  2.000  0.2803       28   0.08
  F01401    F   32       5L   812.8  25.40  32.0  145.0   4.0   9.0   240    10    40.0   5.0  2.000  0.2803       37   0.10
  F01402    F   32       5L   812.8  25.40  32.0  145.0   6.0   9.0    60     7    42.0   5.0  3.000  0.2803        9   0.03
  F01403    F   32       5L   812.8  25.40  32.0  145.0   6.0   9.0   120     7    42.0   5.0  3.000  0.2803       19   0.05
  F01404    F   32       5L   812.8  25.40  32.0  145.0   6.0   9.0   180     7    42.0   5.0  3.000  0.2803       28   0.08
  F01405    F   32       5L   812.8  25.40  32.0  145.0   6.0   9.0   240     7    42.0   5.0  3.000  0.2803       37   0.10
  F01406    F   32       5L   812.8  25.40  32.0  145.0   8.0   9.0    60     6    48.0   5.0  3.251  0.2803        9   0.03
  F01407    F   32       5L   812.8  25.40  32.0  145.0   8.0   9.0   120     6    48.0   5.0  3.251  0.2803       19   0.05
  F01408    F   32       5L   812.8  25.40  32.0  145.0   8.0   9.0   180     6    48.0   5.0  3.251  0.2803       28   0.08
  F01409    F   32       5L   812.8  25.40  32.0  145.0   8.0   9.0   240     6    48.0   5.0  3.251  0.2803       37   0.10
  F01410    F   32       5L   812.8  25.40  32.0  145.0  10.0   9.0    60     6    60.0   5.0  3.251  0.2803        9   0.03
  F01411    F   32       5L   812.8  25.40  32.0  145.0  10.0   9.0   120     6    60.0   5.0  3.251  0.2803       19   0.05
  F01412    F   32       5L   812.8  25.40  32.0  145.0  10.0   9.0   180     6    60.0   5.0  3.251  0.2803       28   0.08
  F01413    F   32       5L   812.8  25.40  32.0  145.0  10.0   9.0   240     6    60.0   5.0  3.251  0.2803       37   0.10
  F01414    F   32       5L   812.8  25.40  32.0  145.0  12.0   9.0    60     6    72.0   5.0  3.251  0.2803        9   0.03
  F01415    F   32       5L   812.8  25.40  32.0  145.0  12.0   9.0   120     6    72.0   5.0  3.251  0.2803       19   0.05
  F01416    F   32       5L   812.8  25.40  32.0  145.0  12.0   9.0   180     6    72.0   5.0  3.251  0.2803       28   0.08
  F01417    F   32       5L   812.8  25.40  32.0  145.0  12.0   9.0   240     6    72.0   5.0  3.251  0.2803       37   0.10
  F01418    F   32       5L   812.8  31.75  25.6   85.0   4.0   9.0    60    10    40.0   5.0  2.000  0.4781        8   0.02
  F01419    F   32       5L   812.8  31.75  25.6   85.0   4.0   9.0   120    10    40.0   5.0  2.000  0.4781       15   0.04
  F01420    F   32       5L   812.8  31.75  25.6   85.0   4.0   9.0   180    10    40.0   5.0  2.000  0.4781       23   0.06
  F01421    F   32       5L   812.8  31.75  25.6   85.0   4.0   9.0   240    10    40.0   5.0  2.000  0.4781       30   0.08
  F01422    F   32       5L   812.8  31.75  25.6   85.0   6.0   9.0    60     7    42.0   5.0  3.000  0.4781        8   0.02
  F01423    F   32       5L   812.8  31.75  25.6   85.0   6.0   9.0   120     7    42.0   5.0  3.000  0.4781       15   0.04
  F01424    F   32       5L   812.8  31.75  25.6   85.0   6.0   9.0   180     7    42.0   5.0  3.000  0.4781       23   0.06
  F01425    F   32       5L   812.8  31.75  25.6   85.0   6.0   9.0   240     7    42.0   5.0  3.000  0.4781       30   0.08
  F01426    F   32       5L   812.8  31.75  25.6   85.0   8.0   9.0    60     6    48.0   5.0  3.251  0.4781        8   0.02
  F01427    F   32       5L   812.8  31.75  25.6   85.0   8.0   9.0   120     6    48.0   5.0  3.251  0.4781       15   0.04
  F01428    F   32       5L   812.8  31.75  25.6   85.0   8.0   9.0   180     6    48.0   5.0  3.251  0.4781       23   0.06
  F01429    F   32       5L   812.8  31.75  25.6   85.0   8.0   9.0   240     6    48.0   5.0  3.251  0.4781       30   0.08
  F01430    F   32       5L   812.8  31.75  25.6   85.0  10.0   9.0    60     6    60.0   5.0  3.251  0.4781        8   0.02
  F01431    F   32       5L   812.8  31.75  25.6   85.0  10.0   9.0   120     6    60.0   5.0  3.251  0.4781       15   0.04
  F01432    F   32       5L   812.8  31.75  25.6   85.0  10.0   9.0   180     6    60.0   5.0  3.251  0.4781       23   0.06
  F01433    F   32       5L   812.8  31.75  25.6   85.0  10.0   9.0   240     6    60.0   5.0  3.251  0.4781       30   0.08
  F01434    F   32       5L   812.8  31.75  25.6   85.0  12.0   9.0    60     6    72.0   5.0  3.251  0.4781        8   0.02
  F01435    F   32       5L   812.8  31.75  25.6   85.0  12.0   9.0   120     6    72.0   5.0  3.251  0.4781       15   0.04
  F01436    F   32       5L   812.8  31.75  25.6   85.0  12.0   9.0   180     6    72.0   5.0  3.251  0.4781       23   0.06
  F01437    F   32       5L   812.8  31.75  25.6   85.0  12.0   9.0   240     6    72.0   5.0  3.251  0.4781       30   0.08
  F01438    F   32       5L   812.8  31.75  25.6  100.0   4.0   9.0    60    10    40.0   5.0  2.000  0.4064        8   0.02
  F01439    F   32       5L   812.8  31.75  25.6  100.0   4.0   9.0   120    10    40.0   5.0  2.000  0.4064       15   0.04
  F01440    F   32       5L   812.8  31.75  25.6  100.0   4.0   9.0   180    10    40.0   5.0  2.000  0.4064       23   0.06
  F01441    F   32       5L   812.8  31.75  25.6  100.0   4.0   9.0   240    10    40.0   5.0  2.000  0.4064       30   0.08
  F01442    F   32       5L   812.8  31.75  25.6  100.0   6.0   9.0    60     7    42.0   5.0  3.000  0.4064        8   0.02
  F01443    F   32       5L   812.8  31.75  25.6  100.0   6.0   9.0   120     7    42.0   5.0  3.000  0.4064       15   0.04
  F01444    F   32       5L   812.8  31.75  25.6  100.0   6.0   9.0   180     7    42.0   5.0  3.000  0.4064       23   0.06
  F01445    F   32       5L   812.8  31.75  25.6  100.0   6.0   9.0   240     7    42.0   5.0  3.000  0.4064       30   0.08
  F01446    F   32       5L   812.8  31.75  25.6  100.0   8.0   9.0    60     6    48.0   5.0  3.251  0.4064        8   0.02
  F01447    F   32       5L   812.8  31.75  25.6  100.0   8.0   9.0   120     6    48.0   5.0  3.251  0.4064       15   0.04
  F01448    F   32       5L   812.8  31.75  25.6  100.0   8.0   9.0   180     6    48.0   5.0  3.251  0.4064       23   0.06
  F01449    F   32       5L   812.8  31.75  25.6  100.0   8.0   9.0   240     6    48.0   5.0  3.251  0.4064       30   0.08
  F01450    F   32       5L   812.8  31.75  25.6  100.0  10.0   9.0    60     6    60.0   5.0  3.251  0.4064        8   0.02
  F01451    F   32       5L   812.8  31.75  25.6  100.0  10.0   9.0   120     6    60.0   5.0  3.251  0.4064       15   0.04
  F01452    F   32       5L   812.8  31.75  25.6  100.0  10.0   9.0   180     6    60.0   5.0  3.251  0.4064       23   0.06
  F01453    F   32       5L   812.8  31.75  25.6  100.0  10.0   9.0   240     6    60.0   5.0  3.251  0.4064       30   0.08
  F01454    F   32       5L   812.8  31.75  25.6  100.0  12.0   9.0    60     6    72.0   5.0  3.251  0.4064        8   0.02
  F01455    F   32       5L   812.8  31.75  25.6  100.0  12.0   9.0   120     6    72.0   5.0  3.251  0.4064       15   0.04
  F01456    F   32       5L   812.8  31.75  25.6  100.0  12.0   9.0   180     6    72.0   5.0  3.251  0.4064       23   0.06
  F01457    F   32       5L   812.8  31.75  25.6  100.0  12.0   9.0   240     6    72.0   5.0  3.251  0.4064       30   0.08
  F01458    F   32       5L   812.8  31.75  25.6  115.0   4.0   9.0    60    10    40.0   5.0  2.000  0.3534        8   0.02
  F01459    F   32       5L   812.8  31.75  25.6  115.0   4.0   9.0   120    10    40.0   5.0  2.000  0.3534       15   0.04
  F01460    F   32       5L   812.8  31.75  25.6  115.0   4.0   9.0   180    10    40.0   5.0  2.000  0.3534       23   0.06
  F01461    F   32       5L   812.8  31.75  25.6  115.0   4.0   9.0   240    10    40.0   5.0  2.000  0.3534       30   0.08
  F01462    F   32       5L   812.8  31.75  25.6  115.0   6.0   9.0    60     7    42.0   5.0  3.000  0.3534        8   0.02
  F01463    F   32       5L   812.8  31.75  25.6  115.0   6.0   9.0   120     7    42.0   5.0  3.000  0.3534       15   0.04
  F01464    F   32       5L   812.8  31.75  25.6  115.0   6.0   9.0   180     7    42.0   5.0  3.000  0.3534       23   0.06
  F01465    F   32       5L   812.8  31.75  25.6  115.0   6.0   9.0   240     7    42.0   5.0  3.000  0.3534       30   0.08
  F01466    F   32       5L   812.8  31.75  25.6  115.0   8.0   9.0    60     6    48.0   5.0  3.251  0.3534        8   0.02
  F01467    F   32       5L   812.8  31.75  25.6  115.0   8.0   9.0   120     6    48.0   5.0  3.251  0.3534       15   0.04
  F01468    F   32       5L   812.8  31.75  25.6  115.0   8.0   9.0   180     6    48.0   5.0  3.251  0.3534       23   0.06
  F01469    F   32       5L   812.8  31.75  25.6  115.0   8.0   9.0   240     6    48.0   5.0  3.251  0.3534       30   0.08
  F01470    F   32       5L   812.8  31.75  25.6  115.0  10.0   9.0    60     6    60.0   5.0  3.251  0.3534        8   0.02
  F01471    F   32       5L   812.8  31.75  25.6  115.0  10.0   9.0   120     6    60.0   5.0  3.251  0.3534       15   0.04
  F01472    F   32       5L   812.8  31.75  25.6  115.0  10.0   9.0   180     6    60.0   5.0  3.251  0.3534       23   0.06
  F01473    F   32       5L   812.8  31.75  25.6  115.0  10.0   9.0   240     6    60.0   5.0  3.251  0.3534       30   0.08
  F01474    F   32       5L   812.8  31.75  25.6  115.0  12.0   9.0    60     6    72.0   5.0  3.251  0.3534        8   0.02
  F01475    F   32       5L   812.8  31.75  25.6  115.0  12.0   9.0   120     6    72.0   5.0  3.251  0.3534       15   0.04
  F01476    F   32       5L   812.8  31.75  25.6  115.0  12.0   9.0   180     6    72.0   5.0  3.251  0.3534       23   0.06
  F01477    F   32       5L   812.8  31.75  25.6  115.0  12.0   9.0   240     6    72.0   5.0  3.251  0.3534       30   0.08
  F01478    F   32       5L   812.8  31.75  25.6  130.0   4.0   9.0    60    10    40.0   5.0  2.000  0.3126        8   0.02
  F01479    F   32       5L   812.8  31.75  25.6  130.0   4.0   9.0   120    10    40.0   5.0  2.000  0.3126       15   0.04
  F01480    F   32       5L   812.8  31.75  25.6  130.0   4.0   9.0   180    10    40.0   5.0  2.000  0.3126       23   0.06
  F01481    F   32       5L   812.8  31.75  25.6  130.0   4.0   9.0   240    10    40.0   5.0  2.000  0.3126       30   0.08
  F01482    F   32       5L   812.8  31.75  25.6  130.0   6.0   9.0    60     7    42.0   5.0  3.000  0.3126        8   0.02
  F01483    F   32       5L   812.8  31.75  25.6  130.0   6.0   9.0   120     7    42.0   5.0  3.000  0.3126       15   0.04
  F01484    F   32       5L   812.8  31.75  25.6  130.0   6.0   9.0   180     7    42.0   5.0  3.000  0.3126       23   0.06
  F01485    F   32       5L   812.8  31.75  25.6  130.0   6.0   9.0   240     7    42.0   5.0  3.000  0.3126       30   0.08
  F01486    F   32       5L   812.8  31.75  25.6  130.0   8.0   9.0    60     6    48.0   5.0  3.251  0.3126        8   0.02
  F01487    F   32       5L   812.8  31.75  25.6  130.0   8.0   9.0   120     6    48.0   5.0  3.251  0.3126       15   0.04
  F01488    F   32       5L   812.8  31.75  25.6  130.0   8.0   9.0   180     6    48.0   5.0  3.251  0.3126       23   0.06
  F01489    F   32       5L   812.8  31.75  25.6  130.0   8.0   9.0   240     6    48.0   5.0  3.251  0.3126       30   0.08
  F01490    F   32       5L   812.8  31.75  25.6  130.0  10.0   9.0    60     6    60.0   5.0  3.251  0.3126        8   0.02
  F01491    F   32       5L   812.8  31.75  25.6  130.0  10.0   9.0   120     6    60.0   5.0  3.251  0.3126       15   0.04
  F01492    F   32       5L   812.8  31.75  25.6  130.0  10.0   9.0   180     6    60.0   5.0  3.251  0.3126       23   0.06
  F01493    F   32       5L   812.8  31.75  25.6  130.0  10.0   9.0   240     6    60.0   5.0  3.251  0.3126       30   0.08
  F01494    F   32       5L   812.8  31.75  25.6  130.0  12.0   9.0    60     6    72.0   5.0  3.251  0.3126        8   0.02
  F01495    F   32       5L   812.8  31.75  25.6  130.0  12.0   9.0   120     6    72.0   5.0  3.251  0.3126       15   0.04
  F01496    F   32       5L   812.8  31.75  25.6  130.0  12.0   9.0   180     6    72.0   5.0  3.251  0.3126       23   0.06
  F01497    F   32       5L   812.8  31.75  25.6  130.0  12.0   9.0   240     6    72.0   5.0  3.251  0.3126       30   0.08
  F01498    F   32       5L   812.8  31.75  25.6  145.0   4.0   9.0    60    10    40.0   5.0  2.000  0.2803        8   0.02
  F01499    F   32       5L   812.8  31.75  25.6  145.0   4.0   9.0   120    10    40.0   5.0  2.000  0.2803       15   0.04
  F01500    F   32       5L   812.8  31.75  25.6  145.0   4.0   9.0   180    10    40.0   5.0  2.000  0.2803       23   0.06
  F01501    F   32       5L   812.8  31.75  25.6  145.0   4.0   9.0   240    10    40.0   5.0  2.000  0.2803       30   0.08
  F01502    F   32       5L   812.8  31.75  25.6  145.0   6.0   9.0    60     7    42.0   5.0  3.000  0.2803        8   0.02
  F01503    F   32       5L   812.8  31.75  25.6  145.0   6.0   9.0   120     7    42.0   5.0  3.000  0.2803       15   0.04
  F01504    F   32       5L   812.8  31.75  25.6  145.0   6.0   9.0   180     7    42.0   5.0  3.000  0.2803       23   0.06
  F01505    F   32       5L   812.8  31.75  25.6  145.0   6.0   9.0   240     7    42.0   5.0  3.000  0.2803       30   0.08
  F01506    F   32       5L   812.8  31.75  25.6  145.0   8.0   9.0    60     6    48.0   5.0  3.251  0.2803        8   0.02
  F01507    F   32       5L   812.8  31.75  25.6  145.0   8.0   9.0   120     6    48.0   5.0  3.251  0.2803       15   0.04
  F01508    F   32       5L   812.8  31.75  25.6  145.0   8.0   9.0   180     6    48.0   5.0  3.251  0.2803       23   0.06
  F01509    F   32       5L   812.8  31.75  25.6  145.0   8.0   9.0   240     6    48.0   5.0  3.251  0.2803       30   0.08
  F01510    F   32       5L   812.8  31.75  25.6  145.0  10.0   9.0    60     6    60.0   5.0  3.251  0.2803        8   0.02
  F01511    F   32       5L   812.8  31.75  25.6  145.0  10.0   9.0   120     6    60.0   5.0  3.251  0.2803       15   0.04
  F01512    F   32       5L   812.8  31.75  25.6  145.0  10.0   9.0   180     6    60.0   5.0  3.251  0.2803       23   0.06
  F01513    F   32       5L   812.8  31.75  25.6  145.0  10.0   9.0   240     6    60.0   5.0  3.251  0.2803       30   0.08
  F01514    F   32       5L   812.8  31.75  25.6  145.0  12.0   9.0    60     6    72.0   5.0  3.251  0.2803        8   0.02
  F01515    F   32       5L   812.8  31.75  25.6  145.0  12.0   9.0   120     6    72.0   5.0  3.251  0.2803       15   0.04
  F01516    F   32       5L   812.8  31.75  25.6  145.0  12.0   9.0   180     6    72.0   5.0  3.251  0.2803       23   0.06
  F01517    F   32       5L   812.8  31.75  25.6  145.0  12.0   9.0   240     6    72.0   5.0  3.251  0.2803       30   0.08
