schema_version,case_id,family,block,design,git_sha,produced_at,R,spacing,OD,t_wall,tension_mt,step,mode,material,zone_label,D_over_t,curvature,I,A,EI,EA,eps_pure_bend,spacing_over_OD,ref_table,ref_strain_pct,within_paper_box,peak_strain,peak_strain_station,peak_strain_s_station,peak_strain_s_material,peak_strain_shift,peak_moment,peak_moment_s_station,peak_moment_shift,start_strain,eps_SR1_env,eps_SR2_env,eps_SR3_env,eps_SR4_env,eps_SR5_env,eps_SR6_env,eps_SR7_env,eps_VR1_env,eps_VR2_env,eps_VR3_env,eps_VR4_env,eps_VR5_env,s_SR1,s_SR2,s_SR3,s_SR4,s_SR5,s_SR6,s_SR7,s_VR1,s_VR2,s_VR3,s_VR4,s_VR5,status,error,n_positions,n_converged,complete,seconds,n_active,n_slots,traceback,sigma_axial,axial_over_yield,tip_exceeds_peak
2.0.0,A0000,plain,A,anchor,3921baad1798760a494c913428d2f3d4da8fc15e,2026-10-10T03:49:39+00:00,70.0,9.0,0.4064,0.021,120.0,0.8128,A,j2,SR5 and beyond excluded,19.35238095238095,0.014285714285714285,0.00047348021490912356,0.025426165982563635,99430845.13091595,5339494856.338364,0.002902857142857143,22.145669291338585,X,0.5468,True,0.0054677249539477595,SR2,9.487144584717601,9.487144584717601,0.0,1257592.7541721733,9.487144584717601,0.0,0.0054677249539477595,0.001833009518806124,0.0054677249539477595,0.004079512407988985,0.004328368330608001,0.0039438521818408985,0.006417278868882864,0.0013758363708975389,0.0008287906692103795,0.00033607232017054684,0.0003440645741858863,0.0002797083690544497,0.00023481731276808328,0.0,9.0,18.0,27.0,36.0,45.0,54.0,-9.0,-18.0,-27.0,-36.0,-45.0,ok,,3,3,True,7.42,9,11,,46282951.224616654,0.12856375340171292,True
2.0.0,A0001,plain,A,anchor,3921baad1798760a494c913428d2f3d4da8fc15e,2026-10-10T03:49:46+00:00,85.0,9.0,0.4064,0.021,120.0,0.8128,A,j2,SR5 and beyond excluded,19.35238095238095,0.011764705882352941,0.00047348021490912356,0.025426165982563635,99430845.13091595,5339494856.338364,0.0023905882352941174,22.145669291338585,X,0.407,True,0.004070311281687059,SR2,9.446919069767443,9.446919069767443,0.0,1184859.258855333,9.446919069767443,0.0,0.004070311281687059,0.00164298114007782,0.004070311281687059,0.0030966504173496317,0.0033195642304831227,0.0030221043094781483,0.004667956598168652,0.0013145289944465897,0.0006913499753042091,0.00031266260849085114,0.000311047786989577,0.0002628858790254447,0.00023660346168329218,0.0,9.0,18.0,27.0,36.0,45.0,54.0,-9.0,-18.0,-27.0,-36.0,-45.0,ok,,3,3,True,6.0,9,11,,46282951.224616654,0.12856375340171292,True
2.0.0,A0002,plain,A,anchor,3921baad1798760a494c913428d2f3d4da8fc15e,2026-10-10T03:49:52+00:00,105.0,9.0,0.4064,0.021,120.0,0.8128,A,j2,SR5 and beyond excluded,19.35238095238095,0.009523809523809525,0.00047348021490912356,0.025426165982563635,99430845.13091595,5339494856.338364,0.0019352380952380951,22.145669291338585,X,0.2965,True,0.0029651267755818173,SR2,9.411163056478397,9.411163056478397,0.0,1071757.914040594,9.411163056478397,0.0,0.0029651267755818173,0.0014511507164127722,0.0029651267755818173,0.00229393395314576,0.0024214549010837514,0.0022769381629408826,0.003358982110206784,0.0012203523073834215,0.0005768989484955541,0.00030020243757891663,0.0002861897419751152,0.00025003086229359627,0.0002414802171321106,0.0,9.0,18.0,27.0,36.0,45.0,54.0,-9.0,-18.0,-27.0,-36.0,-45.0,ok,,3,3,True,4.29,9,11,,46282951.224616654,0.12856375340171292,True
2.0.0,A0003,plain,A,anchor,3921baad1798760a494c913428d2f3d4da8fc15e,2026-10-10T03:49:56+00:00,70.0,9.0,0.1683,0.021,0.0,0.3366,A,j2,SR5 and beyond excluded,8.014285714285714,0.014285714285714285,2.689217937825051e-05,0.00971788855534931,5647357.6694326075,2040756596.6233554,0.0012021428571428571,53.475935828877006,XI,0.1428,True,0.0014282179617610392,SR2,9.353210563025202,8.680010563025203,0.6732,93506.22622641307,9.353210563025202,0.6732,0.0014262770917301908,0.0009304463950638047,0.0014282179617610392,0.0012272339594585717,0.001298733421685477,0.0012658196358976937,0.001558548011245968,0.0007121973882464644,0.00016813372678204508,9.540742172260827e-05,5.7532937244268636e-05,6.685021960043002e-05,6.266538163544053e-05,0.0,9.0,18.0,27.0,36.0,45.0,54.0,-9.0,-18.0,-27.0,-36.0,-45.0,ok,,3,3,True,15.54,10,11,,0.0,0.0,True
2.0.0,A0004,plain,A,anchor,3921baad1798760a494c913428d2f3d4da8fc15e,2026-10-10T03:50:12+00:00,70.0,9.0,0.1683,0.021,100.0,0.3366,A,j2,SR5 and beyond excluded,8.014285714285714,0.014285714285714285,2.689217937825051e-05,0.00971788855534931,5647357.6694326075,2040756596.6233554,0.0012021428571428571,53.475935828877006,XI,0.3391,True,0.0033908480593147407,SR2,9.353210563025202,8.680010563025203,0.6732,133746.4579260438,9.353210563025202,0.6732,0.003224408449351136,0.0015482189184458266,0.0033908480593147407,0.0029846735528899927,0.003009484940036766,0.002934764685737649,0.0037447736888735787,0.0008068097832298717,0.0005986977613537546,0.000530294903928276,0.0005355883934310881,0.0005319109692188621,0.0005316983959681224,0.0,9.0,18.0,27.0,36.0,45.0,54.0,-9.0,-18.0,-27.0,-36.0,-45.0,ok,,3,3,True,3.54,10,11,,100913381.99800439,0.28031494999445666,True
2.0.0,A0005,plain,A,anchor,3921baad1798760a494c913428d2f3d4da8fc15e,2026-10-10T03:50:16+00:00,70.0,9.0,0.4064,0.021,0.0,0.8128,A,j2,SR5 and beyond excluded,19.35238095238095,0.014285714285714285,0.00047348021490912356,0.025426165982563635,99430845.13091595,5339494856.338364,0.002902857142857143,22.145669291338585,XI,0.3536,True,0.0035364263428972406,SR2,9.487144584717601,9.487144584717601,0.0,1206736.83405611,9.487144584717601,0.0,0.0035364263428972406,0.001746254484349655,0.0035364263428972406,0.0030438462882687403,0.003094977022179611,0.0032323881424299247,0.004347117589685616,0.0012328180189527986,0.000763350677901958,0.00019307046646722687,0.0002454203133808144,9.708641147647809e-05,3.0292611682773603e-05,0.0,9.0,18.0,27.0,36.0,45.0,54.0,-9.0,-18.0,-27.0,-36.0,-45.0,ok,,3,3,True,19.1,7,11,,0.0,0.0,True
2.0.0,A0006,plain,A,anchor,3921baad1798760a494c913428d2f3d4da8fc15e,2026-10-10T03:50:35+00:00,70.0,9.0,0.4064,0.021,100.0,0.8128,A,j2,SR5 and beyond excluded,19.35238095238095,0.014285714285714285,0.00047348021490912356,0.025426165982563635,99430845.13091595,5339494856.338364,0.002902857142857143,22.145669291338585,XI,0.528,True,0.005280103129196545,SR2,9.487144584717601,9.487144584717601,0.0,1257670.3517253273,9.487144584717601,0.0,0.005280103129196545,0.00180561237154359,0.005280103129196545,0.0038852526238094282,0.004133241125564409,0.0037706969181466243,0.006153943903658102,0.0013565190814497482,0.0007969296423228486,0.0003024194425724918,0.0003108610819850909,0.00024426444621612807,0.00019827667356637566,0.0,9.0,18.0,27.0,36.0,45.0,54.0,-9.0,-18.0,-27.0,-36.0,-45.0,ok,,3,3,True,7.12,9,11,,38569126.020513885,0.10713646116809412,True
2.0.0,A0007,plain,A,anchor,3921baad1798760a494c913428d2f3d4da8fc15e,2026-10-10T03:50:42+00:00,70.0,9.0,0.508,0.021,0.0,1.016,A,j2,SR5 and beyond excluded,24.19047619047619,0.014285714285714285,0.0009542734829624907,0.032129068068262816,200397431.42212304,6747104294.335192,0.0036285714285714285,17.716535433070867,XI,0.4888,True,0.0048882742930212875,SR2,9.676708374384244,9.676708374384244,0.0,2033213.3043438073,9.676708374384244,0.0,0.0048882742930212875,0.002038097036297341,0.0048882742930212875,0.004029161249544307,0.0038814620513378324,0.004203605456803178,0.005748389338107408,0.0012689190425840841,0.0009634755157446137,0.00025120615310998337,0.0003548696996483152,0.00014437215003743504,4.8641575202617013e-05,0.0,9.0,18.0,27.0,36.0,45.0,54.0,-9.0,-18.0,-27.0,-36.0,-45.0,ok,,3,3,True,20.85,7,11,,0.0,0.0,True
2.0.0,A0008,plain,A,anchor,3921baad1798760a494c913428d2f3d4da8fc15e,2026-10-10T03:51:03+00:00,70.0,9.0,0.508,0.021,100.0,1.016,A,j2,SR5 and beyond excluded,24.19047619047619,0.014285714285714285,0.0009542734829624907,0.032129068068262816,200397431.42212304,6747104294.335192,0.0036285714285714285,17.716535433070867,XI,0.6352,True,0.006351988260391964,SR2,9.676708374384244,9.676708374384244,0.0,2074485.7017042127,9.676708374384244,0.0,0.006351988260391964,0.0021223148752336947,0.006351988260391964,0.004652871500280795,0.005039572369285737,0.00451484947966366,0.007660448214291171,0.0013992762714450768,0.001015692769505672,0.0003345266435680347,0.0004029127155366737,0.00025014895152022167,0.000181300071457202,0.0,9.0,18.0,27.0,36.0,45.0,54.0,-9.0,-18.0,-27.0,-36.0,-45.0,ok,,3,3,True,9.42,9,11,,30522671.803503186,0.08478519945417552,True
2.0.0,B0009,plain,B,ofat,3921baad1798760a494c913428d2f3d4da8fc15e,2026-10-10T03:51:31+00:00,60.0,9.0,0.4064,0.021,120.0,0.8128,A,j2,SR5 and beyond excluded,19.35238095238095,0.016666666666666666,0.00047348021490912356,0.025426165982563635,99430845.13091595,5339494856.338364,0.0033866666666666667,22.145669291338585,,,False,0.006845073435581266,SR2,9.52513534883721,9.52513534883721,0.0,1299027.4253581513,9.52513534883721,0.0,0.006845073435581266,0.0020826545710975154,0.006845073435581266,0.005254181022169131,0.005501794202023449,0.005081990972303958,0.008267683899665106,0.001430586396103139,0.0009918522868342288,0.00035791607128043946,0.0003937357327082068,0.00029688353723325025,0.00024016939890387246,0.0,9.0,18.0,27.0,36.0,45.0,54.0,-9.0,-18.0,-27.0,-36.0,-45.0,ok,,4,4,True,22.1,9,11,,46282951.224616654,0.12856375340171292,True
2.0.0,B0010,plain,B,ofat,3921baad1798760a494c913428d2f3d4da8fc15e,2026-10-10T03:51:53+00:00,120.0,9.0,0.4064,0.021,120.0,0.8128,A,j2,SR5 and beyond excluded,19.35238095238095,0.008333333333333333,0.00047348021490912356,0.025426165982563635,99430845.13091595,5339494856.338364,0.0016933333333333334,22.145669291338585,,,False,0.0024010978691993523,SR2,9.392167674418602,9.392167674418602,0.0,980672.3310033225,9.392167674418602,0.0,0.0024010978691993523,0.0013297651775504194,0.0024010978691993523,0.0020031481427347647,0.0021270034371252216,0.0019758622968480163,0.0027707713111612023,0.0011443663867773991,0.0005195127002135847,0.0002979978464229849,0.0002735880732002998,0.00024365171812502906,0.00024378286317057696,0.0,9.0,18.0,27.0,36.0,45.0,54.0,-9.0,-18.0,-27.0,-36.0,-45.0,ok,,3,3,True,3.69,9,11,,46282951.224616654,0.12856375340171292,True
2.0.0,B0011,plain,B,ofat,3921baad1798760a494c913428d2f3d4da8fc15e,2026-10-10T03:51:57+00:00,150.0,9.0,0.4064,0.021,120.0,0.8128,A,j2,SR5 and beyond excluded,19.35238095238095,0.006666666666666667,0.00047348021490912356,0.025426165982563635,99430845.13091595,5339494856.338364,0.0013546666666666666,22.145669291338585,,,False,0.0019016841640821416,SR2,9.366667720930238,8.553867720930239,0.8128,804451.7645052774,9.366667720930238,0.8128,0.0019010706874519683,0.0012169539143991783,0.0019016841640821416,0.0016191530917417036,0.0017063144762770592,0.0016067099448573595,0.0020776063611189833,0.000987700603078888,0.00044990016712260583,0.0002920402200584141,0.0002662659365114266,0.00023816367128716702,0.0002457183603200535,0.0,9.0,18.0,27.0,36.0,45.0,54.0,-9.0,-18.0,-27.0,-36.0,-45.0,ok,,3,3,True,2.91,10,11,,46282951.224616654,0.12856375340171292,True
2.0.0,B0012,plain,B,ofat,3921baad1798760a494c913428d2f3d4da8fc15e,2026-10-10T03:52:00+00:00,200.0,9.0,0.4064,0.021,120.0,0.8128,A,j2,SR5 and beyond excluded,19.35238095238095,0.005,0.00047348021490912356,0.025426165982563635,99430845.13091595,5339494856.338364,0.001016,22.145669291338585,,,False,0.0014669182278213024,SR2,9.342220976744189,7.7166209767441885,1.6256,607097.6356466952,9.342220976744189,1.6256,0.0014667126170809727,0.000970079392707216,0.0014669182278213024,0.0012747772051701666,0.0013415806262124456,0.001262433819328091,0.0015729588499749265,0.0007963057510661989,0.00038162330525809684,0.0002643306628953804,0.00025670614882182974,0.00023900981429643867,0.00024390655249160006,0.0,9.0,18.0,27.0,36.0,45.0,54.0,-9.0,-18.0,-27.0,-36.0,-45.0,ok,,3,3,True,2.72,10,11,,46282951.224616654,0.12856375340171292,True
2.0.0,B0013,plain,B,ofat,3921baad1798760a494c913428d2f3d4da8fc15e,2026-10-10T03:52:02+00:00,250.0,9.0,0.4064,0.021,120.0,0.8128,A,j2,SR5 and beyond excluded,19.35238095238095,0.004,0.00047348021490912356,0.025426165982563635,99430845.13091595,5339494856.338364,0.0008127999999999999,22.145669291338585,,,False,0.001219478167458028,SR2,9.32689678139535,7.7012967813953495,1.6256,486540.34321073483,9.32689678139535,1.6256,0.0012193043369231472,0.0008209646330499378,0.001219478167458028,0.0010688524111767037,0.001121690432982741,0.0010521812585658546,0.0013084480405557385,0.00067711824652715,0.0003413275295045136,0.0002569390757730377,0.0002510139566428985,0.00023997634770766464,0.00024279936251624627,0.0,9.0,18.0,27.0,36.0,45.0,54.0,-9.0,-18.0,-27.0,-36.0,-45.0,ok,,3,3,True,2.58,10,11,,46282951.224616654,0.12856375340171292,True
2.0.0,B0014,plain,B,ofat,3921baad1798760a494c913428d2f3d4da8fc15e,2026-10-10T03:52:05+00:00,85.0,6.0,0.4064,0.021,120.0,0.8128,A,j2,SR5 and beyond excluded,19.35238095238095,0.011764705882352941,0.00047348021490912356,0.025426165982563635,99430845.13091595,5339494856.338364,0.0023905882352941174,14.763779527559056,,,False,0.003225176635772097,SR2,6.705589333333336,6.705589333333336,0.0,1105567.737348928,6.705589333333336,0.0,0.003225176635772097,0.0017220965107366125,0.003225176635772097,0.0027940383951737123,0.0030000634238011403,0.002722356402959503,0.003999244373267081,0.0013222352793500717,0.000851989969827373,0.00035140901203862786,0.000457282338849153,0.00030432908614819626,0.00025088085054814427,0.0,6.0,12.0,18.0,24.0,30.0,36.0,-6.0,-12.0,-18.0,-24.0,-30.0,ok,,3,3,True,3.6,8,11,,46282951.224616654,0.12856375340171292,True
2.0.0,B0015,plain,B,ofat,3921baad1798760a494c913428d2f3d4da8fc15e,2026-10-10T03:52:08+00:00,85.0,7.5,0.4064,0.021,120.0,0.8128,A,j2,SR5 and beyond excluded,19.35238095238095,0.011764705882352941,0.00047348021490912356,0.025426165982563635,99430845.13091595,5339494856.338364,0.0023905882352941174,18.45472440944882,,,False,0.0038277508686464473,SR2,7.828703030303032,7.828703030303032,0.0,1167934.7489903877,7.828703030303032,0.0,0.0038277508686464473,0.0016130410439549481,0.0038277508686464473,0.002889450857386966,0.003133057148600057,0.0028542828285426456,0.0042787863079177795,0.0013267375342856378,0.0007039299062272842,0.00030843830274686167,0.00033099437946678296,0.00027436826427172846,0.00023327970763218711,0.0,7.5,15.0,22.5,30.0,37.5,45.0,-7.5,-15.0,-22.5,-30.0,-37.5,ok,,3,3,True,5.12,9,11,,46282951.224616654,0.12856375340171292,True
2.0.0,B0016,plain,B,ofat,3921baad1798760a494c913428d2f3d4da8fc15e,2026-10-10T03:52:14+00:00,85.0,10.5,0.4064,0.021,120.0,0.8128,A,j2,SR5 and beyond excluded,19.35238095238095,0.011764705882352941,0.00047348021490912356,0.025426165982563635,99430845.13091595,5339494856.338364,0.0023905882352941174,25.836614173228348,,,False,0.004278665169028244,SR2,11.059885283018865,11.059885283018865,0.0,1198360.0562107703,11.059885283018865,0.0,0.004278665169028244,0.0016579342826843573,0.004278665169028244,0.003371811085781422,0.0035487963243594966,0.003247008229193823,0.005128606362617686,0.0012921758104039015,0.0007441228557017581,0.0003240989297752573,0.0003072071133844634,0.0002602856375271333,0.000252528125387925,0.0,10.5,21.0,31.5,42.0,52.5,63.0,-10.5,-21.0,-31.5,-42.0,-52.5,ok,,3,3,True,7.59,9,11,,46282951.224616654,0.12856375340171292,True
2.0.0,B0017,plain,B,ofat,3921baad1798760a494c913428d2f3d4da8fc15e,2026-10-10T03:52:21+00:00,85.0,12.0,0.4064,0.021,120.0,0.8128,A,j2,SR5 and beyond excluded,19.35238095238095,0.011764705882352941,0.00047348021490912356,0.025426165982563635,99430845.13091595,5339494856.338364,0.0023905882352941174,29.52755905511811,,,False,0.004705889233646892,SR2,12.203206299212603,12.203206299212603,0.0,1224542.1893079174,12.203206299212603,0.0,0.004705889233646892,0.0016962788910679966,0.004705889233646892,0.0036827840397632306,0.003831258167005424,0.0036195603498521967,0.00566899980726707,0.0012618373603058152,0.0006984907057127485,0.0003470165054499976,0.00029555258489581844,0.0002604261539076476,0.00026965101742533216,0.0,12.0,24.0,36.0,48.0,60.0,72.0,-12.0,-24.0,-36.0,-48.0,-60.0,ok,,3,3,True,11.34,9,11,,46282951.224616654,0.12856375340171292,True
2.0.0,B0018,plain,B,ofat,3921baad1798760a494c913428d2f3d4da8fc15e,2026-10-10T03:52:32+00:00,85.0,14.0,0.4064,0.021,120.0,0.8128,A,j2,SR5 and beyond excluded,19.35238095238095,0.011764705882352941,0.00047348021490912356,0.025426165982563635,99430845.13091595,5339494856.338364,0.0023905882352941174,34.4488188976378,,,False,0.005340384472368097,SR2,14.466945454545446,14.466945454545446,0.0,1250380.972335511,14.466945454545446,0.0,0.005340384472368097,0.001624871702196591,0.005340384472368097,0.004264752969419515,0.004368532788288322,0.00412352526765051,0.006247339687392054,0.001175996098129877,0.0006846743158842347,0.0003370407691795271,0.0003208628975270544,0.0002773035479311822,0.0002879681171535125,0.0,14.0,28.0,42.0,56.0,70.0,84.0,-14.0,-28.0,-42.0,-56.0,-70.0,ok,,3,3,True,14.73,10,11,,46282951.224616654,0.12856375340171292,True
2.0.0,B0019,plain,B,ofat,3921baad1798760a494c913428d2f3d4da8fc15e,2026-10-10T03:52:47+00:00,85.0,9.0,0.2191,0.021,120.0,0.4382,A,j2,SR5 and beyond excluded,10.433333333333332,0.011764705882352941,6.483145561401001e-05,0.013069339598198898,13614605.678942103,2744561315.6217685,0.0012888235294117646,41.07713372889092,,,True,0.0027264397066102315,SR2,9.448521861591693,8.572121861591693,0.8764,233090.09803085582,9.448521861591693,0.8764,0.0026828117317628792,0.0013272638765361216,0.0027264397066102315,0.0023568209008302653,0.002408603049375925,0.0023112156890317034,0.003058039485328438,0.0009339335243913754,0.0006014003988292142,0.00048206566748356457,0.0004785178664924998,0.00046884911231125635,0.0004703357772825729,0.0,9.0,18.0,27.0,36.0,45.0,54.0,-9.0,-18.0,-27.0,-36.0,-45.0,ok,,3,3,True,3.7,10,11,,90042652.20579134,0.2501184783494204,True
2.0.0,B0020,plain,B,ofat,3921baad1798760a494c913428d2f3d4da8fc15e,2026-10-10T03:52:51+00:00,85.0,9.0,0.2731,0.021,120.0,0.5462,A,j2,SR5 and beyond excluded,13.004761904761905,0.011764705882352941,0.0001330457027830812,0.016631905667369735,27939597.584447052,3492700190.1476445,0.0016064705882352943,32.95496155254485,,,True,0.002875311357433685,SR2,9.305270747404847,9.305270747404847,0.0,424442.0727526515,9.305270747404847,0.0,0.002875311357433685,0.0013639308339374514,0.002875311357433685,0.002365515596642556,0.0024676345589115627,0.002347776183411761,0.0032901366213146724,0.0011021258852082975,0.0006247426752177181,0.00040263289145859216,0.00039092825861465337,0.0003682326925638516,0.00037360699367999523,0.0,9.0,18.0,27.0,36.0,45.0,54.0,-9.0,-18.0,-27.0,-36.0,-45.0,ok,,3,3,True,4.36,10,11,,70755451.8126428,0.19654292170178556,True
2.0.0,B0021,plain,B,ofat,3921baad1798760a494c913428d2f3d4da8fc15e,2026-10-10T03:52:55+00:00,85.0,9.0,0.3239,0.021,120.0,0.6478,A,j2,SR5 and beyond excluded,15.423809523809524,0.011764705882352941,0.00023028173311683242,0.01998335671021931,48359163.95453481,4196504909.146055,0.0019052941176470588,27.786353812905215,,,True,0.0032682803876553116,SR2,9.406376381668945,8.758576381668945,0.6478,653114.0525105598,9.406376381668945,0.6478,0.00319551862516301,0.0015164107378498898,0.0032682803876553116,0.0025995264492838467,0.0027225929503503577,0.00251943833173006,0.003745654064786962,0.0011955341773903267,0.0006672193423538792,0.000367871747859527,0.00033883260009631754,0.0003083217254259176,0.00031183731316821275,0.0,9.0,18.0,27.0,36.0,45.0,54.0,-9.0,-18.0,-27.0,-36.0,-45.0,ok,,3,3,True,4.62,9,11,,58888905.25575195,0.16358029237708877,True
2.0.0,B0022,plain,B,ofat,3921baad1798760a494c913428d2f3d4da8fc15e,2026-10-10T03:53:00+00:00,85.0,9.0,0.508,0.021,120.0,1.016,A,j2,SR5 and beyond excluded,24.19047619047619,0.011764705882352941,0.0009542734829624907,0.032129068068262816,200397431.42212304,6747104294.335192,0.002988235294117647,17.716535433070867,,,True,0.005082984927135686,SR2,9.632064097363081,9.632064097363081,0.0,2003433.0317608658,9.632064097363081,0.0,0.005082984927135686,0.0019157645984974752,0.005082984927135686,0.0036725276207750755,0.004004117205591098,0.0036672274807720015,0.0059748823399418255,0.00140096584522724,0.0008797085669715396,0.00030301208462175634,0.0003482373094223732,0.0002498740517410668,0.00019801405684015508,0.0,9.0,18.0,27.0,36.0,45.0,54.0,-9.0,-18.0,-27.0,-36.0,-45.0,ok,,3,3,True,7.39,9,11,,36627206.16420382,0.10174223934501062,True
2.0.0,B0023,plain,B,ofat,3921baad1798760a494c913428d2f3d4da8fc15e,2026-10-10T03:53:07+00:00,85.0,9.0,0.6096,0.021,120.0,1.2192,A,j2,SR5 and beyond excluded,29.02857142857143,0.011764705882352941,0.001683807425674905,0.03883197015396204,353599559.39173007,8154713732.332028,0.0035858823529411766,14.763779527559054,,,False,0.006233765500126526,SR2,9.485338309668691,9.485338309668691,0.0,3027013.4866899457,9.485338309668691,0.0,0.006233765500126526,0.002108605707280345,0.006233765500126526,0.004373932229072599,0.004718973112438771,0.004293597164259445,0.007164090120070776,0.0014004116465862028,0.0010209250264970268,0.00036593901518310685,0.00043212594609243524,0.0002559913021522839,0.0001857303966328262,0.0,9.0,18.0,27.0,36.0,45.0,54.0,-9.0,-18.0,-27.0,-36.0,-45.0,ok,,4,4,True,12.64,9,11,,30304874.960868575,0.08418020822463493,True
2.0.0,B0024,plain,B,ofat,3921baad1798760a494c913428d2f3d4da8fc15e,2026-10-10T03:53:20+00:00,85.0,9.0,0.4064,0.008,120.0,0.8128,A,j2,SR5 and beyond excluded,50.8,0.011764705882352941,0.0001987389278493023,0.010012884105521414,41735174.84835348,2102705662.159497,0.0023905882352941174,22.145669291338585,,,False,0.005452853339931023,SR2,9.446919069767443,9.446919069767443,0.0,466903.67429204716,9.446919069767443,0.0,0.005452853339931023,0.001856448245831681,0.005452853339931023,0.004556897789376601,0.004732178601588384,0.00443558834522783,0.006225112281352918,0.0014639399375451644,0.001014008082327349,0.0006377262738437343,0.0006380110548871952,0.0006001710089762201,0.0005741326230114631,0.0,9.0,18.0,27.0,36.0,45.0,54.0,-9.0,-18.0,-27.0,-36.0,-45.0,ok,,3,3,True,7.04,9,11,,117528375.20121472,0.3264677088922631,True
2.0.0,B0025,plain,B,ofat,3921baad1798760a494c913428d2f3d4da8fc15e,2026-10-10T03:53:27+00:00,85.0,9.0,0.4064,0.011,120.0,0.8128,A,j2,SR5 and beyond excluded,36.945454545454545,0.011764705882352941,0.00026723821197587353,0.013664043087523456,56120024.514933445,2869449048.3799257,0.0023905882352941174,22.145669291338585,,,False,0.004881448575620411,SR2,9.446919069767443,9.446919069767443,0.0,646999.9927729401,9.446919069767443,0.0,0.004881448575620411,0.0017491784122852735,0.004881448575620411,0.003920061801062192,0.0041191706981000276,0.0038066470971766754,0.005576111526923768,0.0013966522287398389,0.0008740399051218673,0.0004941473701276739,0.0004939812780883957,0.00045184620262786566,0.0004248686041529041,0.0,9.0,18.0,27.0,36.0,45.0,54.0,-9.0,-18.0,-27.0,-36.0,-45.0,ok,,3,3,True,6.4,9,11,,86123703.83071509,0.23923251064087525,True
2.0.0,B0026,plain,B,ofat,3921baad1798760a494c913428d2f3d4da8fc15e,2026-10-10T03:53:33+00:00,85.0,9.0,0.4064,0.0127,120.0,0.8128,A,j2,SR5 and beyond excluded,32.0,0.011764705882352941,0.00030465726249162664,0.015707931852022416,63978025.123241596,3298665688.9247074,0.0023905882352941174,22.145669291338585,,,False,0.004665137476715027,SR2,9.446919069767443,9.446919069767443,0.0,745009.901620915,9.446919069767443,0.0,0.004665137476715027,0.001716546904926426,0.004665137476715027,0.0036906199554475774,0.0038971200867364674,0.0035813215058734214,0.005357731865836235,0.0013724522587850233,0.0008231597898211826,0.00044299710256440775,0.0004425762121842837,0.0003988200209734499,0.00037171094896086586,0.0,9.0,18.0,27.0,36.0,45.0,54.0,-9.0,-18.0,-27.0,-36.0,-45.0,ok,,3,3,True,6.45,9,11,,74917437.32313721,0.20810399256427004,True
2.0.0,B0027,plain,B,ofat,3921baad1798760a494c913428d2f3d4da8fc15e,2026-10-10T03:53:40+00:00,85.0,9.0,0.4064,0.0159,120.0,0.8128,A,j2,SR5 and beyond excluded,25.559748427672954,0.011764705882352941,0.00037242560769829995,0.01950599170650634,78209377.616643,4096258258.3663316,0.0023905882352941174,22.145669291338585,,,False,0.0043785530865607,SR2,9.446919069767443,9.446919069767443,0.0,921226.6390415679,9.446919069767443,0.0,0.0043785530865607,0.0016784303475810797,0.0043785530865607,0.003390734380311005,0.0036078598475311075,0.0032857958022112868,0.005019704810179224,0.0013411499590830238,0.0007565067228122058,0.0003765512824720514,0.000375672658437263,0.00032969038567957654,0.00030267038402915673,0.0,9.0,18.0,27.0,36.0,45.0,54.0,-9.0,-18.0,-27.0,-36.0,-45.0,ok,,3,3,True,6.52,9,11,,60330077.9425366,0.16758354984037943,True
2.0.0,B0028,plain,B,ofat,3921baad1798760a494c913428d2f3d4da8fc15e,2026-10-10T03:53:46+00:00,85.0,9.0,0.4064,0.0191,120.0,0.8128,A,j2,SR5 and beyond excluded,21.277486910994764,0.011764705882352941,0.0004368081024982484,0.023239711743444753,91729701.52463216,4880339466.123398,0.0023905882352941174,22.145669291338585,,,False,0.004166626344097301,SR2,9.446919069767443,9.446919069767443,0.0,1088916.2642035247,9.446919069767443,0.0,0.004166626344097301,0.0016534791670122714,0.004166626344097301,0.003187305966938493,0.0034120834592986835,0.0031041764477667483,0.0047781631923002115,0.0013221685072194274,0.0007117037758992506,0.0003324631965864898,0.0003311261876553124,0.00028359988918518435,0.000257013146654438,0.0,9.0,18.0,27.0,36.0,45.0,54.0,-9.0,-18.0,-27.0,-36.0,-45.0,ok,,3,3,True,6.38,9,11,,50637375.06692356,0.14065937518589877,True
2.0.0,B0029,plain,B,ofat,3921baad1798760a494c913428d2f3d4da8fc15e,2026-10-10T03:53:53+00:00,85.0,9.0,0.4064,0.0254,120.0,0.8128,A,j2,SR5 and beyond excluded,16.0,0.011764705882352941,0.000554108038278648,0.030402448745849874,116362688.03851609,6384514236.628473,0.0023905882352941174,22.145669291338585,,,False,0.0038973296210885627,SR2,9.446919069767443,9.446919069767443,0.0,1397065.6607703324,9.446919069767443,0.0,0.0038973296210885627,0.0016260684049172732,0.0038973296210885627,0.00294118544285222,0.0031524875709980343,0.0028819987840168425,0.0044653595406121795,0.001303163449132961,0.0006554857642296478,0.00027838120496737593,0.0002759363575873988,0.000226687186474856,0.0002013619171741621,0.0,9.0,18.0,27.0,36.0,45.0,54.0,-9.0,-18.0,-27.0,-36.0,-45.0,ok,,3,3,True,5.92,9,11,,38707342.61695418,0.10752039615820605,True
2.0.0,B0030,plain,B,ofat,3921baad1798760a494c913428d2f3d4da8fc15e,2026-10-10T03:53:59+00:00,85.0,9.0,0.4064,0.0318,120.0,0.8128,A,j2,SR5 and beyond excluded,12.779874213836477,0.011764705882352941,0.0006611633992809267,0.03742353133550462,138844313.8489946,7858941580.45597,0.0023905882352941174,22.145669291338585,,,False,0.0037201916983769447,SR2,9.446919069767443,9.446919069767443,0.0,1681808.8129439414,9.446919069767443,0.0,0.0037201916983769447,0.0016132784822553662,0.0037201916983769447,0.002794308311013764,0.002992953287748771,0.0027560185608585665,0.0042549041381126996,0.001296307135019765,0.0006200322027673687,0.000246122919835397,0.00024181575396106035,0.00019163008343665763,0.0001681372520040634,0.0,9.0,18.0,27.0,36.0,45.0,54.0,-9.0,-18.0,-27.0,-36.0,-45.0,ok,,3,3,True,6.13,9,11,,31445402.3445816,0.08734833984606,True
2.0.0,B0031,plain,B,ofat,3921baad1798760a494c913428d2f3d4da8fc15e,2026-10-10T03:54:05+00:00,85.0,9.0,0.4064,0.021,0.0,0.8128,A,j2,SR5 and beyond excluded,19.35238095238095,0.011764705882352941,0.00047348021490912356,0.025426165982563635,99430845.13091595,5339494856.338364,0.0023905882352941174,22.145669291338585,,,True,0.0025319837177159316,SR2,9.446919069767443,9.446919069767443,0.0,1104664.9735726998,9.446919069767443,0.0,0.0025319837177159316,0.0015740412496419473,0.0025319837177159316,0.0024072382445093792,0.002434442821068967,0.002565859670069054,0.0033118666902507534,0.0011749902444775097,0.0006583316375003355,0.00017995976887183704,0.00020521254536760681,8.581290270349907e-05,2.4601040388358108e-05,0.0,9.0,18.0,27.0,36.0,45.0,54.0,-9.0,-18.0,-27.0,-36.0,-45.0,ok,,3,3,True,17.98,7,11,,0.0,0.0,True
2.0.0,B0032,plain,B,ofat,3921baad1798760a494c913428d2f3d4da8fc15e,2026-10-10T03:54:23+00:00,85.0,9.0,0.4064,0.021,40.0,0.8128,A,j2,SR5 and beyond excluded,19.35238095238095,0.011764705882352941,0.00047348021490912356,0.025426165982563635,99430845.13091595,5339494856.338364,0.0023905882352941174,22.145669291338585,,,True,0.0033137521295755127,SR2,9.446919069767443,9.446919069767443,0.0,1172520.2043271083,9.446919069767443,0.0,0.0033137521295755127,0.0015664058746212392,0.0033137521295755127,0.0025603229238268087,0.0027204330827050776,0.002532417164600322,0.003908551181483395,0.0012367407197729724,0.0005834693286453884,0.00018783604307998861,0.00018825145308379223,0.00012547841680990904,8.733773923537611e-05,0.0,9.0,18.0,27.0,36.0,45.0,54.0,-9.0,-18.0,-27.0,-36.0,-45.0,ok,,3,3,True,10.3,8,11,,15427650.408205552,0.042854584467237646,True
2.0.0,B0033,plain,B,ofat,3921baad1798760a494c913428d2f3d4da8fc15e,2026-10-10T03:54:33+00:00,85.0,9.0,0.4064,0.021,80.0,0.8128,A,j2,SR5 and beyond excluded,19.35238095238095,0.011764705882352941,0.00047348021490912356,0.025426165982563635,99430845.13091595,5339494856.338364,0.0023905882352941174,22.145669291338585,,,True,0.003758535296257035,SR2,9.446919069767443,9.446919069767443,0.0,1186965.5775469015,9.446919069767443,0.0,0.003758535296257035,0.0015963364025998075,0.003758535296257035,0.00279875378863142,0.0030049240695902623,0.0027652941680089017,0.0042982727018084895,0.0012768247503733474,0.0006235029921981917,0.00024351649786223738,0.0002418712915797782,0.0001904589437126143,0.00016282312533426167,0.0,9.0,18.0,27.0,36.0,45.0,54.0,-9.0,-18.0,-27.0,-36.0,-45.0,ok,,3,3,True,7.0,9,11,,30855300.816411104,0.08570916893447529,True
2.0.0,B0034,plain,B,ofat,3921baad1798760a494c913428d2f3d4da8fc15e,2026-10-10T03:54:40+00:00,85.0,9.0,0.4064,0.021,160.0,0.8128,A,j2,SR5 and beyond excluded,19.35238095238095,0.011764705882352941,0.00047348021490912356,0.025426165982563635,99430845.13091595,5339494856.338364,0.0023905882352941174,22.145669291338585,,,False,0.004388608309591215,SR2,9.446919069767443,9.446919069767443,0.0,1179930.7796450504,9.446919069767443,0.0,0.004388608309591215,0.001687802976438512,0.004388608309591215,0.0034130757541578826,0.003626584314797074,0.003308690527176688,0.005028217028965323,0.001350796047762791,0.0007599529223857893,0.0003823068143089889,0.00038081229108656394,0.00033549167944941366,0.00031028277533232264,0.0,9.0,18.0,27.0,36.0,45.0,54.0,-9.0,-18.0,-27.0,-36.0,-45.0,ok,,3,3,True,6.64,9,11,,61710601.63282221,0.17141833786895058,True
2.0.0,B0035,plain,B,ofat,3921baad1798760a494c913428d2f3d4da8fc15e,2026-10-10T03:54:47+00:00,85.0,9.0,0.4064,0.021,200.0,0.8128,A,j2,SR5 and beyond excluded,19.35238095238095,0.011764705882352941,0.00047348021490912356,0.025426165982563635,99430845.13091595,5339494856.338364,0.0023905882352941174,22.145669291338585,,,False,0.0046847839297049654,SR2,9.446919069767443,9.446919069767443,0.0,1170997.2507949022,9.446919069767443,0.0,0.0046847839297049654,0.0017299556185745844,0.0046847839297049654,0.003726670286455969,0.003928533279232119,0.0036164285455740183,0.005351120433425831,0.0013858945654940669,0.0008286881927162113,0.0004522832644618207,0.0004509493522565358,0.00040826270474186,0.0003838699477013811,0.0,9.0,18.0,27.0,36.0,45.0,54.0,-9.0,-18.0,-27.0,-36.0,-45.0,ok,,3,3,True,6.46,9,11,,77138252.04102777,0.21427292233618825,True
2.0.0,B0036,plain,B,ofat,3921baad1798760a494c913428d2f3d4da8fc15e,2026-10-10T03:54:53+00:00,85.0,9.0,0.4064,0.021,250.0,0.8128,A,j2,SR5 and beyond excluded,19.35238095238095,0.011764705882352941,0.00047348021490912356,0.025426165982563635,99430845.13091595,5339494856.338364,0.0023905882352941174,22.145669291338585,,,False,0.0050535354146136685,SR2,9.446919069767443,9.446919069767443,0.0,1155515.2525742608,9.446919069767443,0.0,0.0050535354146136685,0.0017841831491391725,0.0050535354146136685,0.004121260605545502,0.004310387652449871,0.004007677645817234,0.0057557907959965016,0.0014271694878452436,0.0009146496905070764,0.0005401329466190437,0.0005390306827352038,0.0004993765523670994,0.00047576594542308494,0.0,9.0,18.0,27.0,36.0,45.0,54.0,-9.0,-18.0,-27.0,-36.0,-45.0,ok,,3,3,True,6.13,9,11,,96422815.0512847,0.2678411529202353,True
2.0.0,C0037,plain,C,lhs,3921baad1798760a494c913428d2f3d4da8fc15e,2026-10-10T03:54:59+00:00,150.0,12.0,0.2731,0.0191,0.0,0.5462,A,j2,SR5 and beyond excluded,14.29842931937173,0.006666666666666667,0.00012360704744662624,0.015241122599625529,25957479.963791512,3200635745.921361,0.0009103333333333334,43.93994873672647,,,False,0.0010957633448958842,SR2,12.240373428571429,11.14797342857143,1.0924,206031.9290709167,12.240373428571429,1.0924,0.0010907023691567866,0.000695836828399222,0.0010957633448958842,0.0009452624202907873,0.0010009872992193445,0.000962135112711656,0.0012162101785034574,0.0005171055969377947,0.00012709337041982169,9.692858166127689e-05,5.9768235183896054e-05,6.842178289098773e-05,6.432421484226552e-05,0.0,12.0,24.0,36.0,48.0,60.0,72.0,-12.0,-24.0,-36.0,-48.0,-60.0,ok,,3,3,True,20.53,11,11,,0.0,0.0,True
2.0.0,C0038,plain,C,lhs,3921baad1798760a494c913428d2f3d4da8fc15e,2026-10-10T03:55:20+00:00,120.0,12.0,0.1683,0.008,40.0,0.3366,A,j2,SR5 and beyond excluded,21.0375,0.008333333333333333,1.2972711832819855e-05,0.004028778418963555,2724269.4848921695,846043467.9823465,0.00070125,71.301247771836,,,False,0.002140833341162384,SR2,12.137081159999983,11.800481159999983,0.3366,50447.320960410376,12.137081159999983,0.3366,0.0021227434166011363,0.0012629890984692557,0.002140833341162384,0.002008165981947388,0.0020216772244268546,0.0019883592103505064,0.0023070330632630285,0.0006161607599405796,0.0005193903755384893,0.0005507487318639743,0.0005371228727358346,0.0005389816428063969,0.000538494004954112,0.0,12.0,24.0,36.0,48.0,60.0,72.0,-12.0,-24.0,-36.0,-48.0,-60.0,ok,,3,3,True,3.7,11,11,,97365990.18541071,0.2704610838483631,True
2.0.0,C0039,plain,C,lhs,3921baad1798760a494c913428d2f3d4da8fc15e,2026-10-10T03:55:24+00:00,250.0,7.5,0.3239,0.0318,250.0,0.6478,A,j2,SR5 and beyond excluded,10.185534591194969,0.004,0.0003149188559069631,0.0291815630088118,66132959.74046225,6128128231.850478,0.0006478,23.15529484408768,,,False,0.0012297025193467237,SR2,7.524890976923077,7.524890976923077,0.0,334331.22385934344,7.524890976923077,0.0,0.0012297025193467237,0.0008429833256215406,0.0012297025193467237,0.0011212423878545175,0.0011569530243572168,0.00110470868396752,0.0013085216483951366,0.0007504797363218575,0.0005073355579061121,0.00043120675070958706,0.00042367470944452637,0.0004181676363637516,0.00041914823309822154,0.0,7.5,15.0,22.5,30.0,37.5,45.0,-7.5,-15.0,-22.5,-30.0,-37.5,ok,,3,3,True,2.24,10,11,,84014091.33772871,0.23337247593813532,True
2.0.0,C0040,plain,C,lhs,3921baad1798760a494c913428d2f3d4da8fc15e,2026-10-10T03:55:26+00:00,120.0,10.5,0.3239,0.021,40.0,0.6478,A,j2,SR5 and beyond excluded,15.423809523809524,0.008333333333333333,0.00023028173311683242,0.01998335671021931,48359163.95453481,4196504909.146055,0.0013495833333333335,32.41741278172275,,,False,0.001758277727538062,SR2,10.958864970518878,10.311064970518878,0.6478,493289.7365701989,10.958864970518878,0.6478,0.001743398331688046,0.001082827400844543,0.001758277727538062,0.0015108309780161716,0.0015925892629010138,0.0014732698332903177,0.0019438241727770126,0.0008834778882420565,0.00034258813892668847,0.00015830735193153567,0.00014826763027751857,0.00013264502808296524,0.0001369543043038493,0.0,10.5,21.0,31.5,42.0,52.5,63.0,-10.5,-21.0,-31.5,-42.0,-52.5,ok,,3,3,True,9.79,10,11,,19629635.08525065,0.05452676412569625,True
2.0.0,C0041,plain,C,lhs,3921baad1798760a494c913428d2f3d4da8fc15e,2026-10-10T03:55:36+00:00,60.0,6.0,0.508,0.011,160.0,1.016,A,j2,SR5 and beyond excluded,46.18181818181819,0.016666666666666666,0.0005305599074371447,0.01717508703717542,111417580.56180039,3606768277.8068385,0.004233333333333334,11.811023622047244,,,False,0.008016957159269705,SR2,6.117682608695652,6.117682608695652,0.0,1139829.2652680487,6.117682608695652,0.0,0.008016957159269705,0.002909837921360105,0.008016957159269705,0.006090936316253402,0.006595562550438399,0.00619477545316713,0.009061897590073321,0.0037428333931714365,0.001421814776667674,0.0007073329754590978,0.0008114544015067484,0.0005649288446386361,0.00048318198462318003,0.0,6.0,12.0,18.0,24.0,30.0,36.0,-6.0,-12.0,-18.0,-24.0,-30.0,ok,,3,3,True,6.76,9,11,,91356975.1701267,0.25376937547257417,True
2.0.0,C0042,plain,C,lhs,3921baad1798760a494c913428d2f3d4da8fc15e,2026-10-10T03:55:42+00:00,60.0,9.0,0.1683,0.0159,120.0,0.3366,A,j2,SR5 and beyond excluded,10.584905660377359,0.016666666666666666,2.234156640690647e-05,0.007612581654472642,4691728.945450358,1598642147.4392548,0.0014025,53.475935828877006,,,False,0.0058689424252627975,SR2,9.38139232352941,8.70819232352941,0.6732,114461.63751782772,27.245116676470587,0.6732,0.0056711980629033515,0.002324959465728359,0.0058689424252627975,0.005377504715854204,0.00547845211566471,0.0054500696768149445,0.0065517257662915124,0.0009776592682675246,0.0008577810466308648,0.0007779580062465936,0.000787349133698265,0.0007809405862263627,0.0007811733509685313,0.0,9.0,18.0,27.0,36.0,45.0,54.0,-9.0,-18.0,-27.0,-36.0,-45.0,ok,,3,3,True,6.0,10,11,,154585928.06142086,0.42940535572616906,True
2.0.0,C0043,plain,C,lhs,3921baad1798760a494c913428d2f3d4da8fc15e,2026-10-10T03:55:48+00:00,60.0,12.0,0.6096,0.021,120.0,1.2192,A,j2,SR5 and beyond excluded,29.02857142857143,0.016666666666666666,0.001683807425674905,0.03883197015396204,353599559.39173007,8154713732.332028,0.00508,19.68503937007874,,,False,0.011204458053384348,SR2,12.374613749999995,12.374613749999995,0.0,3213505.462299878,12.374613749999995,0.0,0.011204458053384348,0.0028274482985998876,0.011204458053384348,0.008662240604414537,0.00892024351870815,0.008053970313384291,0.014767007944146503,0.0014672671412186717,0.0013716524577929337,0.00039671753769298453,0.0005041976716805898,0.00029154352522003403,0.00019372747693060117,0.0,12.0,24.0,36.0,48.0,60.0,72.0,-12.0,-24.0,-36.0,-48.0,-60.0,ok,,3,3,True,20.0,9,11,,30304874.960868575,0.08418020822463493,True
2.0.0,C0044,plain,C,lhs,3921baad1798760a494c913428d2f3d4da8fc15e,2026-10-10T03:56:08+00:00,250.0,6.0,0.3239,0.0254,200.0,0.6478,A,j2,SR5 and beyond excluded,12.75196850393701,0.004,0.00026721440230657336,0.02381924134025246,56115024.4843804,5002040681.453016,0.0006478,18.524235875270143,,,False,0.0011819563895510703,SR2,5.925696044444445,5.925696044444445,0.0,271473.97622491245,5.925696044444445,0.0,0.0011819563895510703,0.000844911284385155,0.0011819563895510703,0.0010747949502058728,0.0011155939827601803,0.0010579444320469153,0.001251281348307825,0.0007615196363142125,0.0005115165942476493,0.00042075084505851097,0.00041190907807408833,0.00040105471672708765,0.00040346775042973535,0.0,6.0,12.0,18.0,24.0,30.0,36.0,-6.0,-12.0,-18.0,-24.0,-30.0,ok,,3,3,True,1.9,10,11,,82342253.13824424,0.22872848093956732,True
2.0.0,C0045,plain,C,lhs,3921baad1798760a494c913428d2f3d4da8fc15e,2026-10-10T03:56:10+00:00,120.0,6.0,0.2191,0.021,160.0,0.4382,A,j2,SR5 and beyond excluded,10.433333333333332,0.008333333333333333,6.483145561401001e-05,0.013069339598198898,13614605.678942103,2744561315.6217685,0.0009129166666666666,27.38475581926061,,,False,0.0018117593561018275,SR2,6.243175511363633,5.804975511363633,0.4382,151642.83071072795,6.243175511363633,0.4382,0.0018030515669327785,0.0011628214696600791,0.0018117593561018275,0.0016645720014099308,0.0017130734462305175,0.0016514214087622455,0.0019435314843527346,0.0009908128366846695,0.0007204883842494918,0.0006055222010418463,0.0005966328386799957,0.000585686238796152,0.0005880336770848632,0.0,6.0,12.0,18.0,24.0,30.0,36.0,-6.0,-12.0,-18.0,-24.0,-30.0,ok,,3,3,True,1.82,10,11,,120056869.60772178,0.3334913044658938,True
2.0.0,C0046,plain,C,lhs,3921baad1798760a494c913428d2f3d4da8fc15e,2026-10-10T03:56:12+00:00,60.0,7.5,0.6096,0.0191,250.0,1.2192,A,j2,SR5 and beyond excluded,31.91623036649215,0.016666666666666666,0.0015459914684718167,0.03543260982314515,324658208.3790815,7440848062.860482,0.00508,12.303149606299211,,,False,0.010022939322294783,SR2,7.940346268656711,7.940346268656711,0.0,2888704.374455224,7.940346268656711,0.0,0.010022939322294783,0.003208859849963376,0.010022939322294783,0.007809955958751903,0.00819336119624405,0.007613722970716908,0.01211703549245391,0.002278333631022901,0.00154616657908676,0.0006564960073964155,0.0007933290230219528,0.0004977254299084887,0.00039077463932080635,0.0,7.5,15.0,22.5,30.0,37.5,45.0,-7.5,-15.0,-22.5,-30.0,-37.5,ok,,4,4,True,16.62,9,11,,69192264.19496016,0.19220073387488934,True
2.0.0,C0047,plain,C,lhs,3921baad1798760a494c913428d2f3d4da8fc15e,2026-10-10T03:56:29+00:00,120.0,7.5,0.3239,0.021,40.0,0.6478,A,j2,SR5 and beyond excluded,15.423809523809524,0.008333333333333333,0.00023028173311683242,0.01998335671021931,48359163.95453481,4196504909.146055,0.0013495833333333335,23.15529484408768,,,False,0.0016931230752103591,SR2,8.058941105769232,6.763341105769232,1.2956,474727.1511813892,8.058941105769232,1.2956,0.0016879990345643513,0.001073845036855619,0.0016931230752103591,0.0014768410780586327,0.0015289002152930518,0.0015151862983638117,0.0018483780888436173,0.0009369236406865985,0.0003631509202969631,0.00016836500129300134,0.00014199523890003654,0.00010891580393969046,0.00011523609889994649,0.0,7.5,15.0,22.5,30.0,37.5,45.0,-7.5,-15.0,-22.5,-30.0,-37.5,ok,,3,3,True,3.36,9,11,,19629635.08525065,0.05452676412569625,True
2.0.0,C0048,plain,C,lhs,3921baad1798760a494c913428d2f3d4da8fc15e,2026-10-10T03:56:32+00:00,85.0,7.5,0.6096,0.0254,40.0,1.2192,A,j2,SR5 and beyond excluded,24.000000000000004,0.011764705882352941,0.00199250058602263,0.04661708807696972,418425123.06475234,9789588496.163641,0.0035858823529411766,12.303149606299211,,,False,0.004639230757003509,SR2,7.859701843722565,7.859701843722565,0.0,3500762.1656540027,7.859701843722565,0.0,0.004639230757003509,0.002075259427090812,0.004639230757003509,0.004033882297152418,0.003896266399341878,0.004126420747969045,0.006090699074391625,0.0012972056470523516,0.0010786140380208919,0.00033321264513754554,0.0005045525907941683,0.00021007606824661828,0.00010218249223308543,0.0,7.5,15.0,22.5,30.0,37.5,45.0,-7.5,-15.0,-22.5,-30.0,-37.5,ok,,3,3,True,12.02,7,11,,8414639.699337881,0.023373999164827446,True
2.0.0,C0049,plain,C,lhs,3921baad1798760a494c913428d2f3d4da8fc15e,2026-10-10T03:56:44+00:00,200.0,7.5,0.3239,0.008,250.0,0.6478,A,j2,SR5 and beyond excluded,40.487500000000004,0.005,9.91008060013135e-05,0.007939432954152137,20811169.260275833,1667280920.3719487,0.00080975,23.15529484408768,,,False,0.003643338694483707,SR2,7.537203721153839,7.537203721153839,0.0,106742.76414010949,7.537203721153839,0.0,0.003643338694483707,0.002211836318670013,0.003643338694483707,0.003395443677107518,0.0034143959041752813,0.0033571574145197626,0.003947116930475957,0.0016768403726724309,0.001587852393641201,0.0014968524888360666,0.001492861069032211,0.001484543022624865,0.0014860271364989079,0.0,7.5,15.0,22.5,30.0,37.5,45.0,-7.5,-15.0,-22.5,-30.0,-37.5,ok,,3,3,True,3.74,10,11,,308795667.67017514,0.8577657435282643,True
2.0.0,C0050,plain,C,lhs,3921baad1798760a494c913428d2f3d4da8fc15e,2026-10-10T03:56:48+00:00,120.0,6.0,0.508,0.0191,80.0,1.016,A,j2,SR5 and beyond excluded,26.59685863874346,0.008333333333333333,0.0008778406805393286,0.029336160783294967,184346542.913259,6160593764.491943,0.002116666666666667,11.811023622047244,,,False,0.002328571112638826,SR3,12.089993478260876,10.057993478260876,2.032,1470628.5324873999,12.089993478260876,2.032,0.0023036116033875232,0.0016037489891048149,0.0022213335082542094,0.002328571112638826,0.002312912550536777,0.0024518044737765346,0.003157740409265493,0.0011943430858125659,0.0008171549944915911,0.00031595106346011165,0.00046108746200382886,0.00024580322848008636,0.0001710510959044612,0.0,6.0,12.0,18.0,24.0,30.0,36.0,-6.0,-12.0,-18.0,-24.0,-30.0,ok,,3,3,True,2.74,8,11,,26742831.340314303,0.07428564261198417,True
2.0.0,C0051,plain,C,lhs,3921baad1798760a494c913428d2f3d4da8fc15e,2026-10-10T03:56:51+00:00,120.0,10.5,0.508,0.0318,250.0,1.016,A,j2,SR5 and beyond excluded,15.974842767295597,0.008333333333333333,0.0013545266744704578,0.04757364020813482,284450601.63879615,9990464443.708313,0.002116666666666667,20.669291338582678,,,False,0.003378107904113317,SR2,10.370853037383174,10.370853037383174,0.0,2556697.924201635,10.370853037383174,0.0,0.003378107904113317,0.0016373150104156877,0.003378107904113317,0.0026612605482544465,0.0028357836292631036,0.002612487682030181,0.003962764933652885,0.001300826272075838,0.000687091013863179,0.0003349354124002458,0.00032267278706854963,0.00027997757451847304,0.00027066077295927605,0.0,10.5,21.0,31.5,42.0,52.5,63.0,-10.5,-21.0,-31.5,-42.0,-52.5,ok,,3,3,True,5.98,9,11,,51534053.086414434,0.14315014746226232,True
2.0.0,C0052,plain,C,lhs,3921baad1798760a494c913428d2f3d4da8fc15e,2026-10-10T03:56:56+00:00,250.0,14.0,0.4064,0.011,120.0,0.8128,A,j2,SR5 and beyond excluded,36.945454545454545,0.004,0.00026723821197587353,0.013664043087523456,56120024.514933445,2869449048.3799257,0.0008127999999999999,34.4488188976378,,,False,0.0016025180581457955,SR2,14.285355387013,12.659755387013,1.6256,327774.15203504683,14.285355387013,1.6256,0.001602235963589384,0.0009803240615447147,0.0016025180581457955,0.0014676306261512196,0.0015065687010293737,0.0014392317785076004,0.0017126089317112203,0.0007732653636812545,0.0005024120649590183,0.0004797345142330611,0.00046066003510519446,0.00046422133769590023,0.000462233517207243,0.0,14.0,28.0,42.0,56.0,70.0,84.0,-14.0,-28.0,-42.0,-56.0,-70.0,ok,,3,3,True,4.29,10,11,,86123703.83071509,0.23923251064087525,True
2.0.0,C0053,plain,C,lhs,3921baad1798760a494c913428d2f3d4da8fc15e,2026-10-10T03:57:01+00:00,200.0,9.0,0.3239,0.0318,120.0,0.6478,A,j2,SR5 and beyond excluded,10.185534591194969,0.005,0.0003149188559069631,0.0291815630088118,66132959.74046225,6128128231.850478,0.00080975,27.786353812905215,,,False,0.001212000989365849,SR2,9.131531314705882,9.131531314705882,0.0,410729.3475964619,9.131531314705882,0.0,0.001212000989365849,0.0007662242326907484,0.001212000989365849,0.0010731141312010468,0.0011206139718284223,0.001048895561167921,0.0013132481004380337,0.0006445389430286936,0.00031879450407005583,0.00023653115815367397,0.00022567842058783026,0.0002211877723873801,0.0002219974750298499,0.0,9.0,18.0,27.0,36.0,45.0,54.0,-9.0,-18.0,-27.0,-36.0,-45.0,ok,,3,3,True,2.71,10,11,,40326763.842109784,0.11201878845030495,True
2.0.0,C0054,plain,C,lhs,3921baad1798760a494c913428d2f3d4da8fc15e,2026-10-10T03:57:03+00:00,120.0,6.0,0.508,0.0191,200.0,1.016,A,j2,SR5 and beyond excluded,26.59685863874346,0.008333333333333333,0.0008778406805393286,0.029336160783294967,184346542.913259,6160593764.491943,0.002116666666666667,11.811023622047244,,,False,0.0027803024171901523,SR2,6.429397826086959,4.397397826086959,2.032,1471568.9433073844,6.429397826086959,2.032,0.0027691605064458957,0.0017534240569213296,0.0027803024171901523,0.002605423694165121,0.00273946144855695,0.0026602922625732148,0.0036461385256945783,0.0013415953862038806,0.0008972756472999466,0.000458618816830842,0.0005676406993326689,0.0004060615081559664,0.00035026917101256425,0.0,6.0,12.0,18.0,24.0,30.0,36.0,-6.0,-12.0,-18.0,-24.0,-30.0,ok,,3,3,True,3.28,8,11,,66857078.350785755,0.18571410652996043,True
2.0.0,C0055,plain,C,lhs,3921baad1798760a494c913428d2f3d4da8fc15e,2026-10-10T03:57:07+00:00,70.0,7.5,0.2731,0.021,160.0,0.5462,A,j2,SR5 and beyond excluded,13.004761904761905,0.014285714285714285,0.0001330457027830812,0.016631905667369735,27939597.584447052,3492700190.1476445,0.0019507142857142859,27.462467960454045,,,False,0.0040022982991825915,SR2,7.724707884615386,7.724707884615386,0.0,456256.17556866363,7.724707884615386,0.0,0.0040022982991825915,0.0016228509066378474,0.0040022982991825915,0.003304058780865264,0.003441156553537823,0.0032221062672067795,0.004531058205664341,0.0012674228642136271,0.0008147224958272093,0.0005147578066303101,0.0005055339947953736,0.00047669699240573396,0.0004707071170961934,0.0,7.5,15.0,22.5,30.0,37.5,45.0,-7.5,-15.0,-22.5,-30.0,-37.5,ok,,3,3,True,4.4,9,11,,94340602.41685706,0.2620572289357141,True
2.0.0,C0056,plain,C,lhs,3921baad1798760a494c913428d2f3d4da8fc15e,2026-10-10T03:57:11+00:00,60.0,10.5,0.508,0.011,40.0,1.016,A,j2,SR5 and beyond excluded,46.18181818181819,0.016666666666666666,0.0005305599074371447,0.01717508703717542,111417580.56180039,3606768277.8068385,0.004233333333333334,20.669291338582678,,,False,0.008004196284109245,SR2,10.538023831775703,10.538023831775703,0.0,1166569.0411292203,10.538023831775703,0.0,0.008004196284109245,0.002308096848431654,0.008004196284109245,0.005928325456180429,0.0063100813439427575,0.005702685050687414,0.010153268765620877,0.0013838362961664373,0.0011732411294267928,0.00032503292809699704,0.0004068012510851686,0.00022896343890913966,0.0001492055789631389,0.0,10.5,21.0,31.5,42.0,52.5,63.0,-10.5,-21.0,-31.5,-42.0,-52.5,ok,,4,4,True,18.27,9,11,,22839243.792531677,0.06344234386814354,True
2.0.0,C0057,plain,C,lhs,3921baad1798760a494c913428d2f3d4da8fc15e,2026-10-10T03:57:29+00:00,70.0,12.0,0.2191,0.0191,200.0,0.4382,A,j2,SR5 and beyond excluded,11.471204188481675,0.014285714285714285,6.0551674992184064e-05,0.012000883936713006,12715851.748358654,2520185626.709731,0.001565,54.76951163852122,,,False,0.009503926330107071,SR2,12.173457755102046,12.173457755102046,0.0,281676.9581432275,12.173457755102046,0.0,0.009503926330107071,0.003140450265711972,0.009503926330107071,0.008632734726878465,0.008311291831473742,0.008195876430861334,0.009864450455344884,0.001000643816314494,0.0009097631243656211,0.0008296624885873402,0.0008486302506953718,0.0008429702453897577,0.00084271628863253,0.0,12.0,24.0,36.0,48.0,60.0,72.0,-12.0,-24.0,-36.0,-48.0,-60.0,ok,,3,3,True,13.57,10,11,,163432128.0284959,0.45397813341248866,True
2.0.0,C0058,plain,C,lhs,3921baad1798760a494c913428d2f3d4da8fc15e,2026-10-10T03:57:43+00:00,60.0,7.5,0.3239,0.0318,120.0,0.6478,A,j2,SR5 and beyond excluded,10.185534591194969,0.016666666666666666,0.0003149188559069631,0.0291815630088118,66132959.74046225,6128128231.850478,0.002699166666666667,23.15529484408768,,,False,0.004574712377785372,SR2,7.6808524038461545,7.6808524038461545,0.0,1056867.3901178804,7.6808524038461545,0.0,0.004574712377785372,0.001837608158992327,0.004574712377785372,0.0034765583138268883,0.0037093419143076484,0.003431322411285896,0.005222646619550233,0.0013518517526132036,0.0007807250893491134,0.00029383288270005037,0.00029711523420012384,0.00024098580794556476,0.0002052517060508932,0.0,7.5,15.0,22.5,30.0,37.5,45.0,-7.5,-15.0,-22.5,-30.0,-37.5,ok,,3,3,True,5.63,9,11,,40326763.842109784,0.11201878845030495,True
2.0.0,C0059,plain,C,lhs,3921baad1798760a494c913428d2f3d4da8fc15e,2026-10-10T03:57:49+00:00,250.0,10.5,0.3239,0.0191,160.0,0.6478,A,j2,SR5 and beyond excluded,16.958115183246075,0.004,0.0002132260104680226,0.018289347119550634,44777462.198284745,3840762895.1056333,0.0006478,32.41741278172275,,,False,0.0013323829683576601,SR2,10.88688575188679,10.23908575188679,0.6478,253724.22795261128,10.88688575188679,0.6478,0.0013259287511545818,0.0008497896946561884,0.0013323829683576601,0.0012253292553065862,0.0012570532425718612,0.0012056410299695892,0.0014211690438497664,0.0007238062019968609,0.0004980754005545705,0.00045607634643659255,0.00044405177672073167,0.00044596473712336704,0.00044516186492636535,0.0,10.5,21.0,31.5,42.0,52.5,63.0,-10.5,-21.0,-31.5,-42.0,-52.5,ok,,3,3,True,2.98,10,11,,85791143.32204503,0.23830873145012507,True
2.0.0,C0060,plain,C,lhs,3921baad1798760a494c913428d2f3d4da8fc15e,2026-10-10T03:57:52+00:00,85.0,6.0,0.2191,0.0159,0.0,0.4382,A,j2,SR5 and beyond excluded,13.779874213836477,0.011764705882352941,5.2708310050139945e-05,0.010150108872630187,11068745.11052939,2131522863.2523391,0.0012888235294117646,27.38475581926061,,,False,0.001376701463621077,SR2,6.654760294117645,6.654760294117645,0.0,138060.98308546454,6.654760294117645,0.0,0.001376701463621077,0.0009686444577712501,0.001376701463621077,0.0013065803337626392,0.0012759628386564026,0.0014158257246240083,0.001568890723120135,0.0008096215194585915,0.0003300969264160209,8.805127779223884e-05,7.77448327757976e-05,2.3511460857464464e-05,1.3208301117415612e-05,0.0,6.0,12.0,18.0,24.0,30.0,36.0,-6.0,-12.0,-18.0,-24.0,-30.0,ok,,3,3,True,11.82,7,11,,0.0,0.0,True
2.0.0,C0061,plain,C,lhs,3921baad1798760a494c913428d2f3d4da8fc15e,2026-10-10T03:58:03+00:00,120.0,7.5,0.3239,0.0159,250.0,0.6478,A,j2,SR5 and beyond excluded,20.371069182389938,0.008333333333333333,0.0001829216049164138,0.015385007543159938,38413537.0324469,3230851584.063587,0.0013495833333333335,23.15529484408768,,,False,0.003118944860692964,SR2,7.578246201923076,7.578246201923076,0.0,385652.91268834297,7.578246201923076,0.0,0.003118944860692964,0.0015667992802175957,0.003118944860692964,0.002692684904767196,0.002792162510486863,0.002643389691207443,0.0034535661290162143,0.0013340900120800364,0.0010096152053689798,0.0008068868036528701,0.0007960343404308083,0.0007775672061768275,0.0007760366312030335,0.0,7.5,15.0,22.5,30.0,37.5,45.0,-7.5,-15.0,-22.5,-30.0,-37.5,ok,,3,3,True,3.27,9,11,,159354000.51786074,0.4426500014385021,True
2.0.0,C0062,plain,C,lhs,3921baad1798760a494c913428d2f3d4da8fc15e,2026-10-10T03:58:07+00:00,120.0,9.0,0.3239,0.008,80.0,0.6478,A,j2,SR5 and beyond excluded,40.487500000000004,0.008333333333333333,9.91008060013135e-05,0.007939432954152137,20811169.260275833,1667280920.3719487,0.0013495833333333335,27.786353812905215,,,False,0.002525915618078218,SR2,9.357108561046509,8.709308561046509,0.6478,221374.807090957,9.357108561046509,0.6478,0.0024664118390868755,0.0013418226261424707,0.002525915618078218,0.002132567936930262,0.0021992528366973126,0.002096018716324327,0.002840030391179779,0.0011390003668980755,0.0007216150713692136,0.0005279569236016598,0.0005144920203379775,0.0004933070060152178,0.0004985866259688673,0.0,9.0,18.0,27.0,36.0,45.0,54.0,-9.0,-18.0,-27.0,-36.0,-45.0,ok,,3,3,True,3.41,10,11,,98814613.65445603,0.27448503792904455,True
2.0.0,C0063,plain,C,lhs,3921baad1798760a494c913428d2f3d4da8fc15e,2026-10-10T03:58:10+00:00,85.0,6.0,0.4064,0.021,0.0,0.8128,A,j2,SR5 and beyond excluded,19.35238095238095,0.011764705882352941,0.00047348021490912356,0.025426165982563635,99430845.13091595,5339494856.338364,0.0023905882352941174,14.763779527559056,,,False,0.002451135213344755,SR5,23.813119999999998,23.813119999999998,0.0,1082220.908647357,23.813119999999998,0.0,0.002451135213344755,0.0015953314160020902,0.0022961552279470616,0.002428177982523525,0.002353098297604418,0.002587655056892842,0.003154046131472748,0.0011205457513912193,0.0008573080804113031,0.00022480983224971825,0.00041374025730340813,0.0001447726280317278,5.5518677443835654e-05,0.0,6.0,12.0,18.0,24.0,30.0,36.0,-6.0,-12.0,-18.0,-24.0,-30.0,ok,,3,3,True,9.55,6,11,,0.0,0.0,True
2.0.0,C0064,plain,C,lhs,3921baad1798760a494c913428d2f3d4da8fc15e,2026-10-10T03:58:20+00:00,200.0,6.0,0.4064,0.0191,200.0,0.8128,A,j2,SR5 and beyond excluded,21.277486910994764,0.005,0.0004368081024982484,0.023239711743444753,91729701.52463216,4880339466.123398,0.001016,14.763779527559056,,,False,0.0015947368235576724,SR2,6.621748088888896,4.996148088888896,1.6256,536864.5588166798,6.621748088888896,1.6256,0.0015942091933929916,0.0010906471546411754,0.0015947368235576724,0.001429541414219059,0.001498819445847089,0.001465055118943644,0.001704171436750365,0.0009734575971770163,0.0006070825427647817,0.0004417529023941392,0.00044002074231201167,0.00041664680100360785,0.00040686219504240163,0.0,6.0,12.0,18.0,24.0,30.0,36.0,-6.0,-12.0,-18.0,-24.0,-30.0,ok,,3,3,True,1.79,8,11,,84395625.11153926,0.23443229197649795,True
2.0.0,C0065,plain,C,lhs,3921baad1798760a494c913428d2f3d4da8fc15e,2026-10-10T03:58:21+00:00,150.0,7.5,0.2731,0.0159,0.0,0.5462,A,j2,SR5 and beyond excluded,17.17610062893082,0.006666666666666667,0.00010664155429545872,0.012847480325002391,22394726.40204633,2697970868.250502,0.0009103333333333334,27.462467960454045,,,False,0.0010598500472725268,SR2,7.917325961538461,6.824925961538462,1.0924,172818.5035380316,7.917325961538461,1.0924,0.0010571898850865675,0.0006870268712084732,0.0010598500472725268,0.0009438367058352303,0.0009412518394201207,0.0009814596959372669,0.0011456272575462668,0.0005605275924549062,0.0001636722241926084,4.1758824092644476e-05,3.365676201713763e-05,1.9459269365987724e-05,2.3304273158809888e-05,0.0,7.5,15.0,22.5,30.0,37.5,45.0,-7.5,-15.0,-22.5,-30.0,-37.5,ok,,3,3,True,13.82,9,11,,0.0,0.0,True
2.0.0,C0066,plain,C,lhs,3921baad1798760a494c913428d2f3d4da8fc15e,2026-10-10T03:58:35+00:00,250.0,6.0,0.4064,0.0159,80.0,0.8128,A,j2,SR5 and beyond excluded,25.559748427672954,0.004,0.00037242560769829995,0.01950599170650634,78209377.616643,4096258258.3663316,0.0008127999999999999,14.763779527559056,,,False,0.0010969801806524576,SR2,6.611080248888893,4.9854802488888925,1.6256,347667.4738588273,6.611080248888893,1.6256,0.001096732342799929,0.0007555861766536627,0.0010969801806524576,0.0010125143580528408,0.0010514024860690321,0.0010568157655865913,0.0012159413504600658,0.0006576742955654659,0.00037986245680343136,0.00023462421721285212,0.00023187135611706515,0.00020595720317584604,0.00019629259949689417,0.0,6.0,12.0,18.0,24.0,30.0,36.0,-6.0,-12.0,-18.0,-24.0,-30.0,ok,,3,3,True,1.89,8,11,,40220051.96169107,0.11172236656025296,True
2.0.0,C0067,plain,C,lhs,3921baad1798760a494c913428d2f3d4da8fc15e,2026-10-10T03:58:37+00:00,85.0,12.0,0.2191,0.008,80.0,0.4382,A,j2,SR5 and beyond excluded,27.3875,0.011764705882352941,2.959632873469869e-05,0.00530552167338244,6215229.034286724,1114159551.4103124,0.0012888235294117646,54.76951163852122,,,False,0.005615858570662112,SR2,12.131273613445373,12.131273613445373,0.0,123546.18194178,12.131273613445373,0.0,0.005615858570662112,0.0021566677508053607,0.005615858570662112,0.005200733322203014,0.005189668343896333,0.005156205261602685,0.006150764234386576,0.0009582511089631698,0.0008326521657576748,0.0007552022849373877,0.0007697057578224083,0.0007650728045786349,0.0007647820052277025,0.0,12.0,24.0,36.0,48.0,60.0,72.0,-12.0,-24.0,-36.0,-48.0,-60.0,ok,,3,3,True,7.68,10,11,,147870850.08736488,0.41075236135379134,True
2.0.0,C0068,plain,C,lhs,3921baad1798760a494c913428d2f3d4da8fc15e,2026-10-10T03:58:45+00:00,105.0,10.5,0.3239,0.0159,80.0,0.6478,A,j2,SR5 and beyond excluded,20.371069182389938,0.009523809523809525,0.0001829216049164138,0.015385007543159938,38413537.0324469,3230851584.063587,0.0015423809523809524,32.41741278172275,,,False,0.002395899248252103,SR2,10.978639481132067,10.330839481132067,0.6478,464767.7640405422,10.978639481132067,0.6478,0.0023641781661832765,0.0012903243443316327,0.002395899248252103,0.0020510802262669555,0.002138347949051175,0.0020186918077685643,0.0027776896813086075,0.0010614696504423773,0.000529238871218156,0.0003087270886449462,0.00030047343481902545,0.0002796805182279942,0.0002850919413267985,0.0,10.5,21.0,31.5,42.0,52.5,63.0,-10.5,-21.0,-31.5,-42.0,-52.5,ok,,3,3,True,5.06,10,11,,50993280.16571543,0.14164800046032064,True
2.0.0,C0069,plain,C,lhs,3921baad1798760a494c913428d2f3d4da8fc15e,2026-10-10T03:58:50+00:00,150.0,7.5,0.6096,0.0191,0.0,1.2192,A,j2,SR5 and beyond excluded,31.91623036649215,0.006666666666666667,0.0015459914684718167,0.03543260982314515,324658208.3790815,7440848062.860482,0.002032,12.303149606299211,,,False,0.0021155585700011782,SR5,29.58144,29.58144,0.0,2123970.308338861,29.58144,0.0,0.0021155585700011782,0.0014351502559701332,0.001945831736122976,0.002072377781639703,0.0020172486793176504,0.0022810735702107677,0.0025607871356314103,0.0010568670634240958,0.0007277888086841688,0.0002030307563191099,0.00034760922775956265,0.0001314967240727592,4.715049457657444e-05,0.0,7.5,15.0,22.5,30.0,37.5,45.0,-7.5,-15.0,-22.5,-30.0,-37.5,ok,,3,3,True,10.67,6,11,,0.0,0.0,True
2.0.0,C0070,plain,C,lhs,3921baad1798760a494c913428d2f3d4da8fc15e,2026-10-10T03:59:01+00:00,70.0,10.5,0.4064,0.008,250.0,0.8128,A,j2,SR5 and beyond excluded,50.8,0.014285714285714285,0.0001987389278493023,0.010012884105521414,41735174.84835348,2102705662.159497,0.002902857142857143,25.836614173228348,,,False,0.01956608638123994,SR2,10.636797383177566,10.636797383177566,0.0,404326.8122991725,10.636797383177566,0.0,0.01956608638123994,0.005591890505861228,0.01956608638123994,0.018424525802098017,0.018294122034098553,0.01784471769243132,0.020958368629906538,0.0017998319523468604,0.0017986206237179626,0.001512717717945789,0.0015090967445733794,0.0015201919973444752,0.001506962490658993,0.0,10.5,21.0,31.5,42.0,52.5,63.0,-10.5,-21.0,-31.5,-42.0,-52.5,ok,,3,3,True,25.09,9,11,,244850781.66919732,0.6801410601922148,True
2.0.0,C0071,plain,C,lhs,3921baad1798760a494c913428d2f3d4da8fc15e,2026-10-10T03:59:26+00:00,200.0,14.0,0.2731,0.0254,120.0,0.5462,A,j2,SR5 and beyond excluded,10.75196850393701,0.005,0.0001531843684968715,0.01976558150747248,32168717.384343017,4150772116.569221,0.00068275,51.26327352618088,,,False,0.0014509152169534844,SR2,14.16807360457517,14.16807360457517,0.0,270798.4359151226,14.16807360457517,0.0,0.0014509152169534844,0.0008703321238733233,0.0014509152169534844,0.0013393669101227758,0.001365696674366804,0.0013131294012064187,0.0015466360995605743,0.0005353662296853174,0.00035847212931239546,0.00038557955142151873,0.0003653836098228732,0.00036847160802285357,0.000367302150749376,0.0,14.0,28.0,42.0,56.0,70.0,84.0,-14.0,-28.0,-42.0,-56.0,-70.0,ok,,3,3,True,4.4,11,11,,59537737.3316897,0.16538260369913807,True
2.0.0,C0072,plain,C,lhs,3921baad1798760a494c913428d2f3d4da8fc15e,2026-10-10T03:59:30+00:00,120.0,14.0,0.3239,0.0318,120.0,0.6478,A,j2,SR5 and beyond excluded,10.185534591194969,0.008333333333333333,0.0003149188559069631,0.0291815630088118,66132959.74046225,6128128231.850478,0.0013495833333333335,43.223217042297,,,False,0.0021926554634449326,SR2,14.158912892156856,14.158912892156856,0.0,771911.0562512211,14.158912892156856,0.0,0.0021926554634449326,0.0011003476087294187,0.0021926554634449326,0.0019137080494512832,0.0019883470083353508,0.0018515783620814074,0.0024033949577205883,0.0008512677138856339,0.00039300823230139213,0.00028721598731559924,0.0002709726259937017,0.0002735884500109647,0.00027209066665750465,0.0,14.0,28.0,42.0,56.0,70.0,84.0,-14.0,-28.0,-42.0,-56.0,-70.0,ok,,3,3,True,10.18,10,11,,40326763.842109784,0.11201878845030495,True
2.0.0,C0073,plain,C,lhs,3921baad1798760a494c913428d2f3d4da8fc15e,2026-10-10T03:59:40+00:00,120.0,7.5,0.508,0.0159,200.0,1.016,A,j2,SR5 and beyond excluded,31.949685534591193,0.008333333333333333,0.0007448524635677762,0.024581046142821444,156419017.349233,5162019689.992503,0.002116666666666667,14.763779527559056,,,False,0.00356548406725175,SR2,7.630426136363642,7.630426136363642,0.0,1324146.814834686,7.630426136363642,0.0,0.00356548406725175,0.0017218336539109335,0.00356548406725175,0.002780043041133457,0.00295723079525526,0.0027387249415384285,0.003985288967327012,0.0013831553070110226,0.0008382527133692523,0.000458457864938386,0.0004890094329972601,0.00042722272333873656,0.00039454817846316524,0.0,7.5,15.0,22.5,30.0,37.5,45.0,-7.5,-15.0,-22.5,-30.0,-37.5,ok,,3,3,True,4.73,8,11,,79790338.80837409,0.22163983002326137,True
2.0.0,C0074,plain,C,lhs,3921baad1798760a494c913428d2f3d4da8fc15e,2026-10-10T03:59:45+00:00,150.0,10.5,0.4064,0.011,40.0,0.8128,A,j2,SR5 and beyond excluded,36.945454545454545,0.006666666666666667,0.00026723821197587353,0.013664043087523456,56120024.514933445,2869449048.3799257,0.0013546666666666666,25.836614173228348,,,False,0.0018026226072844573,SR2,10.964418037735857,10.151618037735858,0.8128,454406.7409083389,10.964418037735857,0.8128,0.0017982291329120916,0.0010703561253292192,0.0018026226072844573,0.0015350586085789242,0.001619466174123163,0.00152946741593172,0.0019898669431218756,0.0009180025182630933,0.0003983038543182748,0.00019802035202022062,0.00018695322453434038,0.00016298663386206407,0.0001698832499056809,0.0,10.5,21.0,31.5,42.0,52.5,63.0,-10.5,-21.0,-31.5,-42.0,-52.5,ok,,3,3,True,5.41,10,11,,28707901.27690503,0.07974417021362508,True
2.0.0,C0075,plain,C,lhs,3921baad1798760a494c913428d2f3d4da8fc15e,2026-10-10T03:59:50+00:00,70.0,6.0,0.1683,0.0127,160.0,0.3366,A,j2,SR5 and beyond excluded,13.25196850393701,0.014285714285714285,1.8913676266636105e-05,0.006208164074611863,3971872.015993582,1303714455.6684914,0.0012021428571428571,35.650623885918,,,False,0.005123558583179394,SR2,5.930782175324673,5.930782175324673,0.0,69013.5391270162,5.930782175324673,0.0,0.005123558583179394,0.00243235434669841,0.005123558583179394,0.004557653617492792,0.004873913346691466,0.0047101185474868554,0.005615223379224973,0.001425039752517942,0.0013497642958090672,0.0012298713156903565,0.0012227062397255032,0.0012217209993665586,0.001220092370917448,0.0,6.0,12.0,18.0,24.0,30.0,36.0,-6.0,-12.0,-18.0,-24.0,-30.0,ok,,3,3,True,3.08,9,11,,252742031.48345408,0.7020611985651503,True
2.0.0,C0076,plain,C,lhs,3921baad1798760a494c913428d2f3d4da8fc15e,2026-10-10T03:59:53+00:00,70.0,14.0,0.1683,0.011,120.0,0.3366,A,j2,SR5 and beyond excluded,15.3,0.014285714285714285,1.6894967315812057e-05,0.0054358977685064185,3547943.136320532,1141538531.3863478,0.0012021428571428571,83.184789067142,,,False,,,,,,,,,,,,,,,,,,,,,,,,,,,,,,,,,,failed,no position converged,1,0,False,28.52,,,,216486411.28203925,0.601351142450109,
2.0.0,C0077,plain,C,lhs,3921baad1798760a494c913428d2f3d4da8fc15e,2026-10-10T04:00:22+00:00,60.0,14.0,0.1683,0.0127,0.0,0.3366,A,j2,SR5 and beyond excluded,13.25196850393701,0.016666666666666666,1.8913676266636105e-05,0.006208164074611863,3971872.015993582,1303714455.6684914,0.0014025,83.184789067142,,,False,0.0018359022830074694,SR2,14.412034999999994,13.738834999999995,0.6732,85225.49410415816,14.412034999999994,0.6732,0.0018283465520226713,0.0010014777196469822,0.0018359022830074694,0.0015802991771493424,0.0016260532649720566,0.00145275347589668,0.0019005644061610729,0.0008702307160063388,0.0001855145773734119,0.000198906356066335,0.00014391208265923146,0.00015770938792836268,0.00015180182563248558,0.0,14.0,28.0,42.0,56.0,70.0,84.0,-14.0,-28.0,-42.0,-56.0,-70.0,ok,,3,3,True,23.82,11,11,,0.0,0.0,True
2.0.0,C0078,plain,C,lhs,3921baad1798760a494c913428d2f3d4da8fc15e,2026-10-10T04:00:46+00:00,60.0,14.0,0.4064,0.0127,160.0,0.8128,A,j2,SR5 and beyond excluded,32.0,0.016666666666666666,0.00030465726249162664,0.015707931852022416,63978025.123241596,3298665688.9247074,0.0033866666666666667,34.4488188976378,,,False,0.014466672257104652,SR2,14.177241038961037,13.770841038961038,0.4064,835969.765774034,28.012379740259743,0.4064,0.01421503843633986,0.004003629447443056,0.014466672257104652,0.013731368017974182,0.01407860345993196,0.014683293932690765,0.024238466621601173,0.0012402486417439828,0.0011972021589016194,0.0007379868142537953,0.0007189940628756933,0.0007266937077678885,0.0007205955189519543,0.0,14.0,28.0,42.0,56.0,70.0,84.0,-14.0,-28.0,-42.0,-56.0,-70.0,ok,,5,5,True,30.49,9,11,,99889916.43084961,0.27747199008569334,True
2.0.0,C0079,plain,C,lhs,3921baad1798760a494c913428d2f3d4da8fc15e,2026-10-10T04:01:16+00:00,70.0,7.5,0.2731,0.021,0.0,0.5462,A,j2,SR5 and beyond excluded,13.004761904761905,0.014285714285714285,0.0001330457027830812,0.016631905667369735,27939597.584447052,3492700190.1476445,0.0019507142857142859,27.462467960454045,,,False,0.002084891173168034,SR2,8.00367651098901,6.91127651098901,1.0924,407034.7797046732,8.00367651098901,1.0924,0.0020672293399510884,0.0014169416632818924,0.002084891173168034,0.001970350550340235,0.001950851258404219,0.002156259458370254,0.0024570117502747376,0.0011135925894863146,0.0005297246640971946,0.00013441191625189255,0.00013221598354420957,5.2124792862763166e-05,1.4301501703438899e-05,0.0,7.5,15.0,22.5,30.0,37.5,45.0,-7.5,-15.0,-22.5,-30.0,-37.5,ok,,3,3,True,14.97,7,11,,0.0,0.0,True
2.0.0,C0080,plain,C,lhs,3921baad1798760a494c913428d2f3d4da8fc15e,2026-10-10T04:01:31+00:00,60.0,9.0,0.3239,0.011,200.0,0.6478,A,j2,SR5 and beyond excluded,29.44545454545455,0.016666666666666666,0.00013249688319615481,0.010813047754390724,27824345.471192513,2270740028.422052,0.002699166666666667,27.786353812905215,,,False,0.011758034146496042,SR2,8.828958982558138,8.828958982558138,0.0,392223.79666782985,8.828958982558138,0.0,0.011758034146496042,0.0034095115057942017,0.011758034146496042,0.009972499399934314,0.010543583845917016,0.010632400816644624,0.014310268121070238,0.0014950872640519986,0.0012743372444057577,0.0009234086128096383,0.0009214457549255673,0.0009017002483732939,0.0008862303149871837,0.0,9.0,18.0,27.0,36.0,45.0,54.0,-9.0,-18.0,-27.0,-36.0,-45.0,ok,,3,3,True,15.12,9,11,,181385493.20690703,0.5038485922414084,True
2.0.0,C0081,plain,C,lhs,3921baad1798760a494c913428d2f3d4da8fc15e,2026-10-10T04:01:46+00:00,105.0,12.0,0.3239,0.0191,200.0,0.6478,A,j2,SR5 and beyond excluded,16.958115183246075,0.009523809523809525,0.0002132260104680226,0.018289347119550634,44777462.198284745,3840762895.1056333,0.0015423809523809524,37.04847175054029,,,False,0.003962268765988202,SR2,11.932845623582772,11.932845623582772,0.0,589201.4493139455,11.932845623582772,0.0,0.003962268765988202,0.0016109162692405942,0.003962268765988202,0.003419961826090989,0.003489696840358534,0.0033677827965394903,0.004574246027671767,0.001090850433775757,0.0007547308775061136,0.0005759388801074998,0.0005739529203805287,0.0005603997392425569,0.0005633350011298633,0.0,12.0,24.0,36.0,48.0,60.0,72.0,-12.0,-24.0,-36.0,-48.0,-60.0,ok,,3,3,True,6.35,10,11,,107238929.1525563,0.2978859143126564,True
2.0.0,C0082,plain,C,lhs,3921baad1798760a494c913428d2f3d4da8fc15e,2026-10-10T04:01:53+00:00,250.0,9.0,0.508,0.0254,120.0,1.016,A,j2,SR5 and beyond excluded,20.0,0.004,0.0011242345390208087,0.03850976841140984,236089253.19436982,8087051366.396067,0.001016,17.716535433070867,,,False,0.001357082585169782,SR2,9.361992651162796,8.345992651162796,1.016,1121553.0343628041,9.361992651162796,1.016,0.0013532080911892697,0.0009103267468367921,0.001357082585169782,0.001187732343270321,0.001229893275505687,0.0012217963151994423,0.0014570124040282199,0.0007433424361617224,0.00035038492368439267,0.00019822472855840985,0.0001811303858032155,0.0001592214481142843,0.00016556890061999633,0.0,9.0,18.0,27.0,36.0,45.0,54.0,-9.0,-18.0,-27.0,-36.0,-45.0,ok,,3,3,True,2.67,10,11,,30558428.38180593,0.08488452328279425,True
2.0.0,C0083,plain,C,lhs,3921baad1798760a494c913428d2f3d4da8fc15e,2026-10-10T04:01:55+00:00,85.0,9.0,0.2731,0.021,160.0,0.5462,A,j2,SR5 and beyond excluded,13.004761904761905,0.011764705882352941,0.0001330457027830812,0.016631905667369735,27939597.584447052,3492700190.1476445,0.0016064705882352943,32.95496155254485,,,False,0.0033754228257846988,SR2,9.305270747404847,9.305270747404847,0.0,427610.1836786751,9.305270747404847,0.0,0.0033754228257846988,0.0014310010666751158,0.0033754228257846988,0.002830819845330589,0.0029281479684108744,0.002812434710337301,0.003852599827978359,0.0011333436042030673,0.0007304068172267934,0.0005129886730201975,0.0005017266225721686,0.0004801675922880162,0.00048496921511941043,0.0,9.0,18.0,27.0,36.0,45.0,54.0,-9.0,-18.0,-27.0,-36.0,-45.0,ok,,3,3,True,4.54,10,11,,94340602.41685706,0.2620572289357141,True
2.0.0,C0084,plain,C,lhs,3921baad1798760a494c913428d2f3d4da8fc15e,2026-10-10T04:02:00+00:00,105.0,6.0,0.2191,0.0127,0.0,0.4382,A,j2,SR5 and beyond excluded,17.251968503937007,0.009523809523809525,4.4018358973964884e-05,0.008234993991001853,9243855.384532625,1729348738.1103892,0.0010433333333333332,27.38475581926061,,,False,0.0011586187351683133,SR2,6.634110714285708,6.634110714285708,0.0,97258.13209427387,6.634110714285708,0.0,0.0011586187351683133,0.0007967319171596274,0.0011586187351683133,0.0010731513727083885,0.0010455690518020536,0.0011422591363348276,0.0012812915371386879,0.0005798972980723539,0.00023627085786612857,7.945289273329221e-05,4.9554501212406296e-05,1.3992083036474051e-05,1.873375046096234e-05,0.0,6.0,12.0,18.0,24.0,30.0,36.0,-6.0,-12.0,-18.0,-24.0,-30.0,ok,,3,3,True,11.85,7,11,,0.0,0.0,True
2.0.0,C0085,plain,C,lhs,3921baad1798760a494c913428d2f3d4da8fc15e,2026-10-10T04:02:12+00:00,70.0,6.0,0.4064,0.0127,200.0,0.8128,A,j2,SR5 and beyond excluded,32.0,0.014285714285714285,0.00030465726249162664,0.015707931852022416,63978025.123241596,3298665688.9247074,0.002902857142857143,14.763779527559056,,,False,0.00571438490716192,SR2,5.914859682539678,5.914859682539678,0.0,723788.924881352,5.914859682539678,0.0,0.00571438490716192,0.002199831838851909,0.00571438490716192,0.004566633154730439,0.004994114160835189,0.004484101998112481,0.006445841300300489,0.0018528051398707208,0.001243848685851656,0.0006931671712145022,0.0007860948249606972,0.0006584355002969721,0.0006188248812402065,0.0,6.0,12.0,18.0,24.0,30.0,36.0,-6.0,-12.0,-18.0,-24.0,-30.0,ok,,3,3,True,5.01,9,11,,124862395.53856203,0.34683998760711676,True
2.0.0,C0086,plain,C,lhs,3921baad1798760a494c913428d2f3d4da8fc15e,2026-10-10T04:02:17+00:00,70.0,6.0,0.2731,0.0127,120.0,0.5462,A,j2,SR5 and beyond excluded,21.50393700787402,0.014285714285714285,8.827106008271012e-05,0.01038949823283374,18536922.617369127,2181794628.8950853,0.0019507142857142859,21.969974368363236,,,False,0.003885756198206064,SR2,6.1012680952380975,6.1012680952380975,0.0,281864.0610358474,6.1012680952380975,0.0,0.003885756198206064,0.001716359327941984,0.003885756198206064,0.0031808716467455205,0.0033775637798819282,0.0031357463316882246,0.004284475764227198,0.0013675926043563399,0.0009395866863712117,0.0005981848101436934,0.0006023237951983058,0.000570198420462642,0.0005474499154735332,0.0,6.0,12.0,18.0,24.0,30.0,36.0,-6.0,-12.0,-18.0,-24.0,-30.0,ok,,3,3,True,3.69,9,11,,113268030.23855251,0.31463341732931255,True
2.0.0,C0087,plain,C,lhs,3921baad1798760a494c913428d2f3d4da8fc15e,2026-10-10T04:02:21+00:00,120.0,7.5,0.3239,0.021,80.0,0.6478,A,j2,SR5 and beyond excluded,15.423809523809524,0.008333333333333333,0.00023028173311683242,0.01998335671021931,48359163.95453481,4196504909.146055,0.0013495833333333335,23.15529484408768,,,False,0.001821728301172905,SR2,8.058941105769232,6.763341105769232,1.2956,483195.4537599718,8.058941105769232,1.2956,0.0018186754111315696,0.0011494602807662286,0.001821728301172905,0.0015704147275208715,0.001655229251653348,0.0015787426152454596,0.0020062799444910103,0.001003289419063733,0.00045071347046682006,0.00025674265164909625,0.00023293984721289973,0.00020244281220986897,0.00020809662853198035,0.0,7.5,15.0,22.5,30.0,37.5,45.0,-7.5,-15.0,-22.5,-30.0,-37.5,ok,,3,3,True,2.62,9,11,,39259270.1705013,0.1090535282513925,True
2.0.0,C0088,plain,C,lhs,3921baad1798760a494c913428d2f3d4da8fc15e,2026-10-10T04:02:23+00:00,85.0,7.5,0.2191,0.008,40.0,0.4382,A,j2,SR5 and beyond excluded,27.3875,0.011764705882352941,2.959632873469869e-05,0.00530552167338244,6215229.034286724,1114159551.4103124,0.0012888235294117646,34.230944774075766,,,False,0.002176059880672068,SR2,7.842242647058825,6.965842647058825,0.8764,96417.08495710566,7.842242647058825,0.8764,0.0021759556241479436,0.0011970477915053527,0.002176059880672068,0.001918736713667301,0.0019902679270955193,0.0018788109034842168,0.002430304978986405,0.0010284984191991106,0.0005693993391664145,0.0004028215927280998,0.0003923116816652381,0.00037486511931732305,0.00037891841901631216,0.0,7.5,15.0,22.5,30.0,37.5,45.0,-7.5,-15.0,-22.5,-30.0,-37.5,ok,,3,3,True,2.61,10,11,,73935425.04368244,0.20537618067689567,True
2.0.0,C0089,plain,C,lhs,3921baad1798760a494c913428d2f3d4da8fc15e,2026-10-10T04:02:26+00:00,250.0,12.0,0.3239,0.011,0.0,0.6478,A,j2,SR5 and beyond excluded,29.44545454545455,0.004,0.00013249688319615481,0.010813047754390724,27824345.471192513,2270740028.422052,0.0006478,37.04847175054029,,,False,0.0007819075205598105,SR2,12.311263752380942,11.015663752380942,1.2956,133560.21294383425,12.311263752380942,1.2956,0.0007762226951339038,0.0005011528991466465,0.0007819075205598105,0.0006748753609744996,0.0007160316037773173,0.0006845144761022748,0.000874047446229906,0.00036140936693764453,9.079597168912986e-05,7.256092758568321e-05,4.638900589474522e-05,5.2362608343010154e-05,4.973038989035759e-05,0.0,12.0,24.0,36.0,48.0,60.0,72.0,-12.0,-24.0,-36.0,-48.0,-60.0,ok,,3,3,True,20.19,11,11,,0.0,0.0,True
2.0.0,C0090,plain,C,lhs,3921baad1798760a494c913428d2f3d4da8fc15e,2026-10-10T04:02:46+00:00,105.0,12.0,0.6096,0.0191,80.0,1.2192,A,j2,SR5 and beyond excluded,31.91623036649215,0.009523809523809525,0.0015459914684718167,0.03543260982314515,324658208.3790815,7440848062.860482,0.002902857142857143,19.68503937007874,,,False,0.004806603166124704,SR2,12.19600875,12.19600875,0.0,2685341.7412489834,12.19600875,0.0,0.004806603166124704,0.0018393189951608174,0.004806603166124704,0.0034275334926200406,0.003722056929864252,0.0034094257996717227,0.0058504383242422835,0.0013209305792551591,0.0007887978511187395,0.00023687133197455428,0.0002381809239519108,0.00017045371890516873,0.00012273820732811738,0.0,12.0,24.0,36.0,48.0,60.0,72.0,-12.0,-24.0,-36.0,-48.0,-60.0,ok,,3,3,True,17.6,9,11,,22141524.54238725,0.06150423483996459,True
2.0.0,C0091,plain,C,lhs,3921baad1798760a494c913428d2f3d4da8fc15e,2026-10-10T04:03:04+00:00,120.0,9.0,0.6096,0.0127,160.0,1.2192,A,j2,SR5 and beyond excluded,48.00000000000001,0.008333333333333333,0.0010611209796460759,0.023815251517582365,222835405.72567594,5001202818.692297,0.00254,14.763779527559054,,,False,0.004423729073052466,SR2,9.419000459770118,9.419000459770118,0.0,1720065.856335325,9.419000459770118,0.0,0.004423729073052466,0.0018188723800889467,0.004423729073052466,0.003274085307914446,0.003586419226084537,0.0032477036851456306,0.005040915547233436,0.001427417347885249,0.000870020468313994,0.00041776642755909357,0.00045875956616225064,0.0003751963975902271,0.00033412045891655144,0.0,9.0,18.0,27.0,36.0,45.0,54.0,-9.0,-18.0,-27.0,-36.0,-45.0,ok,,3,3,True,6.82,9,11,,65884838.496943384,0.18301344026928718,True
2.0.0,C0092,plain,C,lhs,3921baad1798760a494c913428d2f3d4da8fc15e,2026-10-10T04:03:10+00:00,200.0,6.0,0.2191,0.021,250.0,0.4382,A,j2,SR5 and beyond excluded,10.433333333333332,0.005,6.483145561401001e-05,0.013069339598198898,13614605.678942103,2744561315.6217685,0.00054775,27.38475581926061,,,False,0.00169337107467744,SR2,5.834728056818184,4.958328056818184,0.8764,98206.81040390496,5.834728056818184,0.8764,0.0016886050047786524,0.0012476529806964445,0.00169337107467744,0.0016136610966928067,0.0016394458350527605,0.0016073477353858077,0.0017676490457563259,0.0011137916082077726,0.0009688033676527039,0.0009151534958820002,0.0009110060088031981,0.0009073978837289073,0.0009077189773929593,0.0,6.0,12.0,18.0,24.0,30.0,36.0,-6.0,-12.0,-18.0,-24.0,-30.0,ok,,3,3,True,1.8,10,11,,187588858.7620653,0.5210801632279591,True
2.0.0,C0093,plain,C,lhs,3921baad1798760a494c913428d2f3d4da8fc15e,2026-10-10T04:03:12+00:00,60.0,14.0,0.2731,0.0254,0.0,0.5462,A,j2,SR5 and beyond excluded,10.75196850393701,0.016666666666666666,0.0001531843684968715,0.01976558150747248,32168717.384343017,4150772116.569221,0.0022758333333333333,51.26327352618088,,,False,0.0031258564148550407,SR2,14.40994513071896,14.40994513071896,0.0,578532.8191141691,14.40994513071896,0.0,0.0031258564148550407,0.0016091967410033455,0.0031258564148550407,0.0024079754353133337,0.002504193154751103,0.002311918229586353,0.003859363705286725,0.0012447033054625769,0.0004296053240354762,0.00014758763969835074,0.00011790569328739416,0.00010259437136068817,0.00010639499652836146,0.0,14.0,28.0,42.0,56.0,70.0,84.0,-14.0,-28.0,-42.0,-56.0,-70.0,ok,,3,3,True,28.12,10,11,,0.0,0.0,True
2.0.0,C0094,plain,C,lhs,3921baad1798760a494c913428d2f3d4da8fc15e,2026-10-10T04:03:40+00:00,60.0,9.0,0.4064,0.0318,200.0,0.8128,A,j2,SR5 and beyond excluded,12.779874213836477,0.016666666666666666,0.0006611633992809267,0.03742353133550462,138844313.8489946,7858941580.45597,0.0033866666666666667,22.145669291338585,,,False,0.006974795973155616,SR2,9.52513534883721,9.52513534883721,0.0,1850715.0054629361,9.52513534883721,0.0,0.006974795973155616,0.002116093671324872,0.006974795973155616,0.005443880221925788,0.0056787639190359895,0.005273382042380921,0.008475504716154568,0.0014667900719382292,0.001010248512888353,0.00038237116881039866,0.0004078356989733657,0.00032127901130198,0.0002669399711788877,0.0,9.0,18.0,27.0,36.0,45.0,54.0,-9.0,-18.0,-27.0,-36.0,-45.0,ok,,4,4,True,10.79,9,11,,52409003.907636,0.1455805664101,True
2.0.0,C0095,plain,C,lhs,3921baad1798760a494c913428d2f3d4da8fc15e,2026-10-10T04:03:51+00:00,85.0,14.0,0.508,0.0159,200.0,1.016,A,j2,SR5 and beyond excluded,31.949685534591193,0.011764705882352941,0.0007448524635677762,0.024581046142821444,156419017.349233,5162019689.992503,0.002988235294117647,27.559055118110237,,,False,0.008248886473002271,SR2,13.859643263757114,13.859643263757114,0.0,1623743.6706481245,13.859643263757114,0.0,0.008248886473002271,0.002169662444513977,0.008248886473002271,0.006922188969134613,0.0071220510179808875,0.006643852004881061,0.010001905538391505,0.0013517669308502696,0.001008426406270449,0.0005038192392621077,0.0004833202906908033,0.00043700352482549165,0.0004286501267412589,0.0,14.0,28.0,42.0,56.0,70.0,84.0,-14.0,-28.0,-42.0,-56.0,-70.0,ok,,3,3,True,13.75,9,11,,79790338.80837409,0.22163983002326137,True
2.0.0,C0096,plain,C,lhs,3921baad1798760a494c913428d2f3d4da8fc15e,2026-10-10T04:04:05+00:00,60.0,7.5,0.4064,0.021,120.0,0.8128,A,j2,SR5 and beyond excluded,19.35238095238095,0.016666666666666666,0.00047348021490912356,0.025426165982563635,99430845.13091595,5339494856.338364,0.0033866666666666667,18.45472440944882,,,False,0.006304653345946657,SR2,7.895134848484851,7.895134848484851,0.0,1286658.9497302934,7.895134848484851,0.0,0.006304653345946657,0.00199850837002358,0.006304653345946657,0.00467997525685998,0.00495177169766835,0.004565395675657381,0.007193088682405031,0.0014269691416144285,0.0009773732572490508,0.0003671121222392725,0.0004498513398484079,0.00031562950384882046,0.00024870434592441296,0.0,7.5,15.0,22.5,30.0,37.5,45.0,-7.5,-15.0,-22.5,-30.0,-37.5,ok,,3,3,True,6.63,9,11,,46282951.224616654,0.12856375340171292,True
2.0.0,C0097,plain,C,lhs,3921baad1798760a494c913428d2f3d4da8fc15e,2026-10-10T04:04:11+00:00,250.0,14.0,0.2191,0.021,200.0,0.4382,A,j2,SR5 and beyond excluded,10.433333333333332,0.004,6.483145561401001e-05,0.013069339598198898,13614605.678942103,2744561315.6217685,0.00043819999999999997,63.89776357827476,,,False,0.001903142535897706,SR2,14.30194609411765,13.42554609411765,0.8764,141073.25911029516,14.30194609411765,0.8764,0.0018905961957111196,0.0013126886693826923,0.001903142535897706,0.001827631654544632,0.0018365911082442777,0.0018114024382710576,0.0019861888956451655,0.000759396072295236,0.000759730671327328,0.0008009584626975682,0.0007939521647651429,0.0007941454620439433,0.000793506325155188,0.0,14.0,28.0,42.0,56.0,70.0,84.0,-14.0,-28.0,-42.0,-56.0,-70.0,ok,,3,3,True,4.15,11,11,,150071087.00965223,0.4168641305823673,True
2.0.0,C0098,plain,C,lhs,3921baad1798760a494c913428d2f3d4da8fc15e,2026-10-10T04:04:16+00:00,105.0,6.0,0.6096,0.021,80.0,1.2192,A,j2,SR5 and beyond excluded,29.02857142857143,0.009523809523809525,0.001683807425674905,0.03883197015396204,353599559.39173007,8154713732.332028,0.002902857142857143,9.84251968503937,,,False,0.003276759644865103,SR2,6.703989565217391,6.703989565217391,0.0,2727588.9025377645,6.703989565217391,0.0,0.003276759644865103,0.0019212870404452093,0.003276759644865103,0.003204229648923412,0.003189028221161832,0.0033075906144681227,0.004697114724693604,0.0014727254213157126,0.0010696323379164826,0.0003687767882903308,0.0005860782288118641,0.00026336201636613073,0.00016176224034871877,0.0,6.0,12.0,18.0,24.0,30.0,36.0,-6.0,-12.0,-18.0,-24.0,-30.0,ok,,3,3,True,4.36,7,11,,20203249.973912384,0.05612013881642329,True
2.0.0,C0099,plain,C,lhs,3921baad1798760a494c913428d2f3d4da8fc15e,2026-10-10T04:04:20+00:00,120.0,10.5,0.4064,0.0191,250.0,0.8128,A,j2,SR5 and beyond excluded,21.277486910994764,0.008333333333333333,0.0004368081024982484,0.023239711743444753,91729701.52463216,4880339466.123398,0.0016933333333333334,25.836614173228348,,,False,0.0034994550480341425,SR2,10.994574433962264,10.181774433962264,0.8128,893423.6612284924,10.994574433962264,0.8128,0.003488174618373371,0.0015075007779271341,0.0034994550480341425,0.0029237462501643264,0.0030380396574714056,0.002842962860880001,0.00403496495562565,0.0012630369161826219,0.0008353671739458295,0.0005834495283068456,0.0005559386464264447,0.0005289590252986527,0.0005362176615566064,0.0,10.5,21.0,31.5,42.0,52.5,63.0,-10.5,-21.0,-31.5,-42.0,-52.5,ok,,3,3,True,4.98,9,11,,105494531.38942409,0.29304036497062247,True
2.0.0,C0100,plain,C,lhs,3921baad1798760a494c913428d2f3d4da8fc15e,2026-10-10T04:04:25+00:00,150.0,10.5,0.6096,0.011,200.0,1.2192,A,j2,SR5 and beyond excluded,55.41818181818182,0.006666666666666667,0.0009268497527332657,0.02068613098682734,194638448.0739858,4344087507.233741,0.002032,17.224409448818896,,,False,0.0038017009695858256,SR2,10.991749532710287,10.991749532710287,0.0,1344271.531316856,10.991749532710287,0.0,0.0038017009695858256,0.0017050468945811225,0.0038017009695858256,0.002966805371037137,0.003166260615207897,0.0028999537163716246,0.0043555825110147914,0.001403738779110918,0.0008940323605284988,0.0005276820158200909,0.0005269960975231781,0.00048728716627425547,0.0004656910780450295,0.0,10.5,21.0,31.5,42.0,52.5,63.0,-10.5,-21.0,-31.5,-42.0,-52.5,ok,,3,3,True,6.25,9,11,,94813766.83000556,0.2633715745277932,True
2.0.0,C0101,plain,C,lhs,3921baad1798760a494c913428d2f3d4da8fc15e,2026-10-10T04:04:31+00:00,70.0,9.0,0.2191,0.0127,200.0,0.4382,A,j2,SR5 and beyond excluded,17.251968503937007,0.014285714285714285,4.4018358973964884e-05,0.008234993991001853,9243855.384532625,1729348738.1103892,0.001565,41.07713372889092,,,False,0.008935725218942012,SR4,27.3265671512605,27.3265671512605,0.0,153307.3873233631,27.3265671512605,0.0,0.008935725218942012,0.0034860615503651774,0.008719201970927163,0.008705480867365618,0.008935725218942012,0.00901627996406695,0.010442475490544958,0.0013544029603815469,0.0012672646876489392,0.0011711750835488918,0.0011760218407335361,0.0011663867364884335,0.001167493645071343,0.0,9.0,18.0,27.0,36.0,45.0,54.0,-9.0,-18.0,-27.0,-36.0,-45.0,ok,,3,3,True,10.79,10,11,,238170179.8620728,0.6615838329502022,True
2.0.0,C0102,plain,C,lhs,3921baad1798760a494c913428d2f3d4da8fc15e,2026-10-10T04:04:42+00:00,105.0,12.0,0.4064,0.008,250.0,0.8128,A,j2,SR5 and beyond excluded,50.8,0.009523809523809525,0.0001987389278493023,0.010012884105521414,41735174.84835348,2102705662.159497,0.0019352380952380951,29.52755905511811,,,False,0.011378790752535672,SR2,12.156858492688404,12.156858492688404,0.0,370527.8285890125,12.156858492688404,0.0,0.011378790752535672,0.003683897584288317,0.011378790752535672,0.010446216148074648,0.010320062389656244,0.009908402457909266,0.012354965868663182,0.0015385123615553457,0.0014005846065470147,0.0012260911391402162,0.0012190017471401375,0.001201552126215626,0.0012039142935451276,0.0,12.0,24.0,36.0,48.0,60.0,72.0,-12.0,-24.0,-36.0,-48.0,-60.0,ok,,3,3,True,17.66,9,11,,244850781.66919732,0.6801410601922148,True
2.0.0,C0103,plain,C,lhs,3921baad1798760a494c913428d2f3d4da8fc15e,2026-10-10T04:05:00+00:00,70.0,9.0,0.1683,0.0127,160.0,0.3366,A,j2,SR5 and beyond excluded,13.25196850393701,0.014285714285714285,1.8913676266636105e-05,0.006208164074611863,3971872.015993582,1303714455.6684914,0.0012021428571428571,53.475935828877006,,,False,0.008293885418841535,SR4,27.34235784033612,27.34235784033612,0.0,79955.96555873321,27.34235784033612,0.0,0.008293885418841535,0.00352516285226817,0.008091363684024414,0.007887103362334379,0.008293885418841535,0.008480260737523062,0.00935990268992809,0.001295748350113164,0.0012558050536338626,0.0012315863482165164,0.001244207955941154,0.0012409478985154362,0.001240682661796125,0.0,9.0,18.0,27.0,36.0,45.0,54.0,-9.0,-18.0,-27.0,-36.0,-45.0,ok,,3,3,True,8.34,10,11,,252742031.48345408,0.7020611985651503,True
2.0.0,C0104,plain,C,lhs,3921baad1798760a494c913428d2f3d4da8fc15e,2026-10-10T04:05:08+00:00,150.0,9.0,0.2731,0.0159,0.0,0.5462,A,j2,SR5 and beyond excluded,17.17610062893082,0.006666666666666667,0.00010664155429545872,0.012847480325002391,22394726.40204633,2697970868.250502,0.0009103333333333334,32.95496155254485,,,False,0.0010684936964164725,SR2,9.512983094117653,8.420583094117653,1.0924,174057.82803373988,9.512983094117653,1.0924,0.0010674785455763217,0.000696360685415317,0.0010684936964164725,0.0009357208370592507,0.0009666046618722922,0.0009758641408917476,0.0011760569753206849,0.0005620144915967986,0.00015644257159173818,5.432453121775674e-05,3.824685579009189e-05,3.2879994867825946e-05,3.420417988291465e-05,0.0,9.0,18.0,27.0,36.0,45.0,54.0,-9.0,-18.0,-27.0,-36.0,-45.0,ok,,3,3,True,15.82,10,11,,0.0,0.0,True
2.0.0,C0105,plain,C,lhs,3921baad1798760a494c913428d2f3d4da8fc15e,2026-10-10T04:05:24+00:00,120.0,6.0,0.6096,0.0159,250.0,1.2192,A,j2,SR5 and beyond excluded,38.339622641509436,0.008333333333333333,0.001307583812191287,0.02965610057913657,274592600.5601703,6227781121.61868,0.00254,9.84251968503937,,,False,0.0037549557330834407,SR2,6.687366956521743,6.687366956521743,0.0,1953864.201259149,6.687366956521743,0.0,0.0037549557330834407,0.002031843721108691,0.0037549557330834407,0.003543575698360626,0.0035139179373600018,0.003409625272266322,0.004704436586382702,0.0021153557282567372,0.0011026521686357798,0.0005709577145200261,0.0007025255493064559,0.0004993983784633373,0.0004346150348450386,0.0,6.0,12.0,18.0,24.0,30.0,36.0,-6.0,-12.0,-18.0,-24.0,-30.0,ok,,3,3,True,3.41,8,11,,82669752.66885811,0.2296382018579392,True
2.0.0,C0106,plain,C,lhs,3921baad1798760a494c913428d2f3d4da8fc15e,2026-10-10T04:05:27+00:00,150.0,14.0,0.2731,0.008,200.0,0.5462,A,j2,SR5 and beyond excluded,34.1375,0.006666666666666667,5.858337318569159e-05,0.006662689699733241,12302508.368995234,1399164836.9439807,0.0009103333333333334,51.26327352618088,,,False,0.008813636262700052,SR2,14.202626679738572,14.202626679738572,0.0,120102.19348918807,14.202626679738572,0.0,0.008813636262700052,0.0037197283017841865,0.008813636262700052,0.008648039850068822,0.008293781855513592,0.008217733674692758,0.009459428115393801,0.0014537601503791188,0.00144212127264093,0.0014627774921618865,0.0014594621216497913,0.0014594138772611894,0.001459165556822987,0.0,14.0,28.0,42.0,56.0,70.0,84.0,-14.0,-28.0,-42.0,-56.0,-70.0,ok,,3,3,True,13.88,10,11,,294375108.0105873,0.8177086333627425,True
2.0.0,C0107,plain,C,lhs,3921baad1798760a494c913428d2f3d4da8fc15e,2026-10-10T04:05:41+00:00,85.0,14.0,0.508,0.0318,40.0,1.016,A,j2,SR5 and beyond excluded,15.974842767295597,0.011764705882352941,0.0013545266744704578,0.04757364020813482,284450601.63879615,9990464443.708313,0.002988235294117647,27.559055118110237,,,False,0.004801908059030685,SR2,14.66983347248577,14.66983347248577,0.0,2913724.953269441,14.66983347248577,0.0,0.004801908059030685,0.0018812513032842424,0.004801908059030685,0.0034836453805792205,0.0037720709896352004,0.0033825397617120922,0.005646963207689584,0.001258488812716383,0.0007266945423128921,0.00021228540275796177,0.00017332820974845774,9.396705306274517e-05,9.686166883593589e-05,0.0,14.0,28.0,42.0,56.0,70.0,84.0,-14.0,-28.0,-42.0,-56.0,-70.0,ok,,3,3,True,28.12,9,11,,8245448.493826309,0.02290402359396197,True
2.0.0,C0108,plain,C,lhs,3921baad1798760a494c913428d2f3d4da8fc15e,2026-10-10T04:06:09+00:00,60.0,14.0,0.2731,0.0127,40.0,0.5462,A,j2,SR5 and beyond excluded,21.50393700787402,0.016666666666666666,8.827106008271012e-05,0.01038949823283374,18536922.617369127,2181794628.8950853,0.0022758333333333333,51.26327352618088,,,False,0.006262343665459741,SR2,14.40994513071896,14.40994513071896,0.0,355019.356831628,14.40994513071896,0.0,0.006262343665459741,0.001751244167982675,0.006262343665459741,0.005299730605654941,0.005343320288639293,0.005174577808504499,0.008802146679928038,0.0010263705165000064,0.0005959299570092771,0.00029495282799326864,0.0002893676728701461,0.0002666432559429878,0.0002715740119744798,0.0,14.0,28.0,42.0,56.0,70.0,84.0,-14.0,-28.0,-42.0,-56.0,-70.0,ok,,3,3,True,19.96,10,11,,37756010.079517506,0.10487780577643752,True
2.0.0,C0109,plain,C,lhs,3921baad1798760a494c913428d2f3d4da8fc15e,2026-10-10T04:06:29+00:00,105.0,6.0,0.508,0.0254,0.0,1.016,A,j2,SR5 and beyond excluded,20.0,0.009523809523809525,0.0011242345390208087,0.03850976841140984,236089253.19436982,8087051366.396067,0.0024190476190476193,11.811023622047244,,,False,0.0024941622351465046,SR5,23.78994285714286,23.78994285714286,0.0,2078309.162659916,23.78994285714286,0.0,0.0024941622351465046,0.0016572512840887241,0.0023286854171426104,0.0024837195411772407,0.0024028333994187,0.002767903305170451,0.0031614621512025174,0.0013515014145708299,0.0008680327636120272,0.0002490292713314846,0.0004500002163231899,0.0001590443232390264,5.928116624544278e-05,0.0,6.0,12.0,18.0,24.0,30.0,36.0,-6.0,-12.0,-18.0,-24.0,-30.0,ok,,3,3,True,9.03,6,11,,0.0,0.0,True
2.0.0,C0110,plain,C,lhs,3921baad1798760a494c913428d2f3d4da8fc15e,2026-10-10T04:06:38+00:00,60.0,12.0,0.3239,0.0127,0.0,0.6478,A,j2,SR5 and beyond excluded,25.50393700787402,0.016666666666666666,0.00015055842404539306,0.012416328149223721,31617269.04953254,2607428911.3369813,0.002699166666666667,37.04847175054029,,,False,0.0038592217936439122,SR2,12.417948425196858,12.417948425196858,0.0,484279.20113262674,12.417948425196858,0.0,0.0038592217936439122,0.0017618676940514366,0.0038592217936439122,0.0028237111185578007,0.003036451896576162,0.00285489849101602,0.004470517190946723,0.0012264843237889875,0.0006080686737589292,0.00018211755516505537,0.00012203257329970326,4.604061787648087e-05,6.751250262648296e-05,0.0,12.0,24.0,36.0,48.0,60.0,72.0,-12.0,-24.0,-36.0,-48.0,-60.0,ok,,3,3,True,27.58,10,11,,0.0,0.0,True
2.0.0,C0111,plain,C,lhs,3921baad1798760a494c913428d2f3d4da8fc15e,2026-10-10T04:07:06+00:00,85.0,9.0,0.508,0.0191,40.0,1.016,A,j2,SR5 and beyond excluded,26.59685863874346,0.011764705882352941,0.0008778406805393286,0.029336160783294967,184346542.913259,6160593764.491943,0.002988235294117647,17.716535433070867,,,False,0.004229380198034838,SR2,9.632064097363081,9.632064097363081,0.0,1812046.9554375242,9.632064097363081,0.0,0.004229380198034838,0.0018495979959033935,0.004229380198034838,0.0032415610125118544,0.003508921197746646,0.00327802224148498,0.005139724156399972,0.0012980989011937203,0.0008366050149207362,0.0002263846548207022,0.00030982406291873657,0.0001674518503281161,9.644107108320414e-05,0.0,9.0,18.0,27.0,36.0,45.0,54.0,-9.0,-18.0,-27.0,-36.0,-45.0,ok,,3,3,True,12.09,8,11,,13371415.670157151,0.037142821305992085,True
2.0.0,C0112,plain,C,lhs,3921baad1798760a494c913428d2f3d4da8fc15e,2026-10-10T04:07:18+00:00,105.0,7.5,0.508,0.0191,160.0,1.016,A,j2,SR5 and beyond excluded,26.59685863874346,0.009523809523809525,0.0008778406805393286,0.029336160783294967,184346542.913259,6160593764.491943,0.0024190476190476193,14.763779527559056,,,False,0.0036378893383171014,SR2,7.648188311688317,7.648188311688317,0.0,1665872.6459958435,7.648188311688317,0.0,0.0036378893383171014,0.001789600276024332,0.0036378893383171014,0.002987298470289106,0.0031522316798506117,0.0029120595782653716,0.004315452513637988,0.001493217176604227,0.0008510466624232947,0.00037121927465056645,0.00043844475668168424,0.0003268686750804144,0.00027856959782650726,0.0,7.5,15.0,22.5,30.0,37.5,45.0,-7.5,-15.0,-22.5,-30.0,-37.5,ok,,3,3,True,5.11,8,11,,53485662.680628605,0.14857128522396834,True
2.0.0,C0113,plain,C,lhs,3921baad1798760a494c913428d2f3d4da8fc15e,2026-10-10T04:07:23+00:00,200.0,10.5,0.2191,0.0159,200.0,0.4382,A,j2,SR5 and beyond excluded,13.779874213836477,0.005,5.2708310050139945e-05,0.010150108872630187,11068745.11052939,2131522863.2523391,0.00054775,47.923322683706076,,,False,0.002260897289579837,SR2,10.953064675000004,10.076664675000004,0.8764,112242.02277365208,10.13872745357143,0.8764,0.0022148609431553203,0.0015125056573702582,0.002260897289579837,0.0021164128811196094,0.002134358005633573,0.002097827295402784,0.002414837851780132,0.001036299749868399,0.0009594732594443538,0.0009743795148862431,0.0009635747262970476,0.0009645935777067852,0.0009635879529023227,0.0,10.5,21.0,31.5,42.0,52.5,63.0,-10.5,-21.0,-31.5,-42.0,-52.5,ok,,3,3,True,3.39,11,11,,193232410.07677612,0.5367566946577115,True
2.0.0,C0114,plain,C,lhs,3921baad1798760a494c913428d2f3d4da8fc15e,2026-10-10T04:07:26+00:00,105.0,7.5,0.2731,0.0254,80.0,0.5462,A,j2,SR5 and beyond excluded,10.75196850393701,0.009523809523809525,0.0001531843684968715,0.01976558150747248,32168717.384343017,4150772116.569221,0.0013004761904761904,27.462467960454045,,,False,0.0017995336029804259,SR2,7.669299615384617,7.669299615384617,0.0,374884.32473178423,7.669299615384617,0.0,0.0017995336029804259,0.0011147345703757213,0.0017995336029804259,0.00156430469285698,0.0016436494626472819,0.0015347108604326452,0.001971870178621478,0.0009485209735546296,0.00042380967917115826,0.00024717685265506834,0.00023190931247542385,0.00020874722896577612,0.00021476986615631536,0.0,7.5,15.0,22.5,30.0,37.5,45.0,-7.5,-15.0,-22.5,-30.0,-37.5,ok,,3,3,True,2.35,10,11,,39691824.88779314,0.11025506913275872,True
2.0.0,C0115,plain,C,lhs,3921baad1798760a494c913428d2f3d4da8fc15e,2026-10-10T04:07:29+00:00,105.0,12.0,0.3239,0.008,40.0,0.6478,A,j2,SR5 and beyond excluded,40.487500000000004,0.009523809523809525,9.91008060013135e-05,0.007939432954152137,20811169.260275833,1667280920.3719487,0.0015423809523809524,37.04847175054029,,,False,0.0025500559285906196,SR2,12.414061768707484,11.118461768707483,1.2956,255163.61629333335,12.414061768707484,1.2956,0.002539720283115035,0.0012553527370005322,0.0025500559285906196,0.0021363405311598787,0.002217818132343239,0.00209898186584021,0.0029914091990178564,0.0010181948546896637,0.0005020427381314458,0.00030786670901871674,0.0002999386541135082,0.00028407761469118254,0.00028826961324137675,0.0,12.0,24.0,36.0,48.0,60.0,72.0,-12.0,-24.0,-36.0,-48.0,-60.0,ok,,3,3,True,6.32,10,11,,49407306.82722802,0.13724251896452228,True
2.0.0,C0116,plain,C,lhs,3921baad1798760a494c913428d2f3d4da8fc15e,2026-10-10T04:07:35+00:00,85.0,9.0,0.6096,0.011,250.0,1.2192,A,j2,SR5 and beyond excluded,55.41818181818182,0.011764705882352941,0.0009268497527332657,0.02068613098682734,194638448.0739858,4344087507.233741,0.0035858823529411766,14.763779527559054,,,False,0.007854565155635887,SR2,9.485338309668691,9.485338309668691,0.0,1597581.9046886065,9.485338309668691,0.0,0.007854565155635887,0.002641030630502368,0.007854565155635887,0.006152795791968341,0.006432310074471552,0.0059745956839705235,0.010010742813055105,0.002157179935629144,0.0013592390663016275,0.0007075269806110217,0.0007986407039578667,0.0006519879283229234,0.0005959607031941293,0.0,9.0,18.0,27.0,36.0,45.0,54.0,-9.0,-18.0,-27.0,-36.0,-45.0,ok,,3,3,True,10.52,9,11,,118517208.53750694,0.3292144681597415,True
2.0.0,C0117,plain,C,lhs,3921baad1798760a494c913428d2f3d4da8fc15e,2026-10-10T04:07:46+00:00,250.0,10.5,0.1683,0.011,200.0,0.3366,A,j2,SR5 and beyond excluded,15.3,0.004,1.6894967315812057e-05,0.0054358977685064185,3547943.136320532,1141538531.3863478,0.0003366,62.3885918003565,,,False,0.00432003720933151,SR2,10.819669953333326,10.146469953333327,0.6732,20947.054251211408,41.6792911,0.6732,0.004266972902874046,0.0029298448439639747,0.00432003720933151,0.004284988632791841,0.004290712852184643,0.004293862651563619,0.004443472385967197,0.0018708728460072018,0.0018899787223794764,0.0019180368657369666,0.0019161279680354564,0.0019171143688010892,0.0019160218610177527,0.0,10.5,21.0,31.5,42.0,52.5,63.0,-10.5,-21.0,-31.5,-42.0,-52.5,ok,,3,3,True,4.16,11,11,,360810685.4700655,1.0022519040835152,True
2.0.0,C0118,plain,C,lhs,3921baad1798760a494c913428d2f3d4da8fc15e,2026-10-10T04:07:50+00:00,250.0,6.0,0.1683,0.008,200.0,0.3366,A,j2,SR5 and beyond excluded,21.0375,0.004,1.2972711832819855e-05,0.004028778418963555,2724269.4848921695,846043467.9823465,0.0003366,35.650623885918,,,False,0.020405977676755168,SR2,6.350011736363634,5.845111736363634,0.5049,2195.2152233069173,17.71817642727273,0.5049,0.020249484590178276,0.018659098059073478,0.020405977676755168,0.019624665942299255,0.020320591094161008,0.01999606650460767,0.020424807477987982,0.01687252770316597,0.01712181554196422,0.017141741460703814,0.01713503720800665,0.017141303052316446,0.017134375453629898,0.0,6.0,12.0,18.0,24.0,30.0,36.0,-6.0,-12.0,-18.0,-24.0,-30.0,ok,,5,5,True,13.97,11,11,,486829950.9270536,1.3523054192418156,True
2.0.0,C0119,plain,C,lhs,3921baad1798760a494c913428d2f3d4da8fc15e,2026-10-10T04:08:04+00:00,85.0,12.0,0.508,0.0318,80.0,1.016,A,j2,SR5 and beyond excluded,15.974842767295597,0.011764705882352941,0.0013545266744704578,0.04757364020813482,284450601.63879615,9990464443.708313,0.002988235294117647,23.62204724409449,,,False,0.004899643798031248,SR2,12.053371005094942,12.053371005094942,0.0,2911055.5717484215,12.053371005094942,0.0,0.004899643798031248,0.001871443627822087,0.004899643798031248,0.0035846876760473535,0.0038574217624487415,0.00350447164530475,0.006048379309345503,0.0013269942012008203,0.0007665101408740161,0.00021579601303318445,0.00021057426616777222,0.00013930509247216143,0.0001092082778962765,0.0,12.0,24.0,36.0,48.0,60.0,72.0,-12.0,-24.0,-36.0,-48.0,-60.0,ok,,3,3,True,20.69,9,11,,16490896.987652618,0.04580804718792394,True
2.0.0,C0120,plain,C,lhs,3921baad1798760a494c913428d2f3d4da8fc15e,2026-10-10T04:08:24+00:00,150.0,12.0,0.3239,0.021,160.0,0.6478,A,j2,SR5 and beyond excluded,15.423809523809524,0.006666666666666667,0.00023028173311683242,0.01998335671021931,48359163.95453481,4196504909.146055,0.0010796666666666667,37.04847175054029,,,False,0.0020207625002578275,SR2,12.36089038095238,11.06529038095238,1.2956,468346.06487728195,12.36089038095238,1.2956,0.002008840694108564,0.0011038632139145207,0.0020207625002578275,0.0017922408029171658,0.0018442833803758265,0.0017573135499705855,0.002188624889601793,0.000887012519450279,0.0005365508312455652,0.00043473321632818575,0.000428240051536059,0.0004253900573847035,0.00042576981056761546,0.0,12.0,24.0,36.0,48.0,60.0,72.0,-12.0,-24.0,-36.0,-48.0,-60.0,ok,,3,3,True,3.41,10,11,,78518540.3410026,0.218107056502785,True
2.0.0,C0121,plain,C,lhs,3921baad1798760a494c913428d2f3d4da8fc15e,2026-10-10T04:08:28+00:00,150.0,14.0,0.4064,0.008,0.0,0.8128,A,j2,SR5 and beyond excluded,50.8,0.006666666666666667,0.0001987389278493023,0.010012884105521414,41735174.84835348,2102705662.159497,0.0013546666666666666,34.4488188976378,,,False,0.0016069678994796068,SR2,14.347935168831173,12.722335168831172,1.6256,328393.52915888233,14.347935168831173,1.6256,0.0016063670005030007,0.0010011937904865287,0.0016069678994796068,0.001383096307744284,0.0014488605056159468,0.0014268278626845112,0.0017670650175289682,0.0007849766386721776,0.00021816913000728897,8.36548708716242e-05,6.525828071878224e-05,5.781332439763757e-05,5.914448718634838e-05,0.0,14.0,28.0,42.0,56.0,70.0,84.0,-14.0,-28.0,-42.0,-56.0,-70.0,ok,,3,3,True,26.21,10,11,,0.0,0.0,True
2.0.0,C0122,plain,C,lhs,3921baad1798760a494c913428d2f3d4da8fc15e,2026-10-10T04:08:54+00:00,200.0,9.0,0.2191,0.011,120.0,0.4382,A,j2,SR5 and beyond excluded,19.918181818181818,0.005,3.903737256749949e-05,0.007191419743332391,8197848.239174892,1510198146.0998023,0.00054775,41.07713372889092,,,False,0.0017661850691333121,SR2,9.36315832058824,8.48675832058824,0.8764,72381.26307836256,9.36315832058824,0.8764,0.0017625483058226552,0.001251933207936211,0.0017661850691333121,0.0016734524717764872,0.0016907030484283243,0.0016603821874264478,0.0018597034055922177,0.000951758193390273,0.0008249670333685181,0.0008180911682407864,0.00081177915365167,0.0008122371873539988,0.0008116138182555775,0.0,9.0,18.0,27.0,36.0,45.0,54.0,-9.0,-18.0,-27.0,-36.0,-45.0,ok,,3,3,True,2.56,10,11,,163639175.8513445,0.4545532662537347,True
2.0.0,C0123,plain,C,lhs,3921baad1798760a494c913428d2f3d4da8fc15e,2026-10-10T04:08:57+00:00,60.0,9.0,0.2191,0.0127,200.0,0.4382,A,j2,SR5 and beyond excluded,17.251968503937007,0.016666666666666666,4.4018358973964884e-05,0.008234993991001853,9243855.384532625,1729348738.1103892,0.0018258333333333332,41.07713372889092,,,False,0.01159308331415777,SR4,27.3708605,27.3708605,0.0,161707.2092162995,27.3708605,0.0,0.01159308331415777,0.0042665706577133065,0.010877541528657969,0.011172571241674752,0.01159308331415777,0.011745327089792415,0.013429148062352174,0.0014103115070611156,0.0014338869198658596,0.0013387127797056461,0.0013576865021328079,0.001351756900699765,0.0013516832185460842,0.0,9.0,18.0,27.0,36.0,45.0,54.0,-9.0,-18.0,-27.0,-36.0,-45.0,ok,,3,3,True,13.79,9,11,,238170179.8620728,0.6615838329502022,True
2.0.0,C0124,plain,C,lhs,3921baad1798760a494c913428d2f3d4da8fc15e,2026-10-10T04:09:10+00:00,150.0,9.0,0.2191,0.0127,160.0,0.4382,A,j2,SR5 and beyond excluded,17.251968503937007,0.006666666666666667,4.4018358973964884e-05,0.008234993991001853,9243855.384532625,1729348738.1103892,0.0007303333333333333,41.07713372889092,,,False,0.0025580608771937526,SR2,9.38418991764707,8.50778991764707,0.8764,103876.73139010427,9.38418991764707,0.8764,0.0025420669933190142,0.0015529403330070929,0.0025580608771937526,0.0023876223979656668,0.002407462376288529,0.0023548218237689576,0.002804363458419995,0.00110828160513978,0.0009744444275225275,0.0009388120191012545,0.0009424490769460031,0.0009401469606798676,0.0009400185020992827,0.0,9.0,18.0,27.0,36.0,45.0,54.0,-9.0,-18.0,-27.0,-36.0,-45.0,ok,,3,3,True,2.98,10,11,,190536143.88965824,0.5292670663601617,True
2.0.0,C0125,plain,C,lhs,3921baad1798760a494c913428d2f3d4da8fc15e,2026-10-10T04:09:13+00:00,120.0,7.5,0.2191,0.011,120.0,0.4382,A,j2,SR5 and beyond excluded,19.918181818181818,0.008333333333333333,3.903737256749949e-05,0.007191419743332391,8197848.239174892,1510198146.0998023,0.0009129166666666666,34.230944774075766,,,False,0.0024232545109146215,SR2,7.805758413461541,6.929358413461541,0.8764,100014.89266412785,7.805758413461541,0.8764,0.0024098989278883943,0.001411595189562942,0.0024232545109146215,0.0021881544064304118,0.002244155103615402,0.0021518594535118647,0.0026506137707001305,0.0011129152429016221,0.0009047180209028427,0.0008121128587401198,0.0008089626912147184,0.0008016141796357227,0.0008029352029758147,0.0,7.5,15.0,22.5,30.0,37.5,45.0,-7.5,-15.0,-22.5,-30.0,-37.5,ok,,3,3,True,2.45,10,11,,163639175.8513445,0.4545532662537347,True
2.0.0,C0126,plain,C,lhs,3921baad1798760a494c913428d2f3d4da8fc15e,2026-10-10T04:09:16+00:00,60.0,9.0,0.2731,0.0254,0.0,0.5462,A,j2,SR5 and beyond excluded,10.75196850393701,0.016666666666666666,0.0001531843684968715,0.01976558150747248,32168717.384343017,4150772116.569221,0.0022758333333333333,32.95496155254485,,,False,0.002786643647486308,SR2,9.372565911764706,9.372565911764706,0.0,561713.1690693963,9.372565911764706,0.0,0.002786643647486308,0.0016317244513791164,0.002786643647486308,0.0023712629825681066,0.0023648808168967674,0.0024546286986928145,0.0032269111371850422,0.0012281489518212285,0.0005045824658618416,0.0001492123050857993,9.91746577822794e-05,3.183451976057124e-05,4.5498249397555806e-05,0.0,9.0,18.0,27.0,36.0,45.0,54.0,-9.0,-18.0,-27.0,-36.0,-45.0,ok,,3,3,True,19.28,7,11,,0.0,0.0,True
2.0.0,C0127,plain,C,lhs,3921baad1798760a494c913428d2f3d4da8fc15e,2026-10-10T04:09:35+00:00,200.0,12.0,0.4064,0.0127,250.0,0.8128,A,j2,SR5 and beyond excluded,32.0,0.005,0.00030465726249162664,0.015707931852022416,63978025.123241596,3298665688.9247074,0.001016,29.52755905511811,,,False,0.0025799952199671346,SR2,12.525952126984134,11.713152126984134,0.8128,451252.92889091116,11.710025523809534,0.8128,0.002565565948568336,0.00144142284690877,0.0025799952199671346,0.002271397365993062,0.002337051360777379,0.0022492030127812274,0.002884297916662228,0.0011700119736510087,0.0008966850460647513,0.0007897093242770334,0.000787169600713922,0.0007801514542658519,0.0007810338041817518,0.0,12.0,24.0,36.0,48.0,60.0,72.0,-12.0,-24.0,-36.0,-48.0,-60.0,ok,,3,3,True,4.38,10,11,,156077994.42320254,0.433549984508896,True
2.0.0,C0128,plain,C,lhs,3921baad1798760a494c913428d2f3d4da8fc15e,2026-10-10T04:09:40+00:00,200.0,12.0,0.3239,0.0159,200.0,0.6478,A,j2,SR5 and beyond excluded,20.371069182389938,0.005,0.0001829216049164138,0.015385007543159938,38413537.0324469,3230851584.063587,0.00080975,37.04847175054029,,,False,0.001977731253048807,SR2,12.329873738095245,11.034273738095244,1.2956,307873.7903265821,12.329873738095245,1.2956,0.0019670354795029714,0.0012341680275731685,0.001977731253048807,0.0018076333702308853,0.0018437051273591453,0.001785053710893079,0.0021129411048467113,0.0009421123043405988,0.0007116638504182499,0.0006580745461612851,0.0006540501192191907,0.0006542326329769932,0.0006538835173821933,0.0,12.0,24.0,36.0,48.0,60.0,72.0,-12.0,-24.0,-36.0,-48.0,-60.0,ok,,3,3,True,3.91,10,11,,127483200.41428858,0.3541200011508016,True
2.0.0,C0129,plain,C,lhs,3921baad1798760a494c913428d2f3d4da8fc15e,2026-10-10T04:09:43+00:00,150.0,10.5,0.4064,0.021,120.0,0.8128,A,j2,SR5 and beyond excluded,19.35238095238095,0.006666666666666667,0.00047348021490912356,0.025426165982563635,99430845.13091595,5339494856.338364,0.0013546666666666666,25.836614173228348,,,False,0.0019546595158037457,SR2,10.964418037735857,10.151618037735858,0.8128,821413.6001351138,10.964418037735857,0.8128,0.0019503908578852034,0.001132483614238754,0.0019546595158037457,0.001668838079363835,0.0017476105152005469,0.001630809071027928,0.0021424501464009805,0.0009752642200008036,0.000476447156428217,0.0002794769315924197,0.0002702098728573257,0.00024838564973977495,0.0002543274898291485,0.0,10.5,21.0,31.5,42.0,52.5,63.0,-10.5,-21.0,-31.5,-42.0,-52.5,ok,,3,3,True,3.61,10,11,,46282951.224616654,0.12856375340171292,True
2.0.0,C0130,plain,C,lhs,3921baad1798760a494c913428d2f3d4da8fc15e,2026-10-10T04:09:47+00:00,200.0,6.0,0.1683,0.0159,40.0,0.3366,A,j2,SR5 and beyond excluded,10.584905660377359,0.005,2.234156640690647e-05,0.007612581654472642,4691728.945450358,1598642147.4392548,0.00042075,35.650623885918,,,False,0.0008013221103458277,SR2,6.190040806818177,5.853440806818178,0.3366,30603.970997579818,6.190040806818177,0.3366,0.000799574999135149,0.0005308829917908713,0.0008013221103458277,0.0007391618931162809,0.0007638227398459145,0.0007297021236657038,0.0008581369896441948,0.0004489579164945614,0.00030085299034578704,0.0002749685000228127,0.00026403500034344194,0.00026686160968023904,0.00026461711394546594,0.0,6.0,12.0,18.0,24.0,30.0,36.0,-6.0,-12.0,-18.0,-24.0,-30.0,ok,,3,3,True,1.85,10,11,,51528642.687140286,0.14313511857538969,True
2.0.0,C0131,plain,C,lhs,3921baad1798760a494c913428d2f3d4da8fc15e,2026-10-10T04:09:49+00:00,70.0,9.0,0.6096,0.0159,120.0,1.2192,A,j2,SR5 and beyond excluded,38.339622641509436,0.014285714285714285,0.001307583812191287,0.02965610057913657,274592600.5601703,6227781121.61868,0.004354285714285714,14.763779527559054,,,False,0.008190360966604655,SR2,9.534076321839084,9.534076321839084,0.0,2399745.1002712385,9.534076321839084,0.0,0.008190360966604655,0.0024587097441652046,0.008190360966604655,0.005918282705254175,0.006372384937555214,0.005764664589791116,0.009925497938642055,0.001523452998825252,0.0012748719381070264,0.00046491265736485043,0.0005673930870974276,0.0003298899819928776,0.00024267140851963557,0.0,9.0,18.0,27.0,36.0,45.0,54.0,-9.0,-18.0,-27.0,-36.0,-45.0,ok,,5,5,True,19.68,9,11,,39681481.2810519,0.11022633689181083,True
2.0.0,C0132,plain,C,lhs,3921baad1798760a494c913428d2f3d4da8fc15e,2026-10-10T04:10:09+00:00,60.0,10.5,0.2731,0.0254,40.0,0.5462,A,j2,SR5 and beyond excluded,10.75196850393701,0.016666666666666666,0.0001531843684968715,0.01976558150747248,32168717.384343017,4150772116.569221,0.0022758333333333333,38.44745514463566,,,False,0.0036601354127856938,SR2,11.067687158018868,10.521487158018868,0.5462,580213.7016652608,11.067687158018868,0.5462,0.0036352287284263686,0.0015804961185771481,0.0036601354127856938,0.0028323527802855404,0.002975370538433552,0.0027471760377972988,0.004315442230566313,0.0012274319843205354,0.0005469486177932614,0.00020412772743604236,0.00018259721296315959,0.00014156472853844856,0.00015340190239706338,0.0,10.5,21.0,31.5,42.0,52.5,63.0,-10.5,-21.0,-31.5,-42.0,-52.5,ok,,3,3,True,13.13,10,11,,19845912.44389657,0.05512753456637936,True
2.0.0,C0133,plain,C,lhs,3921baad1798760a494c913428d2f3d4da8fc15e,2026-10-10T04:10:22+00:00,105.0,12.0,0.6096,0.021,80.0,1.2192,A,j2,SR5 and beyond excluded,29.02857142857143,0.009523809523809525,0.001683807425674905,0.03883197015396204,353599559.39173007,8154713732.332028,0.002902857142857143,19.68503937007874,,,False,0.004739666878172423,SR2,12.19600875,12.19600875,0.0,2929185.064881499,12.19600875,0.0,0.004739666878172423,0.0018319390226194682,0.004739666878172423,0.003376978666410242,0.0036727419869200793,0.0033644822721501538,0.005758248331836205,0.0013173942331757228,0.0007796235431099,0.00022818676635524268,0.00022936757649787658,0.00016121419667920807,0.00011362241111579374,0.0,12.0,24.0,36.0,48.0,60.0,72.0,-12.0,-24.0,-36.0,-48.0,-60.0,ok,,3,3,True,18.92,9,11,,20203249.973912384,0.05612013881642329,True
2.0.0,C0134,plain,C,lhs,3921baad1798760a494c913428d2f3d4da8fc15e,2026-10-10T04:10:41+00:00,85.0,7.5,0.6096,0.011,250.0,1.2192,A,j2,SR5 and beyond excluded,55.41818181818182,0.011764705882352941,0.0009268497527332657,0.02068613098682734,194638448.0739858,4344087507.233741,0.0035858823529411766,12.303149606299211,,,False,0.007192884985163862,SR2,7.859701843722565,7.859701843722565,0.0,1574519.5298037438,7.859701843722565,0.0,0.007192884985163862,0.002654552279878836,0.007192884985163862,0.005603342906617885,0.005958555172451283,0.005525316086037232,0.008781320853859716,0.0027174430829857484,0.0013808736578078931,0.0007455087245525391,0.0008424329292856294,0.0006670870207830576,0.0006009407001455734,0.0,7.5,15.0,22.5,30.0,37.5,45.0,-7.5,-15.0,-22.5,-30.0,-37.5,ok,,3,3,True,7.88,9,11,,118517208.53750694,0.3292144681597415,True
2.0.0,C0135,plain,C,lhs,3921baad1798760a494c913428d2f3d4da8fc15e,2026-10-10T04:10:48+00:00,200.0,10.5,0.508,0.0191,250.0,1.016,A,j2,SR5 and beyond excluded,26.59685863874346,0.005,0.0008778406805393286,0.029336160783294967,184346542.913259,6160593764.491943,0.00127,20.669291338582678,,,False,0.002040642978875488,SR2,10.71530228971963,8.68330228971963,2.032,1137421.7607245878,10.71530228971963,2.032,0.002037603125289937,0.0012904204120819157,0.002040642978875488,0.0017679153193193079,0.0018558663979194412,0.0017378245895668895,0.002225188542209775,0.0010980179717963567,0.0006353279052378469,0.00045732395739147804,0.00044195316058988793,0.00041814388947658125,0.0004250495498187691,0.0,10.5,21.0,31.5,42.0,52.5,63.0,-10.5,-21.0,-31.5,-42.0,-52.5,ok,,3,3,True,3.46,10,11,,83571347.9384822,0.23214263316245054,True
2.0.0,C0136,plain,C,lhs,3921baad1798760a494c913428d2f3d4da8fc15e,2026-10-10T04:10:52+00:00,150.0,10.5,0.1683,0.011,120.0,0.3366,A,j2,SR5 and beyond excluded,15.3,0.006666666666666667,1.6894967315812057e-05,0.0054358977685064185,3547943.136320532,1141538531.3863478,0.000561,62.3885918003565,,,False,0.0032133642301995988,SR2,10.856241033333331,10.183041033333332,0.6732,51741.557949271235,41.7392185,0.6732,0.0030937977097502487,0.0018269686431718717,0.0032133642301995988,0.0031025984139472808,0.003103040068953496,0.003046832140534417,0.003380957687372459,0.0010832067436673423,0.001063615917260952,0.0010856142777159246,0.0010782192945629828,0.0010791337783599042,0.0010785167116813303,0.0,10.5,21.0,31.5,42.0,52.5,63.0,-10.5,-21.0,-31.5,-42.0,-52.5,ok,,3,3,True,4.08,11,11,,216486411.28203925,0.601351142450109,True
2.0.0,C0137,plain,C,lhs,3921baad1798760a494c913428d2f3d4da8fc15e,2026-10-10T04:10:56+00:00,105.0,7.5,0.3239,0.0159,250.0,0.6478,A,j2,SR5 and beyond excluded,20.371069182389938,0.009523809523809525,0.0001829216049164138,0.015385007543159938,38413537.0324469,3230851584.063587,0.0015423809523809524,23.15529484408768,,,False,0.0036590219348009174,SR2,7.59290423076923,7.59290423076923,0.0,418219.43539335835,7.59290423076923,0.0,0.0036590219348009174,0.0016506937106193814,0.0036590219348009174,0.003165747423935614,0.003263634609586424,0.0030996363045087925,0.0040616805559481545,0.0013817403276267508,0.001052015714175513,0.0008081431275306231,0.0008014184476832281,0.0007805937200508344,0.0007750570873598209,0.0,7.5,15.0,22.5,30.0,37.5,45.0,-7.5,-15.0,-22.5,-30.0,-37.5,ok,,3,3,True,3.68,9,11,,159354000.51786074,0.4426500014385021,True
2.0.0,C0138,plain,C,lhs,3921baad1798760a494c913428d2f3d4da8fc15e,2026-10-10T04:11:00+00:00,200.0,7.5,0.4064,0.008,250.0,0.8128,A,j2,SR5 and beyond excluded,50.8,0.005,0.0001987389278493023,0.010012884105521414,41735174.84835348,2102705662.159497,0.001016,18.45472440944882,,,False,0.0030588209108775685,SR2,7.737027121212128,7.737027121212128,0.0,226732.12142561976,7.737027121212128,0.0,0.0030588209108775685,0.0017660327182394669,0.0030588209108775685,0.0027691131363105975,0.002819092542431847,0.0027184666405305176,0.0033190808317464402,0.001563793815155634,0.0013361074138252343,0.0012028611599234605,0.0011946761835280192,0.001179817255193305,0.001178410534286451,0.0,7.5,15.0,22.5,30.0,37.5,45.0,-7.5,-15.0,-22.5,-30.0,-37.5,ok,,3,3,True,2.98,9,11,,244850781.66919732,0.6801410601922148,True
2.0.0,C0139,plain,C,lhs,3921baad1798760a494c913428d2f3d4da8fc15e,2026-10-10T04:11:03+00:00,85.0,7.5,0.1683,0.008,250.0,0.3366,A,j2,SR5 and beyond excluded,21.0375,0.011764705882352941,1.2972711832819855e-05,0.004028778418963555,2724269.4848921695,846043467.9823465,0.00099,44.563279857397504,,,False,,,,,,,,,,,,,,,,,,,,,,,,,,,,,,,,,,failed,no position converged,1,0,False,6.36,,,,608537438.6588169,1.6903817740522693,
2.0.0,C0140,plain,C,lhs,3921baad1798760a494c913428d2f3d4da8fc15e,2026-10-10T04:11:09+00:00,60.0,12.0,0.1683,0.008,200.0,0.3366,A,j2,SR5 and beyond excluded,21.0375,0.016666666666666666,1.2972711832819855e-05,0.004028778418963555,2724269.4848921695,846043467.9823465,0.0014025,71.301247771836,,,False,,,,,,,,,,,,,,,,,,,,,,,,,,,,,,,,,,failed,no position converged,1,0,False,19.44,,,,486829950.9270536,1.3523054192418156,
2.0.0,C0141,plain,C,lhs,3921baad1798760a494c913428d2f3d4da8fc15e,2026-10-10T04:11:29+00:00,60.0,14.0,0.2191,0.0159,120.0,0.4382,A,j2,SR5 and beyond excluded,13.779874213836477,0.016666666666666666,5.2708310050139945e-05,0.010150108872630187,11068745.11052939,2131522863.2523391,0.0018258333333333332,63.89776357827476,,,False,0.011103952548163834,SR3,28.310209117647055,28.310209117647055,0.0,279689.2385110055,28.310209117647055,0.0,0.011103952548163834,0.004476505086311979,0.010922605545187454,0.011103952548163834,0.011023608017314357,0.011066871913263386,0.015975595100648415,0.000776557934059847,0.0018559570523977368,0.0018494164079162852,0.0018926367472679808,0.001887663987059286,0.0018854931200757675,0.0,14.0,28.0,42.0,56.0,70.0,84.0,-14.0,-28.0,-42.0,-56.0,-70.0,ok,,4,4,True,16.24,10,11,,115939446.04606567,0.32205401679462686,True
2.0.0,C0142,plain,C,lhs,3921baad1798760a494c913428d2f3d4da8fc15e,2026-10-10T04:11:45+00:00,60.0,12.0,0.508,0.021,250.0,1.016,A,j2,SR5 and beyond excluded,24.19047619047619,0.016666666666666666,0.0009542734829624907,0.032129068068262816,200397431.42212304,6747104294.335192,0.004233333333333334,23.62204724409449,,,False,0.012538916879077298,SR2,12.512646875000002,12.512646875000002,0.0,2194704.1432603216,12.512646875000002,0.0,0.012538916879077298,0.002986514929594157,0.012538916879077298,0.01091424042073876,0.010970639150240198,0.010655685445768087,0.0165073524508886,0.0015664892119661973,0.0012992252511461247,0.0005134299590814305,0.0005283876935236844,0.0004471307072620641,0.0003850076488098747,0.0,12.0,24.0,36.0,48.0,60.0,72.0,-12.0,-24.0,-36.0,-48.0,-60.0,ok,,5,5,True,21.93,9,11,,76306679.50875796,0.2119629986354388,True
2.0.0,C0143,plain,C,lhs,3921baad1798760a494c913428d2f3d4da8fc15e,2026-10-10T04:12:07+00:00,105.0,7.5,0.4064,0.0318,0.0,0.8128,A,j2,SR5 and beyond excluded,12.779874213836477,0.009523809523809525,0.0006611633992809267,0.03742353133550462,138844313.8489946,7858941580.45597,0.0019352380952380951,18.45472440944882,,,False,0.001988160399515187,SR3,15.076741125541126,14.263941125541127,0.8128,1312747.5724977793,15.076741125541126,0.8128,0.0019876470872924206,0.0013087548445678784,0.001895255589587895,0.001988160399515187,0.0018990268299321805,0.0021574531183310712,0.002390127729695347,0.0010473059536112216,0.0005875745331615587,0.00015715662429224747,0.00022197160526344096,9.629746780218523e-05,2.743803848296256e-05,0.0,7.5,15.0,22.5,30.0,37.5,45.0,-7.5,-15.0,-22.5,-30.0,-37.5,ok,,3,3,True,14.51,7,11,,0.0,0.0,True
2.0.0,C0144,plain,C,lhs,3921baad1798760a494c913428d2f3d4da8fc15e,2026-10-10T04:12:21+00:00,120.0,9.0,0.2191,0.008,160.0,0.4382,A,j2,SR5 and beyond excluded,27.3875,0.008333333333333333,2.959632873469869e-05,0.00530552167338244,6215229.034286724,1114159551.4103124,0.0009129166666666666,41.07713372889092,,,False,0.0058287006947118775,SR2,9.341300308823538,9.341300308823538,0.0,65872.72444113632,9.341300308823538,0.0,0.0058287006947118775,0.002886784155802591,0.0058287006947118775,0.005712733794480878,0.005776976173053868,0.005761770016947271,0.006435190662938061,0.0015149855618753951,0.0014643524070996282,0.0014342993244010407,0.0014406805025397097,0.0014374627839410473,0.0014375093938040185,0.0,9.0,18.0,27.0,36.0,45.0,54.0,-9.0,-18.0,-27.0,-36.0,-45.0,ok,,3,3,True,5.68,10,11,,295741700.17472976,0.8215047227075827,True
2.0.0,C0145,plain,C,lhs,3921baad1798760a494c913428d2f3d4da8fc15e,2026-10-10T04:12:27+00:00,120.0,9.0,0.2731,0.021,160.0,0.5462,A,j2,SR5 and beyond excluded,13.004761904761905,0.008333333333333333,0.0001330457027830812,0.016631905667369735,27939597.584447052,3492700190.1476445,0.0011379166666666666,32.95496155254485,,,False,0.0021424467376155608,SR2,9.258164132352945,9.258164132352945,0.0,326753.8679075545,9.258164132352945,0.0,0.0021424467376155608,0.0011588918662181586,0.0021424467376155608,0.0019044435657177225,0.0019715923682718894,0.0018817266961226264,0.0023454768374900617,0.0010030531107485191,0.0006312996570024236,0.0004967678252081584,0.0004911638198501828,0.00048063151934035807,0.000482913913791417,0.0,9.0,18.0,27.0,36.0,45.0,54.0,-9.0,-18.0,-27.0,-36.0,-45.0,ok,,3,3,True,2.93,10,11,,94340602.41685706,0.2620572289357141,True
2.0.0,C0146,plain,C,lhs,3921baad1798760a494c913428d2f3d4da8fc15e,2026-10-10T04:12:30+00:00,150.0,10.5,0.4064,0.0191,0.0,0.8128,A,j2,SR5 and beyond excluded,21.277486910994764,0.006666666666666667,0.0004368081024982484,0.023239711743444753,91729701.52463216,4880339466.123398,0.0013546666666666666,25.836614173228348,,,False,0.0015805503470732152,SR2,10.962718566037745,9.337118566037745,1.6256,710005.1706847858,10.962718566037745,1.6256,0.0015796573045786968,0.0009660678494049906,0.0015805503470732152,0.0014100642776683323,0.0013862121305628261,0.0014589989501189778,0.001694653699472607,0.0008008037165693058,0.0002709688115001672,6.577750377202617e-05,5.358677109777233e-05,2.7120397024942912e-05,3.522348659650579e-05,0.0,10.5,21.0,31.5,42.0,52.5,63.0,-10.5,-21.0,-31.5,-42.0,-52.5,ok,,3,3,True,18.46,8,11,,0.0,0.0,True
2.0.0,C0147,plain,C,lhs,3921baad1798760a494c913428d2f3d4da8fc15e,2026-10-10T04:12:48+00:00,150.0,12.0,0.508,0.021,250.0,1.016,A,j2,SR5 and beyond excluded,24.19047619047619,0.006666666666666667,0.0009542734829624907,0.032129068068262816,200397431.42212304,6747104294.335192,0.0016933333333333334,23.62204724409449,,,False,0.0029124138074340476,SR2,11.937285039370082,11.937285039370082,0.0,1594468.9658334034,11.937285039370082,0.0,0.0029124138074340476,0.0014965177133129562,0.0029124138074340476,0.0023450897270595587,0.0024914644792594512,0.002302323886406882,0.0034218678600680978,0.0012213962593352605,0.0006840280950547346,0.0004477677762028076,0.0004247801780905207,0.0003917699353850476,0.00040109420939122133,0.0,12.0,24.0,36.0,48.0,60.0,72.0,-12.0,-24.0,-36.0,-48.0,-60.0,ok,,3,3,True,5.73,10,11,,76306679.50875796,0.2119629986354388,True
2.0.0,C0148,plain,C,lhs,3921baad1798760a494c913428d2f3d4da8fc15e,2026-10-10T04:12:54+00:00,120.0,12.0,0.508,0.021,80.0,1.016,A,j2,SR5 and beyond excluded,24.19047619047619,0.008333333333333333,0.0009542734829624907,0.032129068068262816,200397431.42212304,6747104294.335192,0.002116666666666667,23.62204724409449,,,False,0.0030359427613704934,SR2,11.975236220472446,11.975236220472446,0.0,1807935.120258192,11.975236220472446,0.0,0.0030359427613704934,0.0015648379945024844,0.0030359427613704934,0.0023425845190922405,0.0025067656144330606,0.002329252304344632,0.003656456591431167,0.0012131553965631543,0.0005544023527258937,0.00023215062140913918,0.00019814250392395319,0.00014810450322168722,0.00015541218570024558,0.0,12.0,24.0,36.0,48.0,60.0,72.0,-12.0,-24.0,-36.0,-48.0,-60.0,ok,,3,3,True,14.11,9,11,,24418137.44280255,0.06782815956334041,True
2.0.0,C0149,plain,C,lhs,3921baad1798760a494c913428d2f3d4da8fc15e,2026-10-10T04:13:08+00:00,70.0,12.0,0.2191,0.0127,0.0,0.4382,A,j2,SR5 and beyond excluded,17.251968503937007,0.014285714285714285,4.4018358973964884e-05,0.008234993991001853,9243855.384532625,1729348738.1103892,0.001565,54.76951163852122,,,False,0.001899441546920522,SR2,12.237971632653064,11.361571632653064,0.8764,156399.2514756211,12.237971632653064,0.8764,0.0018960177873276027,0.0011819716831488552,0.001899441546920522,0.0016063160747264425,0.0016924871583793048,0.0016352079213413423,0.00209126819145482,0.000983510716308786,0.00025682744415858166,0.00011733578269235746,8.143303620875586e-05,8.583309337788705e-05,8.275332196833527e-05,0.0,12.0,24.0,36.0,48.0,60.0,72.0,-12.0,-24.0,-36.0,-48.0,-60.0,ok,,3,3,True,22.15,10,11,,0.0,0.0,True
2.0.0,C0150,plain,C,lhs,3921baad1798760a494c913428d2f3d4da8fc15e,2026-10-10T04:13:30+00:00,250.0,12.0,0.6096,0.021,40.0,1.2192,A,j2,SR5 and beyond excluded,29.02857142857143,0.004,0.001683807425674905,0.03883197015396204,353599559.39173007,8154713732.332028,0.0012192000000000001,19.68503937007874,,,False,0.0014901860663799915,SR2,12.51722093858268,10.07882093858268,2.4384,1667245.7309128162,12.51722093858268,2.4384,0.0014896493141086963,0.000979849705436773,0.0014901860663799915,0.0013075500350251822,0.001339733256352383,0.0013485327855590184,0.0016225968744756909,0.0007860499788292761,0.00028221113633124944,0.00010516194890600514,9.607895087071983e-05,7.159291691703576e-05,7.855355948357124e-05,0.0,12.0,24.0,36.0,48.0,60.0,72.0,-12.0,-24.0,-36.0,-48.0,-60.0,ok,,3,3,True,11.71,10,11,,10101624.986956192,0.028060069408211645,True
2.0.0,C0151,plain,C,lhs,3921baad1798760a494c913428d2f3d4da8fc15e,2026-10-10T04:13:42+00:00,70.0,6.0,0.6096,0.0159,80.0,1.2192,A,j2,SR5 and beyond excluded,38.339622641509436,0.014285714285714285,0.001307583812191287,0.02965610057913657,274592600.5601703,6227781121.61868,0.004354285714285714,9.84251968503937,,,False,0.006671554238140259,SR2,6.770479999999999,6.770479999999999,0.0,2357431.7172802356,6.770479999999999,0.0,0.006671554238140259,0.0022954391001343256,0.006671554238140259,0.0064037326142828655,0.005332286154057271,0.005118551935234234,0.00845064648666734,0.0020492122923686283,0.0012334227314714683,0.0004759901382110626,0.0005940092597920733,0.0002868481452069263,0.00018785835441268052,0.0,6.0,12.0,18.0,24.0,30.0,36.0,-6.0,-12.0,-18.0,-24.0,-30.0,ok,,3,3,True,5.9,8,11,,26454320.854034595,0.07348422459454054,True
2.0.0,C0152,plain,C,lhs,3921baad1798760a494c913428d2f3d4da8fc15e,2026-10-10T04:13:48+00:00,200.0,9.0,0.2731,0.0191,250.0,0.5462,A,j2,SR5 and beyond excluded,14.29842931937173,0.005,0.00012360704744662624,0.015241122599625529,25957479.963791512,3200635745.921361,0.00068275,32.95496155254485,,,False,0.0018732334989851258,SR2,9.212403420588238,9.212403420588238,0.0,204681.66875702637,9.212403420588238,0.0,0.0018732334989851258,0.001267398140796498,0.0018732334989851258,0.001748058130826071,0.0017793696462933754,0.0017297600985090125,0.0019939808720422685,0.0010309153680739664,0.0008536718106132311,0.0008003970675818736,0.0007974353761425763,0.0007953077544068923,0.0007956140816920565,0.0,9.0,18.0,27.0,36.0,45.0,54.0,-9.0,-18.0,-27.0,-36.0,-45.0,ok,,3,3,True,2.68,10,11,,160858393.72883445,0.4468288714689846,True
2.0.0,C0153,plain,C,lhs,3921baad1798760a494c913428d2f3d4da8fc15e,2026-10-10T04:13:51+00:00,200.0,12.0,0.2191,0.0191,0.0,0.4382,A,j2,SR5 and beyond excluded,11.471204188481675,0.005,6.0551674992184064e-05,0.012000883936713006,12715851.748358654,2520185626.709731,0.00054775,54.76951163852122,,,False,0.0007028665907166309,SR2,12.456279500000017,12.018079500000017,0.4382,80333.53274863164,12.456279500000017,0.4382,0.000701285583204906,0.0003999995235302277,0.0007028665907166309,0.0006126142780996201,0.0006466890139877,0.0005871250848423255,0.0007873282198588673,0.00026816392400721463,8.285364971902094e-05,0.00010064421362012816,7.90640386181386e-05,8.356664618139471e-05,8.039856456644372e-05,0.0,12.0,24.0,36.0,48.0,60.0,72.0,-12.0,-24.0,-36.0,-48.0,-60.0,ok,,3,3,True,21.11,11,11,,0.0,0.0,True
2.0.0,C0154,plain,C,lhs,3921baad1798760a494c913428d2f3d4da8fc15e,2026-10-10T04:14:12+00:00,105.0,14.0,0.6096,0.0127,200.0,1.2192,A,j2,SR5 and beyond excluded,48.00000000000001,0.009523809523809525,0.0010611209796460759,0.023815251517582365,222835405.72567594,5001202818.692297,0.002902857142857143,22.96587926509186,,,False,0.0069767394215583525,SR2,14.459137032258077,14.459137032258077,0.0,1860473.4138492674,14.459137032258077,0.0,0.0069767394215583525,0.00202650809239793,0.0069767394215583525,0.005600765023804426,0.005786443389928369,0.0053918695619886185,0.008357784521257745,0.00141100549113983,0.0010420041366512353,0.0005081356817765906,0.0005005074582584924,0.00044830873085844464,0.00042827057333308805,0.0,14.0,28.0,42.0,56.0,70.0,84.0,-14.0,-28.0,-42.0,-56.0,-70.0,ok,,3,3,True,12.02,9,11,,82356048.12117924,0.22876680033660898,True
2.0.0,C0155,plain,C,lhs,3921baad1798760a494c913428d2f3d4da8fc15e,2026-10-10T04:14:24+00:00,150.0,6.0,0.2731,0.0159,40.0,0.5462,A,j2,SR5 and beyond excluded,17.17610062893082,0.006666666666666667,0.00010664155429545872,0.012847480325002391,22394726.40204633,2697970868.250502,0.0009103333333333334,21.969974368363236,,,False,0.0012293984481498415,SR2,6.028094000000003,6.028094000000003,0.0,176927.8233490964,6.028094000000003,0.0,0.0012293984481498415,0.0008083358129399075,0.0012293984481498415,0.0010673032824933088,0.001129265201542814,0.0010994231679036994,0.0013180104230422578,0.0007009936390080839,0.0003239935093832543,0.00019480472213056818,0.0001756449333316545,0.00015587006963040708,0.000159604355211019,0.0,6.0,12.0,18.0,24.0,30.0,36.0,-6.0,-12.0,-18.0,-24.0,-30.0,ok,,3,3,True,1.86,10,11,,30532523.893935367,0.0848125663720427,True
2.0.0,C0156,plain,C,lhs,3921baad1798760a494c913428d2f3d4da8fc15e,2026-10-10T04:14:26+00:00,70.0,6.0,0.3239,0.008,200.0,0.6478,A,j2,SR5 and beyond excluded,40.487500000000004,0.014285714285714285,9.91008060013135e-05,0.007939432954152137,20811169.260275833,1667280920.3719487,0.0023135714285714287,18.524235875270143,,,False,0.007887237337235517,SR2,6.0302287301587345,6.0302287301587345,0.0,212760.93134387746,6.0302287301587345,0.0,0.007887237337235517,0.0028432028548127453,0.007887237337235517,0.006492310471542331,0.007082066591190521,0.006462193621053261,0.009054254652261572,0.0021269892211402868,0.0015895055556398102,0.0012289920658227567,0.0012572971680245794,0.0012091376535009997,0.0011835223194088746,0.0,6.0,12.0,18.0,24.0,30.0,36.0,-6.0,-12.0,-18.0,-24.0,-30.0,ok,,3,3,True,7.23,9,11,,247036534.13614008,0.6862125948226113,True
2.0.0,C0157,plain,C,lhs,3921baad1798760a494c913428d2f3d4da8fc15e,2026-10-10T04:14:33+00:00,150.0,12.0,0.1683,0.011,160.0,0.3366,A,j2,SR5 and beyond excluded,15.3,0.006666666666666667,1.6894967315812057e-05,0.0054358977685064185,3547943.136320532,1141538531.3863478,0.000561,71.301247771836,,,False,0.005499664778967608,SR2,12.111081888000005,11.774481888000004,0.3366,48222.743252027416,47.96495427200001,0.3366,0.0054493319801004825,0.0028524634429754024,0.005499664778967608,0.005479568241133581,0.005406307425982679,0.0051691941773424135,0.005573703658879331,0.0013925631490867532,0.0014008848375922896,0.0014317839861373353,0.001427291479053042,0.0014278069874120384,0.0014275855384050593,0.0,12.0,24.0,36.0,48.0,60.0,72.0,-12.0,-24.0,-36.0,-48.0,-60.0,ok,,3,3,True,5.91,11,11,,288648548.3760524,0.8018015232668122,True
2.0.0,C0158,plain,C,lhs,3921baad1798760a494c913428d2f3d4da8fc15e,2026-10-10T04:14:39+00:00,200.0,14.0,0.3239,0.0127,120.0,0.6478,A,j2,SR5 and beyond excluded,25.50393700787402,0.005,0.00015055842404539306,0.012416328149223721,31617269.04953254,2607428911.3369813,0.00080975,43.223217042297,,,False,0.001810297240498168,SR2,14.08578590522876,14.08578590522876,0.0,261547.9254147305,14.08578590522876,0.0,0.001810297240498168,0.0011123323637992192,0.001810297240498168,0.0016688512321489275,0.0017004265083023235,0.0016436135274591414,0.001960403807137957,0.000774401486077294,0.0005452955953863131,0.0005373044430179726,0.0005127995741056053,0.0005170657091407427,0.0005155561817259681,0.0,14.0,28.0,42.0,56.0,70.0,84.0,-14.0,-28.0,-42.0,-56.0,-70.0,ok,,3,3,True,4.29,11,11,,94778261.80629532,0.26327294946193147,True
2.0.0,C0159,plain,C,lhs,3921baad1798760a494c913428d2f3d4da8fc15e,2026-10-10T04:14:43+00:00,85.0,9.0,0.3239,0.0191,40.0,0.6478,A,j2,SR5 and beyond excluded,16.958115183246075,0.011764705882352941,0.0002132260104680226,0.018289347119550634,44777462.198284745,3840762895.1056333,0.0019052941176470588,27.786353812905215,,,False,0.0025534153537507,SR2,9.406376381668945,8.758576381668945,0.6478,599427.1234266411,9.406376381668945,0.6478,0.0025387104384464445,0.001445490296809997,0.0025534153537507,0.0020923256177828604,0.0022255085142007503,0.0020604680898820525,0.002970579291982956,0.0011524636961984668,0.0004986274789597098,0.00020523072356608897,0.00016791640835437383,0.00012761388146361578,0.00013551577191664297,0.0,9.0,18.0,27.0,36.0,45.0,54.0,-9.0,-18.0,-27.0,-36.0,-45.0,ok,,3,3,True,8.81,9,11,,21447785.830511257,0.05957718286253127,True
2.0.0,C0160,plain,C,lhs,3921baad1798760a494c913428d2f3d4da8fc15e,2026-10-10T04:14:52+00:00,200.0,6.0,0.508,0.021,250.0,1.016,A,j2,SR5 and beyond excluded,24.19047619047619,0.005,0.0009542734829624907,0.032129068068262816,200397431.42212304,6747104294.335192,0.00127,11.811023622047244,,,False,0.0017156145800878238,SR2,6.391099565217392,4.359099565217392,2.032,1064511.7779529397,6.391099565217392,2.032,0.0017034530786001546,0.0012782495921374788,0.0017156145800878238,0.0016598030894870947,0.00170292354308533,0.0017048118644717566,0.002020111362287535,0.0010859954638988356,0.0006943129467058004,0.0004443588591800254,0.00048229910525205945,0.00040869137747556484,0.00037873385504746135,0.0,6.0,12.0,18.0,24.0,30.0,36.0,-6.0,-12.0,-18.0,-24.0,-30.0,ok,,3,3,True,2.04,8,11,,76306679.50875796,0.2119629986354388,True
2.0.0,C0161,plain,C,lhs,3921baad1798760a494c913428d2f3d4da8fc15e,2026-10-10T04:14:54+00:00,250.0,10.5,0.6096,0.0318,200.0,1.2192,A,j2,SR5 and beyond excluded,19.169811320754718,0.004,0.0024162012662601526,0.05772374908076498,507402265.914632,12121987306.960646,0.0012192000000000001,17.224409448818896,,,False,0.00162191246584435,SR2,10.929001600000005,8.490601600000005,2.4384,2419615.9378271853,10.929001600000005,2.4384,0.0016216393082440403,0.00107965874140542,0.00162191246584435,0.0014131327314181675,0.0014662643660331735,0.0014542855640331087,0.0017498551940561056,0.000887841950015811,0.0004058918717311404,0.00022828601242765598,0.0002054176206506781,0.000178104618101627,0.0001859013501492385,0.0,10.5,21.0,31.5,42.0,52.5,63.0,-10.5,-21.0,-31.5,-42.0,-52.5,ok,,3,3,True,3.49,10,11,,33977869.26929812,0.09438297019249478,True
2.0.0,C0162,plain,C,lhs,3921baad1798760a494c913428d2f3d4da8fc15e,2026-10-10T04:14:57+00:00,70.0,14.0,0.508,0.0159,250.0,1.016,A,j2,SR5 and beyond excluded,31.949685534591193,0.014285714285714285,0.0007448524635677762,0.024581046142821444,156419017.349233,5162019689.992503,0.0036285714285714285,27.559055118110237,,,False,0.01332041645807936,SR2,13.925870967741943,13.925870967741943,0.0,1699694.3432798218,13.925870967741943,0.0,0.01332041645807936,0.0033462866461574127,0.01332041645807936,0.011463802404223507,0.012003223141721163,0.01143628334179352,0.017110567441620556,0.0015641005913071306,0.0012044117705188686,0.000595327506055142,0.0005868616834292152,0.0005415004423984047,0.0005199016769733058,0.0,14.0,28.0,42.0,56.0,70.0,84.0,-14.0,-28.0,-42.0,-56.0,-70.0,ok,,4,4,True,24.19,9,11,,99737923.5104676,0.27704978752907666,True
2.0.0,C0163,plain,C,lhs,3921baad1798760a494c913428d2f3d4da8fc15e,2026-10-10T04:15:21+00:00,200.0,14.0,0.508,0.0254,80.0,1.016,A,j2,SR5 and beyond excluded,20.0,0.005,0.0011242345390208087,0.03850976841140984,236089253.19436982,8087051366.396067,0.00127,27.559055118110237,,,False,0.0016557089188999142,SR2,14.34370662337662,13.32770662337662,1.016,1439739.29604516,14.34370662337662,1.016,0.0016527668980797971,0.0010425323072021455,0.0016557089188999142,0.001420880658629236,0.0015040526066525564,0.0014219006052858835,0.0018198384192125783,0.0008521894661736279,0.00032660481329997753,0.0001668335277171728,0.00015547543735882616,0.00014400858444137195,0.00014683261289782983,0.0,14.0,28.0,42.0,56.0,70.0,84.0,-14.0,-28.0,-42.0,-56.0,-70.0,ok,,3,3,True,11.1,10,11,,20372285.58787062,0.0565896821885295,True
2.0.0,C0164,plain,C,lhs,3921baad1798760a494c913428d2f3d4da8fc15e,2026-10-10T04:15:33+00:00,120.0,7.5,0.3239,0.0191,200.0,0.6478,A,j2,SR5 and beyond excluded,16.958115183246075,0.008333333333333333,0.0002132260104680226,0.018289347119550634,44777462.198284745,3840762895.1056333,0.0013495833333333335,23.15529484408768,,,False,0.002396592651118001,SR2,7.578246201923076,7.578246201923076,0.0,465788.24074309116,7.578246201923076,0.0,0.002396592651118001,0.0013983569943601258,0.002396592651118001,0.0020778075874807924,0.002154657097881493,0.0020551254642030923,0.0027172712598761556,0.0012038586634729334,0.0007633523047345127,0.000566478845193813,0.0005505708430889484,0.0005282526391822966,0.0005295205684773106,0.0,7.5,15.0,22.5,30.0,37.5,45.0,-7.5,-15.0,-22.5,-30.0,-37.5,ok,,3,3,True,2.65,9,11,,107238929.1525563,0.2978859143126564,True
2.0.0,C0165,plain,C,lhs,3921baad1798760a494c913428d2f3d4da8fc15e,2026-10-10T04:15:35+00:00,150.0,10.5,0.508,0.0254,80.0,1.016,A,j2,SR5 and beyond excluded,20.0,0.006666666666666667,0.0011242345390208087,0.03850976841140984,236089253.19436982,8087051366.396067,0.0016933333333333334,20.669291338582678,,,False,0.002149491145954758,SR2,11.148303738317754,11.148303738317754,0.0,1808803.485630247,11.148303738317754,0.0,0.002149491145954758,0.0013291801765708754,0.002149491145954758,0.0018229281967041971,0.0019148799024008868,0.0018714013488839393,0.002397819380523876,0.0010755283912776293,0.0004457737485370174,0.0001909140671399997,0.00016145804512040132,0.00012144491950701338,0.00012518515800879131,0.0,10.5,21.0,31.5,42.0,52.5,63.0,-10.5,-21.0,-31.5,-42.0,-52.5,ok,,3,3,True,8.44,8,11,,20372285.58787062,0.0565896821885295,True
2.0.0,C0166,plain,C,lhs,3921baad1798760a494c913428d2f3d4da8fc15e,2026-10-10T04:15:44+00:00,200.0,12.0,0.1683,0.0159,120.0,0.3366,A,j2,SR5 and beyond excluded,10.584905660377359,0.005,2.234156640690647e-05,0.007612581654472642,4691728.945450358,1598642147.4392548,0.00042075,71.301247771836,,,False,0.0019568194053386644,SR2,12.42168261600001,11.748482616000011,0.6732,63492.61026283879,12.42168261600001,0.6732,0.0019345364345355904,0.0013434652552116225,0.0019568194053386644,0.0018825279557424838,0.0018877126473613001,0.00187382028486063,0.0020322770270244862,0.0007764592528742337,0.0007735489142397395,0.000809180409202594,0.0008034628724537753,0.0008042261307863946,0.0008039204516709609,0.0,12.0,24.0,36.0,48.0,60.0,72.0,-12.0,-24.0,-36.0,-48.0,-60.0,ok,,3,3,True,3.68,11,11,,154585928.06142086,0.42940535572616906,True
2.0.0,C0167,plain,C,lhs,3921baad1798760a494c913428d2f3d4da8fc15e,2026-10-10T04:15:47+00:00,150.0,7.5,0.4064,0.0191,160.0,0.8128,A,j2,SR5 and beyond excluded,21.277486910994764,0.006666666666666667,0.0004368081024982484,0.023239711743444753,91729701.52463216,4880339466.123398,0.0013546666666666666,18.45472440944882,,,False,0.0020141847675256355,SR2,7.759613939393946,7.759613939393946,0.0,735088.3363190765,7.759613939393946,0.0,0.0020141847675256355,0.0013016819986765038,0.0020141847675256355,0.0017123493646891167,0.001795166402054866,0.0017103653662155912,0.002169371185843657,0.0010766101553634968,0.0005598710895357902,0.00037537082432961664,0.0003675229484796218,0.00033962231367405487,0.0003347138642288651,0.0,7.5,15.0,22.5,30.0,37.5,45.0,-7.5,-15.0,-22.5,-30.0,-37.5,ok,,3,3,True,2.61,9,11,,67516500.08923142,0.1875458335811984,True
2.0.0,C0168,plain,C,lhs,3921baad1798760a494c913428d2f3d4da8fc15e,2026-10-10T04:15:50+00:00,60.0,12.0,0.2731,0.0159,40.0,0.5462,A,j2,SR5 and beyond excluded,17.17610062893082,0.016666666666666666,0.00010664155429545872,0.012847480325002391,22394726.40204633,2697970868.250502,0.0022758333333333333,43.93994873672647,,,False,0.00474336474114003,SR2,12.13825547619048,12.13825547619048,0.0,418627.2482104054,12.13825547619048,0.0,0.00474336474114003,0.0015127985080735764,0.00474336474114003,0.003733493595086006,0.0038158000069398266,0.0036322086661626073,0.005623357582508435,0.0011262739074027034,0.0005906807272622689,0.00025120410846555695,0.00024001714915920552,0.0002076722815593845,0.00021587729168362247,0.0,12.0,24.0,36.0,48.0,60.0,72.0,-12.0,-24.0,-36.0,-48.0,-60.0,ok,,3,3,True,16.29,10,11,,30532523.893935367,0.0848125663720427,True
2.0.0,C0169,plain,C,lhs,3921baad1798760a494c913428d2f3d4da8fc15e,2026-10-10T04:16:06+00:00,105.0,9.0,0.4064,0.0254,80.0,0.8128,A,j2,SR5 and beyond excluded,16.0,0.009523809523809525,0.000554108038278648,0.030402448745849874,116362688.03851609,6384514236.628473,0.0019352380952380951,22.145669291338585,,,False,0.0026215049587394235,SR2,9.411163056478397,9.411163056478397,0.0,1255076.4101431835,9.411163056478397,0.0,0.0026215049587394235,0.0013880191536459387,0.0026215049587394235,0.002108533261535627,0.0022485255864700244,0.002136835533091843,0.0029925318066812675,0.0011718249094670662,0.0004820727095355876,0.00020851983058083322,0.00019096822065570174,0.00015195781766620095,0.00014518414772310046,0.0,9.0,18.0,27.0,36.0,45.0,54.0,-9.0,-18.0,-27.0,-36.0,-45.0,ok,,3,3,True,7.39,9,11,,25804895.077969454,0.07168026410547071,True
2.0.0,C0170,plain,C,lhs,3921baad1798760a494c913428d2f3d4da8fc15e,2026-10-10T04:16:14+00:00,120.0,9.0,0.2731,0.0127,40.0,0.5462,A,j2,SR5 and beyond excluded,21.50393700787402,0.008333333333333333,8.827106008271012e-05,0.01038949823283374,18536922.617369127,2181794628.8950853,0.0011379166666666666,32.95496155254485,,,False,0.001628870685719449,SR2,9.258164132352945,9.258164132352945,0.0,195778.31997652925,9.258164132352945,0.0,0.001628870685719449,0.0009843231495850668,0.001628870685719449,0.0014256524384017625,0.0014911399560818533,0.0013940920100911258,0.0017649382915344485,0.000832408748905831,0.00037954090995584395,0.00023173248522294677,0.00022318466078815908,0.00021032520914946495,0.0002136100741121441,0.0,9.0,18.0,27.0,36.0,45.0,54.0,-9.0,-18.0,-27.0,-36.0,-45.0,ok,,3,3,True,4.43,10,11,,37756010.079517506,0.10487780577643752,True
2.0.0,C0171,plain,C,lhs,3921baad1798760a494c913428d2f3d4da8fc15e,2026-10-10T04:16:18+00:00,250.0,7.5,0.508,0.011,40.0,1.016,A,j2,SR5 and beyond excluded,46.18181818181819,0.004,0.0005305599074371447,0.01717508703717542,111417580.56180039,3606768277.8068385,0.001016,14.763779527559056,,,False,0.0012020715391825765,SR2,7.972568181818183,5.940568181818183,2.032,478891.95644373016,7.972568181818183,2.032,0.0011919241519355275,0.0008582258302505411,0.0012020715391825765,0.0011323150573857108,0.0011531213051037968,0.0012093698685804602,0.0013853123072825836,0.000702028966554637,0.0003777441337259759,0.00017244145243521983,0.00017213628593240179,0.00013570323999886915,0.00011465592731647681,0.0,7.5,15.0,22.5,30.0,37.5,45.0,-7.5,-15.0,-22.5,-30.0,-37.5,ok,,3,3,True,2.37,7,11,,22839243.792531677,0.06344234386814354,True
2.0.0,C0172,plain,C,lhs,3921baad1798760a494c913428d2f3d4da8fc15e,2026-10-10T04:16:20+00:00,105.0,9.0,0.508,0.0159,250.0,1.016,A,j2,SR5 and beyond excluded,31.949685534591193,0.009523809523809525,0.0007448524635677762,0.024581046142821444,156419017.349233,5162019689.992503,0.0024190476190476193,17.716535433070867,,,False,0.0047115110938516485,SR2,9.59238029556651,9.59238029556651,0.0,1392982.810807863,9.59238029556651,0.0,0.0047115110938516485,0.0019089440134400408,0.0047115110938516485,0.0037774684173251527,0.004039243288151129,0.003681636517313029,0.005472555437640964,0.0015794865401809863,0.0010149713608085288,0.0005636517277877865,0.0005733657134444467,0.000521178310738296,0.0004864464093296761,0.0,9.0,18.0,27.0,36.0,45.0,54.0,-9.0,-18.0,-27.0,-36.0,-45.0,ok,,3,3,True,6.01,9,11,,99737923.5104676,0.27704978752907666,True
2.0.0,C0173,plain,C,lhs,3921baad1798760a494c913428d2f3d4da8fc15e,2026-10-10T04:16:26+00:00,200.0,12.0,0.6096,0.0191,250.0,1.2192,A,j2,SR5 and beyond excluded,31.91623036649215,0.005,0.0015459914684718167,0.03543260982314515,324658208.3790815,7440848062.860482,0.0015240000000000002,19.68503937007874,,,False,0.0023106335900024825,SR2,12.08289225,12.08289225,0.0,1948987.3472258002,12.08289225,0.0,0.0023106335900024825,0.0013943399100816772,0.0023106335900024825,0.0019746289346476422,0.0020819427222406837,0.001943224150723295,0.0026575426949454113,0.0011741863333103774,0.0006325868597216603,0.0004118434186577646,0.0003838402501462953,0.0003515456579422485,0.00036069447996965647,0.0,12.0,24.0,36.0,48.0,60.0,72.0,-12.0,-24.0,-36.0,-48.0,-60.0,ok,,3,3,True,4.5,10,11,,69192264.19496016,0.19220073387488934,True
2.0.0,C0174,plain,C,lhs,3921baad1798760a494c913428d2f3d4da8fc15e,2026-10-10T04:16:31+00:00,250.0,9.0,0.2191,0.0159,40.0,0.4382,A,j2,SR5 and beyond excluded,13.779874213836477,0.004,5.2708310050139945e-05,0.010150108872630187,11068745.11052939,2131522863.2523391,0.00043819999999999997,41.07713372889092,,,False,0.0007926220834889306,SR2,9.35053936235294,8.47413936235294,0.8764,60914.22389137655,9.35053936235294,0.8764,0.0007925411185551527,0.0004891449552597107,0.0007926220834889306,0.0007219878375819011,0.0007451041656018317,0.0007067444486139843,0.0008558045175378797,0.0003804255372706633,0.00023679165893605966,0.0002361729204663388,0.00022100215674612404,0.00022373236091051616,0.00022225228003824662,0.0,9.0,18.0,27.0,36.0,45.0,54.0,-9.0,-18.0,-27.0,-36.0,-45.0,ok,,3,3,True,2.67,11,11,,38646482.01535522,0.10735133893154228,True
2.0.0,C0175,plain,C,lhs,3921baad1798760a494c913428d2f3d4da8fc15e,2026-10-10T04:16:34+00:00,200.0,6.0,0.2731,0.008,120.0,0.5462,A,j2,SR5 and beyond excluded,34.1375,0.005,5.858337318569159e-05,0.006662689699733241,12302508.368995234,1399164836.9439807,0.00068275,21.969974368363236,,,False,0.001754270848678121,SR2,6.0120871666666655,6.0120871666666655,0.0,81813.72250399474,6.0120871666666655,0.0,0.001754270848678121,0.00128675041088439,0.001754270848678121,0.0016355400286446795,0.0016756553444853114,0.0016211887379632825,0.001850791963250924,0.001199995535985647,0.0009605985585918685,0.0008680772537650332,0.0008598577516340483,0.0008507158466043084,0.0008525355573250398,0.0,6.0,12.0,18.0,24.0,30.0,36.0,-6.0,-12.0,-18.0,-24.0,-30.0,ok,,3,3,True,1.87,10,11,,176625064.80635235,0.49062518001764543,True
2.0.0,C0176,plain,C,lhs,3921baad1798760a494c913428d2f3d4da8fc15e,2026-10-10T04:16:36+00:00,250.0,6.0,0.2731,0.0127,120.0,0.5462,A,j2,SR5 and beyond excluded,21.50393700787402,0.004,8.827106008271012e-05,0.01038949823283374,18536922.617369127,2181794628.8950853,0.0005462,21.969974368363236,,,False,0.001233804248696838,SR2,6.229128972727275,5.682928972727275,0.5462,93944.27173716632,6.229128972727275,0.5462,0.0012257812503671441,0.0009204457840028685,0.001233804248696838,0.001143114007407973,0.0011760111732562817,0.0011309532072950154,0.0012960545878195019,0.0008430351546622966,0.0006332774680139072,0.0005617472211661643,0.0005561068891011881,0.0005498460839479041,0.0005511124898687684,0.0,6.0,12.0,18.0,24.0,30.0,36.0,-6.0,-12.0,-18.0,-24.0,-30.0,ok,,3,3,True,1.79,10,11,,113268030.23855251,0.31463341732931255,True
2.0.0,C0177,plain,C,lhs,3921baad1798760a494c913428d2f3d4da8fc15e,2026-10-10T04:16:37+00:00,105.0,10.5,0.4064,0.0254,0.0,0.8128,A,j2,SR5 and beyond excluded,16.0,0.009523809523809525,0.000554108038278648,0.030402448745849874,116362688.03851609,6384514236.628473,0.0019352380952380951,25.836614173228348,,,False,0.0022317246909424157,SR2,11.01866867924528,11.01866867924528,0.0,1190994.7990342875,11.01866867924528,0.0,0.0022317246909424157,0.001350229965463223,0.0022317246909424157,0.002004680001256843,0.0019875393060984747,0.002109432294326737,0.0024897350702399908,0.0010786489719617086,0.0004616125718615881,0.00013299185478117363,9.496335980318896e-05,3.2136394041507064e-05,3.648517099537183e-05,0.0,10.5,21.0,31.5,42.0,52.5,63.0,-10.5,-21.0,-31.5,-42.0,-52.5,ok,,3,3,True,20.26,7,11,,0.0,0.0,True
2.0.0,C0178,plain,C,lhs,3921baad1798760a494c913428d2f3d4da8fc15e,2026-10-10T04:16:58+00:00,105.0,7.5,0.4064,0.0127,40.0,0.8128,A,j2,SR5 and beyond excluded,32.0,0.009523809523809525,0.00030465726249162664,0.015707931852022416,63978025.123241596,3298665688.9247074,0.0019352380952380951,18.45472440944882,,,False,0.002290302291718078,SR2,7.798334199134196,7.798334199134196,0.0,632830.7005994609,7.798334199134196,0.0,0.002290302291718078,0.0013771140985648774,0.002290302291718078,0.0021134364857486616,0.0021891546761218725,0.0021770229299762343,0.0028980096320408225,0.0011575872374582903,0.0005948117979037703,0.00023065111121834309,0.00026711543308415,0.00018536074557112524,0.00013632477994297878,0.0,7.5,15.0,22.5,30.0,37.5,45.0,-7.5,-15.0,-22.5,-30.0,-37.5,ok,,3,3,True,3.79,8,11,,24972479.107712403,0.06936799752142334,True
2.0.0,C0179,plain,C,lhs,3921baad1798760a494c913428d2f3d4da8fc15e,2026-10-10T04:17:01+00:00,150.0,10.5,0.6096,0.0159,160.0,1.2192,A,j2,SR5 and beyond excluded,38.339622641509436,0.006666666666666667,0.001307583812191287,0.02965610057913657,274592600.5601703,6227781121.61868,0.002032,17.224409448818896,,,False,0.0032242285598839526,SR2,10.991749532710287,10.991749532710287,0.0,1973306.9739621994,10.991749532710287,0.0,0.0032242285598839526,0.001578523129983442,0.0032242285598839526,0.0024638825575411857,0.0026344501070189996,0.0024274886942946454,0.0036681234819584555,0.0012913856313535334,0.0006908883462045652,0.0003326202331551848,0.00033141717306723955,0.0002880301821042942,0.00026668837154676157,0.0,10.5,21.0,31.5,42.0,52.5,63.0,-10.5,-21.0,-31.5,-42.0,-52.5,ok,,3,3,True,5.58,9,11,,52908641.70806919,0.14696844918908109,True
2.0.0,C0180,plain,C,lhs,3921baad1798760a494c913428d2f3d4da8fc15e,2026-10-10T04:17:07+00:00,120.0,9.0,0.2731,0.0254,160.0,0.5462,A,j2,SR5 and beyond excluded,10.75196850393701,0.008333333333333333,0.0001531843684968715,0.01976558150747248,32168717.384343017,4150772116.569221,0.0011379166666666666,32.95496155254485,,,False,0.002004222548943912,SR2,9.258164132352945,9.258164132352945,0.0,369308.6186157414,9.258164132352945,0.0,0.002004222548943912,0.0011076642280381588,0.002004222548943912,0.0017768907213932168,0.001834203288986877,0.0017493508420987928,0.0021733103867101313,0.0009537087643073511,0.0005615137472535608,0.0004278440052741013,0.00042097926482607305,0.0004108435769170928,0.0004130871751781931,0.0,9.0,18.0,27.0,36.0,45.0,54.0,-9.0,-18.0,-27.0,-36.0,-45.0,ok,,3,3,True,2.88,10,11,,79383649.77558628,0.22051013826551744,True
2.0.0,C0181,plain,C,lhs,3921baad1798760a494c913428d2f3d4da8fc15e,2026-10-10T04:17:10+00:00,250.0,6.0,0.2731,0.0127,200.0,0.5462,A,j2,SR5 and beyond excluded,21.50393700787402,0.004,8.827106008271012e-05,0.01038949823283374,18536922.617369127,2181794628.8950853,0.0005462,21.969974368363236,,,False,0.0016318935521283258,SR2,5.953618445454547,4.861218445454547,1.0924,99158.95394145766,5.953618445454547,1.0924,0.0016185671022120865,0.0012576108128488272,0.0016318935521283258,0.001543441480855169,0.0015737681236974784,0.0015318898155846526,0.0016963791512688551,0.0011822273476805474,0.0009888707045642338,0.0009199614027671358,0.000915045752412901,0.0009092455296727172,0.0009102600087006428,0.0,6.0,12.0,18.0,24.0,30.0,36.0,-6.0,-12.0,-18.0,-24.0,-30.0,ok,,3,3,True,1.83,10,11,,188780050.3975875,0.5243890288821875,True
2.0.0,C0182,plain,C,lhs,3921baad1798760a494c913428d2f3d4da8fc15e,2026-10-10T04:17:12+00:00,150.0,14.0,0.508,0.0159,40.0,1.016,A,j2,SR5 and beyond excluded,31.949685534591193,0.006666666666666667,0.0007448524635677762,0.024581046142821444,156419017.349233,5162019689.992503,0.0016933333333333334,27.559055118110237,,,False,0.0022144939160459918,SR2,14.185181818181832,14.185181818181832,0.0,1227030.9976306898,14.185181818181832,0.0,0.0022144939160459918,0.0013223682558396656,0.0022144939160459918,0.0018284956443911443,0.0019457706758857754,0.0018133798049738245,0.002493595741655372,0.0010356273942927815,0.00039258773632357895,0.00015601497012668298,0.00014887790723813494,0.0001196151622841499,0.0001278820339107127,0.0,14.0,28.0,42.0,56.0,70.0,84.0,-14.0,-28.0,-42.0,-56.0,-70.0,ok,,3,3,True,17.41,10,11,,15958067.761674818,0.04432796600465227,True
2.0.0,C0183,plain,C,lhs,3921baad1798760a494c913428d2f3d4da8fc15e,2026-10-10T04:17:29+00:00,60.0,6.0,0.6096,0.011,40.0,1.2192,A,j2,SR5 and beyond excluded,55.41818181818182,0.016666666666666666,0.0009268497527332657,0.02068613098682734,194638448.0739858,4344087507.233741,0.00508,9.84251968503937,,,False,0.007763005599062578,SR2,6.287935319148932,6.287935319148932,0.0,1690255.460911916,6.287935319148932,0.0,0.007763005599062578,0.002498052598673776,0.007763005599062578,0.006858460267476311,0.0060244628279481445,0.005976212183140828,0.010059689145274345,0.0020244536717050595,0.0013445972951770494,0.0004956296694223969,0.0006447984977802764,0.0002751796759536467,0.00016422501372265067,0.0,6.0,12.0,18.0,24.0,30.0,36.0,-6.0,-12.0,-18.0,-24.0,-30.0,ok,,3,3,True,7.44,9,11,,18962753.36600111,0.05267431490555864,True
2.0.0,C0184,plain,C,lhs,3921baad1798760a494c913428d2f3d4da8fc15e,2026-10-10T04:17:37+00:00,120.0,7.5,0.2191,0.0159,80.0,0.4382,A,j2,SR5 and beyond excluded,13.779874213836477,0.008333333333333333,5.2708310050139945e-05,0.010150108872630187,11068745.11052939,2131522863.2523391,0.0009129166666666666,34.230944774075766,,,False,0.0016302417636962824,SR2,7.737511971153852,7.737511971153852,0.0,126510.1810186652,7.737511971153852,0.0,0.0016302417636962824,0.0009599477633444377,0.0016302417636962824,0.0014782407643016092,0.0015245203708424064,0.001453674697760637,0.0017384729476605126,0.0007958137880421066,0.0005067924579875466,0.00040786412080496073,0.0004004190269726591,0.0003931129686539074,0.0003946773127555472,0.0,7.5,15.0,22.5,30.0,37.5,45.0,-7.5,-15.0,-22.5,-30.0,-37.5,ok,,3,3,True,2.31,10,11,,77292964.03071044,0.21470267786308456,True
2.0.0,C0185,plain,C,lhs,3921baad1798760a494c913428d2f3d4da8fc15e,2026-10-10T04:17:39+00:00,70.0,7.5,0.4064,0.0127,250.0,0.8128,A,j2,SR5 and beyond excluded,32.0,0.014285714285714285,0.00030465726249162664,0.015707931852022416,63978025.123241596,3298665688.9247074,0.002902857142857143,18.45472440944882,,,False,0.00737155261502851,SR2,7.862867965367968,7.862867965367968,0.0,716824.2091009116,7.862867965367968,0.0,0.00737155261502851,0.0023312421594722755,0.00737155261502851,0.006079222546647682,0.006250121267563176,0.005779757462118098,0.009276361011823522,0.0016708677895278996,0.001305642027944122,0.0008259230585583902,0.0008790834610036397,0.0007995293954623727,0.0007571222756577477,0.0,7.5,15.0,22.5,30.0,37.5,45.0,-7.5,-15.0,-22.5,-30.0,-37.5,ok,,3,3,True,7.79,9,11,,156077994.42320254,0.433549984508896,True
2.0.0,C0186,plain,C,lhs,3921baad1798760a494c913428d2f3d4da8fc15e,2026-10-10T04:17:47+00:00,70.0,7.5,0.6096,0.0127,40.0,1.2192,A,j2,SR5 and beyond excluded,48.00000000000001,0.014285714285714285,0.0010611209796460759,0.023815251517582365,222835405.72567594,5001202818.692297,0.004354285714285714,12.303149606299211,,,False,0.006933253913395379,SR2,7.901176119402987,7.901176119402987,0.0,1918491.5435691453,7.901176119402987,0.0,0.006933253913395379,0.00224198556238709,0.006933253913395379,0.005233950497563045,0.005221476304573117,0.004899856110611689,0.008331338324447756,0.0013467424831801224,0.0011747564345320556,0.00041251530556301404,0.0005219860881317985,0.00024391677847292577,0.0001390584094606502,0.0,7.5,15.0,22.5,30.0,37.5,45.0,-7.5,-15.0,-22.5,-30.0,-37.5,ok,,3,3,True,11.02,9,11,,16471209.624235846,0.045753360067321794,True
2.0.0,C0187,plain,C,lhs,3921baad1798760a494c913428d2f3d4da8fc15e,2026-10-10T04:17:58+00:00,250.0,12.0,0.2731,0.008,200.0,0.5462,A,j2,SR5 and beyond excluded,34.1375,0.004,5.858337318569159e-05,0.006662689699733241,12302508.368995234,1399164836.9439807,0.0005462,43.93994873672647,,,False,0.0037928610404570325,SR2,11.912330457142861,11.912330457142861,0.0,85802.72456183044,11.912330457142861,0.0,0.0037928610404570325,0.002309883502630391,0.0037928610404570325,0.00364149796224495,0.00363918138073871,0.0035734065513153973,0.004003184476357301,0.0014694918449534532,0.0014364645274805982,0.0014529138696808396,0.0014435969655476203,0.0014445062497291405,0.001443819091189101,0.0,12.0,24.0,36.0,48.0,60.0,72.0,-12.0,-24.0,-36.0,-48.0,-60.0,ok,,3,3,True,4.94,10,11,,294375108.0105873,0.8177086333627425,True
2.0.0,C0188,plain,C,lhs,3921baad1798760a494c913428d2f3d4da8fc15e,2026-10-10T04:18:03+00:00,70.0,14.0,0.6096,0.0254,250.0,1.2192,A,j2,SR5 and beyond excluded,24.000000000000004,0.014285714285714285,0.00199250058602263,0.04661708807696972,418425123.06475234,9789588496.163641,0.004354285714285714,22.96587926509186,,,False,0.011735272704459563,SR2,13.783303225806435,13.783303225806435,0.0,3822127.628817106,13.783303225806435,0.0,0.011735272704459563,0.002673567662635305,0.011735272704459563,0.01007122533517916,0.010215671936420138,0.009588417100356156,0.014591537393283865,0.0016004251626578767,0.0012581614650841687,0.0004264235802306777,0.0004376362465042061,0.00034822561444126964,0.000276450875750859,0.0,14.0,28.0,42.0,56.0,70.0,84.0,-14.0,-28.0,-42.0,-56.0,-70.0,ok,,4,4,True,21.11,9,11,,52591498.120861754,0.14608749478017155,True
2.0.0,C0189,plain,C,lhs,3921baad1798760a494c913428d2f3d4da8fc15e,2026-10-10T04:18:24+00:00,70.0,9.0,0.2731,0.021,160.0,0.5462,A,j2,SR5 and beyond excluded,13.004761904761905,0.014285714285714285,0.0001330457027830812,0.016631905667369735,27939597.584447052,3492700190.1476445,0.0019507142857142859,32.95496155254485,,,False,0.004573432692368437,SR2,9.33987968907563,9.33987968907563,0.0,476774.2735164691,9.33987968907563,0.0,0.004573432692368437,0.0016457598446192297,0.004573432692368437,0.003877945701214306,0.003987407403648698,0.003799194372892037,0.005214021776650695,0.001199465455920076,0.0008090000454076885,0.0005281189950978457,0.0005033083054032106,0.0004815307686612765,0.00048549602785455474,0.0,9.0,18.0,27.0,36.0,45.0,54.0,-9.0,-18.0,-27.0,-36.0,-45.0,ok,,3,3,True,5.33,9,11,,94340602.41685706,0.2620572289357141,True
2.0.0,C0190,plain,C,lhs,3921baad1798760a494c913428d2f3d4da8fc15e,2026-10-10T04:18:29+00:00,120.0,12.0,0.2191,0.0127,0.0,0.4382,A,j2,SR5 and beyond excluded,17.251968503937007,0.008333333333333333,4.4018358973964884e-05,0.008234993991001853,9243855.384532625,1729348738.1103892,0.0009129166666666666,54.76951163852122,,,False,0.0011165101660763194,SR2,12.139763214285722,11.263363214285722,0.8764,93250.0453444205,12.139763214285722,0.8764,0.001115008522533366,0.0006837051503198451,0.0011165101660763194,0.0009660560432777019,0.0010200243140230181,0.000956136320192459,0.0012317886367935703,0.0005103314278832645,0.00012268825381802915,0.0001113324038107708,7.402167210235762e-05,8.247762531819423e-05,7.80571685778502e-05,0.0,12.0,24.0,36.0,48.0,60.0,72.0,-12.0,-24.0,-36.0,-48.0,-60.0,ok,,3,3,True,20.77,11,11,,0.0,0.0,True
2.0.0,C0191,plain,C,lhs,3921baad1798760a494c913428d2f3d4da8fc15e,2026-10-10T04:18:50+00:00,105.0,6.0,0.2731,0.0191,200.0,0.5462,A,j2,SR5 and beyond excluded,14.29842931937173,0.009523809523809525,0.00012360704744662624,0.015241122599625529,25957479.963791512,3200635745.921361,0.0013004761904761904,21.969974368363236,,,False,0.002481634268764615,SR2,6.0555342857142875,6.0555342857142875,0.0,305456.6756716961,6.0555342857142875,0.0,0.002481634268764615,0.0014584304152916172,0.002481634268764615,0.002130696352579465,0.0022160456207537963,0.002116725301676525,0.002750446032937273,0.0012684216108295177,0.0008587236258837585,0.0006555034705176799,0.0006487929378321758,0.0006283834707028138,0.0006241973811699053,0.0,6.0,12.0,18.0,24.0,30.0,36.0,-6.0,-12.0,-18.0,-24.0,-30.0,ok,,3,3,True,2.22,9,11,,128686714.98306754,0.3574630971751876,True
2.0.0,C0192,plain,C,lhs,3921baad1798760a494c913428d2f3d4da8fc15e,2026-10-10T04:18:52+00:00,250.0,12.0,0.1683,0.0159,120.0,0.3366,A,j2,SR5 and beyond excluded,10.584905660377359,0.004,2.234156640690647e-05,0.007612581654472642,4691728.945450358,1598642147.4392548,0.0003366,71.301247771836,,,False,0.0016924793680260898,SR2,12.069483052800003,11.732883052800002,0.3366,52554.38842210543,12.069483052800003,0.3366,0.0016887806633327641,0.0012332859457531383,0.0016924793680260898,0.0016459179307766797,0.0016501212163304193,0.001638852420538653,0.0017426206582406509,0.0007581962860024229,0.0007718395909105338,0.0008072526047183795,0.000802733337657572,0.0008033956454178043,0.000803097870873639,0.0,12.0,24.0,36.0,48.0,60.0,72.0,-12.0,-24.0,-36.0,-48.0,-60.0,ok,,3,3,True,3.49,11,11,,154585928.06142086,0.42940535572616906,True
2.0.0,C0193,plain,C,lhs,3921baad1798760a494c913428d2f3d4da8fc15e,2026-10-10T04:18:55+00:00,105.0,6.0,0.4064,0.011,160.0,0.8128,A,j2,SR5 and beyond excluded,36.945454545454545,0.009523809523809525,0.00026723821197587353,0.013664043087523456,56120024.514933445,2869449048.3799257,0.0019352380952380951,14.763779527559056,,,False,0.0034381635936458067,SR2,5.862143492063488,5.862143492063488,0.0,535941.9214395094,5.862143492063488,0.0,0.0034381635936458067,0.0017030592993869508,0.0034381635936458067,0.0027565148951627753,0.0030251354820625942,0.0027253838583282536,0.003837781256209513,0.001423511887847589,0.0009551802328577514,0.0006128071378774093,0.0006480637648112045,0.0005846437092144156,0.0005598879249921125,0.0,6.0,12.0,18.0,24.0,30.0,36.0,-6.0,-12.0,-18.0,-24.0,-30.0,ok,,3,3,True,3.78,9,11,,114831605.10762012,0.3189766808545003,True
2.0.0,C0194,plain,C,lhs,3921baad1798760a494c913428d2f3d4da8fc15e,2026-10-10T04:18:59+00:00,250.0,6.0,0.2191,0.0159,40.0,0.4382,A,j2,SR5 and beyond excluded,13.779874213836477,0.004,5.2708310050139945e-05,0.010150108872630187,11068745.11052939,2131522863.2523391,0.00043819999999999997,27.38475581926061,,,False,0.0007220185919066034,SR2,6.204696427272735,5.766496427272735,0.4382,53942.570293423356,6.204696427272735,0.4382,0.0007153516712205859,0.0005041193644188012,0.0007220185919066034,0.0006539984433618453,0.0006803575092183459,0.0006440660755145284,0.0007760563886002152,0.0004100770633313171,0.00024977286007313293,0.00020905853117578828,0.0002000425389256477,0.00019915768181755268,0.00019882617133971248,0.0,6.0,12.0,18.0,24.0,30.0,36.0,-6.0,-12.0,-18.0,-24.0,-30.0,ok,,3,3,True,1.75,10,11,,38646482.01535522,0.10735133893154228,True
2.0.0,C0195,plain,C,lhs,3921baad1798760a494c913428d2f3d4da8fc15e,2026-10-10T04:19:01+00:00,105.0,6.0,0.508,0.0159,40.0,1.016,A,j2,SR5 and beyond excluded,31.949685534591193,0.009523809523809525,0.0007448524635677762,0.024581046142821444,156419017.349233,5162019689.992503,0.0024190476190476193,11.811023622047244,,,False,0.002605088434513006,SR3,12.107284472049695,10.075284472049695,2.032,1347087.0227793597,12.107284472049695,2.032,0.002580937135402745,0.001726242907998262,0.002440825548156824,0.002605088434513006,0.0025910060818820605,0.0028211476699422982,0.003594717733966586,0.0014525056935036321,0.0008924916661342264,0.00030298772867028183,0.0004869592909728765,0.00022074087021186264,0.00012985451868806005,0.0,6.0,12.0,18.0,24.0,30.0,36.0,-6.0,-12.0,-18.0,-24.0,-30.0,ok,,3,3,True,5.1,8,11,,15958067.761674818,0.04432796600465227,True
2.0.0,C0196,plain,C,lhs,3921baad1798760a494c913428d2f3d4da8fc15e,2026-10-10T04:19:06+00:00,105.0,6.0,0.508,0.0254,250.0,1.016,A,j2,SR5 and beyond excluded,20.0,0.009523809523809525,0.0011242345390208087,0.03850976841140984,236089253.19436982,8087051366.396067,0.0024190476190476193,11.811023622047244,,,False,0.003319616968321113,SR2,6.029421118012426,6.029421118012426,0.0,2044881.3173214493,6.029421118012426,0.0,0.003319616968321113,0.0018952981117097746,0.003319616968321113,0.0029676769850015034,0.0031678568740579026,0.003040722897651982,0.004218103711229734,0.0019179203445371122,0.0009456386334271681,0.00046235263100850117,0.0005774551581898262,0.00039872248595083926,0.0003380893656517354,0.0,6.0,12.0,18.0,24.0,30.0,36.0,-6.0,-12.0,-18.0,-24.0,-30.0,ok,,3,3,True,4.02,8,11,,63663392.462095685,0.17684275683915468,True
2.0.0,C0197,plain,C,lhs,3921baad1798760a494c913428d2f3d4da8fc15e,2026-10-10T04:19:10+00:00,150.0,6.0,0.6096,0.021,0.0,1.2192,A,j2,SR5 and beyond excluded,29.02857142857143,0.006666666666666667,0.001683807425674905,0.03883197015396204,353599559.39173007,8154713732.332028,0.002032,9.84251968503937,,,False,0.0021528789711170084,SR5,23.745152,23.745152,0.0,2342943.4274782054,23.745152,0.0,0.0021528789711170084,0.0014274744857039274,0.001891218707881302,0.0020365260309083643,0.0020616584399479575,0.00229021357648542,0.002448926140221538,0.0010415181098208002,0.000771498478444736,0.00023305126420791232,0.0004021989332604293,0.00013928414185050136,5.433032985359357e-05,0.0,6.0,12.0,18.0,24.0,30.0,36.0,-6.0,-12.0,-18.0,-24.0,-30.0,ok,,3,3,True,6.4,6,11,,0.0,0.0,True
2.0.0,C0198,plain,C,lhs,3921baad1798760a494c913428d2f3d4da8fc15e,2026-10-10T04:19:17+00:00,60.0,14.0,0.508,0.0127,250.0,1.016,A,j2,SR5 and beyond excluded,40.0,0.016666666666666666,0.0006063927901206482,0.01976159168480241,127342485.92533614,4149934253.8085065,0.004233333333333334,27.559055118110237,,,False,0.02724868408857443,SR2,13.988419354838719,13.988419354838719,0.0,1430059.8985053836,13.988419354838719,0.0,0.02724868408857443,0.007775045000917327,0.02724868408857443,0.022041899822733656,0.024625794287379627,0.022821248942717674,0.03104633742170304,0.001372451323756782,0.003440867951059575,0.002843324228812215,0.002840350078733477,0.002933008761651313,0.002901523254807084,0.0,14.0,28.0,42.0,56.0,70.0,84.0,-14.0,-28.0,-42.0,-56.0,-70.0,ok,,6,6,True,46.67,9,11,,124061995.56716087,0.34461665435322464,True
2.0.0,C0199,plain,C,lhs,3921baad1798760a494c913428d2f3d4da8fc15e,2026-10-10T04:20:03+00:00,70.0,6.0,0.508,0.0191,120.0,1.016,A,j2,SR5 and beyond excluded,26.59685863874346,0.014285714285714285,0.0008778406805393286,0.029336160783294967,184346542.913259,6160593764.491943,0.0036285714285714285,11.811023622047244,,,False,0.005612795419935735,SR2,6.088262111801242,6.088262111801242,0.0,1863644.7147861784,6.088262111801242,0.0,0.005612795419935735,0.0022012362893517852,0.005612795419935735,0.004419778059619568,0.00472268696431928,0.00442814306916971,0.00693684411297467,0.002272590568218124,0.0010807172652823112,0.00045900916050420283,0.0005628432251145855,0.00031785403162769494,0.0002381559945252043,0.0,6.0,12.0,18.0,24.0,30.0,36.0,-6.0,-12.0,-18.0,-24.0,-30.0,ok,,3,3,True,5.31,8,11,,40114247.010471456,0.11142846391797627,True
2.0.0,C0200,plain,C,lhs,3921baad1798760a494c913428d2f3d4da8fc15e,2026-10-10T04:20:09+00:00,105.0,6.0,0.508,0.0159,120.0,1.016,A,j2,SR5 and beyond excluded,31.949685534591193,0.009523809523809525,0.0007448524635677762,0.024581046142821444,156419017.349233,5162019689.992503,0.0024190476190476193,11.811023622047244,,,False,0.0030223832449450243,SR2,6.4430757763975155,4.4110757763975155,2.032,1338955.9925714415,6.4430757763975155,2.032,0.003021844113794902,0.0018407541628860376,0.0030223832449450243,0.0028363836121363347,0.002993846146725276,0.00296468801578906,0.004089535922443663,0.0017701942367415796,0.0009282068692161018,0.0004100917073628375,0.0005482499628356796,0.00033993982471830877,0.00026926532793735216,0.0,6.0,12.0,18.0,24.0,30.0,36.0,-6.0,-12.0,-18.0,-24.0,-30.0,ok,,3,3,True,3.6,8,11,,47874203.28502445,0.1329838980139568,True
2.0.0,C0201,plain,C,lhs,3921baad1798760a494c913428d2f3d4da8fc15e,2026-10-10T04:20:12+00:00,85.0,6.0,0.6096,0.0254,40.0,1.2192,A,j2,SR5 and beyond excluded,24.000000000000004,0.011764705882352941,0.00199250058602263,0.04661708807696972,418425123.06475234,9789588496.163641,0.0035858823529411766,9.84251968503937,,,False,0.004328160265453643,SR2,6.735279181585678,6.735279181585678,0.0,3464475.8684953367,6.735279181585678,0.0,0.004328160265453643,0.002119467161157543,0.004328160265453643,0.004216810157385838,0.0038259581418161196,0.004086801993750706,0.0057557963435460775,0.0014632138459279975,0.0011600105103314344,0.0003759244042920742,0.0005857947650231068,0.00022737132811271227,0.00011238241723600932,0.0,6.0,12.0,18.0,24.0,30.0,36.0,-6.0,-12.0,-18.0,-24.0,-30.0,ok,,3,3,True,6.93,7,11,,8414639.699337881,0.023373999164827446,True
2.0.0,C0202,plain,C,lhs,3921baad1798760a494c913428d2f3d4da8fc15e,2026-10-10T04:20:19+00:00,250.0,6.0,0.4064,0.021,160.0,0.8128,A,j2,SR5 and beyond excluded,19.35238095238095,0.004,0.00047348021490912356,0.025426165982563635,99430845.13091595,5339494856.338364,0.0008127999999999999,14.763779527559056,,,False,0.001239128454582841,SR2,6.611080248888893,4.9854802488888925,1.6256,460854.12504584325,6.611080248888893,1.6256,0.0012388279116052909,0.0008530014259893725,0.001239128454582841,0.001120583927828209,0.0011648504966199195,0.0011511930604271874,0.0013285278148312118,0.0007546118579345411,0.00045983179192971404,0.0003311611174763166,0.0003237837810122149,0.00030424290991831125,0.00030081361495400545,0.0,6.0,12.0,18.0,24.0,30.0,36.0,-6.0,-12.0,-18.0,-24.0,-30.0,ok,,3,3,True,2.01,8,11,,61710601.63282221,0.17141833786895058,True
2.0.0,C0203,plain,C,lhs,3921baad1798760a494c913428d2f3d4da8fc15e,2026-10-10T04:20:21+00:00,250.0,9.0,0.4064,0.0159,0.0,0.8128,A,j2,SR5 and beyond excluded,25.559748427672954,0.004,0.00037242560769829995,0.01950599170650634,78209377.616643,4096258258.3663316,0.0008127999999999999,22.145669291338585,,,False,0.0009509788218837864,SR2,9.32689678139535,7.7012967813953495,1.6256,364708.6100131306,9.32689678139535,1.6256,0.0009507820524782439,0.0006249397517888502,0.0009509788218837864,0.0008346013240014709,0.000843849680246122,0.0008721155201236183,0.0010260434892511102,0.0004755068202445001,0.00012754834759718815,3.7651382387375916e-05,3.150200341067237e-05,1.9033827464545958e-05,2.2521406727200425e-05,0.0,9.0,18.0,27.0,36.0,45.0,54.0,-9.0,-18.0,-27.0,-36.0,-45.0,ok,,3,3,True,16.03,9,11,,0.0,0.0,True
2.0.0,C0204,plain,C,lhs,3921baad1798760a494c913428d2f3d4da8fc15e,2026-10-10T04:20:37+00:00,85.0,12.0,0.4064,0.0191,250.0,0.8128,A,j2,SR5 and beyond excluded,21.277486910994764,0.011764705882352941,0.0004368081024982484,0.023239711743444753,91729701.52463216,4880339466.123398,0.0023905882352941174,29.52755905511811,,,False,0.006493818538939659,SR2,12.203206299212603,12.203206299212603,0.0,1131058.6666739627,12.203206299212603,0.0,0.006493818538939659,0.002018962037763918,0.006493818538939659,0.005625206948745394,0.005712084227386718,0.00554800922164206,0.0075373616408687385,0.0013413220022482635,0.0009444448631819526,0.0005996978251873382,0.0005671562166069088,0.0005459581495179234,0.0005465291960906875,0.0,12.0,24.0,36.0,48.0,60.0,72.0,-12.0,-24.0,-36.0,-48.0,-60.0,ok,,3,3,True,9.45,9,11,,105494531.38942409,0.29304036497062247,True
2.0.0,C0205,plain,C,lhs,3921baad1798760a494c913428d2f3d4da8fc15e,2026-10-10T04:20:47+00:00,85.0,6.0,0.6096,0.011,0.0,1.2192,A,j2,SR5 and beyond excluded,55.41818181818182,0.011764705882352941,0.0009268497527332657,0.02068613098682734,194638448.0739858,4344087507.233741,0.0035858823529411766,9.84251968503937,,,False,0.004140925538869622,SR2,6.735279181585678,6.735279181585678,0.0,1577283.8449022917,6.735279181585678,0.0,0.004140925538869622,0.002071990526649517,0.004140925538869622,0.0040792697011350736,0.003588919702384362,0.004220112717228989,0.005321342232436485,0.001336310951920553,0.0011388085747971125,0.00034818451211550525,0.000564157519662258,0.00019368732097857467,7.439504370218833e-05,0.0,6.0,12.0,18.0,24.0,30.0,36.0,-6.0,-12.0,-18.0,-24.0,-30.0,ok,,3,3,True,7.54,6,11,,0.0,0.0,True
2.0.0,C0206,plain,C,lhs,3921baad1798760a494c913428d2f3d4da8fc15e,2026-10-10T04:20:54+00:00,150.0,6.0,0.6096,0.0159,0.0,1.2192,A,j2,SR5 and beyond excluded,38.339622641509436,0.006666666666666667,0.001307583812191287,0.02965610057913657,274592600.5601703,6227781121.61868,0.002032,9.84251968503937,,,False,0.0021537355899576257,SR5,23.745152,23.745152,0.0,1816067.7008241122,23.745152,0.0,0.0021537355899576257,0.0014256841484052956,0.0018930041937490736,0.0020367873387422395,0.0020624874226851998,0.0022914170460570306,0.002468087307837791,0.0010421299453027008,0.000771980442795702,0.0002331596213494422,0.0004032506544722129,0.00013957279755903265,5.4444412602407524e-05,0.0,6.0,12.0,18.0,24.0,30.0,36.0,-6.0,-12.0,-18.0,-24.0,-30.0,ok,,3,3,True,4.48,6,11,,0.0,0.0,True
2.0.0,C0207,plain,C,lhs,3921baad1798760a494c913428d2f3d4da8fc15e,2026-10-10T04:20:59+00:00,70.0,12.0,0.6096,0.0191,80.0,1.2192,A,j2,SR5 and beyond excluded,31.91623036649215,0.014285714285714285,0.0015459914684718167,0.03543260982314515,324658208.3790815,7440848062.860482,0.004354285714285714,19.68503937007874,,,False,0.008491674674025356,SR2,12.315078749999998,12.315078749999998,0.0,2873925.7568067005,12.315078749999998,0.0,0.008491674674025356,0.0023816142977450844,0.008491674674025356,0.006098878541797161,0.006483477940593472,0.0058590165049965705,0.010841947516808456,0.001408317638800251,0.0011731774508804017,0.0003187880375449906,0.00040226777524713785,0.00023297059366035675,0.00014645544525460205,0.0,12.0,24.0,36.0,48.0,60.0,72.0,-12.0,-24.0,-36.0,-48.0,-60.0,ok,,4,4,True,23.63,9,11,,22141524.54238725,0.06150423483996459,True
2.0.0,C0208,plain,C,lhs,3921baad1798760a494c913428d2f3d4da8fc15e,2026-10-10T04:21:22+00:00,105.0,6.0,0.2191,0.0159,80.0,0.4382,A,j2,SR5 and beyond excluded,13.779874213836477,0.009523809523809525,5.2708310050139945e-05,0.010150108872630187,11068745.11052939,2131522863.2523391,0.0010433333333333332,27.38475581926061,,,False,0.0017029160795633891,SR2,6.253746688311681,5.815546688311681,0.4382,133893.05875043472,6.253746688311681,0.4382,0.0016929099653246872,0.0010886989649728314,0.0017029160795633891,0.001530495815667262,0.0015918977002177352,0.0015119495050496005,0.0018280474827580726,0.0008924174115647075,0.0005519724062816216,0.0004130300625564615,0.0003982588079832115,0.00038098013590695605,0.00038495808448840366,0.0,6.0,12.0,18.0,24.0,30.0,36.0,-6.0,-12.0,-18.0,-24.0,-30.0,ok,,3,3,True,1.83,10,11,,77292964.03071044,0.21470267786308456,True
2.0.0,C0209,plain,C,lhs,3921baad1798760a494c913428d2f3d4da8fc15e,2026-10-10T04:21:24+00:00,250.0,7.5,0.6096,0.0127,200.0,1.2192,A,j2,SR5 and beyond excluded,48.00000000000001,0.004,0.0010611209796460759,0.023815251517582365,222835405.72567594,5001202818.692297,0.0012192000000000001,12.303149606299211,,,False,0.0017418947966600924,SR2,7.8083706666666695,6.58917066666667,1.2192,985104.2220958091,7.8083706666666695,1.2192,0.0017306302950968002,0.001278197226629887,0.0017418947966600924,0.0016280324698752869,0.0016770074796057769,0.0016738499631793755,0.0020181115823482802,0.0010970277499067595,0.0006876083255431726,0.000458961555042613,0.0004716439040212819,0.00042849992414232564,0.0004028758991886732,0.0,7.5,15.0,22.5,30.0,37.5,45.0,-7.5,-15.0,-22.5,-30.0,-37.5,ok,,3,3,True,2.29,8,11,,82356048.12117924,0.22876680033660898,True
2.0.0,C0210,plain,C,lhs,3921baad1798760a494c913428d2f3d4da8fc15e,2026-10-10T04:21:26+00:00,85.0,12.0,0.1683,0.0127,0.0,0.3366,A,j2,SR5 and beyond excluded,13.25196850393701,0.011764705882352941,1.8913676266636105e-05,0.006208164074611863,3971872.015993582,1303714455.6684914,0.00099,71.301247771836,,,False,0.0012502400746400646,SR2,12.190609072941182,11.854009072941182,0.3366,58160.888849255854,12.190609072941182,0.3366,0.0012432401413781102,0.0007363334695445832,0.0012502400746400646,0.0010829595787285398,0.0011343887473854268,0.0010238358907194206,0.0013450253994140642,0.000565124569182319,0.00012679718330076893,0.00014087942765262133,0.00010107872328491255,0.0001107961586643887,0.00010712448319626387,0.0,12.0,24.0,36.0,48.0,60.0,72.0,-12.0,-24.0,-36.0,-48.0,-60.0,ok,,3,3,True,20.47,11,11,,0.0,0.0,True
2.0.0,C0211,plain,C,lhs,3921baad1798760a494c913428d2f3d4da8fc15e,2026-10-10T04:21:47+00:00,150.0,12.0,0.2731,0.008,250.0,0.5462,A,j2,SR5 and beyond excluded,34.1375,0.006666666666666667,5.858337318569159e-05,0.006662689699733241,12302508.368995234,1399164836.9439807,0.0009103333333333334,43.93994873672647,,,False,0.011567843381136696,SR2,11.95989361904762,11.95989361904762,0.0,78476.42542985777,24.138696476190482,0.0,0.011567843381136696,0.006091373438918399,0.011567843381136696,0.011474332148093604,0.011167380863929197,0.010717070804714783,0.011191566828873198,0.002680404796434495,0.0027384247433600625,0.0028013099015928296,0.0028019326300360364,0.002801746086938068,0.0027994934515556853,0.0,12.0,24.0,36.0,48.0,60.0,72.0,-12.0,-24.0,-36.0,-48.0,-60.0,ok,,3,3,True,16.41,10,11,,367968885.0132341,1.022135791703428,False
2.0.0,C0212,plain,C,lhs,3921baad1798760a494c913428d2f3d4da8fc15e,2026-10-10T04:22:03+00:00,250.0,10.5,0.3239,0.021,40.0,0.6478,A,j2,SR5 and beyond excluded,15.423809523809524,0.004,0.00023028173311683242,0.01998335671021931,48359163.95453481,4196504909.146055,0.0006478,32.41741278172275,,,False,0.0009013829238037479,SR2,10.88688575188679,10.23908575188679,0.6478,239307.6328223194,10.88688575188679,0.6478,0.0008948972373273205,0.000578579361650491,0.0009013829238037479,0.0007951325470529686,0.0008329496302091912,0.0007743597420273165,0.0009905541451106026,0.00045589166252139727,0.00018667234816651507,0.00015408573808619436,0.00012861564683603214,0.00013413637965833353,0.00013206867334139878,0.0,10.5,21.0,31.5,42.0,52.5,63.0,-10.5,-21.0,-31.5,-42.0,-52.5,ok,,3,3,True,4.51,11,11,,19629635.08525065,0.05452676412569625,True
2.0.0,C0213,plain,C,lhs,3921baad1798760a494c913428d2f3d4da8fc15e,2026-10-10T04:22:08+00:00,105.0,12.0,0.4064,0.008,120.0,0.8128,A,j2,SR5 and beyond excluded,50.8,0.009523809523809525,0.0001987389278493023,0.010012884105521414,41735174.84835348,2102705662.159497,0.0019352380952380951,29.52755905511811,,,False,0.005067944920393834,SR2,12.156858492688404,12.156858492688404,0.0,454670.2081590934,12.156858492688404,0.0,0.005067944920393834,0.0017676665892510093,0.005067944920393834,0.004341224559379681,0.0044408499989331595,0.004298703013690436,0.00576672286803859,0.001295794425214999,0.0009041378244649531,0.0006489903807157502,0.0006229526135542074,0.0005954777279974956,0.0006023837679580362,0.0,12.0,24.0,36.0,48.0,60.0,72.0,-12.0,-24.0,-36.0,-48.0,-60.0,ok,,3,3,True,7.72,9,11,,117528375.20121472,0.3264677088922631,True
2.0.0,C0214,plain,C,lhs,3921baad1798760a494c913428d2f3d4da8fc15e,2026-10-10T04:22:15+00:00,120.0,10.5,0.4064,0.0159,0.0,0.8128,A,j2,SR5 and beyond excluded,25.559748427672954,0.008333333333333333,0.00037242560769829995,0.01950599170650634,78209377.616643,4096258258.3663316,0.0016933333333333334,25.836614173228348,,,False,0.0019487832514257213,SR2,10.996772358490567,10.996772358490567,0.0,725735.6739193836,10.996772358490567,0.0,0.0019487832514257213,0.0012063121109499896,0.0019487832514257213,0.0017376195357668694,0.001720694334002972,0.0018139616368403628,0.0021728198770160105,0.0009732858852549593,0.0003919719990433967,0.00012707127969575473,7.785761439924784e-05,2.6001179664979414e-05,3.767620533703362e-05,0.0,10.5,21.0,31.5,42.0,52.5,63.0,-10.5,-21.0,-31.5,-42.0,-52.5,ok,,3,3,True,20.47,7,11,,0.0,0.0,True
2.0.0,C0215,plain,C,lhs,3921baad1798760a494c913428d2f3d4da8fc15e,2026-10-10T04:22:36+00:00,70.0,14.0,0.4064,0.0127,120.0,0.8128,A,j2,SR5 and beyond excluded,32.0,0.014285714285714285,0.00030465726249162664,0.015707931852022416,63978025.123241596,3298665688.9247074,0.002902857142857143,34.4488188976378,,,False,0.009301993698922942,SR2,14.120712727272712,13.714312727272713,0.4064,817143.9008492179,14.120712727272712,0.4064,0.00916898122376698,0.002347210603978957,0.009301993698922942,0.008366313027099757,0.008391969763035766,0.008050098575979098,0.011228117613422647,0.0013783484707762224,0.0009591701275756577,0.000489416843860507,0.00045212673287341133,0.00041554916323571263,0.0004200658953354405,0.0,14.0,28.0,42.0,56.0,70.0,84.0,-14.0,-28.0,-42.0,-56.0,-70.0,ok,,4,4,True,26.22,9,11,,74917437.32313721,0.20810399256427004,True
2.0.0,C0216,plain,C,lhs,3921baad1798760a494c913428d2f3d4da8fc15e,2026-10-10T04:23:02+00:00,85.0,6.0,0.3239,0.0254,80.0,0.6478,A,j2,SR5 and beyond excluded,12.75196850393701,0.011764705882352941,0.00026721440230657336,0.02381924134025246,56115024.4843804,5002040681.453016,0.0019052941176470588,18.524235875270143,,,False,0.0023341591375036766,SR2,6.48929132026144,5.19369132026144,1.2956,700891.2476197813,6.48929132026144,1.2956,0.0023058093221905874,0.0014736226235391827,0.0023341591375036766,0.002111346561449971,0.0022162533274265243,0.0021717414396891684,0.0028725034488802175,0.001227367747864149,0.0006347619171513089,0.0002561838522043109,0.0002956984067693032,0.00021432522437728636,0.0001726088167112452,0.0,6.0,12.0,18.0,24.0,30.0,36.0,-6.0,-12.0,-18.0,-24.0,-30.0,ok,,3,3,True,2.63,8,11,,32936901.255297694,0.09149139237582693,True
2.0.0,C0217,plain,C,lhs,3921baad1798760a494c913428d2f3d4da8fc15e,2026-10-10T04:23:05+00:00,60.0,9.0,0.3239,0.0318,200.0,0.6478,A,j2,SR5 and beyond excluded,10.185534591194969,0.016666666666666666,0.0003149188559069631,0.0291815630088118,66132959.74046225,6128128231.850478,0.002699166666666667,27.786353812905215,,,False,0.005898322842968553,SR2,9.476758982558138,8.828958982558138,0.6478,1036080.4429589722,9.476758982558138,0.6478,0.0057807876821597114,0.0018308301442286538,0.005898322842968553,0.004876959728186882,0.004986902813685363,0.00471079748950741,0.006919045914337372,0.0013539592149921073,0.000835280907238051,0.0004148479643292513,0.00040518772080663676,0.00036390663816956634,0.0003484484467369834,0.0,9.0,18.0,27.0,36.0,45.0,54.0,-9.0,-18.0,-27.0,-36.0,-45.0,ok,,3,3,True,7.62,9,11,,67211273.07018296,0.18669798075050822,True
2.0.0,C0218,plain,C,lhs,3921baad1798760a494c913428d2f3d4da8fc15e,2026-10-10T04:23:12+00:00,60.0,7.5,0.4064,0.0127,250.0,0.8128,A,j2,SR5 and beyond excluded,32.0,0.016666666666666666,0.00030465726249162664,0.015707931852022416,63978025.123241596,3298665688.9247074,0.0033866666666666667,18.45472440944882,,,False,0.00961269187070313,SR2,7.895134848484851,7.895134848484851,0.0,750605.5813599087,7.895134848484851,0.0,0.00961269187070313,0.0027739699007480753,0.00961269187070313,0.008200505718697473,0.00829110706349842,0.0076425966710783125,0.012477253229501536,0.0017290058118886115,0.0013846638864492655,0.0008350883235460538,0.0009086204133033619,0.0008086209615940036,0.0007604297807533358,0.0,7.5,15.0,22.5,30.0,37.5,45.0,-7.5,-15.0,-22.5,-30.0,-37.5,ok,,3,3,True,10.56,9,11,,156077994.42320254,0.433549984508896,True
2.0.0,C0219,plain,C,lhs,3921baad1798760a494c913428d2f3d4da8fc15e,2026-10-10T04:23:23+00:00,85.0,7.5,0.2191,0.0159,0.0,0.4382,A,j2,SR5 and beyond excluded,13.779874213836477,0.011764705882352941,5.2708310050139945e-05,0.010150108872630187,11068745.11052939,2131522863.2523391,0.0012888235294117646,34.230944774075766,,,False,0.0014986974192109036,SR2,7.842242647058825,6.965842647058825,0.8764,150155.022551485,7.842242647058825,0.8764,0.0014979069410518565,0.0009857137609104493,0.0014986974192109036,0.001336060152265005,0.0013228883946854292,0.0013962199362316525,0.0016090398464331352,0.0008143346417137532,0.0002408810359220138,5.893774753771724e-05,4.743930706843459e-05,2.5135952394582357e-05,3.14114587098466e-05,0.0,7.5,15.0,22.5,30.0,37.5,45.0,-7.5,-15.0,-22.5,-30.0,-37.5,ok,,3,3,True,14.2,9,11,,0.0,0.0,True
2.0.0,C0220,plain,C,lhs,3921baad1798760a494c913428d2f3d4da8fc15e,2026-10-10T04:23:37+00:00,105.0,7.5,0.6096,0.0318,160.0,1.2192,A,j2,SR5 and beyond excluded,19.169811320754718,0.009523809523809525,0.0024162012662601526,0.05772374908076498,507402265.914632,12121987306.960646,0.002902857142857143,12.303149606299211,,,False,0.0037261183377839077,SR2,7.82283582089552,7.82283582089552,0.0,4052172.3955704425,7.82283582089552,0.0,0.0037261183377839077,0.0019212750374239828,0.0037261183377839077,0.0032546239759477413,0.0034377377148843797,0.0033368094799477444,0.004982241298785631,0.0013506396909349799,0.0009845492919468436,0.0003392085450008839,0.0005027527504245596,0.00026751191529193643,0.00017918996745645485,0.0,7.5,15.0,22.5,30.0,37.5,45.0,-7.5,-15.0,-22.5,-30.0,-37.5,ok,,3,3,True,6.01,8,11,,27182295.415438496,0.07550637615399582,True
2.0.0,C0221,plain,C,lhs,3921baad1798760a494c913428d2f3d4da8fc15e,2026-10-10T04:23:43+00:00,60.0,6.0,0.4064,0.0254,160.0,0.8128,A,j2,SR5 and beyond excluded,16.0,0.016666666666666666,0.000554108038278648,0.030402448745849874,116362688.03851609,6384514236.628473,0.0033866666666666667,14.763779527559056,,,False,0.005642091442550834,SR2,5.941217777777778,5.941217777777778,0.0,1488182.499358604,5.941217777777778,0.0,0.005642091442550834,0.0020902518038995324,0.005642091442550834,0.004212150378451794,0.004691786196603048,0.004244527429306733,0.006500526393120558,0.0014514140188012358,0.0010413179555267096,0.00040097790134594814,0.0005130991514112358,0.00033737836787730733,0.00028120861000588713,0.0,6.0,12.0,18.0,24.0,30.0,36.0,-6.0,-12.0,-18.0,-24.0,-30.0,ok,,3,3,True,5.09,9,11,,51609790.15593891,0.14336052821094142,True
2.0.0,C0222,plain,C,lhs,3921baad1798760a494c913428d2f3d4da8fc15e,2026-10-10T04:23:48+00:00,120.0,14.0,0.508,0.0191,40.0,1.016,A,j2,SR5 and beyond excluded,26.59685863874346,0.008333333333333333,0.0008778406805393286,0.029336160783294967,184346542.913259,6160593764.491943,0.002116666666666667,27.559055118110237,,,False,0.0029554498950424874,SR2,14.229249999999986,14.229249999999986,0.0,1675014.5275400463,14.229249999999986,0.0,0.0029554498950424874,0.0015572671022055502,0.0029554498950424874,0.0022746298019741254,0.002419088416307454,0.0022523877674043903,0.0034743506086886856,0.0011781454523434223,0.0004948229765635141,0.00017800625603101196,0.00015357757540831465,0.0001057682966537806,0.00011967855594102525,0.0,14.0,28.0,42.0,56.0,70.0,84.0,-14.0,-28.0,-42.0,-56.0,-70.0,ok,,3,3,True,21.48,10,11,,13371415.670157151,0.037142821305992085,True
2.0.0,C0223,plain,C,lhs,3921baad1798760a494c913428d2f3d4da8fc15e,2026-10-10T04:24:10+00:00,200.0,14.0,0.508,0.0254,250.0,1.016,A,j2,SR5 and beyond excluded,20.0,0.005,0.0011242345390208087,0.03850976841140984,236089253.19436982,8087051366.396067,0.00127,27.559055118110237,,,False,0.0020267857696764746,SR2,14.141113636363634,14.141113636363634,0.0,1536477.2392918195,14.141113636363634,0.0,0.0020267857696764746,0.0011896044436044363,0.0020267857696764746,0.001749556724512104,0.0018290996094502787,0.0017155108528939106,0.002215117277103495,0.0009909157458084052,0.0005261137053252374,0.0003684555564126899,0.00036059240861264824,0.0003491305217997984,0.0003517267483853443,0.0,14.0,28.0,42.0,56.0,70.0,84.0,-14.0,-28.0,-42.0,-56.0,-70.0,ok,,3,3,True,4.89,10,11,,63663392.462095685,0.17684275683915468,True
2.0.0,C0224,plain,C,lhs,3921baad1798760a494c913428d2f3d4da8fc15e,2026-10-10T04:24:15+00:00,150.0,14.0,0.3239,0.008,80.0,0.6478,A,j2,SR5 and beyond excluded,40.487500000000004,0.006666666666666667,9.91008060013135e-05,0.007939432954152137,20811169.260275833,1667280920.3719487,0.0010796666666666667,43.223217042297,,,False,0.0025010483767027355,SR2,14.122349398692805,14.122349398692805,0.0,222816.3648665007,14.122349398692805,0.0,0.0025010483767027355,0.0013155579306075038,0.0025010483767027355,0.002189932469390299,0.0022512953968111668,0.002148163780861861,0.002809576113139733,0.0008831837933045885,0.000614663546385821,0.0005376598220643941,0.0005358181342999439,0.0005355415586682044,0.0005349984143582417,0.0,14.0,28.0,42.0,56.0,70.0,84.0,-14.0,-28.0,-42.0,-56.0,-70.0,ok,,3,3,True,5.38,10,11,,98814613.65445603,0.27448503792904455,True
2.0.0,C0225,plain,C,lhs,3921baad1798760a494c913428d2f3d4da8fc15e,2026-10-10T04:24:20+00:00,200.0,10.5,0.4064,0.0318,0.0,0.8128,A,j2,SR5 and beyond excluded,12.779874213836477,0.005,0.0006611633992809267,0.03742353133550462,138844313.8489946,7858941580.45597,0.001016,25.836614173228348,,,False,0.0011953610688338662,SR2,10.933060622641511,9.30746062264151,1.6256,808778.7650506773,10.933060622641511,1.6256,0.001195097546097693,0.0007852654960049213,0.0011953610688338662,0.001049765237413709,0.0010753341858318263,0.001077807759208166,0.001308517406438278,0.0006040232307539059,0.00018505286016449145,5.3295464496675095e-05,4.251531908393362e-05,3.163116868612336e-05,3.436044241301858e-05,0.0,10.5,21.0,31.5,42.0,52.5,63.0,-10.5,-21.0,-31.5,-42.0,-52.5,ok,,3,3,True,19.41,9,11,,0.0,0.0,True
2.0.0,C0226,plain,C,lhs,3921baad1798760a494c913428d2f3d4da8fc15e,2026-10-10T04:24:39+00:00,60.0,10.5,0.4064,0.008,200.0,0.8128,A,j2,SR5 and beyond excluded,50.8,0.016666666666666666,0.0001987389278493023,0.010012884105521414,41735174.84835348,2102705662.159497,0.0033866666666666667,25.836614173228348,,,False,0.020429348192786377,SR2,10.680180747663549,10.680180747663549,0.0,475122.25322976836,10.680180747663549,0.0,0.020429348192786377,0.0049535135656393866,0.020429348192786377,0.01890090397714793,0.018836010448675486,0.01837488940426464,0.022794937205618662,0.0016067588776501772,0.0015989575319254924,0.0011861960062019936,0.0011859187774516267,0.0011809657820147867,0.0011581042502507412,0.0,10.5,21.0,31.5,42.0,52.5,63.0,-10.5,-21.0,-31.5,-42.0,-52.5,ok,,3,3,True,26.37,9,11,,195880625.33535787,0.5441128481537719,True
2.0.0,C0227,plain,C,lhs,3921baad1798760a494c913428d2f3d4da8fc15e,2026-10-10T04:25:06+00:00,105.0,10.5,0.6096,0.0191,250.0,1.2192,A,j2,SR5 and beyond excluded,31.91623036649215,0.009523809523809525,0.0015459914684718167,0.03543260982314515,324658208.3790815,7440848062.860482,0.002902857142857143,17.224409448818896,,,False,0.005545329069403171,SR2,11.055338317756998,11.055338317756998,0.0,2651641.4739775932,11.055338317756998,0.0,0.005545329069403171,0.0020100085383773147,0.005545329069403171,0.004214625039209825,0.004499872804418127,0.004092505325294668,0.006713751304094458,0.001478262061913196,0.0010077610992426554,0.00044636095018795786,0.00047086971027268036,0.00039346054507145725,0.0003481242700881891,0.0,10.5,21.0,31.5,42.0,52.5,63.0,-10.5,-21.0,-31.5,-42.0,-52.5,ok,,3,3,True,8.41,9,11,,69192264.19496016,0.19220073387488934,True
2.0.0,C0228,plain,C,lhs,3921baad1798760a494c913428d2f3d4da8fc15e,2026-10-10T04:25:14+00:00,200.0,7.5,0.4064,0.0191,120.0,0.8128,A,j2,SR5 and beyond excluded,21.277486910994764,0.005,0.0004368081024982484,0.023239711743444753,91729701.52463216,4880339466.123398,0.001016,18.45472440944882,,,False,0.0014627805618282353,SR2,7.749329545454552,6.123729545454552,1.6256,549539.4442375612,7.749329545454552,1.6256,0.0014624977474859697,0.0009944268290796557,0.0014627805618282353,0.0012728396045376346,0.00133616397258738,0.0013007741310467503,0.0015591187216625869,0.0008215362276935887,0.00041686910803206907,0.00029588010476741636,0.0002754510769844663,0.00025285694420474275,0.0002572324316292747,0.0,7.5,15.0,22.5,30.0,37.5,45.0,-7.5,-15.0,-22.5,-30.0,-37.5,ok,,3,3,True,2.43,9,11,,50637375.06692356,0.14065937518589877,True
2.0.0,C0229,plain,C,lhs,3921baad1798760a494c913428d2f3d4da8fc15e,2026-10-10T04:25:17+00:00,250.0,12.0,0.2731,0.0254,120.0,0.5462,A,j2,SR5 and beyond excluded,10.75196850393701,0.004,0.0001531843684968715,0.01976558150747248,32168717.384343017,4150772116.569221,0.0005462,43.93994873672647,,,False,0.0011427802953725432,SR2,12.19347548571429,11.10107548571429,1.0924,199489.11107563745,12.19347548571429,1.0924,0.0011405286669567234,0.000715089337038646,0.0011427802953725432,0.0010540528664516615,0.0010780197997796248,0.0010346298276453791,0.0012243384734789617,0.0005009533795079486,0.00034365759502911195,0.00035974457779025114,0.00034245208947715955,0.00034529546917245834,0.00034369060513102077,0.0,12.0,24.0,36.0,48.0,60.0,72.0,-12.0,-24.0,-36.0,-48.0,-60.0,ok,,3,3,True,3.76,11,11,,59537737.3316897,0.16538260369913807,True
2.0.0,C0230,plain,C,lhs,3921baad1798760a494c913428d2f3d4da8fc15e,2026-10-10T04:25:20+00:00,200.0,9.0,0.3239,0.0127,200.0,0.6478,A,j2,SR5 and beyond excluded,25.50393700787402,0.005,0.00015055842404539306,0.012416328149223721,31617269.04953254,2607428911.3369813,0.00080975,27.786353812905215,,,False,0.0019750043626783538,SR2,9.131531314705882,9.131531314705882,0.0,226893.7585617938,9.131531314705882,0.0,0.0019750043626783538,0.0012635880912313146,0.0019750043626783538,0.0018080462743642585,0.0018503703755933223,0.0017841045797280736,0.0021201595170428837,0.0011259608173763772,0.0008710312100909607,0.0007867181229928849,0.0007827195397239953,0.0007761741629517596,0.0007773879788469279,0.0,9.0,18.0,27.0,36.0,45.0,54.0,-9.0,-18.0,-27.0,-36.0,-45.0,ok,,3,3,True,2.6,10,11,,157963769.67715886,0.43878824910321906,True
2.0.0,C0231,plain,C,lhs,3921baad1798760a494c913428d2f3d4da8fc15e,2026-10-10T04:25:23+00:00,85.0,10.5,0.4064,0.0159,120.0,0.8128,A,j2,SR5 and beyond excluded,25.559748427672954,0.011764705882352941,0.00037242560769829995,0.01950599170650634,78209377.616643,4096258258.3663316,0.0023905882352941174,25.836614173228348,,,False,0.004631068165302216,SR2,11.059885283018865,11.059885283018865,0.0,933303.9163532375,11.059885283018865,0.0,0.004631068165302216,0.0016839224257142807,0.004631068165302216,0.0037499521301933483,0.00391611562503319,0.0036234816560063313,0.005562116131114581,0.0013123973123481936,0.0008092836159746544,0.0003847756359390431,0.0003711991005087677,0.00032770889276454655,0.0003177341264713433,0.0,10.5,21.0,31.5,42.0,52.5,63.0,-10.5,-21.0,-31.5,-42.0,-52.5,ok,,3,3,True,7.98,9,11,,60330077.9425366,0.16758354984037943,True
2.0.0,C0232,plain,C,lhs,3921baad1798760a494c913428d2f3d4da8fc15e,2026-10-10T04:25:31+00:00,250.0,6.0,0.1683,0.0159,160.0,0.3366,A,j2,SR5 and beyond excluded,10.584905660377359,0.004,2.234156640690647e-05,0.007612581654472642,4691728.945450358,1598642147.4392548,0.0003366,35.650623885918,,,False,0.0015512981097759353,SR2,5.845111736363634,5.845111736363634,0.0,31382.056217202433,5.845111736363634,0.0,0.0015512981097759353,0.0012559114911229452,0.0015512981097759353,0.001504376322090827,0.0015210546656221394,0.001503188622243929,0.0016004597634156062,0.0010883778828791124,0.0010139420994759742,0.001001740433656733,0.0009984809057335836,0.0009993577336038504,0.0009979550119652034,0.0,6.0,12.0,18.0,24.0,30.0,36.0,-6.0,-12.0,-18.0,-24.0,-30.0,ok,,3,3,True,1.73,10,11,,206114570.74856114,0.5725404743015587,True
2.0.0,C0233,plain,C,lhs,3921baad1798760a494c913428d2f3d4da8fc15e,2026-10-10T04:25:33+00:00,120.0,10.5,0.2191,0.0159,160.0,0.4382,A,j2,SR5 and beyond excluded,13.779874213836477,0.008333333333333333,5.2708310050139945e-05,0.010150108872630187,11068745.11052939,2131522863.2523391,0.0009129166666666666,47.923322683706076,,,False,0.0031279233139574975,SR2,10.563601124999993,10.125401124999993,0.4382,164275.00784852065,10.563601124999993,0.4382,0.0030525400264639646,0.001616288501764909,0.0031279233139574975,0.0028872599541206524,0.002915102848509944,0.00285491508829402,0.0034403353177443036,0.0009651374033855705,0.0008301359941172237,0.000778338336689309,0.0007862397198307632,0.0007843428141802804,0.0007837811066752652,0.0,10.5,21.0,31.5,42.0,52.5,63.0,-10.5,-21.0,-31.5,-42.0,-52.5,ok,,3,3,True,4.32,10,11,,154585928.0614209,0.4294053557261691,True
2.0.0,C0234,plain,C,lhs,3921baad1798760a494c913428d2f3d4da8fc15e,2026-10-10T04:25:37+00:00,120.0,7.5,0.508,0.0318,0.0,1.016,A,j2,SR5 and beyond excluded,15.974842767295597,0.008333333333333333,0.0013545266744704578,0.04757364020813482,284450601.63879615,9990464443.708313,0.002116666666666667,14.763779527559056,,,False,0.0021796700826211364,SR5,29.607750000000003,29.607750000000003,0.0,2295343.15796062,29.607750000000003,0.0,0.0021796700826211364,0.0014774121880044063,0.002058616934807481,0.002173000303796822,0.0020800035755169596,0.0023744325673189727,0.002703104932543329,0.001104148865018814,0.0007420681299716592,0.00019781809828968812,0.0003209885627789817,0.00012387071413290864,4.4086089947146144e-05,0.0,7.5,15.0,22.5,30.0,37.5,45.0,-7.5,-15.0,-22.5,-30.0,-37.5,ok,,3,3,True,14.13,6,11,,0.0,0.0,True
2.0.0,C0235,plain,C,lhs,3921baad1798760a494c913428d2f3d4da8fc15e,2026-10-10T04:25:51+00:00,70.0,6.0,0.3239,0.0254,80.0,0.6478,A,j2,SR5 and beyond excluded,12.75196850393701,0.014285714285714285,0.00026721440230657336,0.02381924134025246,56115024.4843804,5002040681.453016,0.0023135714285714287,18.524235875270143,,,False,0.0030586494514507384,SR2,6.678028730158735,6.0302287301587345,0.6478,794674.1201505004,6.678028730158735,0.6478,0.0030249073581013752,0.0016785136895012427,0.0030586494514507384,0.002559816445291367,0.002765334978502956,0.0025376197312211198,0.0037327345954161102,0.001314015566733646,0.0007260727672062069,0.00026672443372281426,0.00033225357138638023,0.00022573871578636444,0.00017704782010782396,0.0,6.0,12.0,18.0,24.0,30.0,36.0,-6.0,-12.0,-18.0,-24.0,-30.0,ok,,3,3,True,3.83,8,11,,32936901.255297694,0.09149139237582693,True
2.0.0,C0236,plain,C,lhs,3921baad1798760a494c913428d2f3d4da8fc15e,2026-10-10T04:25:55+00:00,150.0,6.0,0.2731,0.0254,80.0,0.5462,A,j2,SR5 and beyond excluded,10.75196850393701,0.006666666666666667,0.0001531843684968715,0.01976558150747248,32168717.384343017,4150772116.569221,0.0009103333333333334,21.969974368363236,,,False,0.0012854709919002541,SR2,6.028094000000003,6.028094000000003,0.0,255361.52813916496,6.028094000000003,0.0,0.0012854709919002541,0.0008458548279318724,0.0012854709919002541,0.0011247850504502188,0.0011855891358647074,0.0011322834840841027,0.0013753103226426234,0.0007366817845593619,0.0003645392995453205,0.00023406460711478637,0.00021821414237580184,0.00019980143442859495,0.00020382990561065135,0.0,6.0,12.0,18.0,24.0,30.0,36.0,-6.0,-12.0,-18.0,-24.0,-30.0,ok,,3,3,True,1.85,10,11,,39691824.88779314,0.11025506913275872,True
2.0.0,C0237,plain,C,lhs,3921baad1798760a494c913428d2f3d4da8fc15e,2026-10-10T04:25:57+00:00,60.0,7.5,0.4064,0.0191,80.0,0.8128,A,j2,SR5 and beyond excluded,21.277486910994764,0.016666666666666666,0.0004368081024982484,0.023239711743444753,91729701.52463216,4880339466.123398,0.0033866666666666667,18.45472440944882,,,False,0.005990732234779215,SR2,7.895134848484851,7.895134848484851,0.0,1181985.8186997585,7.895134848484851,0.0,0.005990732234779215,0.0019316776117303232,0.005990732234779215,0.004343633587058934,0.004650694183702892,0.004240130235104297,0.006706088843672407,0.0013812213951150574,0.0009272054107993289,0.00032204348480120455,0.00040120980100746145,0.00026098045242338306,0.0001910350636031112,0.0,7.5,15.0,22.5,30.0,37.5,45.0,-7.5,-15.0,-22.5,-30.0,-37.5,ok,,3,3,True,6.32,9,11,,33758250.04461571,0.0937729167905992,True
2.0.0,C0238,plain,C,lhs,3921baad1798760a494c913428d2f3d4da8fc15e,2026-10-10T04:26:03+00:00,250.0,9.0,0.6096,0.0191,120.0,1.2192,A,j2,SR5 and beyond excluded,31.91623036649215,0.004,0.0015459914684718167,0.03543260982314515,324658208.3790815,7440848062.860482,0.0012192000000000001,14.763779527559054,,,False,0.0015098026550131858,SR2,9.340210170114945,6.9018101701149455,2.4384,1436625.3630435718,9.340210170114945,2.4384,0.0015094100606979988,0.0010611004496149151,0.0015098026550131858,0.0013849439328319346,0.001439500712933356,0.0014505141787849514,0.001720005541170624,0.0008864061191164307,0.00044826187226272725,0.0002272926306176565,0.0002260541843537797,0.00018565224824743229,0.0001663839842077456,0.0,9.0,18.0,27.0,36.0,45.0,54.0,-9.0,-18.0,-27.0,-36.0,-45.0,ok,,3,3,True,2.64,8,11,,33212286.813580878,0.09225635225994688,True
2.0.0,C0239,plain,C,lhs,3921baad1798760a494c913428d2f3d4da8fc15e,2026-10-10T04:26:06+00:00,250.0,14.0,0.6096,0.0254,160.0,1.2192,A,j2,SR5 and beyond excluded,24.000000000000004,0.004,0.00199250058602263,0.04661708807696972,418425123.06475234,9789588496.163641,0.0012192000000000001,22.96587926509186,,,False,0.0016590701004602748,SR2,14.305534802580636,11.867134802580637,2.4384,2047571.037285111,14.305534802580636,2.4384,0.001658633133877944,0.001050235798422377,0.0016590701004602748,0.0014300988205471943,0.0015106929121428737,0.0014305552475888982,0.0018258939523837698,0.0008872668599994775,0.00038085763847062144,0.00021911065495408116,0.00021269091798790975,0.00019729292155287772,0.000201271145859933,0.0,14.0,28.0,42.0,56.0,70.0,84.0,-14.0,-28.0,-42.0,-56.0,-70.0,ok,,3,3,True,7.14,10,11,,33658558.797351524,0.09349599665930979,True
2.0.0,C0240,plain,C,lhs,3921baad1798760a494c913428d2f3d4da8fc15e,2026-10-10T04:26:13+00:00,200.0,7.5,0.4064,0.0191,0.0,0.8128,A,j2,SR5 and beyond excluded,21.277486910994764,0.005,0.0004368081024982484,0.023239711743444753,91729701.52463216,4880339466.123398,0.001016,18.45472440944882,,,False,0.001086543175043331,SR2,7.749329545454552,6.123729545454552,1.6256,488660.9000367172,7.749329545454552,1.6256,0.00108600609245089,0.0007637374070281069,0.001086543175043331,0.0010305499222178077,0.0010050713574357843,0.0011130060330269919,0.0012327478472404889,0.0005819260139353286,0.00023694189081951864,6.988687768973563e-05,6.068320452487761e-05,1.991386089594802e-05,1.1992302409745974e-05,0.0,7.5,15.0,22.5,30.0,37.5,45.0,-7.5,-15.0,-22.5,-30.0,-37.5,ok,,3,3,True,12.76,7,11,,0.0,0.0,True
2.0.0,C0241,plain,C,lhs,3921baad1798760a494c913428d2f3d4da8fc15e,2026-10-10T04:26:26+00:00,70.0,10.5,0.1683,0.008,160.0,0.3366,A,j2,SR5 and beyond excluded,21.0375,0.014285714285714285,1.2972711832819855e-05,0.004028778418963555,2724269.4848921695,846043467.9823465,0.0012021428571428571,62.3885918003565,,,False,0.01688400240193055,SR2,10.96072983333333,10.28752983333333,0.6732,23012.86665997875,41.91043964285714,0.6732,0.016269922401666803,0.008289895645773305,0.01688400240193055,0.016664483137799307,0.01659783111435531,0.016694217642603256,0.017119268853854265,0.002241402344774044,0.002254982939450837,0.0022941920220159104,0.002299739056780988,0.0022990079373535104,0.0022903684406557277,0.0,10.5,21.0,31.5,42.0,52.5,63.0,-10.5,-21.0,-31.5,-42.0,-52.5,ok,,3,3,True,12.21,11,11,,389463960.74164283,1.0818443353934524,True
2.0.0,C0242,plain,C,lhs,3921baad1798760a494c913428d2f3d4da8fc15e,2026-10-10T04:26:38+00:00,70.0,14.0,0.2731,0.011,200.0,0.5462,A,j2,SR5 and beyond excluded,24.827272727272728,0.014285714285714285,7.791443314473457e-05,0.009057525779564741,16362030.96039426,1902080413.7085958,0.0019507142857142859,51.26327352618088,,,False,,,,,,,,,,,,,,,,,,,,,,,,,,,,,,,,,,failed,no position converged,1,0,False,18.93,,,,216541475.86585745,0.6015040996273818,
2.0.0,C0243,plain,C,lhs,3921baad1798760a494c913428d2f3d4da8fc15e,2026-10-10T04:26:57+00:00,200.0,9.0,0.4064,0.0191,160.0,0.8128,A,j2,SR5 and beyond excluded,21.277486910994764,0.005,0.0004368081024982484,0.023239711743444753,91729701.52463216,4880339466.123398,0.001016,22.145669291338585,,,False,0.0015932369992102883,SR2,9.342220976744189,7.7166209767441885,1.6256,571739.4003639012,9.342220976744189,1.6256,0.0015930324238461902,0.0010581823837593374,0.0015932369992102883,0.001402617863995237,0.0014672753968373014,0.0013768822608131687,0.001701041612905789,0.000884903657130544,0.00047974770945113476,0.00036462991124073396,0.00035704186926880835,0.0003399389642887762,0.00034453825372317504,0.0,9.0,18.0,27.0,36.0,45.0,54.0,-9.0,-18.0,-27.0,-36.0,-45.0,ok,,3,3,True,2.33,10,11,,67516500.08923142,0.1875458335811984,True
2.0.0,C0244,plain,C,lhs,3921baad1798760a494c913428d2f3d4da8fc15e,2026-10-10T04:26:59+00:00,200.0,9.0,0.508,0.0159,80.0,1.016,A,j2,SR5 and beyond excluded,31.949685534591193,0.005,0.0007448524635677762,0.024581046142821444,156419017.349233,5162019689.992503,0.00127,17.716535433070867,,,False,0.0016307249441485964,SR2,9.379211744186046,8.363211744186046,1.016,908593.2159891854,9.379211744186046,1.016,0.0016240097931049867,0.0010997073996267702,0.0016307249441485964,0.001445318992773282,0.0014998144784756893,0.0014973492507012673,0.0018079451049151205,0.0009032600006689036,0.0004236129293269685,0.0002193050265506349,0.0002064356273322325,0.00017169038299149342,0.00016857700975784766,0.0,9.0,18.0,27.0,36.0,45.0,54.0,-9.0,-18.0,-27.0,-36.0,-45.0,ok,,3,3,True,2.8,8,11,,31916135.523349635,0.08865593200930454,True
2.0.0,C0245,plain,C,lhs,3921baad1798760a494c913428d2f3d4da8fc15e,2026-10-10T04:27:02+00:00,200.0,12.0,0.4064,0.0318,250.0,0.8128,A,j2,SR5 and beyond excluded,12.779874213836477,0.005,0.0006611633992809267,0.03742353133550462,138844313.8489946,7858941580.45597,0.001016,29.52755905511811,,,False,0.0016706856888643257,SR2,12.522825523809535,10.897225523809535,1.6256,918934.4200412638,12.522825523809535,1.6256,0.001669647192700287,0.00101716530737611,0.0016706856888643257,0.001503202680814177,0.0015591250182640424,0.0014728080547285573,0.0018185730674482265,0.0008387498348420885,0.00046860003409779024,0.0003681131567364828,0.0003591937394472036,0.00035497222375739255,0.000355180672195314,0.0,12.0,24.0,36.0,48.0,60.0,72.0,-12.0,-24.0,-36.0,-48.0,-60.0,ok,,3,3,True,3.33,10,11,,65511254.884545006,0.18197570801262503,True
2.0.0,C0246,plain,C,lhs,3921baad1798760a494c913428d2f3d4da8fc15e,2026-10-10T04:27:05+00:00,70.0,9.0,0.4064,0.0318,200.0,0.8128,A,j2,SR5 and beyond excluded,12.779874213836477,0.014285714285714285,0.0006611633992809267,0.03742353133550462,138844313.8489946,7858941580.45597,0.002902857142857143,22.145669291338585,,,False,0.0055634128508297515,SR2,9.487144584717601,9.487144584717601,0.0,1787765.5967442687,9.487144584717601,0.0,0.0055634128508297515,0.0018653420455947297,0.0055634128508297515,0.00422930128173819,0.004458837187746794,0.00409341765115691,0.0065439965293799,0.0014093070095828836,0.000847050894781989,0.000361487699552154,0.00036500178736453284,0.00030594629328364826,0.00026441624906000137,0.0,9.0,18.0,27.0,36.0,45.0,54.0,-9.0,-18.0,-27.0,-36.0,-45.0,ok,,3,3,True,7.01,9,11,,52409003.907636,0.1455805664101,True
2.0.0,C0247,plain,C,lhs,3921baad1798760a494c913428d2f3d4da8fc15e,2026-10-10T04:27:12+00:00,60.0,9.0,0.6096,0.0127,120.0,1.2192,A,j2,SR5 and beyond excluded,48.00000000000001,0.016666666666666666,0.0010611209796460759,0.023815251517582365,222835405.72567594,5001202818.692297,0.00508,14.763779527559054,,,False,0.010116390442039347,SR2,9.580106666666666,9.580106666666666,0.0,1974806.8043460539,9.580106666666666,0.0,0.010116390442039347,0.0030033110631745015,0.010116390442039347,0.00790636678098594,0.008339416463649564,0.007573872883431126,0.013024523668978794,0.0015741084249668927,0.0014617532277681306,0.000555376632034954,0.0006787243326450013,0.0003966685946425901,0.0002974230460769852,0.0,9.0,18.0,27.0,36.0,45.0,54.0,-9.0,-18.0,-27.0,-36.0,-45.0,ok,,5,5,True,18.84,9,11,,49413628.87270754,0.1372600802019654,True
2.0.0,C0248,plain,C,lhs,3921baad1798760a494c913428d2f3d4da8fc15e,2026-10-10T04:27:31+00:00,200.0,14.0,0.2191,0.0127,160.0,0.4382,A,j2,SR5 and beyond excluded,17.251968503937007,0.005,4.4018358973964884e-05,0.008234993991001853,9243855.384532625,1729348738.1103892,0.00054775,63.89776357827476,,,False,0.002891474315163349,SR2,14.255544781045757,14.255544781045757,0.0,116828.50012431902,14.255544781045757,0.0,0.002891474315163349,0.0016837584255717823,0.002891474315163349,0.002792744897540458,0.0028173390250094375,0.002745549910878366,0.0030803203928225845,0.000965706302928548,0.0009488891207700596,0.0009866014800705225,0.0009784149725917159,0.0009787324513367967,0.0009781476671049704,0.0,14.0,28.0,42.0,56.0,70.0,84.0,-14.0,-28.0,-42.0,-56.0,-70.0,ok,,3,3,True,5.04,11,11,,190536143.88965824,0.5292670663601617,True
2.0.0,C0249,plain,C,lhs,3921baad1798760a494c913428d2f3d4da8fc15e,2026-10-10T04:27:36+00:00,200.0,12.0,0.2731,0.011,160.0,0.5462,A,j2,SR5 and beyond excluded,24.827272727272728,0.005,7.791443314473457e-05,0.009057525779564741,16362030.96039426,1902080413.7085958,0.00068275,43.93994873672647,,,False,0.0023639691803471943,SR2,12.47636664285716,11.93016664285716,0.5462,151536.09860445466,11.664862214285728,0.5462,0.002351794814923791,0.001484295265675175,0.0023639691803471943,0.0021956084833504586,0.0021789800633302057,0.0021514909095790365,0.0025923604684456435,0.0010156226176337455,0.000886490268387653,0.0008834497536829532,0.0008734360829995134,0.000874563519774245,0.000873694330079698,0.0,12.0,24.0,36.0,48.0,60.0,72.0,-12.0,-24.0,-36.0,-48.0,-60.0,ok,,3,3,True,4.27,10,11,,173233180.69268596,0.48120327970190546,True
2.0.0,C0250,plain,C,lhs,3921baad1798760a494c913428d2f3d4da8fc15e,2026-10-10T04:27:40+00:00,200.0,7.5,0.2731,0.0191,0.0,0.5462,A,j2,SR5 and beyond excluded,14.29842931937173,0.005,0.00012360704744662624,0.015241122599625529,25957479.963791512,3200635745.921361,0.00068275,27.462467960454045,,,False,0.0007970914789426961,SR2,7.898436778846152,6.806036778846153,1.0924,150359.5963234593,7.898436778846152,1.0924,0.0007952113298209066,0.0005185934410634167,0.0007970914789426961,0.0007019046850188669,0.0007228153063235024,0.0007279933226838204,0.0008768858602980262,0.0003918861455662864,0.00011193176619200024,3.85820052640352e-05,2.6179419887441143e-05,2.1243593997237647e-05,2.2280567636412595e-05,0.0,7.5,15.0,22.5,30.0,37.5,45.0,-7.5,-15.0,-22.5,-30.0,-37.5,ok,,3,3,True,13.78,10,11,,0.0,0.0,True
2.0.0,C0251,plain,C,lhs,3921baad1798760a494c913428d2f3d4da8fc15e,2026-10-10T04:27:54+00:00,200.0,6.0,0.4064,0.0318,80.0,0.8128,A,j2,SR5 and beyond excluded,12.779874213836477,0.005,0.0006611633992809267,0.03742353133550462,138844313.8489946,7858941580.45597,0.001016,14.763779527559056,,,False,0.001171988138099592,SR2,6.621748088888896,4.996148088888896,1.6256,726815.1649570905,6.621748088888896,1.6256,0.0011716671695066608,0.0008055360174952851,0.001171988138099592,0.0011190500401793545,0.0011368398223630949,0.0011994425948511815,0.0013500085006597513,0.000676312543333477,0.0003718944776452414,0.00016603551640325022,0.00016927499561824003,0.00012847015614750229,0.00010790461778044751,0.0,6.0,12.0,18.0,24.0,30.0,36.0,-6.0,-12.0,-18.0,-24.0,-30.0,ok,,3,3,True,1.8,7,11,,20963601.5630544,0.05823222656404001,True
2.0.0,C0252,plain,C,lhs,3921baad1798760a494c913428d2f3d4da8fc15e,2026-10-10T04:27:56+00:00,105.0,14.0,0.6096,0.011,250.0,1.2192,A,j2,SR5 and beyond excluded,55.41818181818182,0.009523809523809525,0.0009268497527332657,0.02068613098682734,194638448.0739858,4344087507.233741,0.002902857142857143,22.96587926509186,,,False,0.008059674682901452,SR2,14.459137032258077,14.459137032258077,0.0,1600009.7568234424,14.459137032258077,0.0,0.008059674682901452,0.0023211869619081523,0.008059674682901452,0.006614635770263468,0.006798475022615903,0.006391648676626524,0.010032422160796575,0.0014901941853205053,0.0011864036850480677,0.0006692349443441816,0.0006617576587934552,0.0006186832151019384,0.000600079046269371,0.0,14.0,28.0,42.0,56.0,70.0,84.0,-14.0,-28.0,-42.0,-56.0,-70.0,ok,,3,3,True,13.93,9,11,,118517208.53750694,0.3292144681597415,True
2.0.0,C0253,plain,C,lhs,3921baad1798760a494c913428d2f3d4da8fc15e,2026-10-10T04:28:10+00:00,105.0,7.5,0.2731,0.011,40.0,0.5462,A,j2,SR5 and beyond excluded,24.827272727272728,0.009523809523809525,7.791443314473457e-05,0.009057525779564741,16362030.96039426,1902080413.7085958,0.0013004761904761904,27.462467960454045,,,False,0.0018272297703821906,SR2,7.9497074175824185,6.857307417582419,1.0924,191214.57260358997,7.9497074175824185,1.0924,0.0018233300811173034,0.001132268588364441,0.0018272297703821906,0.0015764544921364652,0.0016552533580126072,0.0015489466841720906,0.0020060626862866172,0.0009642043285494847,0.00044521929686996346,0.0002707267593445868,0.0002486338019758394,0.00022334538361806956,0.0002299717655972001,0.0,7.5,15.0,22.5,30.0,37.5,45.0,-7.5,-15.0,-22.5,-30.0,-37.5,ok,,3,3,True,2.44,10,11,,43308295.17317149,0.12030081992547637,True
2.0.0,C0254,plain,C,lhs,3921baad1798760a494c913428d2f3d4da8fc15e,2026-10-10T04:28:12+00:00,150.0,14.0,0.2731,0.0254,250.0,0.5462,A,j2,SR5 and beyond excluded,10.75196850393701,0.006666666666666667,0.0001531843684968715,0.01976558150747248,32168717.384343017,4150772116.569221,0.0009103333333333334,51.26327352618088,,,False,0.0028379861402357733,SR2,14.202626679738572,14.202626679738572,0.0,417446.86254826887,14.202626679738572,0.0,0.0028379861402357733,0.0015273836149764966,0.0028379861402357733,0.0026018502447124254,0.0026470002166833614,0.0025212915868532276,0.003142950034176468,0.0008273120184398363,0.0006665324300756078,0.0006872425979212547,0.0006659635890778995,0.0006686518793120283,0.0006678518966021713,0.0,14.0,28.0,42.0,56.0,70.0,84.0,-14.0,-28.0,-42.0,-56.0,-70.0,ok,,3,3,True,5.55,11,11,,124036952.77435355,0.34454709103987097,True
2.0.0,C0255,plain,C,lhs,3921baad1798760a494c913428d2f3d4da8fc15e,2026-10-10T04:28:18+00:00,60.0,14.0,0.1683,0.0159,200.0,0.3366,A,j2,SR5 and beyond excluded,10.584905660377359,0.016666666666666666,2.234156640690647e-05,0.007612581654472642,4691728.945450358,1598642147.4392548,0.0014025,83.184789067142,,,False,,,,,,,,,,,,,,,,,,,,,,,,,,,,,,,,,,failed,no position converged,1,0,False,32.14,,,,257643213.43570143,0.7156755928769484,
2.0.0,C0256,plain,C,lhs,3921baad1798760a494c913428d2f3d4da8fc15e,2026-10-10T04:28:50+00:00,60.0,6.0,0.3239,0.011,80.0,0.6478,A,j2,SR5 and beyond excluded,29.44545454545455,0.016666666666666666,0.00013249688319615481,0.010813047754390724,27824345.471192513,2270740028.422052,0.002699166666666667,18.524235875270143,,,False,0.004854274371373874,SR2,6.054426111111113,6.054426111111113,0.0,414669.5021183739,6.054426111111113,0.0,0.004854274371373874,0.0019270964423653534,0.004854274371373874,0.003744062196427241,0.00410651345340819,0.0036959356573944948,0.005378550562825542,0.0014823488660872515,0.0009466396124343232,0.00044101073754571947,0.0005067067893717102,0.00041034526158472697,0.00036485936588109396,0.0,6.0,12.0,18.0,24.0,30.0,36.0,-6.0,-12.0,-18.0,-24.0,-30.0,ok,,3,3,True,4.75,9,11,,72554197.28276281,0.20153943689656337,True
2.0.0,C0257,plain,C,lhs,3921baad1798760a494c913428d2f3d4da8fc15e,2026-10-10T04:28:55+00:00,85.0,9.0,0.2191,0.011,80.0,0.4382,A,j2,SR5 and beyond excluded,19.918181818181818,0.011764705882352941,3.903737256749949e-05,0.007191419743332391,8197848.239174892,1510198146.0998023,0.0012888235294117646,41.07713372889092,,,False,0.0031068116620638557,SR2,9.448521861591693,8.572121861591693,0.8764,137342.53354242232,9.448521861591693,0.8764,0.003082645465930637,0.0014381688990806807,0.0031068116620638557,0.002726763873054829,0.0027698000395731085,0.002668582025235973,0.0035186161037559886,0.0009895344991938779,0.0006943605739810463,0.0005688149910911933,0.000566518193488494,0.0005554988479747984,0.0005572835775455668,0.0,9.0,18.0,27.0,36.0,45.0,54.0,-9.0,-18.0,-27.0,-36.0,-45.0,ok,,3,3,True,3.91,10,11,,109092783.90089634,0.30303551083582314,True
2.0.0,C0258,plain,C,lhs,3921baad1798760a494c913428d2f3d4da8fc15e,2026-10-10T04:28:59+00:00,150.0,10.5,0.508,0.0254,160.0,1.016,A,j2,SR5 and beyond excluded,20.0,0.006666666666666667,0.0011242345390208087,0.03850976841140984,236089253.19436982,8087051366.396067,0.0016933333333333334,20.669291338582678,,,False,0.0023252144904306665,SR2,11.148303738317754,11.148303738317754,0.0,1840676.2198061594,11.148303738317754,0.0,0.0023252144904306665,0.0014020731200890925,0.0023252144904306665,0.0019519930667459846,0.002079397667390646,0.0019429880968532477,0.0026819265351922658,0.0011436692998550101,0.0005302634728629931,0.00028131154199346917,0.0002524605827515006,0.00021690587011192848,0.00022263112320247078,0.0,10.5,21.0,31.5,42.0,52.5,63.0,-10.5,-21.0,-31.5,-42.0,-52.5,ok,,3,3,True,5.48,9,11,,40744571.17574124,0.113179364377059,True
2.0.0,C0259,plain,C,lhs,3921baad1798760a494c913428d2f3d4da8fc15e,2026-10-10T04:29:04+00:00,250.0,14.0,0.6096,0.0127,80.0,1.2192,A,j2,SR5 and beyond excluded,48.00000000000001,0.004,0.0010611209796460759,0.023815251517582365,222835405.72567594,5001202818.692297,0.0012192000000000001,22.96587926509186,,,False,0.0016511794292930954,SR2,14.305534802580636,11.867134802580637,2.4384,1088766.95086142,14.305534802580636,2.4384,0.001650751055665174,0.001048079332448672,0.0016511794292930954,0.0014209908995642935,0.0015020104218090742,0.0014301722276153668,0.0018228966976389105,0.0008859602662104615,0.00037977168509481193,0.00021453472799386482,0.00020878346209609997,0.00019214476522007873,0.00019654851690740647,0.0,14.0,28.0,42.0,56.0,70.0,84.0,-14.0,-28.0,-42.0,-56.0,-70.0,ok,,3,3,True,7.44,10,11,,32942419.248471692,0.09150672013464359,True
2.0.0,C0260,plain,C,lhs,3921baad1798760a494c913428d2f3d4da8fc15e,2026-10-10T04:29:12+00:00,150.0,6.0,0.2191,0.008,120.0,0.4382,A,j2,SR5 and beyond excluded,27.3875,0.006666666666666667,2.959632873469869e-05,0.00530552167338244,6215229.034286724,1114159551.4103124,0.0007303333333333333,27.38475581926061,,,False,0.0023353743407362156,SR2,6.228375863636364,5.790175863636364,0.4382,55868.407487600045,6.228375863636364,0.4382,0.002299117200380632,0.0015235652222354268,0.0023353743407362156,0.0021318874636718594,0.002187941946610714,0.0021466237583100097,0.0024948813111980916,0.0013283609403787937,0.0011679526649419278,0.001081244583511074,0.0010758845506352592,0.0010682284497806394,0.0010695502290066718,0.0,6.0,12.0,18.0,24.0,30.0,36.0,-6.0,-12.0,-18.0,-24.0,-30.0,ok,,3,3,True,2.06,10,11,,221806275.1310473,0.616128542030687,True
2.0.0,C0261,plain,C,lhs,3921baad1798760a494c913428d2f3d4da8fc15e,2026-10-10T04:29:14+00:00,150.0,14.0,0.3239,0.0159,40.0,0.6478,A,j2,SR5 and beyond excluded,20.371069182389938,0.006666666666666667,0.0001829216049164138,0.015385007543159938,38413537.0324469,3230851584.063587,0.0010796666666666667,43.223217042297,,,False,0.0015656664089247249,SR2,14.122349398692805,14.122349398692805,0.0,339895.9085372794,14.122349398692805,0.0,0.0015656664089247249,0.0008799965239766225,0.0015656664089247249,0.001386704613586504,0.0014449620101534115,0.0013433098407512496,0.00170502510005477,0.0006943262983421453,0.0002771055266656176,0.00022925536688498576,0.00018794527190425328,0.00019714663618733858,0.00019377566169659707,0.0,14.0,28.0,42.0,56.0,70.0,84.0,-14.0,-28.0,-42.0,-56.0,-70.0,ok,,3,3,True,13.38,11,11,,25496640.082857717,0.07082400023016032,True
2.0.0,C0262,plain,C,lhs,3921baad1798760a494c913428d2f3d4da8fc15e,2026-10-10T04:29:27+00:00,150.0,12.0,0.508,0.021,40.0,1.016,A,j2,SR5 and beyond excluded,24.19047619047619,0.006666666666666667,0.0009542734829624907,0.032129068068262816,200397431.42212304,6747104294.335192,0.0016933333333333334,23.62204724409449,,,False,0.002127040534293984,SR2,12.750654488188975,12.750654488188975,0.0,1544132.7008455512,12.750654488188975,0.0,0.002127040534293984,0.0013044698223263695,0.002127040534293984,0.0018046462233940496,0.0018734452499169242,0.0018213011980384843,0.0023673546780127556,0.0010429950032294344,0.00038843101547658465,0.00014844643337081446,0.00012388899127202462,8.59911628444739e-05,9.776643149425672e-05,0.0,12.0,24.0,36.0,48.0,60.0,72.0,-12.0,-24.0,-36.0,-48.0,-60.0,ok,,3,3,True,17.4,10,11,,12209068.721401274,0.03391407978167021,True
2.0.0,C0263,plain,C,lhs,3921baad1798760a494c913428d2f3d4da8fc15e,2026-10-10T04:29:44+00:00,85.0,12.0,0.3239,0.0127,80.0,0.6478,A,j2,SR5 and beyond excluded,25.50393700787402,0.011764705882352941,0.00015055842404539306,0.012416328149223721,31617269.04953254,2607428911.3369813,0.0019052941176470588,37.04847175054029,,,False,0.0041054041083227796,SR2,11.975140205415503,11.975140205415503,0.0,455898.78597851505,11.975140205415503,0.0,0.0041054041083227796,0.001477095438612605,0.0041054041083227796,0.0033838715593474643,0.0034891944575873818,0.003327007588547858,0.0048236168883484965,0.0011104421108948698,0.0006490804407331144,0.0003833710223284402,0.00037559493115921444,0.0003500230164530945,0.0003565350475090224,0.0,12.0,24.0,36.0,48.0,60.0,72.0,-12.0,-24.0,-36.0,-48.0,-60.0,ok,,3,3,True,9.3,10,11,,63185507.87086354,0.17551529964128762,True
2.0.0,C0264,plain,C,lhs,3921baad1798760a494c913428d2f3d4da8fc15e,2026-10-10T04:29:54+00:00,85.0,14.0,0.508,0.0159,80.0,1.016,A,j2,SR5 and beyond excluded,31.949685534591193,0.011764705882352941,0.0007448524635677762,0.024581046142821444,156419017.349233,5162019689.992503,0.002988235294117647,27.559055118110237,,,False,0.006098414826749237,SR2,13.859643263757114,13.859643263757114,0.0,1595046.710402273,13.859643263757114,0.0,0.006098414826749237,0.0019054676946376,0.006098414826749237,0.004714850324302984,0.004941187943393915,0.004469207621324635,0.0072799240693184825,0.0012743366528242177,0.0008249776460349565,0.00030072813508650876,0.00027590718542436926,0.00020954548811054566,0.00020268274166221573,0.0,14.0,28.0,42.0,56.0,70.0,84.0,-14.0,-28.0,-42.0,-56.0,-70.0,ok,,3,3,True,20.94,9,11,,31916135.523349635,0.08865593200930454,True
2.0.0,C0265,plain,C,lhs,3921baad1798760a494c913428d2f3d4da8fc15e,2026-10-10T04:30:15+00:00,70.0,14.0,0.2191,0.0159,200.0,0.4382,A,j2,SR5 and beyond excluded,13.779874213836477,0.014285714285714285,5.2708310050139945e-05,0.010150108872630187,11068745.11052939,2131522863.2523391,0.001565,63.89776357827476,,,False,0.019547805107417132,SR3,28.254799411764694,28.254799411764694,0.0,248598.02995634094,28.254799411764694,0.0,0.019547805107417132,0.009443755282584457,0.017902079789576874,0.019547805107417132,0.018757745189943435,0.014700157146263194,0.01599776125677488,0.00173648684095663,0.005508803376980416,0.005588763544878831,0.005619695875214933,0.005617263471439855,0.005613393821983286,0.0,14.0,28.0,42.0,56.0,70.0,84.0,-14.0,-28.0,-42.0,-56.0,-70.0,ok,,3,3,True,23.55,10,11,,193232410.07677612,0.5367566946577115,False
2.0.0,C0266,plain,C,lhs,3921baad1798760a494c913428d2f3d4da8fc15e,2026-10-10T04:30:38+00:00,85.0,14.0,0.6096,0.0254,80.0,1.2192,A,j2,SR5 and beyond excluded,24.000000000000004,0.011764705882352941,0.00199250058602263,0.04661708807696972,418425123.06475234,9789588496.163641,0.0035858823529411766,22.96587926509186,,,False,0.00674215969699581,SR2,14.524138686907008,14.524138686907008,0.0,3652579.5305525786,14.524138686907008,0.0,0.00674215969699581,0.0020956391889270266,0.00674215969699581,0.004772470592864969,0.005103558047196435,0.004550364933455541,0.007927510044755792,0.0013311931076421544,0.0009655944231581288,0.00024972672162768163,0.00025068431687211485,0.00016459468082366714,0.00010926050893182055,0.0,14.0,28.0,42.0,56.0,70.0,84.0,-14.0,-28.0,-42.0,-56.0,-70.0,ok,,4,4,True,35.85,9,11,,16829279.398675762,0.04674799832965489,True
2.0.0,C0267,plain,C,lhs,3921baad1798760a494c913428d2f3d4da8fc15e,2026-10-10T04:31:14+00:00,70.0,6.0,0.2191,0.0191,160.0,0.4382,A,j2,SR5 and beyond excluded,11.471204188481675,0.014285714285714285,6.0551674992184064e-05,0.012000883936713006,12715851.748358654,2520185626.709731,0.001565,27.38475581926061,,,False,0.0033760819576684753,SR2,6.296031396103894,5.857831396103894,0.4382,213404.76069436694,6.296031396103894,0.4382,0.0033386862395869505,0.0015038148225305155,0.0033760819576684753,0.0028930290125144063,0.0030303413201520704,0.0028960622830286244,0.0037366730491473965,0.0012951526557714301,0.0009024099193499818,0.0006680346892050291,0.0006614547598760443,0.0006423014037632828,0.0006371652698557134,0.0,6.0,12.0,18.0,24.0,30.0,36.0,-6.0,-12.0,-18.0,-24.0,-30.0,ok,,3,3,True,3.04,9,11,,130745702.42279673,0.3631825067299909,True
2.0.0,C0268,plain,C,lhs,3921baad1798760a494c913428d2f3d4da8fc15e,2026-10-10T04:31:17+00:00,85.0,6.0,0.3239,0.011,120.0,0.6478,A,j2,SR5 and beyond excluded,29.44545454545455,0.011764705882352941,0.00013249688319615481,0.010813047754390724,27824345.471192513,2270740028.422052,0.0019052941176470588,18.524235875270143,,,False,0.003517431635071715,SR2,6.004607973856208,6.004607973856208,0.0,343984.61832910124,6.004607973856208,0.0,0.003517431635071715,0.0016893639584411079,0.003517431635071715,0.00283160988645264,0.003064377073329621,0.002788039382296089,0.0038906394258525455,0.0014272181521840497,0.0009133353638241243,0.0005802123605330819,0.0005956553218240188,0.0005540252293883879,0.0005265672994988385,0.0,6.0,12.0,18.0,24.0,30.0,36.0,-6.0,-12.0,-18.0,-24.0,-30.0,ok,,3,3,True,3.26,9,11,,108831295.92414421,0.30230915534484504,True
2.0.0,C0269,plain,C,lhs,3921baad1798760a494c913428d2f3d4da8fc15e,2026-10-10T04:31:20+00:00,60.0,12.0,0.4064,0.021,200.0,0.8128,A,j2,SR5 and beyond excluded,19.35238095238095,0.016666666666666666,0.00047348021490912356,0.025426165982563635,99430845.13091595,5339494856.338364,0.0033866666666666667,29.52755905511811,,,False,0.010557250585513543,SR2,12.304592125984264,12.304592125984264,0.0,1353179.459467879,12.304592125984264,0.0,0.010557250585513543,0.0025445942945791214,0.010557250585513543,0.009060292282535827,0.008994398929107904,0.008908372271205434,0.012815340669693635,0.0014660094232091948,0.0010790228244816485,0.00048536475996154764,0.00047460901074861014,0.0004292391647515964,0.00040772478874315547,0.0,12.0,24.0,36.0,48.0,60.0,72.0,-12.0,-24.0,-36.0,-48.0,-60.0,ok,,5,5,True,23.48,9,11,,77138252.04102777,0.21427292233618825,True
2.0.0,C0270,plain,C,lhs,3921baad1798760a494c913428d2f3d4da8fc15e,2026-10-10T04:31:44+00:00,200.0,7.5,0.3239,0.0159,0.0,0.6478,A,j2,SR5 and beyond excluded,20.371069182389938,0.005,0.0001829216049164138,0.015385007543159938,38413537.0324469,3230851584.063587,0.00080975,23.15529484408768,,,False,0.0009425241015249484,SR2,8.018964663461535,6.723364663461535,1.2956,222598.95546661195,8.018964663461535,1.2956,0.0009372585349122112,0.0006019895807007825,0.0009425241015249484,0.000844118114203968,0.0008329819111730028,0.0008756955898496976,0.0010160000304303034,0.0004854591973918072,0.00015303144790045534,3.646516604053956e-05,2.9478173791306556e-05,1.5553409235062475e-05,1.9340884435906322e-05,0.0,7.5,15.0,22.5,30.0,37.5,45.0,-7.5,-15.0,-22.5,-30.0,-37.5,ok,,3,3,True,13.63,9,11,,0.0,0.0,True
2.0.0,C0271,plain,C,lhs,3921baad1798760a494c913428d2f3d4da8fc15e,2026-10-10T04:31:58+00:00,60.0,12.0,0.508,0.0159,200.0,1.016,A,j2,SR5 and beyond excluded,31.949685534591193,0.016666666666666666,0.0007448524635677762,0.024581046142821444,156419017.349233,5162019689.992503,0.004233333333333334,23.62204724409449,,,False,0.012708671690437644,SR2,12.512646875000002,12.512646875000002,0.0,1698873.590859266,12.512646875000002,0.0,0.012708671690437644,0.00306588737894927,0.012708671690437644,0.011117913215976164,0.011174568252971185,0.01085717303306951,0.017056807702164358,0.001564788138923509,0.0013077422765886658,0.0005279656662664299,0.0005449497960294454,0.00046296298675924075,0.00040117835053001314,0.0,12.0,24.0,36.0,48.0,60.0,72.0,-12.0,-24.0,-36.0,-48.0,-60.0,ok,,5,5,True,41.69,9,11,,79790338.80837409,0.22163983002326137,True
2.0.0,C0272,plain,C,lhs,3921baad1798760a494c913428d2f3d4da8fc15e,2026-10-10T04:32:39+00:00,150.0,10.5,0.4064,0.0191,250.0,0.8128,A,j2,SR5 and beyond excluded,21.277486910994764,0.006666666666666667,0.0004368081024982484,0.023239711743444753,91729701.52463216,4880339466.123398,0.0013546666666666666,25.836614173228348,,,False,0.002588685636424221,SR2,10.964418037735857,10.151618037735858,0.8128,779309.6552862568,10.964418037735857,0.8128,0.0025673998281605407,0.001338373419259275,0.002588685636424221,0.0021785672799547223,0.00224998738630675,0.002141439527617695,0.002914881378094218,0.0011620196655421433,0.0007522875585927098,0.0005584245526170185,0.0005497914679388812,0.0005298143062831512,0.0005346326130811756,0.0,10.5,21.0,31.5,42.0,52.5,63.0,-10.5,-21.0,-31.5,-42.0,-52.5,ok,,3,3,True,4.09,10,11,,105494531.38942409,0.29304036497062247,True
2.0.0,C0273,plain,C,lhs,3921baad1798760a494c913428d2f3d4da8fc15e,2026-10-10T04:32:43+00:00,85.0,14.0,0.4064,0.0159,200.0,0.8128,A,j2,SR5 and beyond excluded,25.559748427672954,0.011764705882352941,0.00037242560769829995,0.01950599170650634,78209377.616643,4096258258.3663316,0.0023905882352941174,34.4488188976378,,,False,0.007432783112654887,SR2,14.466945454545446,14.466945454545446,0.0,986060.8009380099,14.466945454545446,0.0,0.007432783112654887,0.002206264565458599,0.007432783112654887,0.006610981430424856,0.006639168307273837,0.006405400564226365,0.008770008769414698,0.001224155059209451,0.0009018826322012384,0.0005852234950051793,0.0005699438244359165,0.0005332959406529943,0.0005410730300972259,0.0,14.0,28.0,42.0,56.0,70.0,84.0,-14.0,-28.0,-42.0,-56.0,-70.0,ok,,3,3,True,11.12,10,11,,100550129.90422767,0.2793059164006324,True
2.0.0,C0274,plain,C,lhs,3921baad1798760a494c913428d2f3d4da8fc15e,2026-10-10T04:32:54+00:00,70.0,10.5,0.1683,0.0127,40.0,0.3366,A,j2,SR5 and beyond excluded,13.25196850393701,0.014285714285714285,1.8913676266636105e-05,0.006208164074611863,3971872.015993582,1303714455.6684914,0.0012021428571428571,62.3885918003565,,,False,0.002859735334754214,SR2,10.96072983333333,10.28752983333333,0.6732,95163.56819673636,10.96072983333333,0.6732,0.002736854543204878,0.001340305191670476,0.002859735334754214,0.0024643344271601014,0.0024774298904800683,0.0023643015739208888,0.0031479315830014857,0.0006946350802122757,0.00044050893865265597,0.00036819172309038886,0.0003710492746824793,0.00037068081480375964,0.00037005597398179105,0.0,10.5,21.0,31.5,42.0,52.5,63.0,-10.5,-21.0,-31.5,-42.0,-52.5,ok,,3,3,True,4.97,10,11,,63185507.87086352,0.17551529964128756,True
2.0.0,C0275,plain,C,lhs,3921baad1798760a494c913428d2f3d4da8fc15e,2026-10-10T04:32:59+00:00,120.0,10.5,0.3239,0.011,160.0,0.6478,A,j2,SR5 and beyond excluded,29.44545454545455,0.008333333333333333,0.00013249688319615481,0.010813047754390724,27824345.471192513,2270740028.422052,0.0013495833333333335,32.41741278172275,,,False,0.003661492607790001,SR2,10.958864970518878,10.311064970518878,0.6478,303306.65011187,10.147184557783032,0.6478,0.0036181752248158196,0.0016262361835197292,0.003661492607790001,0.0032408854538263816,0.003287992808767416,0.0031749727877722162,0.0040740174654303645,0.0011957869618429316,0.0009197596543293084,0.0007426348684019959,0.0007396440660994331,0.0007250790373629254,0.0007280670683443417,0.0,10.5,21.0,31.5,42.0,52.5,63.0,-10.5,-21.0,-31.5,-42.0,-52.5,ok,,3,3,True,4.63,10,11,,145108394.56552562,0.40307887379312674,True
2.0.0,C0276,plain,C,lhs,3921baad1798760a494c913428d2f3d4da8fc15e,2026-10-10T04:33:04+00:00,120.0,7.5,0.4064,0.0127,40.0,0.8128,A,j2,SR5 and beyond excluded,32.0,0.008333333333333333,0.00030465726249162664,0.015707931852022416,63978025.123241596,3298665688.9247074,0.0016933333333333334,18.45472440944882,,,False,0.001988165126925286,SR2,7.782200757575758,7.782200757575758,0.0,569525.9052545228,7.782200757575758,0.0,0.001988165126925286,0.0013477940525428288,0.001988165126925286,0.00184421901430341,0.001910728808268029,0.0019197232476669307,0.0023862039899117562,0.001074439392647918,0.0005265072528094774,0.00021712016390260607,0.00023221376460582125,0.00017279254505280097,0.0001315671047982124,0.0,7.5,15.0,22.5,30.0,37.5,45.0,-7.5,-15.0,-22.5,-30.0,-37.5,ok,,3,3,True,3.23,8,11,,24972479.107712403,0.06936799752142334,True
2.0.0,C0277,plain,C,lhs,3921baad1798760a494c913428d2f3d4da8fc15e,2026-10-10T04:33:07+00:00,85.0,10.5,0.508,0.0159,80.0,1.016,A,j2,SR5 and beyond excluded,31.949685534591193,0.011764705882352941,0.0007448524635677762,0.024581046142821444,156419017.349233,5162019689.992503,0.002988235294117647,20.669291338582678,,,False,0.0051757453080171715,SR2,10.43968807036833,10.43968807036833,0.0,1560058.2342143776,10.43968807036833,0.0,0.0051757453080171715,0.0018991472183198528,0.0051757453080171715,0.003855184072421298,0.004136884175081361,0.0037729868154549244,0.006393927813866948,0.0013477608303467765,0.0008494780297108701,0.0002796642546319016,0.00029030425266122226,0.0002179312777513564,0.00016882770801431734,0.0,10.5,21.0,31.5,42.0,52.5,63.0,-10.5,-21.0,-31.5,-42.0,-52.5,ok,,3,3,True,11.03,9,11,,31916135.523349635,0.08865593200930454,True
2.0.0,C0278,plain,C,lhs,3921baad1798760a494c913428d2f3d4da8fc15e,2026-10-10T04:33:18+00:00,85.0,6.0,0.6096,0.0318,0.0,1.2192,A,j2,SR5 and beyond excluded,19.169811320754718,0.011764705882352941,0.0024162012662601526,0.05772374908076498,507402265.914632,12121987306.960646,0.0035858823529411766,9.84251968503937,,,False,0.004048263205821697,SR2,6.735279181585678,6.735279181585678,0.0,4209567.188720742,6.735279181585678,0.0,0.004048263205821697,0.002110765964829708,0.004048263205821697,0.003988844413612861,0.0035990680098331256,0.00419944715286724,0.005282107384566292,0.0013743999218444971,0.00116082597644046,0.00035023940886340165,0.0005784406226025874,0.00019881852530024595,7.659695169052377e-05,0.0,6.0,12.0,18.0,24.0,30.0,36.0,-6.0,-12.0,-18.0,-24.0,-30.0,ok,,3,3,True,7.53,6,11,,0.0,0.0,True
2.0.0,C0279,plain,C,lhs,3921baad1798760a494c913428d2f3d4da8fc15e,2026-10-10T04:33:26+00:00,60.0,10.5,0.3239,0.008,80.0,0.6478,A,j2,SR5 and beyond excluded,40.487500000000004,0.016666666666666666,9.91008060013135e-05,0.007939432954152137,20811169.260275833,1667280920.3719487,0.002699166666666667,32.41741278172275,,,False,0.007989321874862822,SR2,10.449486544811307,10.449486544811307,0.0,332242.27882022725,10.449486544811307,0.0,0.007989321874862822,0.0022914429391925266,0.007989321874862822,0.007011137940023668,0.007079891244559851,0.0068742483780489215,0.009394268701357856,0.001306503569024215,0.0010094913492616022,0.0005593330316684671,0.0005468849147932727,0.0005172353438073848,0.0005077364042151579,0.0,10.5,21.0,31.5,42.0,52.5,63.0,-10.5,-21.0,-31.5,-42.0,-52.5,ok,,3,3,True,9.34,9,11,,98814613.65445603,0.27448503792904455,True
2.0.0,C0280,plain,C,lhs,3921baad1798760a494c913428d2f3d4da8fc15e,2026-10-10T04:33:35+00:00,120.0,6.0,0.1683,0.0127,0.0,0.3366,A,j2,SR5 and beyond excluded,13.25196850393701,0.008333333333333333,1.8913676266636105e-05,0.006208164074611863,3971872.015993582,1303714455.6684914,0.00070125,35.650623885918,,,False,0.0008132465843290947,SR2,6.217804374999996,5.881204374999996,0.3366,38051.48943948533,6.217804374999996,0.3366,0.0008104020524553754,0.0005414506288958723,0.0008132465843290947,0.0007191960363997841,0.0007455101380172312,0.0007489962134802191,0.0008934334785260584,0.00041211399713570607,0.00012072942926500339,3.921284935600585e-05,2.4910053983640773e-05,2.1206242495562828e-05,2.1016156476844763e-05,0.0,6.0,12.0,18.0,24.0,30.0,36.0,-6.0,-12.0,-18.0,-24.0,-30.0,ok,,3,3,True,11.58,10,11,,0.0,0.0,True
2.0.0,C0281,plain,C,lhs,3921baad1798760a494c913428d2f3d4da8fc15e,2026-10-10T04:33:47+00:00,250.0,12.0,0.2191,0.0127,0.0,0.4382,A,j2,SR5 and beyond excluded,17.251968503937007,0.004,4.4018358973964884e-05,0.008234993991001853,9243855.384532625,1729348738.1103892,0.00043819999999999997,54.76951163852122,,,False,0.0005719242324365136,SR2,12.086613625600004,11.648413625600003,0.4382,47773.98471041195,12.086613625600004,0.4382,0.0005712264158161908,0.00031470629496304985,0.0005719242324365136,0.0005001463001791898,0.0005281185216131543,0.00047937139002714163,0.0006449932557075203,0.00020217416748879527,7.248584660740161e-05,9.1446414366565e-05,7.385663376076947e-05,7.785654880506694e-05,7.492894188069281e-05,0.0,12.0,24.0,36.0,48.0,60.0,72.0,-12.0,-24.0,-36.0,-48.0,-60.0,ok,,3,3,True,20.42,11,11,,0.0,0.0,True
2.0.0,C0282,plain,C,lhs,3921baad1798760a494c913428d2f3d4da8fc15e,2026-10-10T04:34:07+00:00,85.0,14.0,0.2191,0.011,120.0,0.4382,A,j2,SR5 and beyond excluded,19.918181818181818,0.011764705882352941,3.903737256749949e-05,0.007191419743332391,8197848.239174892,1510198146.0998023,0.0012888235294117646,63.89776357827476,,,False,0.00814584758149112,SR3,28.196130311418678,28.196130311418678,0.0,171631.4548497596,28.196130311418678,0.0,0.00814584758149112,0.0030018250510177504,0.008094023976460859,0.00814584758149112,0.008107889622883401,0.007365799281571689,0.009487912250700545,0.0009218481238615107,0.0008604234830268808,0.0008461093393382881,0.0008606820824632154,0.0008585459221560037,0.0008582319135378843,0.0,14.0,28.0,42.0,56.0,70.0,84.0,-14.0,-28.0,-42.0,-56.0,-70.0,ok,,3,3,True,12.3,10,11,,163639175.8513445,0.4545532662537347,True
2.0.0,C0283,plain,C,lhs,3921baad1798760a494c913428d2f3d4da8fc15e,2026-10-10T04:34:19+00:00,85.0,9.0,0.2731,0.008,160.0,0.5462,A,j2,SR5 and beyond excluded,34.1375,0.011764705882352941,5.858337318569159e-05,0.006662689699733241,12302508.368995234,1399164836.9439807,0.0016064705882352943,32.95496155254485,,,False,0.007618637157076055,SR2,9.305270747404847,9.305270747404847,0.0,155835.17068154435,9.305270747404847,0.0,0.007618637157076055,0.0029542297293819204,0.007618637157076055,0.007136640813999565,0.007237564467008661,0.007149186535316981,0.00875274687381805,0.0014513919306120904,0.0013386955626610527,0.0011652675037105394,0.0011540711149352842,0.0011490072281602557,0.0011497918539591738,0.0,9.0,18.0,27.0,36.0,45.0,54.0,-9.0,-18.0,-27.0,-36.0,-45.0,ok,,3,3,True,9.27,9,11,,235500086.4084698,0.6541669066901938,True
2.0.0,C0284,plain,C,lhs,3921baad1798760a494c913428d2f3d4da8fc15e,2026-10-10T04:34:29+00:00,120.0,14.0,0.6096,0.0127,160.0,1.2192,A,j2,SR5 and beyond excluded,48.00000000000001,0.008333333333333333,0.0010611209796460759,0.023815251517582365,222835405.72567594,5001202818.692297,0.00254,22.96587926509186,,,False,0.005284720899857498,SR2,14.424604903225806,14.424604903225806,0.0,1792011.611922012,14.424604903225806,0.0,0.005284720899857498,0.0018356796407446394,0.005284720899857498,0.0041351241480392705,0.004333441636052081,0.003981491527874909,0.006177253501312592,0.0013351627806605373,0.0008751601981917597,0.0004289733773530919,0.00041112029548195244,0.0003606879853628846,0.0003532119134188517,0.0,14.0,28.0,42.0,56.0,70.0,84.0,-14.0,-28.0,-42.0,-56.0,-70.0,ok,,3,3,True,11.9,9,11,,65884838.496943384,0.18301344026928718,True
2.0.0,C0285,plain,C,lhs,3921baad1798760a494c913428d2f3d4da8fc15e,2026-10-10T04:34:41+00:00,120.0,9.0,0.2731,0.011,250.0,0.5462,A,j2,SR5 and beyond excluded,24.827272727272728,0.008333333333333333,7.791443314473457e-05,0.009057525779564741,16362030.96039426,1902080413.7085958,0.0011379166666666666,32.95496155254485,,,False,0.005695988306044911,SR2,9.258164132352945,9.258164132352945,0.0,161030.83634283976,9.258164132352945,0.0,0.005695988306044911,0.002653184177401388,0.005695988306044911,0.005362094304322754,0.005414954936230562,0.005357607618896264,0.006324910523708312,0.0015097894662114218,0.0014242442346980538,0.0013219650726876934,0.0013232087365908066,0.0013149982497772652,0.0013163750818491813,0.0,9.0,18.0,27.0,36.0,45.0,54.0,-9.0,-18.0,-27.0,-36.0,-45.0,ok,,3,3,True,6.56,10,11,,270676844.8323218,0.7518801245342273,True
2.0.0,C0286,plain,C,lhs,3921baad1798760a494c913428d2f3d4da8fc15e,2026-10-10T04:34:47+00:00,105.0,7.5,0.3239,0.011,160.0,0.6478,A,j2,SR5 and beyond excluded,29.44545454545455,0.009523809523809525,0.00013249688319615481,0.010813047754390724,27824345.471192513,2270740028.422052,0.0015423809523809524,23.15529484408768,,,False,0.003448063659594704,SR2,7.59290423076923,7.59290423076923,0.0,305458.18776622275,7.59290423076923,0.0,0.003448063659594704,0.0016100645779747254,0.003448063659594704,0.002943299548353111,0.003049816606637702,0.002878837301108222,0.0038353779074483327,0.0013436569386592466,0.0009869115478245585,0.0007414195916370303,0.00073496847802396,0.0007126976095346766,0.0007067545185242151,0.0,7.5,15.0,22.5,30.0,37.5,45.0,-7.5,-15.0,-22.5,-30.0,-37.5,ok,,3,3,True,3.93,9,11,,145108394.56552562,0.40307887379312674,True
2.0.0,C0287,plain,C,lhs,3921baad1798760a494c913428d2f3d4da8fc15e,2026-10-10T04:34:51+00:00,200.0,12.0,0.4064,0.0191,40.0,0.8128,A,j2,SR5 and beyond excluded,21.277486910994764,0.005,0.0004368081024982484,0.023239711743444753,91729701.52463216,4880339466.123398,0.001016,29.52755905511811,,,False,0.001318864054966983,SR2,12.522825523809535,10.897225523809535,1.6256,555836.4782212491,12.522825523809535,1.6256,0.0013182747774354193,0.0008483722742278219,0.001318864054966983,0.0011407435034726271,0.0012051381814593162,0.0011232918062603586,0.0014469320078958523,0.000664069874525967,0.00024793980477310924,0.00014013052846242137,0.00012687113188069996,0.00012206995296278514,0.00012259358150263293,0.0,12.0,24.0,36.0,48.0,60.0,72.0,-12.0,-24.0,-36.0,-48.0,-60.0,ok,,3,3,True,10.58,10,11,,16879125.022307854,0.0468864583952996,True
2.0.0,C0288,plain,C,lhs,3921baad1798760a494c913428d2f3d4da8fc15e,2026-10-10T04:35:02+00:00,120.0,7.5,0.4064,0.0318,40.0,0.8128,A,j2,SR5 and beyond excluded,12.779874213836477,0.008333333333333333,0.0006611633992809267,0.03742353133550462,138844313.8489946,7858941580.45597,0.0016933333333333334,18.45472440944882,,,False,0.0018050078104564966,SR2,7.7922159090909116,6.166615909090911,1.6256,1189348.6033655428,7.7922159090909116,1.6256,0.0018036765860845413,0.001289693967460982,0.0018050078104564966,0.001762230973494159,0.0017720449272691135,0.001861316084290673,0.0022071886058663646,0.0010146330912402714,0.0004943859319229933,0.00016442528899644543,0.00017991513819439937,0.00011150889160052349,6.44992359273345e-05,0.0,7.5,15.0,22.5,30.0,37.5,45.0,-7.5,-15.0,-22.5,-30.0,-37.5,ok,,3,3,True,7.48,7,11,,10481800.7815272,0.029116113282020004,True
2.0.0,C0289,plain,C,lhs,3921baad1798760a494c913428d2f3d4da8fc15e,2026-10-10T04:35:09+00:00,85.0,9.0,0.3239,0.0191,80.0,0.6478,A,j2,SR5 and beyond excluded,16.958115183246075,0.011764705882352941,0.0002132260104680226,0.018289347119550634,44777462.198284745,3840762895.1056333,0.0019052941176470588,27.786353812905215,,,False,0.002957401913450776,SR2,9.406376381668945,8.758576381668945,0.6478,603973.4132830228,9.406376381668945,0.6478,0.0029182960575076787,0.0014866853389397196,0.002957401913450776,0.0023337318048746803,0.002451369780451692,0.0022988182072688317,0.0034104915902604723,0.0011751490711648833,0.0005952703838778317,0.00029733577154878165,0.00026564552209820897,0.0002312988944332106,0.00023615557772481302,0.0,9.0,18.0,27.0,36.0,45.0,54.0,-9.0,-18.0,-27.0,-36.0,-45.0,ok,,3,3,True,4.42,9,11,,42895571.661022514,0.11915436572506254,True
2.0.0,C0290,plain,C,lhs,3921baad1798760a494c913428d2f3d4da8fc15e,2026-10-10T04:35:14+00:00,200.0,12.0,0.4064,0.0318,160.0,0.8128,A,j2,SR5 and beyond excluded,12.779874213836477,0.005,0.0006611633992809267,0.03742353133550462,138844313.8489946,7858941580.45597,0.001016,29.52755905511811,,,False,0.0015031223553396496,SR2,12.522825523809535,10.897225523809535,1.6256,881423.4364927101,12.522825523809535,1.6256,0.001502284076983008,0.0009338317449912824,0.0015031223553396496,0.0013314675549376822,0.0013910673933812607,0.0013000895567233921,0.0016386122098701443,0.0007511767202854459,0.00035983397499820137,0.0002586340735695482,0.00024715473901779593,0.00024345447943434996,0.0002435249937899085,0.0,12.0,24.0,36.0,48.0,60.0,72.0,-12.0,-24.0,-36.0,-48.0,-60.0,ok,,3,3,True,3.89,10,11,,41927203.1261088,0.11646445312808001,True
2.0.0,C0291,plain,C,lhs,3921baad1798760a494c913428d2f3d4da8fc15e,2026-10-10T04:35:18+00:00,250.0,14.0,0.3239,0.0254,40.0,0.6478,A,j2,SR5 and beyond excluded,12.75196850393701,0.004,0.00026721440230657336,0.02381924134025246,56115024.4843804,5002040681.453016,0.0006478,43.223217042297,,,False,0.0009480917064264353,SR2,14.063847809150325,14.063847809150325,0.0,297539.56517075305,14.063847809150325,0.0,0.0009480917064264353,0.0005292278786134786,0.0009480917064264353,0.0008412582081859231,0.0008787902346327182,0.0008141307262731801,0.001043615662105492,0.00040308202068617074,0.00015960691493042612,0.00017496037157342821,0.00015006972864008508,0.00015552270726591348,0.00015309019762846759,0.0,14.0,28.0,42.0,56.0,70.0,84.0,-14.0,-28.0,-42.0,-56.0,-70.0,ok,,3,3,True,13.11,11,11,,16468450.627648847,0.045745696187913465,True
2.0.0,C0292,plain,C,lhs,3921baad1798760a494c913428d2f3d4da8fc15e,2026-10-10T04:35:31+00:00,105.0,14.0,0.2191,0.008,160.0,0.4382,A,j2,SR5 and beyond excluded,27.3875,0.009523809523809525,2.959632873469869e-05,0.00530552167338244,6215229.034286724,1114159551.4103124,0.0010433333333333332,63.89776357827476,,,False,0.01473610536233174,SR3,28.14398,28.14398,0.0,86764.53638020286,28.14398,0.0,0.01473610536233174,0.006203720474921175,0.013622535870074153,0.01473610536233174,0.013780348252127953,0.012695128448751614,0.015067862526457289,0.00225129166342918,0.0025857823192392063,0.002666880298958083,0.0026692138868122475,0.0026681136731305606,0.002667376033110421,0.0,14.0,28.0,42.0,56.0,70.0,84.0,-14.0,-28.0,-42.0,-56.0,-70.0,ok,,3,3,True,22.34,10,11,,295741700.17472976,0.8215047227075827,True
2.0.0,C0293,plain,C,lhs,3921baad1798760a494c913428d2f3d4da8fc15e,2026-10-10T04:35:53+00:00,105.0,10.5,0.4064,0.008,0.0,0.8128,A,j2,SR5 and beyond excluded,50.8,0.009523809523809525,0.0001987389278493023,0.010012884105521414,41735174.84835348,2102705662.159497,0.0019352380952380951,25.836614173228348,,,False,0.0021978874985781613,SR2,11.01866867924528,11.01866867924528,0.0,418309.8235463281,11.01866867924528,0.0,0.0021978874985781613,0.001337839074982621,0.0021978874985781613,0.00199413175616983,0.0019786705568147207,0.002115540161172152,0.0025565452461898974,0.001063695532727045,0.00048613769712389917,0.0001268521762317093,0.00010668967565461537,3.98226868819985e-05,2.8839266667453574e-05,0.0,10.5,21.0,31.5,42.0,52.5,63.0,-10.5,-21.0,-31.5,-42.0,-52.5,ok,,3,3,True,20.92,7,11,,0.0,0.0,True
2.0.0,C0294,plain,C,lhs,3921baad1798760a494c913428d2f3d4da8fc15e,2026-10-10T04:36:14+00:00,85.0,9.0,0.4064,0.008,80.0,0.8128,A,j2,SR5 and beyond excluded,50.8,0.011764705882352941,0.0001987389278493023,0.010012884105521414,41735174.84835348,2102705662.159497,0.0023905882352941174,22.145669291338585,,,False,0.004742358599671403,SR2,9.446919069767443,9.446919069767443,0.0,481173.0385502313,9.446919069767443,0.0,0.004742358599671403,0.0017230052157997922,0.004742358599671403,0.0037652102645230195,0.003971747742053054,0.0036540733836070475,0.005450155911477692,0.00137570564654411,0.0008408654550680402,0.0004590608307689572,0.0004591701892531333,0.00041559215975413446,0.00038724740850782757,0.0,9.0,18.0,27.0,36.0,45.0,54.0,-9.0,-18.0,-27.0,-36.0,-45.0,ok,,3,3,True,6.55,9,11,,78352250.13414314,0.21764513926150875,True
2.0.0,C0295,plain,C,lhs,3921baad1798760a494c913428d2f3d4da8fc15e,2026-10-10T04:36:20+00:00,150.0,10.5,0.4064,0.0191,200.0,0.8128,A,j2,SR5 and beyond excluded,21.277486910994764,0.006666666666666667,0.0004368081024982484,0.023239711743444753,91729701.52463216,4880339466.123398,0.0013546666666666666,25.836614173228348,,,False,0.0022837314915989874,SR2,10.964418037735857,10.151618037735858,0.8128,780647.5692956707,10.964418037735857,0.8128,0.002279660633136345,0.0012674608125006624,0.0022837314915989874,0.001989686645381246,0.002069164663692366,0.0019488481474372711,0.002606713974123772,0.0011001296568404996,0.0006526396543679075,0.00045859258551693595,0.00044991398433263106,0.0004294721966354207,0.0004346316449926151,0.0,10.5,21.0,31.5,42.0,52.5,63.0,-10.5,-21.0,-31.5,-42.0,-52.5,ok,,3,3,True,3.52,10,11,,84395625.11153926,0.23443229197649795,True
2.0.0,C0296,plain,C,lhs,3921baad1798760a494c913428d2f3d4da8fc15e,2026-10-10T04:36:24+00:00,200.0,12.0,0.3239,0.0318,200.0,0.6478,A,j2,SR5 and beyond excluded,10.185534591194969,0.005,0.0003149188559069631,0.0291815630088118,66132959.74046225,6128128231.850478,0.00080975,37.04847175054029,,,False,0.0015105740445909117,SR2,12.329873738095245,11.034273738095244,1.2956,478719.07990584883,12.329873738095245,1.2956,0.001505833803485305,0.0009000848299630782,0.0015105740445909117,0.0013784482206528634,0.0014167957505257871,0.0013510870523667118,0.0016240921133804,0.0007058371753528982,0.00042679501814505707,0.00039664957361745356,0.00037074853228902265,0.00037549028118951083,0.0003737815210947473,0.0,12.0,24.0,36.0,48.0,60.0,72.0,-12.0,-24.0,-36.0,-48.0,-60.0,ok,,3,3,True,3.41,10,11,,67211273.07018296,0.18669798075050822,True
2.0.0,C0297,plain,C,lhs,3921baad1798760a494c913428d2f3d4da8fc15e,2026-10-10T04:36:27+00:00,85.0,7.5,0.3239,0.0191,200.0,0.6478,A,j2,SR5 and beyond excluded,16.958115183246075,0.011764705882352941,0.0002132260104680226,0.018289347119550634,44777462.198284745,3840762895.1056333,0.0019052941176470588,23.15529484408768,,,False,0.0038263049188541867,SR2,7.620495814479643,7.620495814479643,0.0,583124.6281681086,7.620495814479643,0.0,0.0038263049188541867,0.001666912784089702,0.0038263049188541867,0.0031563034300298234,0.0032917847855232704,0.0030820257626510274,0.004321863232229533,0.0013357252086299053,0.0008893807591206775,0.0005718261934687083,0.0005688357777437449,0.000538259158439099,0.000526001082949163,0.0,7.5,15.0,22.5,30.0,37.5,45.0,-7.5,-15.0,-22.5,-30.0,-37.5,ok,,3,3,True,4.08,9,11,,107238929.1525563,0.2978859143126564,True
2.0.0,C0298,plain,C,lhs,3921baad1798760a494c913428d2f3d4da8fc15e,2026-10-10T04:36:31+00:00,70.0,14.0,0.1683,0.0159,80.0,0.3366,A,j2,SR5 and beyond excluded,10.584905660377359,0.014285714285714285,2.234156640690647e-05,0.007612581654472642,4691728.945450358,1598642147.4392548,0.0012021428571428571,83.184789067142,,,False,0.006454816367645068,SR2,14.369100588235296,13.695900588235297,0.6732,133811.94339511314,41.95447392156863,0.6732,0.006151161924939888,0.002289494795074002,0.006454816367645068,0.006151161924939888,0.006216463611714621,0.005941163503929811,0.006844733122105922,0.0006269893874478088,0.0005629708411445583,0.0006067699969744077,0.0005967063985137128,0.000598244396708307,0.0005969213755679448,0.0,14.0,28.0,42.0,56.0,70.0,84.0,-14.0,-28.0,-42.0,-56.0,-70.0,ok,,3,3,True,10.56,10,11,,103057285.37428057,0.28627023715077937,True
2.0.0,C0299,plain,C,lhs,3921baad1798760a494c913428d2f3d4da8fc15e,2026-10-10T04:36:42+00:00,60.0,7.5,0.3239,0.0127,80.0,0.6478,A,j2,SR5 and beyond excluded,25.50393700787402,0.016666666666666666,0.00015055842404539306,0.012416328149223721,31617269.04953254,2607428911.3369813,0.002699166666666667,23.15529484408768,,,False,0.005206513115382994,SR2,7.6808524038461545,7.6808524038461545,0.0,486117.3680057558,7.6808524038461545,0.0,0.005206513115382994,0.0018838609442090291,0.005206513115382994,0.004086415498305202,0.004291168606028832,0.003994459613606321,0.0059978521490626335,0.001365445871809299,0.0008920250968327495,0.0003977717277623995,0.0004105150307023782,0.0003505928778667082,0.0003128382052191713,0.0,7.5,15.0,22.5,30.0,37.5,45.0,-7.5,-15.0,-22.5,-30.0,-37.5,ok,,3,3,True,6.28,9,11,,63185507.87086354,0.17551529964128762,True
2.0.0,C0300,plain,C,lhs,3921baad1798760a494c913428d2f3d4da8fc15e,2026-10-10T04:36:48+00:00,120.0,6.0,0.6096,0.021,0.0,1.2192,A,j2,SR5 and beyond excluded,29.02857142857143,0.008333333333333333,0.001683807425674905,0.03883197015396204,353599559.39173007,8154713732.332028,0.00254,9.84251968503937,,,False,0.0026667340354335728,SR5,23.781440000000003,23.781440000000003,0.0,2638250.659190297,23.781440000000003,0.0,0.0026667340354335728,0.0017147391308498685,0.0024267092697924705,0.0026555600346542764,0.0025062261708746806,0.002962579644490403,0.003327198627847404,0.0012078917764110069,0.0009464723768433469,0.00028040062845892524,0.0005003049797800188,0.00017145203454883073,6.722166511349036e-05,0.0,6.0,12.0,18.0,24.0,30.0,36.0,-6.0,-12.0,-18.0,-24.0,-30.0,ok,,3,3,True,7.07,6,11,,0.0,0.0,True
2.0.0,C0301,plain,C,lhs,3921baad1798760a494c913428d2f3d4da8fc15e,2026-10-10T04:36:55+00:00,105.0,12.0,0.2731,0.021,200.0,0.5462,A,j2,SR5 and beyond excluded,13.004761904761905,0.009523809523809525,0.0001330457027830812,0.016631905667369735,27939597.584447052,3492700190.1476445,0.0013004761904761904,43.93994873672647,,,False,0.003807006720417841,SR2,12.010854149659863,12.010854149659863,0.0,422170.93445197976,12.010854149659863,0.0,0.003807006720417841,0.001649507296044686,0.003807006720417841,0.00336783865074959,0.00341346439946711,0.0033318223147743753,0.0043157505796146915,0.0009858551674120804,0.0007298669948606587,0.0006220181293960094,0.000625587090362911,0.0006199162672824061,0.0006203084762497052,0.0,12.0,24.0,36.0,48.0,60.0,72.0,-12.0,-24.0,-36.0,-48.0,-60.0,ok,,3,3,True,6.12,10,11,,117925753.02107134,0.32757153616964263,True
2.0.0,C0302,plain,C,lhs,3921baad1798760a494c913428d2f3d4da8fc15e,2026-10-10T04:37:01+00:00,120.0,10.5,0.3239,0.0159,250.0,0.6478,A,j2,SR5 and beyond excluded,20.371069182389938,0.008333333333333333,0.0001829216049164138,0.015385007543159938,38413537.0324469,3230851584.063587,0.0013495833333333335,32.41741278172275,,,False,0.003951878785934615,SR2,10.958864970518878,10.311064970518878,0.6478,418060.8526472257,10.147184557783032,0.6478,0.003912974718745134,0.0017352859589003446,0.003951878785934615,0.003548394258098019,0.0035870736044223113,0.0034805294477710056,0.004373956163298089,0.001230046962594019,0.0009824773350562664,0.0008094227149511863,0.0008074919535861741,0.0007935875645253942,0.000796317899456275,0.0,10.5,21.0,31.5,42.0,52.5,63.0,-10.5,-21.0,-31.5,-42.0,-52.5,ok,,3,3,True,5.08,10,11,,159354000.51786074,0.4426500014385021,True
2.0.0,C0303,plain,C,lhs,3921baad1798760a494c913428d2f3d4da8fc15e,2026-10-10T04:37:07+00:00,60.0,10.5,0.508,0.0191,250.0,1.016,A,j2,SR5 and beyond excluded,26.59685863874346,0.016666666666666666,0.0008778406805393286,0.029336160783294967,184346542.913259,6160593764.491943,0.004233333333333334,20.669291338582678,,,False,0.011333104682191359,SR2,10.538023831775703,10.538023831775703,0.0,1998810.7648350322,10.538023831775703,0.0,0.011333104682191359,0.002812833778612937,0.011333104682191359,0.00949254781097397,0.009653442355054541,0.009278485529513866,0.014278078967133161,0.0015645192217038431,0.0013638219354045553,0.0005490680537351778,0.0006164611711251301,0.00048634940828099296,0.00042376059643923234,0.0,10.5,21.0,31.5,42.0,52.5,63.0,-10.5,-21.0,-31.5,-42.0,-52.5,ok,,4,4,True,14.75,9,11,,83571347.9384822,0.23214263316245054,True
2.0.0,C0304,plain,C,lhs,3921baad1798760a494c913428d2f3d4da8fc15e,2026-10-10T04:37:21+00:00,250.0,12.0,0.3239,0.011,80.0,0.6478,A,j2,SR5 and beyond excluded,29.44545454545455,0.004,0.00013249688319615481,0.010813047754390724,27824345.471192513,2270740028.422052,0.0006478,37.04847175054029,,,False,0.001291531022369256,SR2,12.311263752380942,11.015663752380942,1.2956,161736.35938914883,12.311263752380942,1.2956,0.0012875065219572802,0.0008091613942155461,0.001291531022369256,0.0011860150428782768,0.0012173783336519532,0.0011642207357701773,0.0013845617074171388,0.0006413114392031598,0.00042886548828639207,0.00041172677136716064,0.000389654543244897,0.0003936940124173296,0.0003922403887175791,0.0,12.0,24.0,36.0,48.0,60.0,72.0,-12.0,-24.0,-36.0,-48.0,-60.0,ok,,3,3,True,3.6,11,11,,72554197.28276281,0.20153943689656337,True
2.0.0,C0305,plain,C,lhs,3921baad1798760a494c913428d2f3d4da8fc15e,2026-10-10T04:37:25+00:00,70.0,7.5,0.2731,0.011,120.0,0.5462,A,j2,SR5 and beyond excluded,24.827272727272728,0.014285714285714285,7.791443314473457e-05,0.009057525779564741,16362030.96039426,1902080413.7085958,0.0019507142857142859,27.462467960454045,,,False,0.004727519082577952,SR2,7.724707884615386,7.724707884615386,0.0,255875.64698100806,7.724707884615386,0.0,0.004727519082577952,0.0017281888566324471,0.004727519082577952,0.00407854097077298,0.00418561680673063,0.0039716263729536174,0.005332079575611499,0.0013358272399855607,0.0009819900130264496,0.0006753037812160997,0.0006711796173235773,0.0006465583324420102,0.0006372467891676358,0.0,7.5,15.0,22.5,30.0,37.5,45.0,-7.5,-15.0,-22.5,-30.0,-37.5,ok,,3,3,True,4.39,9,11,,129924885.51951447,0.3609024597764291,True
2.0.0,C0306,plain,C,lhs,3921baad1798760a494c913428d2f3d4da8fc15e,2026-10-10T04:37:29+00:00,250.0,10.5,0.2731,0.0127,200.0,0.5462,A,j2,SR5 and beyond excluded,21.50393700787402,0.004,8.827106008271012e-05,0.01038949823283374,18536922.617369127,2181794628.8950853,0.0005462,38.44745514463566,,,False,0.0019333661406216495,SR2,10.788512774285724,10.788512774285724,0.0,133555.22443053432,10.788512774285724,0.0,0.0019333661406216495,0.0013863463748182308,0.0019333661406216495,0.001837418351994616,0.0018603083481091517,0.0018235281184267062,0.0020450800613978676,0.0010702704557068916,0.0009559325260029777,0.00094531057410418,0.0009353593495360392,0.0009365800947128054,0.0009359538523536153,0.0,10.5,21.0,31.5,42.0,52.5,63.0,-10.5,-21.0,-31.5,-42.0,-52.5,ok,,3,3,True,2.81,10,11,,188780050.3975875,0.5243890288821875,True
2.0.0,C0307,plain,C,lhs,3921baad1798760a494c913428d2f3d4da8fc15e,2026-10-10T04:37:32+00:00,70.0,7.5,0.2731,0.0191,80.0,0.5462,A,j2,SR5 and beyond excluded,14.29842931937173,0.014285714285714285,0.00012360704744662624,0.015241122599625529,25957479.963791512,3200635745.921361,0.0019507142857142859,27.462467960454045,,,False,0.003150849040024996,SR2,7.724707884615386,7.724707884615386,0.0,425696.4676547502,7.724707884615386,0.0,0.003150849040024996,0.0015382706391592561,0.003150849040024996,0.0024874493090636064,0.0026347979513501076,0.002432155215074939,0.0036058632335000925,0.0012112520292136201,0.000623457719143972,0.0003219453634249989,0.0003095830991905798,0.00027213720602898227,0.0002673561757354434,0.0,7.5,15.0,22.5,30.0,37.5,45.0,-7.5,-15.0,-22.5,-30.0,-37.5,ok,,3,3,True,3.78,9,11,,51474685.99322702,0.14298523887007505,True
2.0.0,C0308,plain,C,lhs,3921baad1798760a494c913428d2f3d4da8fc15e,2026-10-10T04:37:36+00:00,150.0,10.5,0.6096,0.0318,80.0,1.2192,A,j2,SR5 and beyond excluded,19.169811320754718,0.006666666666666667,0.0024162012662601526,0.05772374908076498,507402265.914632,12121987306.960646,0.002032,17.224409448818896,,,False,0.002324209699005477,SR2,10.991749532710287,10.991749532710287,0.0,3469005.0599185354,10.991749532710287,0.0,0.002324209699005477,0.0014823815941012396,0.002324209699005477,0.002129993966201565,0.0022166211656565794,0.0022327986383480288,0.0029906925425770047,0.0011859339645027285,0.0006206273416097758,0.00019763629688126263,0.00020273097691731942,0.00012540615228076826,8.080986482211097e-05,0.0,10.5,21.0,31.5,42.0,52.5,63.0,-10.5,-21.0,-31.5,-42.0,-52.5,ok,,3,3,True,11.53,7,11,,13591147.707719248,0.03775318807699791,True
2.0.0,C0309,plain,C,lhs,3921baad1798760a494c913428d2f3d4da8fc15e,2026-10-10T04:37:47+00:00,70.0,12.0,0.2731,0.0159,200.0,0.5462,A,j2,SR5 and beyond excluded,17.17610062893082,0.014285714285714285,0.00010664155429545872,0.012847480325002391,22394726.40204633,2697970868.250502,0.0019507142857142859,43.93994873672647,,,False,0.01026171893417527,SR2,12.095788367346934,12.095788367346934,0.0,406041.5906091222,12.095788367346934,0.0,0.01026171893417527,0.003079881987167076,0.01026171893417527,0.009137514753471274,0.0088641061991843,0.008538376060680931,0.010853757785643924,0.001131025580835371,0.0009761820618452752,0.0007892551466090294,0.0007965315438802972,0.0007821870300837934,0.0007842588196042868,0.0,12.0,24.0,36.0,48.0,60.0,72.0,-12.0,-24.0,-36.0,-48.0,-60.0,ok,,3,3,True,14.7,10,11,,152662619.46967682,0.4240628318602134,True
2.0.0,C0310,plain,C,lhs,3921baad1798760a494c913428d2f3d4da8fc15e,2026-10-10T04:38:02+00:00,120.0,9.0,0.3239,0.011,0.0,0.6478,A,j2,SR5 and beyond excluded,29.44545454545455,0.008333333333333333,0.00013249688319615481,0.010813047754390724,27824345.471192513,2270740028.422052,0.0013495833333333335,27.786353812905215,,,False,0.0015429723399249973,SR2,9.517488531976745,9.517488531976745,0.0,264204.2807626085,9.517488531976745,0.0,0.0015429723399249973,0.0010200260806632123,0.0015429723399249973,0.001398314473212339,0.0013676028785386998,0.0014618182355865328,0.0016769049694582785,0.0008444201344505477,0.0002914167354445511,8.195841261014778e-05,5.5653601730631214e-05,2.1956047640182223e-05,3.195654572314044e-05,0.0,9.0,18.0,27.0,36.0,45.0,54.0,-9.0,-18.0,-27.0,-36.0,-45.0,ok,,3,3,True,16.94,8,11,,0.0,0.0,True
2.0.0,C0311,plain,C,lhs,3921baad1798760a494c913428d2f3d4da8fc15e,2026-10-10T04:38:19+00:00,70.0,9.0,0.508,0.0127,250.0,1.016,A,j2,SR5 and beyond excluded,40.0,0.014285714285714285,0.0006063927901206482,0.01976159168480241,127342485.92533614,4149934253.8085065,0.0036285714285714285,17.716535433070867,,,False,0.009142100280508944,SR2,8.86683054187193,8.86683054187193,0.0,1279027.4002208058,8.86683054187193,0.0,0.009142100280508944,0.0026133659836770342,0.009142100280508944,0.007292032682749594,0.007607165479906634,0.007130574839270544,0.011713246639824572,0.0021603730543250177,0.0013723995868177637,0.000714738553205403,0.0007843557984048334,0.0006661516183009023,0.0006146979112646656,0.0,9.0,18.0,27.0,36.0,45.0,54.0,-9.0,-18.0,-27.0,-36.0,-45.0,ok,,3,3,True,12.16,9,11,,124061995.56716087,0.34461665435322464,True
2.0.0,C0312,plain,C,lhs,3921baad1798760a494c913428d2f3d4da8fc15e,2026-10-10T04:38:31+00:00,70.0,7.5,0.6096,0.0318,250.0,1.2192,A,j2,SR5 and beyond excluded,19.169811320754718,0.014285714285714285,0.0024162012662601526,0.05772374908076498,507402265.914632,12121987306.960646,0.004354285714285714,12.303149606299211,,,False,0.00775428543709134,SR2,7.901176119402987,7.901176119402987,0.0,4504898.962118292,7.901176119402987,0.0,0.00775428543709134,0.0024556814046522726,0.00775428543709134,0.005512781907330414,0.005995421846009278,0.005482940847622697,0.00883890596692588,0.0017144712391688527,0.0012797103118360807,0.0005004937862769473,0.0006137338666251755,0.00035513936434173173,0.00025785365937984147,0.0,7.5,15.0,22.5,30.0,37.5,45.0,-7.5,-15.0,-22.5,-30.0,-37.5,ok,,4,4,True,9.6,9,11,,42472336.58662265,0.11797871274061847,True
2.0.0,C0313,plain,C,lhs,3921baad1798760a494c913428d2f3d4da8fc15e,2026-10-10T04:38:41+00:00,105.0,10.5,0.508,0.0254,80.0,1.016,A,j2,SR5 and beyond excluded,20.0,0.009523809523809525,0.0011242345390208087,0.03850976841140984,236089253.19436982,8087051366.396067,0.0024190476190476193,20.669291338582678,,,False,0.0035550342582455832,SR2,11.206551401869152,11.206551401869152,0.0,2249402.1058034264,11.206551401869152,0.0,0.0035550342582455832,0.0016654114165681405,0.0035550342582455832,0.002645790852368407,0.0028621299839193233,0.00264430849176801,0.004210157496385522,0.001268218441686708,0.0006273172827944975,0.00020078916913153212,0.00019814257493201164,0.00014275418876138682,0.00011742302186400123,0.0,10.5,21.0,31.5,42.0,52.5,63.0,-10.5,-21.0,-31.5,-42.0,-52.5,ok,,3,3,True,12.65,9,11,,20372285.58787062,0.0565896821885295,True
2.0.0,C0314,plain,C,lhs,3921baad1798760a494c913428d2f3d4da8fc15e,2026-10-10T04:38:54+00:00,60.0,10.5,0.6096,0.011,0.0,1.2192,A,j2,SR5 and beyond excluded,55.41818181818182,0.016666666666666666,0.0009268497527332657,0.02068613098682734,194638448.0739858,4344087507.233741,0.00508,17.224409448818896,,,False,0.0073911142786663156,SR2,10.740674074074079,10.740674074074079,0.0,1689109.2179520496,10.740674074074079,0.0,0.0073911142786663156,0.002484728659077391,0.0073911142786663156,0.0058342253908916656,0.00570581013035712,0.0060361139360759234,0.008813566466816043,0.001311976950395809,0.001285303620113032,0.0003662462735256353,0.00047060518407288917,0.0001708022910056846,6.93526175350569e-05,0.0,10.5,21.0,31.5,42.0,52.5,63.0,-10.5,-21.0,-31.5,-42.0,-52.5,ok,,4,4,True,28.01,8,11,,0.0,0.0,True
2.0.0,C0315,plain,C,lhs,3921baad1798760a494c913428d2f3d4da8fc15e,2026-10-10T04:39:22+00:00,250.0,7.5,0.508,0.0254,120.0,1.016,A,j2,SR5 and beyond excluded,20.0,0.004,0.0011242345390208087,0.03850976841140984,236089253.19436982,8087051366.396067,0.001016,14.763779527559056,,,False,0.0012719710992956774,SR2,7.972568181818183,5.940568181818183,2.032,1043151.7951212768,7.972568181818183,2.032,0.0012624884022590151,0.0008979135090224805,0.0012719710992956774,0.0011685602859958437,0.0012105803003734411,0.001235702829555287,0.0014394915717686595,0.0007429274079333647,0.00039603566970978295,0.00020301831438023746,0.00020074463268324638,0.0001667256885160916,0.0001525468448532415,0.0,7.5,15.0,22.5,30.0,37.5,45.0,-7.5,-15.0,-22.5,-30.0,-37.5,ok,,3,3,True,2.23,8,11,,30558428.38180593,0.08488452328279425,True
2.0.0,C0316,plain,C,lhs,3921baad1798760a494c913428d2f3d4da8fc15e,2026-10-10T04:39:24+00:00,60.0,10.5,0.3239,0.0191,80.0,0.6478,A,j2,SR5 and beyond excluded,16.958115183246075,0.016666666666666666,0.0002132260104680226,0.018289347119550634,44777462.198284745,3840762895.1056333,0.002699166666666667,32.41741278172275,,,False,0.005758132210849027,SR2,10.449486544811307,10.449486544811307,0.0,722473.6359516584,10.449486544811307,0.0,0.005758132210849027,0.0017565819587956897,0.005758132210849027,0.00465085840334596,0.004784161560574194,0.004498275214127844,0.0069977872324997505,0.0012659416334456985,0.0007914357817173155,0.00032469843683545274,0.0002996044590271932,0.0002506693396157295,0.0002480158539892916,0.0,10.5,21.0,31.5,42.0,52.5,63.0,-10.5,-21.0,-31.5,-42.0,-52.5,ok,,3,3,True,11.26,9,11,,42895571.661022514,0.11915436572506254,True
2.0.0,C0317,plain,C,lhs,3921baad1798760a494c913428d2f3d4da8fc15e,2026-10-10T04:39:35+00:00,60.0,7.5,0.508,0.0254,200.0,1.016,A,j2,SR5 and beyond excluded,20.0,0.016666666666666666,0.0011242345390208087,0.03850976841140984,236089253.19436982,8087051366.396067,0.004233333333333334,14.763779527559056,,,False,0.008037765689869567,SR2,7.754761363636359,7.754761363636359,0.0,2514770.986282805,7.754761363636359,0.0,0.008037765689869567,0.002486836057164316,0.008037765689869567,0.005992955158790619,0.006383094600778642,0.005876085357623157,0.009361027936200667,0.001925316199559608,0.00124784336991582,0.0005017986730130971,0.0006041728814652041,0.00037730434915413114,0.0002915689517087813,0.0,7.5,15.0,22.5,30.0,37.5,45.0,-7.5,-15.0,-22.5,-30.0,-37.5,ok,,4,4,True,10.71,9,11,,50930713.96967655,0.14147420547132375,True
2.0.0,C0318,plain,C,lhs,3921baad1798760a494c913428d2f3d4da8fc15e,2026-10-10T04:39:46+00:00,105.0,9.0,0.1683,0.0159,0.0,0.3366,A,j2,SR5 and beyond excluded,10.584905660377359,0.009523809523809525,2.234156640690647e-05,0.007612581654472642,4691728.945450358,1598642147.4392548,0.0008014285714285714,53.475935828877006,,,False,0.0009640463891441941,SR2,9.29684704201681,8.62364704201681,0.6732,52914.75086395073,9.29684704201681,0.6732,0.0009635408995597447,0.0006140073375970313,0.0009640463891441941,0.0008331927241271095,0.0008813430868076674,0.000836712920140727,0.0010650736753271184,0.0004552920381375631,9.804439285277298e-05,8.45953077491537e-05,5.229319205694332e-05,6.0825496195782767e-05,5.69296436276042e-05,0.0,9.0,18.0,27.0,36.0,45.0,54.0,-9.0,-18.0,-27.0,-36.0,-45.0,ok,,3,3,True,16.57,11,11,,0.0,0.0,True
2.0.0,C0319,plain,C,lhs,3921baad1798760a494c913428d2f3d4da8fc15e,2026-10-10T04:40:02+00:00,105.0,7.5,0.3239,0.0127,120.0,0.6478,A,j2,SR5 and beyond excluded,25.50393700787402,0.009523809523809525,0.00015055842404539306,0.012416328149223721,31617269.04953254,2607428911.3369813,0.0015423809523809524,23.15529484408768,,,False,0.0027041146166503264,SR2,7.59290423076923,7.59290423076923,0.0,361179.02424778574,7.59290423076923,0.0,0.0027041146166503264,0.0014603119220110154,0.0027041146166503264,0.002221547394448802,0.002341059557362836,0.0022028352647901987,0.0030628355318621683,0.0012226022095916294,0.0007493489063573555,0.000508678853518511,0.000499066515818445,0.0004723575012148514,0.0004682364830970134,0.0,7.5,15.0,22.5,30.0,37.5,45.0,-7.5,-15.0,-22.5,-30.0,-37.5,ok,,3,3,True,3.29,9,11,,94778261.80629532,0.26327294946193147,True
2.0.0,C0320,plain,C,lhs,3921baad1798760a494c913428d2f3d4da8fc15e,2026-10-10T04:40:06+00:00,85.0,6.0,0.6096,0.021,40.0,1.2192,A,j2,SR5 and beyond excluded,29.02857142857143,0.011764705882352941,0.001683807425674905,0.03883197015396204,353599559.39173007,8154713732.332028,0.0035858823529411766,9.84251968503937,,,False,0.004398971282303859,SR2,6.735279181585678,6.735279181585678,0.0,2915383.2621628502,6.735279181585678,0.0,0.004398971282303859,0.002115792119471285,0.004398971282303859,0.004279144035408965,0.003930197312946627,0.004072800425205865,0.005859979685880236,0.0015385727219643821,0.0011572239482495175,0.0004052958942931024,0.0005857477066845433,0.00023255155368403444,0.00011914351904251376,0.0,6.0,12.0,18.0,24.0,30.0,36.0,-6.0,-12.0,-18.0,-24.0,-30.0,ok,,4,4,True,7.78,7,11,,10101624.986956192,0.028060069408211645,True
2.0.0,C0321,plain,C,lhs,3921baad1798760a494c913428d2f3d4da8fc15e,2026-10-10T04:40:13+00:00,85.0,14.0,0.3239,0.0127,120.0,0.6478,A,j2,SR5 and beyond excluded,25.50393700787402,0.011764705882352941,0.00015055842404539306,0.012416328149223721,31617269.04953254,2607428911.3369813,0.0019052941176470588,43.223217042297,,,False,0.006153736586417555,SR2,14.234190672818144,14.234190672818144,0.0,485180.86634594545,14.234190672818144,0.0,0.006153736586417555,0.0019680395488331642,0.006153736586417555,0.005458157473361427,0.0055330073889133325,0.005251443670714178,0.006971507708623737,0.0010350608608569172,0.0007546629648040918,0.000534694437168518,0.0005366790953967632,0.0005199618927109919,0.0005229325880144266,0.0,14.0,28.0,42.0,56.0,70.0,84.0,-14.0,-28.0,-42.0,-56.0,-70.0,ok,,3,3,True,10.97,10,11,,94778261.80629532,0.26327294946193147,True
2.0.0,C0322,plain,C,lhs,3921baad1798760a494c913428d2f3d4da8fc15e,2026-10-10T04:40:24+00:00,70.0,9.0,0.4064,0.008,200.0,0.8128,A,j2,SR5 and beyond excluded,50.8,0.014285714285714285,0.0001987389278493023,0.010012884105521414,41735174.84835348,2102705662.159497,0.002902857142857143,22.145669291338585,,,False,0.010878076555211481,SR2,9.487144584717601,9.487144584717601,0.0,437812.45688040066,9.487144584717601,0.0,0.010878076555211481,0.003362376086957465,0.010878076555211481,0.010054119670509905,0.010371364772276122,0.010161616029660194,0.01439913384785699,0.0016367576534871294,0.0013869906741218305,0.0010023952438244933,0.0010080920367138825,0.0009741118946017206,0.0009460973954208304,0.0,9.0,18.0,27.0,36.0,45.0,54.0,-9.0,-18.0,-27.0,-36.0,-45.0,ok,,3,3,True,16.15,9,11,,195880625.33535787,0.5441128481537719,True
2.0.0,C0323,plain,C,lhs,3921baad1798760a494c913428d2f3d4da8fc15e,2026-10-10T04:40:40+00:00,85.0,7.5,0.508,0.0254,80.0,1.016,A,j2,SR5 and beyond excluded,20.0,0.011764705882352941,0.0011242345390208087,0.03850976841140984,236089253.19436982,8087051366.396067,0.002988235294117647,14.763779527559056,,,False,0.003925573450905759,SR2,7.6816229946524075,7.6816229946524075,0.0,2300002.24566407,7.6816229946524075,0.0,0.003925573450905759,0.0019476810257564648,0.003925573450905759,0.003416605953538183,0.003530891765220026,0.003376647784159767,0.005107796293434792,0.0013989905872116499,0.0008974610676834884,0.00029454883158898225,0.0004295536377937777,0.00022246734348796868,0.00014188492948325263,0.0,7.5,15.0,22.5,30.0,37.5,45.0,-7.5,-15.0,-22.5,-30.0,-37.5,ok,,3,3,True,8.74,8,11,,20372285.58787062,0.0565896821885295,True
2.0.0,C0324,plain,C,lhs,3921baad1798760a494c913428d2f3d4da8fc15e,2026-10-10T04:40:49+00:00,200.0,10.5,0.6096,0.011,120.0,1.2192,A,j2,SR5 and beyond excluded,55.41818181818182,0.005,0.0009268497527332657,0.02068613098682734,194638448.0739858,4344087507.233741,0.0015240000000000002,17.224409448818896,,,False,0.0021950345823752437,SR2,10.954656074766365,10.954656074766365,0.0,1151211.999726365,10.954656074766365,0.0,0.0021950345823752437,0.001336921249228188,0.0021950345823752437,0.0018455693631589437,0.0019533045566347707,0.0018657853439051429,0.002452669323734644,0.0011422463920205466,0.0005817146066685085,0.0003396711753314174,0.0003251348518939015,0.00029310320347060177,0.00029065547115592695,0.0,10.5,21.0,31.5,42.0,52.5,63.0,-10.5,-21.0,-31.5,-42.0,-52.5,ok,,3,3,True,4.18,9,11,,56888260.098003335,0.15802294471667594,True
2.0.0,C0325,plain,C,lhs,3921baad1798760a494c913428d2f3d4da8fc15e,2026-10-10T04:40:53+00:00,70.0,7.5,0.6096,0.021,250.0,1.2192,A,j2,SR5 and beyond excluded,29.02857142857143,0.014285714285714285,0.001683807425674905,0.03883197015396204,353599559.39173007,8154713732.332028,0.004354285714285714,12.303149606299211,,,False,0.008249414696359559,SR2,7.901176119402987,7.901176119402987,0.0,3093430.436672357,7.901176119402987,0.0,0.008249414696359559,0.002666241051761294,0.008249414696359559,0.006143529273609644,0.006554240522109768,0.006046659383649785,0.00961417926965907,0.002049583372133704,0.0013599703005831155,0.0005813783603639068,0.0006977597886457852,0.0004468082877750923,0.0003537089496494981,0.0,7.5,15.0,22.5,30.0,37.5,45.0,-7.5,-15.0,-22.5,-30.0,-37.5,ok,,4,4,True,11.61,9,11,,63135156.1684762,0.17537543380132278,True
2.0.0,C0326,plain,C,lhs,3921baad1798760a494c913428d2f3d4da8fc15e,2026-10-10T04:41:05+00:00,250.0,6.0,0.6096,0.021,120.0,1.2192,A,j2,SR5 and beyond excluded,29.02857142857143,0.004,0.001683807425674905,0.03883197015396204,353599559.39173007,8154713732.332028,0.0012192000000000001,9.84251968503937,,,False,0.001399542555779346,SR3,11.924918400000003,10.705718400000002,1.2192,1454125.7582588512,11.924918400000003,1.2192,0.0013905268550630481,0.0010110254779969598,0.0013302785940737083,0.001399542555779346,0.0013453148929775567,0.0014854220618369825,0.0016305550345819498,0.0008306265600661246,0.0005473043236738069,0.0002578413886134216,0.00032193841833310147,0.00020786641527481529,0.00016879645119855337,0.0,6.0,12.0,18.0,24.0,30.0,36.0,-6.0,-12.0,-18.0,-24.0,-30.0,ok,,3,3,True,2.1,7,11,,30304874.960868575,0.08418020822463493,True
2.0.0,C0327,plain,C,lhs,3921baad1798760a494c913428d2f3d4da8fc15e,2026-10-10T04:41:07+00:00,120.0,14.0,0.4064,0.011,120.0,0.8128,A,j2,SR5 and beyond excluded,36.945454545454545,0.008333333333333333,0.00026723821197587353,0.013664043087523456,56120024.514933445,2869449048.3799257,0.0016933333333333334,34.4488188976378,,,False,0.003919980176953883,SR2,14.384536363636357,14.384536363636357,0.0,600872.1577632087,14.384536363636357,0.0,0.003919980176953883,0.001500381404497539,0.003919980176953883,0.0032599239073419256,0.0033549748546131313,0.0031727960456529895,0.004481201082765656,0.0010948347323057302,0.0006855498460570028,0.0004866472815870448,0.0004833460361988638,0.00046459593986361087,0.00046832144463282324,0.0,14.0,28.0,42.0,56.0,70.0,84.0,-14.0,-28.0,-42.0,-56.0,-70.0,ok,,3,3,True,7.98,10,11,,86123703.83071509,0.23923251064087525,True
2.0.0,C0328,plain,C,lhs,3921baad1798760a494c913428d2f3d4da8fc15e,2026-10-10T04:41:15+00:00,85.0,9.0,0.508,0.0318,40.0,1.016,A,j2,SR5 and beyond excluded,15.974842767295597,0.011764705882352941,0.0013545266744704578,0.04757364020813482,284450601.63879615,9990464443.708313,0.002988235294117647,17.716535433070867,,,False,0.003898566371693305,SR2,9.632064097363081,9.632064097363081,0.0,2819395.178057842,9.632064097363081,0.0,0.003898566371693305,0.0018743409140041909,0.003898566371693305,0.0031777885378240405,0.0033677948836430033,0.003265901786387319,0.0048997494752298035,0.001301356895471881,0.0008588980876976882,0.00022407145524904897,0.00031484914705057784,0.0001545995110768299,7.632916369644704e-05,0.0,9.0,18.0,27.0,36.0,45.0,54.0,-9.0,-18.0,-27.0,-36.0,-45.0,ok,,3,3,True,15.74,8,11,,8245448.493826309,0.02290402359396197,True
2.0.0,C0329,plain,C,lhs,3921baad1798760a494c913428d2f3d4da8fc15e,2026-10-10T04:41:31+00:00,120.0,7.5,0.1683,0.008,250.0,0.3366,A,j2,SR5 and beyond excluded,21.0375,0.008333333333333333,1.2972711832819855e-05,0.004028778418963555,2724269.4848921695,846043467.9823465,0.00070125,44.563279857397504,,,False,,,,,,,,,,,,,,,,,,,,,,,,,,,,,,,,,,failed,no position converged,1,0,False,5.73,,,,608537438.6588169,1.6903817740522693,
2.0.0,C0330,plain,C,lhs,3921baad1798760a494c913428d2f3d4da8fc15e,2026-10-10T04:41:37+00:00,60.0,14.0,0.2731,0.0127,160.0,0.5462,A,j2,SR5 and beyond excluded,21.50393700787402,0.016666666666666666,8.827106008271012e-05,0.01038949823283374,18536922.617369127,2181794628.8950853,0.0022758333333333333,51.26327352618088,,,False,0.0251447485294753,SR2,14.40994513071896,14.40994513071896,0.0,377557.228268255,28.265897352941188,0.0,0.0251447485294753,0.013733298068064104,0.0251447485294753,0.025120424601398864,0.0227591314977818,0.019750346537990033,0.0218961382438826,0.0009876023677957962,0.009213537093202813,0.009128922053212602,0.009222322120610983,0.009207817008960322,0.009208264962560978,0.0,14.0,28.0,42.0,56.0,70.0,84.0,-14.0,-28.0,-42.0,-56.0,-70.0,ok,,3,3,True,21.05,10,11,,151024040.31807002,0.41951122310575006,False
2.0.0,C0331,plain,C,lhs,3921baad1798760a494c913428d2f3d4da8fc15e,2026-10-10T04:41:58+00:00,85.0,9.0,0.2191,0.0191,160.0,0.4382,A,j2,SR5 and beyond excluded,11.471204188481675,0.011764705882352941,6.0551674992184064e-05,0.012000883936713006,12715851.748358654,2520185626.709731,0.0012888235294117646,41.07713372889092,,,False,0.003585349484396794,SR2,9.448521861591693,8.572121861591693,0.8764,216145.8078608408,8.635150276816606,0.8764,0.00357099372227647,0.0016205159414260848,0.003585349484396794,0.0032153528782122446,0.0032586080984616343,0.003162776330591326,0.004043692201684949,0.0010293432561386561,0.0007832450297085085,0.0006697282966528037,0.0006699901687140826,0.0006602052427676755,0.000661521606824261,0.0,9.0,18.0,27.0,36.0,45.0,54.0,-9.0,-18.0,-27.0,-36.0,-45.0,ok,,3,3,True,4.08,10,11,,130745702.42279673,0.3631825067299909,True
2.0.0,C0332,plain,C,lhs,3921baad1798760a494c913428d2f3d4da8fc15e,2026-10-10T04:42:02+00:00,120.0,10.5,0.2731,0.0254,160.0,0.5462,A,j2,SR5 and beyond excluded,10.75196850393701,0.008333333333333333,0.0001531843684968715,0.01976558150747248,32168717.384343017,4150772116.569221,0.0011379166666666666,38.44745514463566,,,False,0.00216174009250006,SR2,10.93687659787736,10.39067659787736,0.5462,393319.86156333715,10.93687659787736,0.5462,0.0021436931452285435,0.001155597594053774,0.00216174009250006,0.001924312603139646,0.001982000758910439,0.0018848449594078675,0.0023270373474523834,0.0009138992111997677,0.0005510929335450621,0.0004369754952596286,0.0004302890038030224,0.0004250937608961491,0.0004257760570453961,0.0,10.5,21.0,31.5,42.0,52.5,63.0,-10.5,-21.0,-31.5,-42.0,-52.5,ok,,3,3,True,3.61,10,11,,79383649.77558628,0.22051013826551744,True
2.0.0,C0333,plain,C,lhs,3921baad1798760a494c913428d2f3d4da8fc15e,2026-10-10T04:42:05+00:00,150.0,12.0,0.2191,0.011,160.0,0.4382,A,j2,SR5 and beyond excluded,19.918181818181818,0.006666666666666667,3.903737256749949e-05,0.007191419743332391,8197848.239174892,1510198146.0998023,0.0007303333333333333,54.76951163852122,,,False,0.003966505885242765,SR2,12.04596790476192,12.04596790476192,0.0,111675.08246355933,12.04596790476192,0.0,0.003966505885242765,0.002034172303392696,0.003966505885242765,0.003776836257617636,0.003771450764668364,0.0037357960155865212,0.004215422989983696,0.0011345519521974488,0.0010797246253033148,0.0010956495725508387,0.0010929047173327258,0.0010928389001858643,0.0010919039919758196,0.0,12.0,24.0,36.0,48.0,60.0,72.0,-12.0,-24.0,-36.0,-48.0,-60.0,ok,,3,3,True,5.67,10,11,,218185567.80179268,0.6060710216716463,True
2.0.0,C0334,plain,C,lhs,3921baad1798760a494c913428d2f3d4da8fc15e,2026-10-10T04:42:11+00:00,150.0,9.0,0.3239,0.008,80.0,0.6478,A,j2,SR5 and beyond excluded,40.487500000000004,0.006666666666666667,9.91008060013135e-05,0.007939432954152137,20811169.260275833,1667280920.3719487,0.0010796666666666667,27.786353812905215,,,False,0.0019676486868430267,SR2,9.155742929411769,9.155742929411769,0.0,184611.9791165822,9.155742929411769,0.0,0.0019676486868430267,0.0011811408512654809,0.0019676486868430267,0.0017377025283110907,0.0017997156141275894,0.0017080038906520443,0.0021302833051203437,0.0010273850137624547,0.000650657561438091,0.0005140441358220674,0.0005078814785126024,0.0004940077204246504,0.000497306320757211,0.0,9.0,18.0,27.0,36.0,45.0,54.0,-9.0,-18.0,-27.0,-36.0,-45.0,ok,,3,3,True,2.53,10,11,,98814613.65445603,0.27448503792904455,True
2.0.0,C0335,plain,C,lhs,3921baad1798760a494c913428d2f3d4da8fc15e,2026-10-10T04:42:14+00:00,250.0,14.0,0.2191,0.0191,0.0,0.4382,A,j2,SR5 and beyond excluded,11.471204188481675,0.004,6.0551674992184064e-05,0.012000883936713006,12715851.748358654,2520185626.709731,0.00043819999999999997,63.89776357827476,,,False,0.0006140523428709669,SR2,14.30194609411765,13.42554609411765,0.8764,70058.82750172105,14.30194609411765,0.8764,0.0006138052939027006,0.00034178544261459547,0.0006140523428709669,0.0005394600664042014,0.0005679344546064268,0.0005135880933949214,0.0006901736490598951,0.00016097849708318127,9.292425830554588e-05,0.00012866813777163608,0.0001117508416263203,0.0001148711794712122,0.00011254594503098202,0.0,14.0,28.0,42.0,56.0,70.0,84.0,-14.0,-28.0,-42.0,-56.0,-70.0,ok,,3,3,True,23.24,11,11,,0.0,0.0,True
2.0.0,C0336,plain,C,lhs,3921baad1798760a494c913428d2f3d4da8fc15e,2026-10-10T04:42:37+00:00,85.0,9.0,0.3239,0.0127,160.0,0.6478,A,j2,SR5 and beyond excluded,25.50393700787402,0.011764705882352941,0.00015055842404539306,0.012416328149223721,31617269.04953254,2607428911.3369813,0.0019052941176470588,27.786353812905215,,,False,0.004700302758227788,SR2,9.406376381668945,8.758576381668945,0.6478,401991.712858364,9.406376381668945,0.6478,0.004625756276724456,0.0017349569744000686,0.004700302758227788,0.004031933177119371,0.004141127245542192,0.0039467864119036135,0.005318221809807153,0.0013232896589443837,0.0009791751849890496,0.0006677428108460027,0.0006523101227258526,0.0006319837218650883,0.0006283398684209614,0.0,9.0,18.0,27.0,36.0,45.0,54.0,-9.0,-18.0,-27.0,-36.0,-45.0,ok,,3,3,True,5.86,9,11,,126371015.74172708,0.35103059928257524,True
2.0.0,C0337,plain,C,lhs,3921baad1798760a494c913428d2f3d4da8fc15e,2026-10-10T04:42:43+00:00,200.0,9.0,0.6096,0.011,160.0,1.2192,A,j2,SR5 and beyond excluded,55.41818181818182,0.005,0.0009268497527332657,0.02068613098682734,194638448.0739858,4344087507.233741,0.0015240000000000002,14.763779527559054,,,False,0.002242610774178524,SR2,9.354557977011492,9.354557977011492,0.0,1115458.3740397617,9.354557977011492,0.0,0.002242610774178524,0.0014545212495382684,0.002242610774178524,0.001936625262267669,0.0020379022504088996,0.0019615575227971095,0.002611859522123709,0.0012141260532099957,0.00067959989193317,0.0004257538807050324,0.00042582295951332103,0.0003902398404317203,0.000368945348480327,0.0,9.0,18.0,27.0,36.0,45.0,54.0,-9.0,-18.0,-27.0,-36.0,-45.0,ok,,3,3,True,3.7,8,11,,75851013.46400444,0.21069725962223457,True
2.0.0,C0338,plain,C,lhs,3921baad1798760a494c913428d2f3d4da8fc15e,2026-10-10T04:42:46+00:00,70.0,7.5,0.3239,0.011,200.0,0.6478,A,j2,SR5 and beyond excluded,29.44545454545455,0.014285714285714285,0.00013249688319615481,0.010813047754390724,27824345.471192513,2270740028.422052,0.0023135714285714287,23.15529484408768,,,False,0.006942162352420567,SR2,7.651536346153845,7.651536346153845,0.0,359027.6534883396,7.651536346153845,0.0,0.006942162352420567,0.0023595984686607787,0.006942162352420567,0.005853005438882283,0.005935238969788335,0.005673211928360571,0.00836595727554285,0.0015539178653225893,0.0013112054753138937,0.000922192948775486,0.0009243529082516052,0.0008964161529086162,0.0008753184272026653,0.0,7.5,15.0,22.5,30.0,37.5,45.0,-7.5,-15.0,-22.5,-30.0,-37.5,ok,,3,3,True,6.95,9,11,,181385493.20690703,0.5038485922414084,True
2.0.0,C0339,plain,C,lhs,3921baad1798760a494c913428d2f3d4da8fc15e,2026-10-10T04:42:53+00:00,150.0,6.0,0.2731,0.0254,250.0,0.5462,A,j2,SR5 and beyond excluded,10.75196850393701,0.006666666666666667,0.0001531843684968715,0.01976558150747248,32168717.384343017,4150772116.569221,0.0009103333333333334,21.969974368363236,,,False,0.0017733353197320724,SR2,6.028094000000003,6.028094000000003,0.0,275480.17086604825,6.028094000000003,0.0,0.0017733353197320724,0.0012008109468098702,0.0017733353197320724,0.001616861599582244,0.0016712923777044218,0.0015963592997646926,0.0018882036025831823,0.001088852999378291,0.000755974462532336,0.000631687121940273,0.0006155608696544989,0.0006013261557906533,0.0006044750164188811,0.0,6.0,12.0,18.0,24.0,30.0,36.0,-6.0,-12.0,-18.0,-24.0,-30.0,ok,,3,3,True,2.0,10,11,,124036952.77435355,0.34454709103987097,True
2.0.0,C0340,plain,C,lhs,3921baad1798760a494c913428d2f3d4da8fc15e,2026-10-10T04:42:55+00:00,250.0,10.5,0.2191,0.021,80.0,0.4382,A,j2,SR5 and beyond excluded,10.433333333333332,0.004,6.483145561401001e-05,0.013069339598198898,13614605.678942103,2744561315.6217685,0.00043819999999999997,47.923322683706076,,,False,0.001000852513466517,SR2,10.876135231428584,10.876135231428584,0.0,87542.62080080138,10.876135231428584,0.0,0.001000852513466517,0.0006492491456478344,0.001000852513466517,0.0009311734776133098,0.000949037993050081,0.0009152329656420424,0.0010676438842827163,0.00044199848299284725,0.000336626661059055,0.00035252104818540544,0.00033941224954980355,0.00034132193053705573,0.000339767526012778,0.0,10.5,21.0,31.5,42.0,52.5,63.0,-10.5,-21.0,-31.5,-42.0,-52.5,ok,,3,3,True,3.16,11,11,,60028434.80386089,0.1667456522329469,True
2.0.0,C0341,plain,C,lhs,3921baad1798760a494c913428d2f3d4da8fc15e,2026-10-10T04:42:58+00:00,120.0,9.0,0.1683,0.0159,40.0,0.3366,A,j2,SR5 and beyond excluded,10.584905660377359,0.008333333333333333,2.234156640690647e-05,0.007612581654472642,4691728.945450358,1598642147.4392548,0.00070125,53.475935828877006,,,False,0.0013555807633164334,SR2,9.282756161764707,8.609556161764708,0.6732,61011.35365505412,9.282756161764707,0.6732,0.0013523533136009067,0.0007910958077406426,0.0013555807633164334,0.0012451369877304528,0.0012721245381466513,0.0012226180629291744,0.001447947687869166,0.0005282387402151669,0.0003118731462202559,0.00031468717729146137,0.00029393565823932334,0.0002979842395859607,0.0002961007170206176,0.0,9.0,18.0,27.0,36.0,45.0,54.0,-9.0,-18.0,-27.0,-36.0,-45.0,ok,,3,3,True,2.84,11,11,,51528642.687140286,0.14313511857538969,True
2.0.0,C0342,plain,C,lhs,3921baad1798760a494c913428d2f3d4da8fc15e,2026-10-10T04:43:01+00:00,70.0,14.0,0.508,0.011,0.0,1.016,A,j2,SR5 and beyond excluded,46.18181818181819,0.014285714285714285,0.0005305599074371447,0.01717508703717542,111417580.56180039,3606768277.8068385,0.0036285714285714285,27.559055118110237,,,False,0.005630168944351167,SR2,14.736818064516129,14.736818064516129,0.0,1130689.9438195135,14.736818064516129,0.0,0.005630168944351167,0.0020765345692857627,0.005630168944351167,0.0038111798410750356,0.004248658210071632,0.0038831756498780316,0.006732295995188586,0.0013919473535014188,0.000891855909094959,0.00018607127535550706,0.00018302161098379766,8.49523776230454e-05,3.978601184818814e-05,0.0,14.0,28.0,42.0,56.0,70.0,84.0,-14.0,-28.0,-42.0,-56.0,-70.0,ok,,3,3,True,33.53,9,11,,0.0,0.0,True
2.0.0,C0343,plain,C,lhs,3921baad1798760a494c913428d2f3d4da8fc15e,2026-10-10T04:43:35+00:00,120.0,6.0,0.1683,0.0159,200.0,0.3366,A,j2,SR5 and beyond excluded,10.584905660377359,0.008333333333333333,2.234156640690647e-05,0.007612581654472642,4691728.945450358,1598642147.4392548,0.00070125,35.650623885918,,,False,0.002985427040369446,SR2,6.217804374999996,5.881204374999996,0.3366,55345.219742269546,6.217804374999996,0.3366,0.002970983119620038,0.0018329732386581554,0.002985427040369446,0.0028003619552522075,0.002870560147010601,0.0028341141080378785,0.0031657966838555844,0.0013824238072509892,0.0013077913035091592,0.001248008395929876,0.0012477621359908906,0.0012440248581279526,0.001243493069063435,0.0,6.0,12.0,18.0,24.0,30.0,36.0,-6.0,-12.0,-18.0,-24.0,-30.0,ok,,3,3,True,2.22,10,11,,257643213.43570143,0.7156755928769484,True
2.0.0,C0344,plain,C,lhs,3921baad1798760a494c913428d2f3d4da8fc15e,2026-10-10T04:43:37+00:00,85.0,12.0,0.6096,0.021,200.0,1.2192,A,j2,SR5 and beyond excluded,29.02857142857143,0.011764705882352941,0.001683807425674905,0.03883197015396204,353599559.39173007,8154713732.332028,0.0035858823529411766,19.68503937007874,,,False,0.00776618656858861,SR2,12.252041691176473,12.252041691176473,0.0,3084889.0844254005,12.252041691176473,0.0,0.00776618656858861,0.00221910473741994,0.00776618656858861,0.005821325557410967,0.006076909807872331,0.005716999140596854,0.009774071569100422,0.0015152000918690345,0.0011074155290835843,0.0003956664459264374,0.0004200242446713938,0.00032639327306847003,0.00026321087237433086,0.0,12.0,24.0,36.0,48.0,60.0,72.0,-12.0,-24.0,-36.0,-48.0,-60.0,ok,,5,5,True,18.69,9,11,,50508124.934780955,0.1403003470410582,True
2.0.0,C0345,plain,C,lhs,3921baad1798760a494c913428d2f3d4da8fc15e,2026-10-10T04:43:56+00:00,250.0,10.5,0.3239,0.0318,40.0,0.6478,A,j2,SR5 and beyond excluded,10.185534591194969,0.004,0.0003149188559069631,0.0291815630088118,66132959.74046225,6128128231.850478,0.0006478,32.41741278172275,,,False,0.0008650626609116468,SR2,10.88688575188679,10.23908575188679,0.6478,322208.70480250387,10.88688575188679,0.6478,0.0008591574137845302,0.0005525875487461348,0.0008650626609116468,0.0007588017851870232,0.0007971953976524904,0.0007376459551321109,0.0009549582542760746,0.0004278853567217787,0.0001558823850777351,0.00012774991353063688,0.00010207387192308167,0.0001076577680354306,0.00010550612440520264,0.0,10.5,21.0,31.5,42.0,52.5,63.0,-10.5,-21.0,-31.5,-42.0,-52.5,ok,,3,3,True,8.01,11,11,,13442254.614036594,0.03733959615010165,True
2.0.0,C0346,plain,C,lhs,3921baad1798760a494c913428d2f3d4da8fc15e,2026-10-10T04:44:04+00:00,150.0,9.0,0.508,0.0254,0.0,1.016,A,j2,SR5 and beyond excluded,20.0,0.006666666666666667,0.0011242345390208087,0.03850976841140984,236089253.19436982,8087051366.396067,0.0016933333333333334,17.716535433070867,,,False,0.0017184081836142482,SR3,18.19164604651162,18.19164604651162,0.0,1591131.5791729172,18.19164604651162,0.0,0.0017184081836142482,0.0012242648076096312,0.0017001785688896816,0.0017184081836142482,0.0016661433970855209,0.001859462555328469,0.002113599958636453,0.0009628947262008924,0.0005112027137720764,0.00013624009025876944,0.00014633606665797553,6.663811746610306e-05,1.8082174927444428e-05,0.0,9.0,18.0,27.0,36.0,45.0,54.0,-9.0,-18.0,-27.0,-36.0,-45.0,ok,,3,3,True,17.45,7,11,,0.0,0.0,True
2.0.0,C0347,plain,C,lhs,3921baad1798760a494c913428d2f3d4da8fc15e,2026-10-10T04:44:21+00:00,200.0,9.0,0.508,0.0127,200.0,1.016,A,j2,SR5 and beyond excluded,40.0,0.005,0.0006063927901206482,0.01976159168480241,127342485.92533614,4149934253.8085065,0.00127,17.716535433070867,,,False,0.0021103317110324074,SR2,9.179276627906976,9.179276627906976,0.0,772906.2856673312,9.179276627906976,0.0,0.0021103317110324074,0.001379132853175554,0.0021103317110324074,0.0018264803452714023,0.0019153177341985285,0.0017997231027276433,0.0023158314202396564,0.001171760282512514,0.0007170332850562477,0.0005286243007542647,0.0005142418384528783,0.0004896040224008347,0.0004899043776223564,0.0,9.0,18.0,27.0,36.0,45.0,54.0,-9.0,-18.0,-27.0,-36.0,-45.0,ok,,3,3,True,2.92,9,11,,99249596.4537287,0.27569332348257974,True
2.0.0,C0348,plain,C,lhs,3921baad1798760a494c913428d2f3d4da8fc15e,2026-10-10T04:44:24+00:00,70.0,12.0,0.508,0.0127,80.0,1.016,A,j2,SR5 and beyond excluded,40.0,0.014285714285714285,0.0006063927901206482,0.01976159168480241,127342485.92533614,4149934253.8085065,0.0036285714285714285,23.62204724409449,,,False,0.008134165467621267,SR2,12.110776152980879,12.110776152980879,0.0,1333633.8541364712,12.110776152980879,0.0,0.008134165467621267,0.0021493297702199865,0.008134165467621267,0.006282017184155318,0.0064840347905373635,0.005966832545953786,0.010299108611647666,0.0013951175771293757,0.0010533119931782349,0.00034524344788418966,0.00035193993891049244,0.00027157396868820224,0.00021050157432094492,0.0,12.0,24.0,36.0,48.0,60.0,72.0,-12.0,-24.0,-36.0,-48.0,-60.0,ok,,3,3,True,16.76,9,11,,39699838.58149148,0.11027732939303188,True
2.0.0,C0349,plain,C,lhs,3921baad1798760a494c913428d2f3d4da8fc15e,2026-10-10T04:44:41+00:00,200.0,14.0,0.3239,0.008,160.0,0.6478,A,j2,SR5 and beyond excluded,40.487500000000004,0.005,9.91008060013135e-05,0.007939432954152137,20811169.260275833,1667280920.3719487,0.00080975,43.223217042297,,,False,0.0033912494686180986,SR2,14.08578590522876,14.08578590522876,0.0,186781.1593701642,14.08578590522876,0.0,0.0033912494686180986,0.0017690392075028769,0.0033912494686180986,0.0031472997712980568,0.003206193045527159,0.0030949050105129514,0.0036728013552552903,0.00112670181250359,0.0010220912858238892,0.0010023788963996485,0.000998075452977294,0.0009983082973783282,0.000997777613881859,0.0,14.0,28.0,42.0,56.0,70.0,84.0,-14.0,-28.0,-42.0,-56.0,-70.0,ok,,3,3,True,5.65,10,11,,197629227.30891207,0.5489700758580891,True
2.0.0,C0350,plain,C,lhs,3921baad1798760a494c913428d2f3d4da8fc15e,2026-10-10T04:44:47+00:00,85.0,14.0,0.2731,0.011,80.0,0.5462,A,j2,SR5 and beyond excluded,24.827272727272728,0.011764705882352941,7.791443314473457e-05,0.009057525779564741,16362030.96039426,1902080413.7085958,0.0016064705882352943,51.26327352618088,,,False,0.00514557660977356,SR2,14.3083184390619,14.3083184390619,0.0,286593.42946437513,14.3083184390619,0.0,0.00514557660977356,0.0017816686719639148,0.00514557660977356,0.004579970862355747,0.004659244799937773,0.004392157869996834,0.005760505381376417,0.0008883622032587831,0.0006338915683485849,0.0004930482629573909,0.0004989528805359213,0.0004915604494871508,0.0004925559639952591,0.0,14.0,28.0,42.0,56.0,70.0,84.0,-14.0,-28.0,-42.0,-56.0,-70.0,ok,,3,3,True,9.82,10,11,,86616590.34634298,0.24060163985095273,True
2.0.0,C0351,plain,C,lhs,3921baad1798760a494c913428d2f3d4da8fc15e,2026-10-10T04:44:56+00:00,105.0,10.5,0.3239,0.008,250.0,0.6478,A,j2,SR5 and beyond excluded,40.487500000000004,0.009523809523809525,9.91008060013135e-05,0.007939432954152137,20811169.260275833,1667280920.3719487,0.0015423809523809524,32.41741278172275,,,False,0.011385321198925082,SR2,10.330839481132067,10.330839481132067,0.0,169525.90465667198,10.330839481132067,0.0,0.011385321198925082,0.004706587452915587,0.011385321198925082,0.010961251289042583,0.010968205672549733,0.010905258228869227,0.01205555808292242,0.001736067611767603,0.0017250249417788974,0.0016543002445620267,0.0016785576046739602,0.001670187242750111,0.0016715555531117852,0.0,10.5,21.0,31.5,42.0,52.5,63.0,-10.5,-21.0,-31.5,-42.0,-52.5,ok,,3,3,True,16.86,10,11,,308795667.67017514,0.8577657435282643,True
2.0.0,C0352,plain,C,lhs,3921baad1798760a494c913428d2f3d4da8fc15e,2026-10-10T04:45:13+00:00,60.0,14.0,0.2731,0.011,40.0,0.5462,A,j2,SR5 and beyond excluded,24.827272727272728,0.016666666666666666,7.791443314473457e-05,0.009057525779564741,16362030.96039426,1902080413.7085958,0.0022758333333333333,51.26327352618088,,,False,0.006700849038898892,SR2,14.40994513071896,14.40994513071896,0.0,313508.5128719287,14.40994513071896,0.0,0.006700849038898892,0.0018395318394523145,0.006700849038898892,0.0057911299602946215,0.005827055967523125,0.005652162057449101,0.009392554720650542,0.0010108280772257935,0.000617983679947029,0.000317981590273245,0.00031423413886984817,0.0002913381712292268,0.00029621368208584227,0.0,14.0,28.0,42.0,56.0,70.0,84.0,-14.0,-28.0,-42.0,-56.0,-70.0,ok,,3,3,True,20.06,10,11,,43308295.17317149,0.12030081992547637,True
2.0.0,C0353,plain,C,lhs,3921baad1798760a494c913428d2f3d4da8fc15e,2026-10-10T04:45:33+00:00,85.0,6.0,0.3239,0.021,0.0,0.6478,A,j2,SR5 and beyond excluded,15.423809523809524,0.011764705882352941,0.00023028173311683242,0.01998335671021931,48359163.95453481,4196504909.146055,0.0019052941176470588,18.524235875270143,,,False,0.0019634017910737547,SR3,12.165707895424832,10.870107895424832,1.2956,569831.7540564535,12.165707895424832,1.2956,0.0019570243043131475,0.0013376513833218268,0.0018372223973930082,0.0019634017910737547,0.0018689855240113585,0.0021400897295330923,0.002332304066447597,0.0010893923084790975,0.0006530327023765342,0.0001697336316995018,0.00027025156079416035,0.00010668240409054039,3.415353884284557e-05,0.0,6.0,12.0,18.0,24.0,30.0,36.0,-6.0,-12.0,-18.0,-24.0,-30.0,ok,,3,3,True,11.05,7,11,,0.0,0.0,True
2.0.0,C0354,plain,C,lhs,3921baad1798760a494c913428d2f3d4da8fc15e,2026-10-10T04:45:44+00:00,200.0,14.0,0.2731,0.008,40.0,0.5462,A,j2,SR5 and beyond excluded,34.1375,0.005,5.858337318569159e-05,0.006662689699733241,12302508.368995234,1399164836.9439807,0.00068275,51.26327352618088,,,False,0.0014006810305866868,SR2,14.16807360457517,14.16807360457517,0.0,100322.31794947798,14.16807360457517,0.0,0.0014006810305866868,0.0008399352411474288,0.0014006810305866868,0.0012886913203790785,0.0013167717397654737,0.0012625166336693288,0.0014958285998948496,0.0005508515302994003,0.00035309312495696623,0.0003742870799725215,0.000353135751042741,0.00035657268793744826,0.000355318714261917,0.0,14.0,28.0,42.0,56.0,70.0,84.0,-14.0,-28.0,-42.0,-56.0,-70.0,ok,,3,3,True,4.13,11,11,,58875021.60211745,0.16354172667254846,True
2.0.0,C0355,plain,C,lhs,3921baad1798760a494c913428d2f3d4da8fc15e,2026-10-10T04:45:48+00:00,105.0,12.0,0.6096,0.0127,0.0,1.2192,A,j2,SR5 and beyond excluded,48.00000000000001,0.009523809523809525,0.0010611209796460759,0.023815251517582365,222835405.72567594,5001202818.692297,0.002902857142857143,19.68503937007874,,,False,0.003751068315768267,SR2,12.19600875,12.19600875,0.0,1780089.2490626262,12.19600875,0.0,0.003751068315768267,0.0017768736580497677,0.003751068315768267,0.003075643184638596,0.003126630872375082,0.003149317160962878,0.0047373401616299495,0.001228867311797136,0.0007603550482828189,0.00017359655908607657,0.00018856036401637807,9.059483799519238e-05,2.3134146981251015e-05,0.0,12.0,24.0,36.0,48.0,60.0,72.0,-12.0,-24.0,-36.0,-48.0,-60.0,ok,,3,3,True,26.49,7,11,,0.0,0.0,True
2.0.0,C0356,plain,C,lhs,3921baad1798760a494c913428d2f3d4da8fc15e,2026-10-10T04:46:15+00:00,70.0,6.0,0.4064,0.008,160.0,0.8128,A,j2,SR5 and beyond excluded,50.8,0.014285714285714285,0.0001987389278493023,0.010012884105521414,41735174.84835348,2102705662.159497,0.002902857142857143,14.763779527559056,,,False,0.006332060226318876,SR2,5.914859682539678,5.914859682539678,0.0,447642.7792164518,5.914859682539678,0.0,0.006332060226318876,0.0024252938726468955,0.006332060226318876,0.004992424001166223,0.005407193209183881,0.004920058476615894,0.007554537961895411,0.002079580297948979,0.001381154455025341,0.0008391766958665625,0.0009282131191158983,0.0008058805500815161,0.0007687496638907462,0.0,6.0,12.0,18.0,24.0,30.0,36.0,-6.0,-12.0,-18.0,-24.0,-30.0,ok,,3,3,True,6.16,9,11,,156704500.2682863,0.4352902785230175,True
2.0.0,C0357,plain,C,lhs,3921baad1798760a494c913428d2f3d4da8fc15e,2026-10-10T04:46:21+00:00,150.0,9.0,0.1683,0.011,120.0,0.3366,A,j2,SR5 and beyond excluded,15.3,0.006666666666666667,1.6894967315812057e-05,0.0054358977685064185,3547943.136320532,1141538531.3863478,0.000561,53.475935828877006,,,False,0.002742050161025339,SR2,9.26302892941177,8.58982892941177,0.6732,47442.326066410096,9.26302892941177,0.6732,0.0026538031424735856,0.001678878490121828,0.002742050161025339,0.0025834044531363462,0.002586166506327681,0.0025886977388276155,0.0029166904473714207,0.001113982793110866,0.0010611735052604647,0.0010695834059174325,0.0010676275559313685,0.001067999251506996,0.0010672486383469146,0.0,9.0,18.0,27.0,36.0,45.0,54.0,-9.0,-18.0,-27.0,-36.0,-45.0,ok,,3,3,True,3.41,10,11,,216486411.28203925,0.601351142450109,True
2.0.0,C0358,plain,C,lhs,3921baad1798760a494c913428d2f3d4da8fc15e,2026-10-10T04:46:24+00:00,85.0,6.0,0.2731,0.0159,160.0,0.5462,A,j2,SR5 and beyond excluded,17.17610062893082,0.011764705882352941,0.00010664155429545872,0.012847480325002391,22394726.40204633,2697970868.250502,0.0016064705882352943,21.969974368363236,,,False,0.0031333175783647767,SR2,6.077056078431374,6.077056078431374,0.0,303682.0916929713,6.077056078431374,0.0,0.0031333175783647767,0.001589764797640654,0.0031333175783647767,0.0026028933580270917,0.0027463020356653135,0.0025680114908294745,0.0034625065360669787,0.0013284694039553241,0.0008982288841699091,0.0006295005765426909,0.0006280558351434739,0.0006036748411596655,0.0005906797139472137,0.0,6.0,12.0,18.0,24.0,30.0,36.0,-6.0,-12.0,-18.0,-24.0,-30.0,ok,,3,3,True,3.15,9,11,,122130095.57574147,0.3392502654881708,True
2.0.0,C0359,plain,C,lhs,3921baad1798760a494c913428d2f3d4da8fc15e,2026-10-10T04:46:28+00:00,250.0,9.0,0.6096,0.011,200.0,1.2192,A,j2,SR5 and beyond excluded,55.41818181818182,0.004,0.0009268497527332657,0.02068613098682734,194638448.0739858,4344087507.233741,0.0012192000000000001,14.763779527559054,,,False,0.001982200197658481,SR2,9.335225232183909,9.335225232183909,0.0,936244.1097246165,9.335225232183909,0.0,0.001982200197658481,0.001338141075979274,0.001982200197658481,0.001695557427182772,0.0017828689414201076,0.001704060128932948,0.0021224703038881867,0.0011467050430600694,0.0006832464319286482,0.0005010929578292674,0.0004935362041838478,0.0004687284916283951,0.00046398476453961783,0.0,9.0,18.0,27.0,36.0,45.0,54.0,-9.0,-18.0,-27.0,-36.0,-45.0,ok,,3,3,True,3.43,9,11,,94813766.83000556,0.2633715745277932,True
2.0.0,C0360,plain,C,lhs,3921baad1798760a494c913428d2f3d4da8fc15e,2026-10-10T04:46:31+00:00,150.0,14.0,0.3239,0.0318,80.0,0.6478,A,j2,SR5 and beyond excluded,10.185534591194969,0.006666666666666667,0.0003149188559069631,0.0291815630088118,66132959.74046225,6128128231.850478,0.0010796666666666667,43.223217042297,,,False,0.001604755473906479,SR2,14.122349398692805,14.122349398692805,0.0,592939.7313497978,14.122349398692805,0.0,0.001604755473906479,0.000870241211200443,0.001604755473906479,0.0014256185491391454,0.001482387230617326,0.0013816546527218145,0.0017445770759395088,0.0006857191337867591,0.0002782450986528284,0.00024223340026445728,0.00020166993400346867,0.00021055326237813944,0.00020728941832190724,0.0,14.0,28.0,42.0,56.0,70.0,84.0,-14.0,-28.0,-42.0,-56.0,-70.0,ok,,3,3,True,11.67,11,11,,26884509.228073187,0.0746791923002033,True
2.0.0,C0361,plain,C,lhs,3921baad1798760a494c913428d2f3d4da8fc15e,2026-10-10T04:46:43+00:00,60.0,14.0,0.508,0.0159,120.0,1.016,A,j2,SR5 and beyond excluded,31.949685534591193,0.016666666666666666,0.0007448524635677762,0.024581046142821444,156419017.349233,5162019689.992503,0.004233333333333334,27.559055118110237,,,False,0.012950195761405043,SR2,13.988419354838719,13.988419354838719,0.0,1717396.0208540284,13.988419354838719,0.0,0.012950195761405043,0.002838266182875843,0.012950195761405043,0.010942152754935416,0.01118991164578809,0.011090730397082011,0.018570176735820957,0.0013378057098421302,0.0011944679328574881,0.0003936282961766526,0.0003931796619219211,0.00031659777909350147,0.00026685568846008596,0.0,14.0,28.0,42.0,56.0,70.0,84.0,-14.0,-28.0,-42.0,-56.0,-70.0,ok,,4,4,True,27.88,9,11,,47874203.28502445,0.1329838980139568,True
2.0.0,C0362,plain,C,lhs,3921baad1798760a494c913428d2f3d4da8fc15e,2026-10-10T04:47:11+00:00,70.0,7.5,0.2731,0.021,120.0,0.5462,A,j2,SR5 and beyond excluded,13.004761904761905,0.014285714285714285,0.0001330457027830812,0.016631905667369735,27939597.584447052,3492700190.1476445,0.0019507142857142859,27.462467960454045,,,False,0.0035212139883201866,SR2,7.724707884615386,7.724707884615386,0.0,459313.7704946342,7.724707884615386,0.0,0.0035212139883201866,0.001577471940229721,0.0035212139883201866,0.002825703031641881,0.0029727028184289668,0.002781459402731764,0.003990693227416031,0.0012372466968373023,0.000708737133582693,0.00040857468118390587,0.0003972535985807127,0.00036411026108624286,0.0003590754210048972,0.0,7.5,15.0,22.5,30.0,37.5,45.0,-7.5,-15.0,-22.5,-30.0,-37.5,ok,,3,3,True,4.02,9,11,,70755451.8126428,0.19654292170178556,True
2.0.0,C0363,plain,C,lhs,3921baad1798760a494c913428d2f3d4da8fc15e,2026-10-10T04:47:15+00:00,150.0,7.5,0.508,0.0159,0.0,1.016,A,j2,SR5 and beyond excluded,31.949685534591193,0.006666666666666667,0.0007448524635677762,0.024581046142821444,156419017.349233,5162019689.992503,0.0016933333333333334,14.763779527559056,,,False,0.0017326851202519578,SR3,15.332822727272731,13.300822727272731,2.032,1065281.1175533403,15.332822727272731,2.032,0.001726459279739807,0.0012148001185268169,0.0016434217543664813,0.0017326851202519578,0.0016650464380886054,0.0018754032497062705,0.00207863538509263,0.0009369985879558173,0.0005815586185359292,0.00015526345857500698,0.0002343906081183571,9.317478533386355e-05,3.2042666634195656e-05,0.0,7.5,15.0,22.5,30.0,37.5,45.0,-7.5,-15.0,-22.5,-30.0,-37.5,ok,,3,3,True,14.05,7,11,,0.0,0.0,True
2.0.0,C0364,plain,C,lhs,3921baad1798760a494c913428d2f3d4da8fc15e,2026-10-10T04:47:29+00:00,70.0,14.0,0.3239,0.0318,40.0,0.6478,A,j2,SR5 and beyond excluded,10.185534591194969,0.014285714285714285,0.0003149188559069631,0.0291815630088118,66132959.74046225,6128128231.850478,0.0023135714285714287,43.223217042297,,,False,0.003875631088690656,SR2,14.478952012987005,13.831152012987005,0.6478,1028393.1165549847,14.478952012987005,0.6478,0.003777525903111241,0.0015773828977953953,0.003875631088690656,0.002925886733229161,0.003056023914625489,0.002763336177535608,0.00435906576802662,0.0011499084354507762,0.0004935376859055945,0.00018864043298459486,0.00017448225462866153,0.0001481603636661065,0.00015504416201013481,0.0,14.0,28.0,42.0,56.0,70.0,84.0,-14.0,-28.0,-42.0,-56.0,-70.0,ok,,3,3,True,25.19,10,11,,13442254.614036594,0.03733959615010165,True
2.0.0,C0365,plain,C,lhs,3921baad1798760a494c913428d2f3d4da8fc15e,2026-10-10T04:47:54+00:00,105.0,10.5,0.1683,0.011,160.0,0.3366,A,j2,SR5 and beyond excluded,15.3,0.009523809523809525,1.6894967315812057e-05,0.0054358977685064185,3547943.136320532,1141538531.3863478,0.0008014285714285714,62.3885918003565,,,False,0.007103960313845267,SR2,10.558824333333327,10.222224333333326,0.3366,50694.88916457408,10.558824333333327,0.3366,0.007052347156382425,0.0034067624970782716,0.007103960313845267,0.007020264918871375,0.007077858977334643,0.007115111841350405,0.007553119951054635,0.0014004570140408832,0.0014017855418878308,0.0014172350945480978,0.0014191419142678165,0.0014191233264603661,0.0014186376229586666,0.0,10.5,21.0,31.5,42.0,52.5,63.0,-10.5,-21.0,-31.5,-42.0,-52.5,ok,,3,3,True,7.93,10,11,,288648548.3760524,0.8018015232668122,True
2.0.0,C0366,plain,C,lhs,3921baad1798760a494c913428d2f3d4da8fc15e,2026-10-10T04:48:02+00:00,120.0,6.0,0.4064,0.0254,120.0,0.8128,A,j2,SR5 and beyond excluded,16.0,0.008333333333333333,0.000554108038278648,0.030402448745849874,116362688.03851609,6384514236.628473,0.0016933333333333334,14.763779527559056,,,False,0.00198067175862982,SR4,18.107817777777775,18.107817777777775,0.0,1000226.3693116172,18.107817777777775,0.0,0.00198067175862982,0.0013380105252883679,0.0019785802575989085,0.0019015640591874645,0.00198067175862982,0.0020016782674221077,0.0024074638759236993,0.0011266119488362045,0.0006596273211005258,0.00029474487460715633,0.0003564691596675421,0.00024776039304207173,0.0002068800340857802,0.0,6.0,12.0,18.0,24.0,30.0,36.0,-6.0,-12.0,-18.0,-24.0,-30.0,ok,,3,3,True,2.56,8,11,,38707342.61695418,0.10752039615820605,True
2.0.0,C0367,plain,C,lhs,3921baad1798760a494c913428d2f3d4da8fc15e,2026-10-10T04:48:04+00:00,200.0,12.0,0.1683,0.008,160.0,0.3366,A,j2,SR5 and beyond excluded,21.0375,0.005,1.2972711832819855e-05,0.004028778418963555,2724269.4848921695,846043467.9823465,0.00042075,71.301247771836,,,False,0.007746105892956898,SR3,23.965861896,23.965861896,0.0,18273.676458220605,23.965861896,0.0,0.007746105892956898,0.004870093518058196,0.007596729513279747,0.007746105892956898,0.007713741607976126,0.007428119917898745,0.0074777095194352786,0.002826730331153852,0.002927350661107071,0.002957549427081759,0.002954949104382542,0.002956549262943728,0.0029556631873756596,0.0,12.0,24.0,36.0,48.0,60.0,72.0,-12.0,-24.0,-36.0,-48.0,-60.0,ok,,3,3,True,8.89,11,11,,389463960.74164283,1.0818443353934524,False
2.0.0,C0368,plain,C,lhs,3921baad1798760a494c913428d2f3d4da8fc15e,2026-10-10T04:48:13+00:00,105.0,10.5,0.4064,0.0318,40.0,0.8128,A,j2,SR5 and beyond excluded,12.779874213836477,0.009523809523809525,0.0006611633992809267,0.03742353133550462,138844313.8489946,7858941580.45597,0.0019352380952380951,25.836614173228348,,,False,0.002448360199415728,SR2,11.01866867924528,11.01866867924528,0.0,1490396.1617827255,11.01866867924528,0.0,0.002448360199415728,0.00137482338380599,0.002448360199415728,0.0020507620553405375,0.00215040388950158,0.0020848681853495774,0.0027978846748419922,0.0011335907182116907,0.00045598828722958235,0.00016361530034822856,0.00012130561987407424,7.789066772643686e-05,9.037301706286646e-05,0.0,10.5,21.0,31.5,42.0,52.5,63.0,-10.5,-21.0,-31.5,-42.0,-52.5,ok,,3,3,True,14.02,10,11,,10481800.7815272,0.029116113282020004,True
2.0.0,C0369,plain,C,lhs,3921baad1798760a494c913428d2f3d4da8fc15e,2026-10-10T04:48:27+00:00,105.0,14.0,0.2731,0.008,0.0,0.5462,A,j2,SR5 and beyond excluded,34.1375,0.009523809523809525,5.858337318569159e-05,0.006662689699733241,12302508.368995234,1399164836.9439807,0.0013004761904761904,51.26327352618088,,,False,0.0015706800312875581,SR2,14.261860522875807,14.261860522875807,0.0,140446.18982551462,14.261860522875807,0.0,0.0015706800312875581,0.0010069690238103208,0.0015706800312875581,0.0013511714222822209,0.0014275499653439402,0.0013731127569690472,0.001713627848053295,0.0007998688405928657,0.00019251936667822673,0.00013249805931545464,7.86924852206564e-05,9.151777869174585e-05,8.658880197681484e-05,0.0,14.0,28.0,42.0,56.0,70.0,84.0,-14.0,-28.0,-42.0,-56.0,-70.0,ok,,3,3,True,24.52,11,11,,0.0,0.0,True
2.0.0,C0370,plain,C,lhs,3921baad1798760a494c913428d2f3d4da8fc15e,2026-10-10T04:48:52+00:00,85.0,9.0,0.4064,0.011,40.0,0.8128,A,j2,SR5 and beyond excluded,36.945454545454545,0.011764705882352941,0.00026723821197587353,0.013664043087523456,56120024.514933445,2869449048.3799257,0.0023905882352941174,22.145669291338585,,,False,0.0037667219667061108,SR2,9.446919069767443,9.446919069767443,0.0,659710.8412095843,9.446919069767443,0.0,0.0037667219667061108,0.0015753095746634045,0.0037667219667061108,0.0027685372490975765,0.0029870007559381494,0.002746565796731787,0.004294709134868606,0.001254242642032504,0.0006196703968445826,0.00023491091449804203,0.0002347489569601559,0.00018226032223996546,0.00015036595754261862,0.0,9.0,18.0,27.0,36.0,45.0,54.0,-9.0,-18.0,-27.0,-36.0,-45.0,ok,,3,3,True,8.16,9,11,,28707901.27690503,0.07974417021362508,True
2.0.0,C0371,plain,C,lhs,3921baad1798760a494c913428d2f3d4da8fc15e,2026-10-10T04:49:00+00:00,150.0,10.5,0.508,0.011,160.0,1.016,A,j2,SR5 and beyond excluded,46.18181818181819,0.006666666666666667,0.0005305599074371447,0.01717508703717542,111417580.56180039,3606768277.8068385,0.0016933333333333334,20.669291338582678,,,False,0.0029963866159168507,SR2,10.337418878504675,10.337418878504675,0.0,852109.3378700202,10.337418878504675,0.0,0.0029963866159168507,0.001547916020027689,0.0029963866159168507,0.0024433334038704976,0.0025857714131720866,0.0023910842299144923,0.0034829661699449193,0.0012810335402863601,0.0007729546334444923,0.0005088050986178593,0.0004906826936998769,0.00046067910782045273,0.00045984437176856537,0.0,10.5,21.0,31.5,42.0,52.5,63.0,-10.5,-21.0,-31.5,-42.0,-52.5,ok,,3,3,True,5.09,9,11,,91356975.1701267,0.25376937547257417,True
2.0.0,C0372,plain,C,lhs,3921baad1798760a494c913428d2f3d4da8fc15e,2026-10-10T04:49:05+00:00,250.0,10.5,0.3239,0.008,120.0,0.6478,A,j2,SR5 and beyond excluded,40.487500000000004,0.004,9.91008060013135e-05,0.007939432954152137,20811169.260275833,1667280920.3719487,0.0006478,32.41741278172275,,,False,0.0017134919755365332,SR2,10.88688575188679,10.23908575188679,0.6478,128649.37361045314,10.88688575188679,0.6478,0.0017058821816441918,0.0011770989716104782,0.0017134919755365332,0.0016036663676017573,0.0016313862857191479,0.0015869873639449152,0.0018216266805061374,0.0009895618151023401,0.000793103980995078,0.0007435262368981604,0.0007396548023759195,0.0007391153596742138,0.0007389917126478357,0.0,10.5,21.0,31.5,42.0,52.5,63.0,-10.5,-21.0,-31.5,-42.0,-52.5,ok,,3,3,True,3.05,10,11,,148221920.48168406,0.4117275568935668,True
2.0.0,C0373,plain,C,lhs,3921baad1798760a494c913428d2f3d4da8fc15e,2026-10-10T04:49:08+00:00,200.0,7.5,0.3239,0.0191,160.0,0.6478,A,j2,SR5 and beyond excluded,16.958115183246075,0.005,0.0002132260104680226,0.018289347119550634,44777462.198284745,3840762895.1056333,0.00080975,23.15529484408768,,,False,0.001436972314811052,SR2,7.537203721153839,7.537203721153839,0.0,282856.005873396,7.537203721153839,0.0,0.001436972314811052,0.0009640093286471578,0.001436972314811052,0.0012970394924073623,0.0013431078361465887,0.001277253953107015,0.0015305363785641036,0.0008553341375834985,0.0005518131157574101,0.0004419679746387976,0.0004356642957554649,0.00042445243698069704,0.000427067300558639,0.0,7.5,15.0,22.5,30.0,37.5,45.0,-7.5,-15.0,-22.5,-30.0,-37.5,ok,,3,3,True,2.19,10,11,,85791143.32204503,0.23830873145012507,True
2.0.0,C0374,plain,C,lhs,3921baad1798760a494c913428d2f3d4da8fc15e,2026-10-10T04:49:10+00:00,200.0,14.0,0.508,0.0127,40.0,1.016,A,j2,SR5 and beyond excluded,40.0,0.005,0.0006063927901206482,0.01976159168480241,127342485.92533614,4149934253.8085065,0.00127,27.559055118110237,,,False,0.0016479360260004156,SR2,14.34370662337662,13.32770662337662,1.016,775584.2910223734,14.34370662337662,1.016,0.001644935291020778,0.0010414600262987923,0.0016479360260004156,0.0014113690038480265,0.0014951367732271939,0.0014230477998264076,0.0018184129142720703,0.0008520769353777718,0.0003272256921310801,0.00016194053372076286,0.00015219583019586893,0.0001389981576831842,0.00014239154543284013,0.0,14.0,28.0,42.0,56.0,70.0,84.0,-14.0,-28.0,-42.0,-56.0,-70.0,ok,,3,3,True,13.63,10,11,,19849919.29074574,0.05513866469651594,True
2.0.0,C0375,plain,C,lhs,3921baad1798760a494c913428d2f3d4da8fc15e,2026-10-10T04:49:24+00:00,120.0,9.0,0.4064,0.021,0.0,0.8128,A,j2,SR5 and beyond excluded,19.35238095238095,0.008333333333333333,0.00047348021490912356,0.025426165982563635,99430845.13091595,5339494856.338364,0.0016933333333333334,22.145669291338585,,,False,0.0017750184828732153,SR2,9.39330162790697,7.76770162790697,1.6256,864439.3474054727,9.39330162790697,1.6256,0.0017739849119726904,0.0011789415167959816,0.0017750184828732153,0.0017046570189919491,0.0016838199844785677,0.00183454086493629,0.0021189139439956217,0.0009630597124613773,0.0004254791072316116,0.00011794918905213112,0.00011333464337505894,4.54801894564525e-05,1.3202799239403167e-05,0.0,9.0,18.0,27.0,36.0,45.0,54.0,-9.0,-18.0,-27.0,-36.0,-45.0,ok,,3,3,True,17.55,7,11,,0.0,0.0,True
2.0.0,C0376,plain,C,lhs,3921baad1798760a494c913428d2f3d4da8fc15e,2026-10-10T04:49:42+00:00,105.0,12.0,0.508,0.0254,250.0,1.016,A,j2,SR5 and beyond excluded,20.0,0.009523809523809525,0.0011242345390208087,0.03850976841140984,236089253.19436982,8087051366.396067,0.0024190476190476193,23.62204724409449,,,False,0.004704241910472017,SR2,12.00234420697413,12.00234420697413,0.0,2277240.2677564365,12.00234420697413,0.0,0.004704241910472017,0.001768747574171339,0.004704241910472017,0.00376011907899159,0.003961507117767564,0.003650363486872798,0.0056758567253517725,0.001355905524436995,0.0008113052101320964,0.0004085842644614731,0.0003906465933082322,0.0003450144038633125,0.00033851726627422076,0.0,12.0,24.0,36.0,48.0,60.0,72.0,-12.0,-24.0,-36.0,-48.0,-60.0,ok,,3,3,True,9.84,9,11,,63663392.462095685,0.17684275683915468,True
2.0.0,C0377,plain,C,lhs,3921baad1798760a494c913428d2f3d4da8fc15e,2026-10-10T04:49:51+00:00,120.0,7.5,0.2731,0.011,0.0,0.5462,A,j2,SR5 and beyond excluded,24.827272727272728,0.008333333333333333,7.791443314473457e-05,0.009057525779564741,16362030.96039426,1902080413.7085958,0.0011379166666666666,27.462467960454045,,,False,0.001294899938285542,SR2,7.9362151442307685,6.843815144230769,1.0924,154595.84038944333,7.9362151442307685,1.0924,0.0012861723078671503,0.0008577931396552529,0.001294899938285542,0.001174102875952683,0.0011514678036324425,0.0012371088162743083,0.0014081180026201598,0.0006979353541010665,0.00023744636365145475,7.20335427228045e-05,4.7733037040958515e-05,1.7530446045035525e-05,2.4787626606550404e-05,0.0,7.5,15.0,22.5,30.0,37.5,45.0,-7.5,-15.0,-22.5,-30.0,-37.5,ok,,3,3,True,14.36,8,11,,0.0,0.0,True
2.0.0,C0378,plain,C,lhs,3921baad1798760a494c913428d2f3d4da8fc15e,2026-10-10T04:50:06+00:00,105.0,10.5,0.3239,0.0127,80.0,0.6478,A,j2,SR5 and beyond excluded,25.50393700787402,0.009523809523809525,0.00015055842404539306,0.012416328149223721,31617269.04953254,2607428911.3369813,0.0015423809523809524,32.41741278172275,,,False,0.0026364818194391433,SR2,10.978639481132067,10.330839481132067,0.6478,383746.9233045116,10.978639481132067,0.6478,0.002585058830050476,0.001315067074675434,0.0026364818194391433,0.0021878340723903746,0.002266040176345331,0.0021589488016749386,0.0030230376622910103,0.0010766055409251428,0.0005865867899663321,0.0003659037027170512,0.00035759966751254893,0.0003367605462528794,0.0003420247393349835,0.0,10.5,21.0,31.5,42.0,52.5,63.0,-10.5,-21.0,-31.5,-42.0,-52.5,ok,,3,3,True,4.85,10,11,,63185507.87086354,0.17551529964128762,True
2.0.0,C0379,plain,C,lhs,3921baad1798760a494c913428d2f3d4da8fc15e,2026-10-10T04:50:11+00:00,150.0,7.5,0.2731,0.008,80.0,0.5462,A,j2,SR5 and beyond excluded,34.1375,0.006666666666666667,5.858337318569159e-05,0.006662689699733241,12302508.368995234,1399164836.9439807,0.0009103333333333334,27.462467960454045,,,False,0.001812347206171927,SR2,7.917325961538461,6.824925961538462,1.0924,110071.37333512922,7.917325961538461,1.0924,0.0018085956473797929,0.0011525968465321778,0.001812347206171927,0.0016405896421251781,0.0016855564576761758,0.0016216342654171772,0.0019466216185508945,0.0010331224557492227,0.0007073855228301556,0.0005961156492185338,0.0005897884737772503,0.0005784394602885392,0.000580917897808917,0.0,7.5,15.0,22.5,30.0,37.5,45.0,-7.5,-15.0,-22.5,-30.0,-37.5,ok,,3,3,True,2.31,10,11,,117750043.2042349,0.3270834533450969,True
2.0.0,C0380,plain,C,lhs,3921baad1798760a494c913428d2f3d4da8fc15e,2026-10-10T04:50:13+00:00,120.0,14.0,0.4064,0.021,40.0,0.8128,A,j2,SR5 and beyond excluded,19.35238095238095,0.008333333333333333,0.00047348021490912356,0.025426165982563635,99430845.13091595,5339494856.338364,0.0016933333333333334,34.4488188976378,,,False,0.002270298240016269,SR2,14.384536363636357,14.384536363636357,0.0,997449.6784648374,14.384536363636357,0.0,0.002270298240016269,0.0012612910537940197,0.002270298240016269,0.0018859680106501555,0.001994483226835048,0.001825398202833908,0.002507666259542903,0.0009873168212565378,0.00036155975531750744,0.00016360349508790368,0.00015159314231551386,0.00013361233636011624,0.00013794988773073552,0.0,14.0,28.0,42.0,56.0,70.0,84.0,-14.0,-28.0,-42.0,-56.0,-70.0,ok,,3,3,True,17.78,10,11,,15427650.408205552,0.042854584467237646,True
2.0.0,C0381,plain,C,lhs,3921baad1798760a494c913428d2f3d4da8fc15e,2026-10-10T04:50:31+00:00,120.0,10.5,0.2731,0.011,250.0,0.5462,A,j2,SR5 and beyond excluded,24.827272727272728,0.008333333333333333,7.791443314473457e-05,0.009057525779564741,16362030.96039426,1902080413.7085958,0.0011379166666666666,38.44745514463566,,,False,0.007058128428574746,SR2,10.39067659787736,10.39067659787736,0.0,172530.2299409948,10.39067659787736,0.0,0.007058128428574746,0.003051991531487594,0.007058128428574746,0.006684728460504346,0.006687262122345893,0.006629490134318992,0.007542061922042773,0.0014582913193385842,0.0013978785011373074,0.001323626517426247,0.0013302713339928198,0.0013248958546497713,0.0013254545288151974,0.0,10.5,21.0,31.5,42.0,52.5,63.0,-10.5,-21.0,-31.5,-42.0,-52.5,ok,,3,3,True,8.76,10,11,,270676844.8323218,0.7518801245342273,True
2.0.0,C0382,plain,C,lhs,3921baad1798760a494c913428d2f3d4da8fc15e,2026-10-10T04:50:39+00:00,200.0,14.0,0.4064,0.008,40.0,0.8128,A,j2,SR5 and beyond excluded,50.8,0.005,0.0001987389278493023,0.010012884105521414,41735174.84835348,2102705662.159497,0.001016,34.4488188976378,,,False,0.0015243334095789184,SR2,14.308822805194803,12.683222805194802,1.6256,273472.14789007715,14.308822805194803,1.6256,0.0015239261424418637,0.0008796842109057609,0.0015243334095789184,0.001348471578878726,0.0014063185468906351,0.0013127192696464581,0.001647431164276305,0.0007078770331379885,0.0003245085992259831,0.00025581883931818147,0.0002415068075729909,0.0002426742816905036,0.00024119042184640306,0.0,14.0,28.0,42.0,56.0,70.0,84.0,-14.0,-28.0,-42.0,-56.0,-70.0,ok,,3,3,True,6.24,10,11,,39176125.06707157,0.10882256963075437,True
2.0.0,C0383,plain,C,lhs,3921baad1798760a494c913428d2f3d4da8fc15e,2026-10-10T04:50:46+00:00,250.0,9.0,0.3239,0.0127,250.0,0.6478,A,j2,SR5 and beyond excluded,25.50393700787402,0.004,0.00015055842404539306,0.012416328149223721,31617269.04953254,2607428911.3369813,0.0006478,27.786353812905215,,,False,0.0019718964562990657,SR2,9.117004345882354,9.117004345882354,0.0,189473.9438894787,9.117004345882354,0.0,0.0019718964562990657,0.0013826285340784352,0.0019718964562990657,0.0018425596957512636,0.0018742301071929218,0.0018257034345375203,0.002119483974879102,0.0012166155698107094,0.0010266576455424928,0.0009701533952658324,0.0009672089074584174,0.0009638261774166633,0.0009642497230767811,0.0,9.0,18.0,27.0,36.0,45.0,54.0,-9.0,-18.0,-27.0,-36.0,-45.0,ok,,3,3,True,2.91,10,11,,197454712.09644857,0.5484853113790238,True
2.0.0,C0384,plain,C,lhs,3921baad1798760a494c913428d2f3d4da8fc15e,2026-10-10T04:50:49+00:00,120.0,12.0,0.2191,0.0159,250.0,0.4382,A,j2,SR5 and beyond excluded,13.779874213836477,0.008333333333333333,5.2708310050139945e-05,0.010150108872630187,11068745.11052939,2131522863.2523391,0.0009129166666666666,54.76951163852122,,,False,0.006418081268129197,SR2,12.073856309523809,12.073856309523809,0.0,167277.36156517093,12.073856309523809,0.0,0.006418081268129197,0.0028501555018996347,0.006418081268129197,0.006052705762203752,0.005947486733278717,0.0057215908441231155,0.006588832754885555,0.0012322481895189912,0.0011928021795827178,0.0012004515041013754,0.00120589076786691,0.001204929467645139,0.0012040968789865099,0.0,12.0,24.0,36.0,48.0,60.0,72.0,-12.0,-24.0,-36.0,-48.0,-60.0,ok,,3,3,True,7.62,10,11,,241540512.59597015,0.6709458683221393,True
2.0.0,C0385,plain,C,lhs,3921baad1798760a494c913428d2f3d4da8fc15e,2026-10-10T04:50:56+00:00,200.0,14.0,0.3239,0.0254,250.0,0.6478,A,j2,SR5 and beyond excluded,12.75196850393701,0.005,0.00026721440230657336,0.02381924134025246,56115024.4843804,5002040681.453016,0.00080975,43.223217042297,,,False,0.0019233252335865846,SR2,14.08578590522876,14.08578590522876,0.0,481916.75700034155,14.08578590522876,0.0,0.0019233252335865846,0.0011836682551862694,0.0019233252335865846,0.001770062903399706,0.001804788901719392,0.0017459109003398927,0.002071584789158066,0.0007911765934685781,0.000577950407082199,0.0005789467694869948,0.0005557640131458167,0.000559582045968838,0.0005581927305039323,0.0,14.0,28.0,42.0,56.0,70.0,84.0,-14.0,-28.0,-42.0,-56.0,-70.0,ok,,3,3,True,4.57,11,11,,102927816.4228053,0.28591060117445916,True
2.0.0,C0386,plain,C,lhs,3921baad1798760a494c913428d2f3d4da8fc15e,2026-10-10T04:51:01+00:00,250.0,7.5,0.6096,0.011,0.0,1.2192,A,j2,SR5 and beyond excluded,55.41818181818182,0.004,0.0009268497527332657,0.02068613098682734,194638448.0739858,4344087507.233741,0.0012192000000000001,12.303149606299211,,,False,0.0012591539623305152,SR5,29.918615030303037,28.699415030303037,1.2192,803684.2315376205,29.918615030303037,1.2192,0.0012530217623395966,0.0008787791522945225,0.0011901837957831807,0.0012406151767899508,0.0012055604368377585,0.0013477298509887666,0.001462955982189789,0.000693663224641122,0.00039445175460131127,0.00010751742632590158,0.0001534590913402202,6.315842702636976e-05,2.0930126816919522e-05,0.0,7.5,15.0,22.5,30.0,37.5,45.0,-7.5,-15.0,-22.5,-30.0,-37.5,ok,,3,3,True,11.93,6,11,,0.0,0.0,True
2.0.0,C0387,plain,C,lhs,3921baad1798760a494c913428d2f3d4da8fc15e,2026-10-10T04:51:13+00:00,85.0,6.0,0.4064,0.0254,250.0,0.8128,A,j2,SR5 and beyond excluded,16.0,0.011764705882352941,0.000554108038278648,0.030402448745849874,116362688.03851609,6384514236.628473,0.0023905882352941174,14.763779527559056,,,False,0.003984065527030197,SR2,6.699751111111115,5.886951111111115,0.8128,1278067.5956749883,5.881112888888889,0.8128,0.003974611136677064,0.0017933060676531905,0.003984065527030197,0.003122492507308068,0.0034227310406180758,0.0030726625077071587,0.004450472756799009,0.001430928381816118,0.0009030395461605791,0.00046935569190201736,0.0005283201802594564,0.0004361881394571799,0.00040295723366008185,0.0,6.0,12.0,18.0,24.0,30.0,36.0,-6.0,-12.0,-18.0,-24.0,-30.0,ok,,3,3,True,4.31,9,11,,80640297.11865455,0.22400082532959598,True
2.0.0,C0388,plain,C,lhs,3921baad1798760a494c913428d2f3d4da8fc15e,2026-10-10T04:51:17+00:00,150.0,10.5,0.6096,0.0191,80.0,1.2192,A,j2,SR5 and beyond excluded,31.91623036649215,0.006666666666666667,0.0015459914684718167,0.03543260982314515,324658208.3790815,7440848062.860482,0.002032,17.224409448818896,,,False,0.0024565137180872438,SR2,10.991749532710287,10.991749532710287,0.0,2254091.727623663,10.991749532710287,0.0,0.0024565137180872438,0.0015065036758604836,0.0024565137180872438,0.0021922276759614285,0.0022896452362875723,0.0022558424411584454,0.0031671781081447376,0.0012032160879065117,0.0006338442781425247,0.00022597943324137654,0.00023015649921914638,0.00016086910677841,0.00011962637225151001,0.0,10.5,21.0,31.5,42.0,52.5,63.0,-10.5,-21.0,-31.5,-42.0,-52.5,ok,,3,3,True,8.37,8,11,,22141524.54238725,0.06150423483996459,True
2.0.0,C0389,plain,C,lhs,3921baad1798760a494c913428d2f3d4da8fc15e,2026-10-10T04:51:25+00:00,150.0,14.0,0.2731,0.011,200.0,0.5462,A,j2,SR5 and beyond excluded,24.827272727272728,0.006666666666666667,7.791443314473457e-05,0.009057525779564741,16362030.96039426,1902080413.7085958,0.0009103333333333334,51.26327352618088,,,False,0.005155832249657492,SR2,14.202626679738572,14.202626679738572,0.0,201636.95824358665,14.202626679738572,0.0,0.005155832249657492,0.002378779627734549,0.005155832249657492,0.004850048787640863,0.004885383936055273,0.004721229011651123,0.005631107040408853,0.001154008460019436,0.001092169706655603,0.0010951728847758099,0.0010951994932738684,0.001094762643755936,0.001094530599041301,0.0,14.0,28.0,42.0,56.0,70.0,84.0,-14.0,-28.0,-42.0,-56.0,-70.0,ok,,3,3,True,7.46,10,11,,216541475.86585745,0.6015040996273818,True
2.0.0,C0390,plain,C,lhs,3921baad1798760a494c913428d2f3d4da8fc15e,2026-10-10T04:51:33+00:00,60.0,10.5,0.2731,0.0159,0.0,0.5462,A,j2,SR5 and beyond excluded,17.17610062893082,0.016666666666666666,0.00010664155429545872,0.012847480325002391,22394726.40204633,2697970868.250502,0.0022758333333333333,38.44745514463566,,,False,0.002948970921183326,SR2,11.067687158018868,10.521487158018868,0.5462,386623.2214783452,11.067687158018868,0.5462,0.002900642142368075,0.0015886026458254128,0.002948970921183326,0.002333686177238743,0.0024140561249930796,0.002389214144389562,0.003397088827602833,0.0012465000615497852,0.0004785832522065462,0.00012604932223203835,9.421042353683991e-05,4.216140673908461e-05,5.844022130627921e-05,0.0,10.5,21.0,31.5,42.0,52.5,63.0,-10.5,-21.0,-31.5,-42.0,-52.5,ok,,3,3,True,21.48,10,11,,0.0,0.0,True
2.0.0,C0391,plain,C,lhs,3921baad1798760a494c913428d2f3d4da8fc15e,2026-10-10T04:51:54+00:00,150.0,12.0,0.2191,0.011,40.0,0.4382,A,j2,SR5 and beyond excluded,19.918181818181818,0.006666666666666667,3.903737256749949e-05,0.007191419743332391,8197848.239174892,1510198146.0998023,0.0007303333333333333,54.76951163852122,,,False,0.0014619194883109844,SR2,12.112264857142875,11.235864857142875,0.8764,89281.61596253549,12.112264857142875,0.8764,0.0014611199659154597,0.0008572599370020872,0.0014619194883109844,0.0013440622803550359,0.0013719559041667439,0.0013168638193628217,0.0015615144075102852,0.0005423093945114866,0.00033527952330118777,0.00034835091928401223,0.00032640572842597746,0.00032988798646002576,0.000327860754461281,0.0,12.0,24.0,36.0,48.0,60.0,72.0,-12.0,-24.0,-36.0,-48.0,-60.0,ok,,3,3,True,4.1,11,11,,54546391.95044817,0.15151775541791157,True
2.0.0,C0392,plain,C,lhs,3921baad1798760a494c913428d2f3d4da8fc15e,2026-10-10T04:51:58+00:00,60.0,10.5,0.6096,0.0159,120.0,1.2192,A,j2,SR5 and beyond excluded,38.339622641509436,0.016666666666666666,0.001307583812191287,0.02965610057913657,274592600.5601703,6227781121.61868,0.00508,17.224409448818896,,,False,0.010849981372396157,SR2,10.740674074074079,10.740674074074079,0.0,2467207.2667601197,10.740674074074079,0.0,0.010849981372396157,0.0028967155436180596,0.010849981372396157,0.008406803935955791,0.008759873205689843,0.007912438792100462,0.014105627338623602,0.001492075356501915,0.0014230764441431683,0.00047155854681063514,0.0005929868195149636,0.0003318572400531132,0.000245888620382904,0.0,10.5,21.0,31.5,42.0,52.5,63.0,-10.5,-21.0,-31.5,-42.0,-52.5,ok,,4,4,True,21.46,9,11,,39681481.2810519,0.11022633689181083,True
2.0.0,C0393,plain,C,lhs,3921baad1798760a494c913428d2f3d4da8fc15e,2026-10-10T04:52:20+00:00,250.0,10.5,0.508,0.011,0.0,1.016,A,j2,SR5 and beyond excluded,46.18181818181819,0.004,0.0005305599074371447,0.01717508703717542,111417580.56180039,3606768277.8068385,0.001016,20.669291338582678,,,False,0.0011798295807565224,SR2,11.09393925233644,11.09393925233644,0.0,516301.2565867454,11.09393925233644,0.0,0.0011798295807565224,0.0007668399509858492,0.0011798295807565224,0.0010560155790275813,0.0010407335263204521,0.0011051386167873288,0.0012746596814611902,0.0006007846098910333,0.00019649148117582694,4.943900409228244e-05,4.0337508901082106e-05,1.9941599858265268e-05,2.6398905524306614e-05,0.0,10.5,21.0,31.5,42.0,52.5,63.0,-10.5,-21.0,-31.5,-42.0,-52.5,ok,,3,3,True,19.06,8,11,,0.0,0.0,True
2.0.0,C0394,plain,C,lhs,3921baad1798760a494c913428d2f3d4da8fc15e,2026-10-10T04:52:39+00:00,70.0,9.0,0.2731,0.021,200.0,0.5462,A,j2,SR5 and beyond excluded,13.004761904761905,0.014285714285714285,0.0001330457027830812,0.016631905667369735,27939597.584447052,3492700190.1476445,0.0019507142857142859,32.95496155254485,,,False,0.005182397933431145,SR2,9.33987968907563,9.33987968907563,0.0,473723.57789154636,9.33987968907563,0.0,0.005182397933431145,0.0018392706181516979,0.005182397933431145,0.004543748300007106,0.004634103629852509,0.00446740475615859,0.00586368746663187,0.0012354543537189218,0.0009105200019549491,0.0006320827262892413,0.0006119112154324221,0.0005946205225131263,0.0005963448804125445,0.0,9.0,18.0,27.0,36.0,45.0,54.0,-9.0,-18.0,-27.0,-36.0,-45.0,ok,,3,3,True,5.89,9,11,,117925753.02107134,0.32757153616964263,True
2.0.0,C0395,plain,C,lhs,3921baad1798760a494c913428d2f3d4da8fc15e,2026-10-10T04:52:45+00:00,105.0,14.0,0.2731,0.008,120.0,0.5462,A,j2,SR5 and beyond excluded,34.1375,0.009523809523809525,5.858337318569159e-05,0.006662689699733241,12302508.368995234,1399164836.9439807,0.0013004761904761904,51.26327352618088,,,False,0.007006113521402705,SR2,14.261860522875807,14.261860522875807,0.0,189742.65980721658,14.261860522875807,0.0,0.007006113521402705,0.0026273373772568633,0.007006113521402705,0.0065494553416830335,0.00653787633380724,0.006202105658604293,0.008009331492439684,0.0010564896326909685,0.000960933558865815,0.0008950922619128086,0.000912675356210744,0.0009087555321978737,0.0009090382366024141,0.0,14.0,28.0,42.0,56.0,70.0,84.0,-14.0,-28.0,-42.0,-56.0,-70.0,ok,,3,3,True,10.57,10,11,,176625064.80635235,0.49062518001764543,True
2.0.0,C0396,plain,C,lhs,3921baad1798760a494c913428d2f3d4da8fc15e,2026-10-10T04:52:55+00:00,60.0,12.0,0.2191,0.0159,40.0,0.4382,A,j2,SR5 and beyond excluded,13.779874213836477,0.016666666666666666,5.2708310050139945e-05,0.010150108872630187,11068745.11052939,2131522863.2523391,0.0018258333333333332,54.76951163852122,,,False,0.004037135175599808,SR2,12.213298333333324,12.213298333333324,0.0,249924.47154316807,12.213298333333324,0.0,0.004037135175599808,0.0014641585081829331,0.004037135175599808,0.003325054912875192,0.0033957562429569764,0.0032085438925474265,0.00470945047339468,0.0009579803923829957,0.0004785359681658607,0.0002804759025764736,0.0002734680916102991,0.0002637095011045354,0.00026472546082358594,0.0,12.0,24.0,36.0,48.0,60.0,72.0,-12.0,-24.0,-36.0,-48.0,-60.0,ok,,3,3,True,14.48,10,11,,38646482.01535522,0.10735133893154228,True
2.0.0,C0397,plain,C,lhs,3921baad1798760a494c913428d2f3d4da8fc15e,2026-10-10T04:53:10+00:00,105.0,7.5,0.3239,0.0191,250.0,0.6478,A,j2,SR5 and beyond excluded,16.958115183246075,0.009523809523809525,0.0002132260104680226,0.018289347119550634,44777462.198284745,3840762895.1056333,0.0015423809523809524,23.15529484408768,,,False,0.0032656430583805785,SR2,7.59290423076923,7.59290423076923,0.0,503228.45116952993,7.59290423076923,0.0,0.0032656430583805785,0.0015782814637258107,0.0032656430583805785,0.0027608839750657005,0.002877618609456746,0.002706292975185359,0.0036374253686302363,0.0013140857895794326,0.0009317089652433573,0.000691152224301678,0.0006824006944671915,0.0006597483451771448,0.0006554855444111877,0.0,7.5,15.0,22.5,30.0,37.5,45.0,-7.5,-15.0,-22.5,-30.0,-37.5,ok,,3,3,True,3.52,9,11,,134048661.44069538,0.3723573928908205,True
2.0.0,C0398,plain,C,lhs,3921baad1798760a494c913428d2f3d4da8fc15e,2026-10-10T04:53:13+00:00,200.0,9.0,0.2191,0.011,40.0,0.4382,A,j2,SR5 and beyond excluded,19.918181818181818,0.005,3.903737256749949e-05,0.007191419743332391,8197848.239174892,1510198146.0998023,0.00054775,41.07713372889092,,,False,0.0010388982300562452,SR2,9.298369832352947,9.298369832352947,0.0,57966.16796797406,9.298369832352947,0.0,0.0010388982300562452,0.0006435851966932762,0.0010388982300562452,0.0009511871650949473,0.000978128882751561,0.0009333632778668832,0.0011147475888364012,0.000504343816377679,0.00031703153648201453,0.00031259987184908283,0.0002943066596584815,0.00029763945598937976,0.00029609730376066223,0.0,9.0,18.0,27.0,36.0,45.0,54.0,-9.0,-18.0,-27.0,-36.0,-45.0,ok,,3,3,True,2.69,11,11,,54546391.95044817,0.15151775541791157,True
2.0.0,C0399,plain,C,lhs,3921baad1798760a494c913428d2f3d4da8fc15e,2026-10-10T04:53:16+00:00,105.0,10.5,0.508,0.0191,0.0,1.016,A,j2,SR5 and beyond excluded,26.59685863874346,0.009523809523809525,0.0008778406805393286,0.029336160783294967,184346542.913259,6160593764.491943,0.0024190476190476193,20.669291338582678,,,False,0.0026758705737749,SR2,11.206551401869152,11.206551401869152,0.0,1654612.428928682,11.206551401869152,0.0,0.0026758705737749,0.0016558915352104084,0.0026758705737749,0.0024382040300642864,0.002490572981159563,0.0025929514190437624,0.0034897919031010834,0.0012022946847686934,0.0006905484173737739,0.0001763600105880359,0.00019010398643432128,8.27833773908453e-05,2.2665074841601253e-05,0.0,10.5,21.0,31.5,42.0,52.5,63.0,-10.5,-21.0,-31.5,-42.0,-52.5,ok,,3,3,True,21.86,7,11,,0.0,0.0,True
2.0.0,C0400,plain,C,lhs,3921baad1798760a494c913428d2f3d4da8fc15e,2026-10-10T04:53:38+00:00,250.0,14.0,0.3239,0.0159,80.0,0.6478,A,j2,SR5 and beyond excluded,20.371069182389938,0.004,0.0001829216049164138,0.015385007543159938,38413537.0324469,3230851584.063587,0.0006478,43.223217042297,,,False,0.0012146002601205494,SR2,14.063847809150325,14.063847809150325,0.0,228778.89691424338,14.063847809150325,0.0,0.0012146002601205494,0.0007262986192504477,0.0012146002601205494,0.0011083463377841946,0.0011399164264649484,0.0010837312923175307,0.0013091543455115006,0.0005333492579030862,0.0003165331046496145,0.00033009649772013344,0.00030779810675148295,0.0003121896117371306,0.00031041818814688205,0.0,14.0,28.0,42.0,56.0,70.0,84.0,-14.0,-28.0,-42.0,-56.0,-70.0,ok,,3,3,True,4.51,11,11,,50993280.16571543,0.14164800046032064,True
2.0.0,C0401,plain,C,lhs,3921baad1798760a494c913428d2f3d4da8fc15e,2026-10-10T04:53:42+00:00,250.0,9.0,0.3239,0.0159,160.0,0.6478,A,j2,SR5 and beyond excluded,20.371069182389938,0.004,0.0001829216049164138,0.015385007543159938,38413537.0324469,3230851584.063587,0.0006478,27.786353812905215,,,False,0.0013716866167876015,SR2,9.117004345882354,9.117004345882354,0.0,209182.68015085315,9.117004345882354,0.0,0.0013716866167876015,0.0009096108935129619,0.0013716866167876015,0.0012632188688666214,0.0012967114120772344,0.0012442267424479553,0.0014559471984947228,0.0008143127877433521,0.0005785077407750852,0.0005205699681196197,0.0005135759708790446,0.0005110836471001941,0.0005113373005803679,0.0,9.0,18.0,27.0,36.0,45.0,54.0,-9.0,-18.0,-27.0,-36.0,-45.0,ok,,3,3,True,2.73,10,11,,101986560.33143087,0.2832960009206413,True
2.0.0,C0402,plain,C,lhs,3921baad1798760a494c913428d2f3d4da8fc15e,2026-10-10T04:53:45+00:00,70.0,10.5,0.508,0.021,40.0,1.016,A,j2,SR5 and beyond excluded,24.19047619047619,0.014285714285714285,0.0009542734829624907,0.032129068068262816,200397431.42212304,6747104294.335192,0.0036285714285714285,20.669291338582678,,,False,0.005844392949606728,SR2,11.303630841121489,11.303630841121489,0.0,2068417.4180446465,11.303630841121489,0.0,0.005844392949606728,0.0020679282208006643,0.005844392949606728,0.004152380554403195,0.004576189208577661,0.004118991511338585,0.007213570440960664,0.0013380893656533368,0.0009531839035022731,0.00022885641567485553,0.00028113396756610225,0.0001538481127244584,8.81671338644975e-05,0.0,10.5,21.0,31.5,42.0,52.5,63.0,-10.5,-21.0,-31.5,-42.0,-52.5,ok,,3,3,True,20.75,9,11,,12209068.721401274,0.03391407978167021,True
2.0.0,C0403,plain,C,lhs,3921baad1798760a494c913428d2f3d4da8fc15e,2026-10-10T04:54:06+00:00,120.0,9.0,0.6096,0.0191,250.0,1.2192,A,j2,SR5 and beyond excluded,31.91623036649215,0.008333333333333333,0.0015459914684718167,0.03543260982314515,324658208.3790815,7440848062.860482,0.00254,14.763779527559054,,,False,0.004459657540734024,SR2,9.419000459770118,9.419000459770118,0.0,2515582.640482149,9.419000459770118,0.0,0.004459657540734024,0.001835797511357128,0.004459657540734024,0.0033198479970024996,0.0036294952380129574,0.003283333402181553,0.005058978959830136,0.0014444800610064952,0.0008841409477958963,0.00043264448495792444,0.00047095285730635466,0.00038982587054945213,0.0003492584572554238,0.0,9.0,18.0,27.0,36.0,45.0,54.0,-9.0,-18.0,-27.0,-36.0,-45.0,ok,,3,3,True,6.37,9,11,,69192264.19496016,0.19220073387488934,True
2.0.0,C0404,plain,C,lhs,3921baad1798760a494c913428d2f3d4da8fc15e,2026-10-10T04:54:12+00:00,60.0,9.0,0.508,0.0127,160.0,1.016,A,j2,SR5 and beyond excluded,40.0,0.016666666666666666,0.0006063927901206482,0.01976159168480241,127342485.92533614,4149934253.8085065,0.004233333333333334,17.716535433070867,,,False,0.009634112433426075,SR2,8.908175862068966,8.908175862068966,0.0,1342304.809508034,8.908175862068966,0.0,0.009634112433426075,0.002661916142465936,0.009634112433426075,0.007859899054750059,0.00807363113406827,0.007632751393926294,0.012208945667732785,0.0018094365269420564,0.0013611759300906578,0.000561629921910348,0.0006620112094905509,0.0004852103645412598,0.0004155335773405215,0.0,9.0,18.0,27.0,36.0,45.0,54.0,-9.0,-18.0,-27.0,-36.0,-45.0,ok,,4,4,True,14.29,9,11,,79399677.16298296,0.22055465878606376,True
2.0.0,C0405,plain,C,lhs,3921baad1798760a494c913428d2f3d4da8fc15e,2026-10-10T04:54:27+00:00,85.0,10.5,0.508,0.0191,120.0,1.016,A,j2,SR5 and beyond excluded,26.59685863874346,0.011764705882352941,0.0008778406805393286,0.029336160783294967,184346542.913259,6160593764.491943,0.002988235294117647,20.669291338582678,,,False,0.0054133823630859845,SR2,10.43968807036833,10.43968807036833,0.0,1851506.8480858454,10.43968807036833,0.0,0.0054133823630859845,0.0019348250427520936,0.0054133823630859845,0.004058929471784032,0.004343788645866804,0.003942809085406281,0.006694054401906303,0.0013767683404378376,0.0008838485938175971,0.0003152609421003018,0.0003238862667609751,0.0002550634615304394,0.00020706599496746615,0.0,10.5,21.0,31.5,42.0,52.5,63.0,-10.5,-21.0,-31.5,-42.0,-52.5,ok,,3,3,True,9.51,9,11,,40114247.010471456,0.11142846391797627,True
2.0.0,C0406,plain,C,lhs,3921baad1798760a494c913428d2f3d4da8fc15e,2026-10-10T04:54:36+00:00,250.0,12.0,0.2731,0.021,0.0,0.5462,A,j2,SR5 and beyond excluded,13.004761904761905,0.004,0.0001330457027830812,0.016631905667369735,27939597.584447052,3492700190.1476445,0.0005462,43.93994873672647,,,False,0.0006815857059249644,SR2,12.19347548571429,11.10107548571429,1.0924,137762.12280441175,12.19347548571429,1.0924,0.0006785137433974279,0.0004093940183295032,0.0006815857059249644,0.0005917720248784688,0.0006262546097504757,0.0005691845481836328,0.0007649604873691333,0.00028281494805120334,7.259776546053833e-05,8.308113290809345e-05,6.14114189391557e-05,6.613736513801192e-05,6.339525919980649e-05,0.0,12.0,24.0,36.0,48.0,60.0,72.0,-12.0,-24.0,-36.0,-48.0,-60.0,ok,,3,3,True,20.67,11,11,,0.0,0.0,True
2.0.0,C0407,plain,C,lhs,3921baad1798760a494c913428d2f3d4da8fc15e,2026-10-10T04:54:57+00:00,150.0,9.0,0.508,0.0318,250.0,1.016,A,j2,SR5 and beyond excluded,15.974842767295597,0.006666666666666667,0.0013545266744704578,0.04757364020813482,284450601.63879615,9990464443.708313,0.0016933333333333334,17.716535433070867,,,False,0.002380936751270441,SR2,9.208554883720929,9.208554883720929,0.0,2212038.4573776643,9.208554883720929,0.0,0.002380936751270441,0.0014409744334525378,0.002380936751270441,0.0019950775096180757,0.0021158410784168705,0.0020115308707698517,0.0026962393736762592,0.0011898014223079754,0.0005817380996347647,0.00031347571449889903,0.00030621740331963367,0.00027038894118468963,0.0002617745464183813,0.0,9.0,18.0,27.0,36.0,45.0,54.0,-9.0,-18.0,-27.0,-36.0,-45.0,ok,,3,3,True,3.94,9,11,,51534053.086414434,0.14315014746226232,True
2.0.0,C0408,plain,C,lhs,3921baad1798760a494c913428d2f3d4da8fc15e,2026-10-10T04:55:01+00:00,70.0,10.5,0.3239,0.008,0.0,0.6478,A,j2,SR5 and beyond excluded,40.487500000000004,0.014285714285714285,9.91008060013135e-05,0.007939432954152137,20811169.260275833,1667280920.3719487,0.0023135714285714287,32.41741278172275,,,False,0.003020942672117442,SR2,11.223252193396227,11.223252193396227,0.0,299928.39413919183,11.223252193396227,0.0,0.003020942672117442,0.0015867286839685042,0.003020942672117442,0.0023784910301983945,0.0024269203029759186,0.00242226493933807,0.0034919572357739147,0.0011682595761302386,0.0005135867841393289,0.00014692090821462767,9.869142355550678e-05,3.358314176045909e-05,4.7693197439421724e-05,0.0,10.5,21.0,31.5,42.0,52.5,63.0,-10.5,-21.0,-31.5,-42.0,-52.5,ok,,3,3,True,22.22,8,11,,0.0,0.0,True
2.0.0,C0409,plain,C,lhs,3921baad1798760a494c913428d2f3d4da8fc15e,2026-10-10T04:55:23+00:00,250.0,9.0,0.3239,0.008,40.0,0.6478,A,j2,SR5 and beyond excluded,40.487500000000004,0.004,9.91008060013135e-05,0.007939432954152137,20811169.260275833,1667280920.3719487,0.0006478,27.786353812905215,,,False,0.0010545101532224825,SR2,9.117004345882354,9.117004345882354,0.0,104975.7045404526,9.117004345882354,0.0,0.0010545101532224825,0.0006935974939416891,0.0010545101532224825,0.0009446900717074559,0.0009823457324200306,0.0009251143157691542,0.0011375013290409461,0.0005946263415251404,0.0003340447221509882,0.00027242847884291027,0.00026284929714367013,0.00026029468021137545,0.0002606120248289307,0.0,9.0,18.0,27.0,36.0,45.0,54.0,-9.0,-18.0,-27.0,-36.0,-45.0,ok,,3,3,True,2.66,10,11,,49407306.82722802,0.13724251896452228,True
2.0.0,C0410,plain,C,lhs,3921baad1798760a494c913428d2f3d4da8fc15e,2026-10-10T04:55:26+00:00,200.0,6.0,0.2191,0.008,40.0,0.4382,A,j2,SR5 and beyond excluded,27.3875,0.005,2.959632873469869e-05,0.00530552167338244,6215229.034286724,1114159551.4103124,0.00054775,27.38475581926061,,,False,0.0010491265710714378,SR2,6.213576215909091,5.775376215909091,0.4382,39434.28037102941,6.213576215909091,0.4382,0.0010416832737461532,0.000734801195668074,0.0010491265710714378,0.0009617755623352136,0.000993695912631812,0.000951142932906112,0.0011122135501142024,0.0006258307057909404,0.000440129066759569,0.00037695865322040126,0.00036999044545910716,0.0003653261429953522,0.00036615947973586097,0.0,6.0,12.0,18.0,24.0,30.0,36.0,-6.0,-12.0,-18.0,-24.0,-30.0,ok,,3,3,True,1.38,10,11,,73935425.04368244,0.20537618067689567,True
2.0.0,C0411,plain,C,lhs,3921baad1798760a494c913428d2f3d4da8fc15e,2026-10-10T04:55:27+00:00,200.0,12.0,0.6096,0.011,120.0,1.2192,A,j2,SR5 and beyond excluded,55.41818181818182,0.005,0.0009268497527332657,0.02068613098682734,194638448.0739858,4344087507.233741,0.0015240000000000002,19.68503937007874,,,False,0.002217301821427859,SR2,12.08289225,12.08289225,0.0,1160696.3622207765,12.08289225,0.0,0.002217301821427859,0.0013475671298395242,0.002217301821427859,0.0018815060399047106,0.0019897288197416253,0.0018469176579544078,0.002522542257051772,0.001133192105994955,0.0005765619856521947,0.00035634535118589297,0.0003259633836021417,0.0002920857459451718,0.0003017524911687845,0.0,12.0,24.0,36.0,48.0,60.0,72.0,-12.0,-24.0,-36.0,-48.0,-60.0,ok,,3,3,True,4.75,10,11,,56888260.098003335,0.15802294471667594,True
2.0.0,C0412,plain,C,lhs,3921baad1798760a494c913428d2f3d4da8fc15e,2026-10-10T04:55:32+00:00,60.0,10.5,0.508,0.0127,250.0,1.016,A,j2,SR5 and beyond excluded,40.0,0.016666666666666666,0.0006063927901206482,0.01976159168480241,127342485.92533614,4149934253.8085065,0.004233333333333334,20.669291338582678,,,False,0.014671101199108477,SR2,10.538023831775703,10.538023831775703,0.0,1356824.760420429,10.538023831775703,0.0,0.014671101199108477,0.0035811607779318412,0.014671101199108477,0.012558997924372354,0.01267158945452436,0.012227716891740754,0.018525788225382152,0.001738189781285069,0.001449513643635774,0.0007182455243035926,0.0007684919247224707,0.0006652027871333503,0.0006097697060403822,0.0,10.5,21.0,31.5,42.0,52.5,63.0,-10.5,-21.0,-31.5,-42.0,-52.5,ok,,5,5,True,33.44,9,11,,124061995.56716087,0.34461665435322464,True
2.0.0,C0413,plain,C,lhs,3921baad1798760a494c913428d2f3d4da8fc15e,2026-10-10T04:56:05+00:00,70.0,14.0,0.3239,0.0127,160.0,0.6478,A,j2,SR5 and beyond excluded,25.50393700787402,0.014285714285714285,0.00015055842404539306,0.012416328149223721,31617269.04953254,2607428911.3369813,0.0023135714285714287,43.223217042297,,,False,0.011396665288714292,SR2,14.478952012987005,13.831152012987005,0.6478,485875.00283074996,28.261088246753243,0.6478,0.01135553667108569,0.0032561670642851357,0.011396665288714292,0.01053308460400276,0.01112493038216832,0.00992102116090952,0.014268689271759068,0.0011092446838410327,0.000927682399351608,0.000683237897833735,0.0006891236734641618,0.0006684382896238457,0.000672094566462165,0.0,14.0,28.0,42.0,56.0,70.0,84.0,-14.0,-28.0,-42.0,-56.0,-70.0,ok,,3,3,True,17.68,10,11,,126371015.74172708,0.35103059928257524,True
2.0.0,C0414,plain,C,lhs,3921baad1798760a494c913428d2f3d4da8fc15e,2026-10-10T04:56:23+00:00,60.0,10.5,0.3239,0.021,160.0,0.6478,A,j2,SR5 and beyond excluded,15.423809523809524,0.016666666666666666,0.00023028173311683242,0.01998335671021931,48359163.95453481,4196504909.146055,0.002699166666666667,32.41741278172275,,,False,0.007239467331860287,SR2,10.449486544811307,10.449486544811307,0.0,794516.9997914613,10.449486544811307,0.0,0.007239467331860287,0.0020681855618721497,0.007239467331860287,0.006216216894344911,0.006297758505455307,0.006065414166495148,0.008596625532540321,0.0012893647811460717,0.0009257273138289961,0.0004745349828899696,0.00045513265124288147,0.00042096970623738887,0.0004158603956655377,0.0,10.5,21.0,31.5,42.0,52.5,63.0,-10.5,-21.0,-31.5,-42.0,-52.5,ok,,3,3,True,9.65,9,11,,78518540.3410026,0.218107056502785,True
2.0.0,C0415,plain,C,lhs,3921baad1798760a494c913428d2f3d4da8fc15e,2026-10-10T04:56:33+00:00,70.0,10.5,0.3239,0.021,80.0,0.6478,A,j2,SR5 and beyond excluded,15.423809523809524,0.014285714285714285,0.00023028173311683242,0.01998335671021931,48359163.95453481,4196504909.146055,0.0023135714285714287,32.41741278172275,,,False,0.004247271108834597,SR2,11.057737523584912,10.409937523584912,0.6478,724900.9329630764,11.057737523584912,0.6478,0.004205317780471397,0.001631989578229012,0.004247271108834597,0.0033609782961307676,0.0035023010360557627,0.0032804499848711373,0.005082124259264265,0.001218311159478015,0.0006679183669269856,0.00031013854840531135,0.00026755931806860125,0.00022406832594925571,0.0002347704133527807,0.0,10.5,21.0,31.5,42.0,52.5,63.0,-10.5,-21.0,-31.5,-42.0,-52.5,ok,,3,3,True,9.2,9,11,,39259270.1705013,0.1090535282513925,True
2.0.0,C0416,plain,C,lhs,3921baad1798760a494c913428d2f3d4da8fc15e,2026-10-10T04:56:42+00:00,150.0,12.0,0.1683,0.0159,120.0,0.3366,A,j2,SR5 and beyond excluded,10.584905660377359,0.006666666666666667,2.234156640690647e-05,0.007612581654472642,4691728.945450358,1598642147.4392548,0.000561,71.301247771836,,,False,0.0025747155974238907,SR2,12.447681888000004,11.774481888000004,0.6732,79942.48732439852,11.632821152000004,0.6732,0.002485040976524339,0.001531157391604289,0.0025747155974238907,0.0024166156275205776,0.0024069965192659616,0.002397720481346485,0.0027436058680785727,0.0007935715633987956,0.0007765515444407983,0.0008123532304260114,0.0008046056610733199,0.0008055428253831347,0.0008052238189266437,0.0,12.0,24.0,36.0,48.0,60.0,72.0,-12.0,-24.0,-36.0,-48.0,-60.0,ok,,3,3,True,4.19,11,11,,154585928.06142086,0.42940535572616906,True
2.0.0,C0417,plain,C,lhs,3921baad1798760a494c913428d2f3d4da8fc15e,2026-10-10T04:56:46+00:00,60.0,6.0,0.6096,0.011,200.0,1.2192,A,j2,SR5 and beyond excluded,55.41818181818182,0.016666666666666666,0.0009268497527332657,0.02068613098682734,194638448.0739858,4344087507.233741,0.00508,9.84251968503937,,,False,0.009615056299263115,SR2,6.287935319148932,6.287935319148932,0.0,1692774.8569488255,6.287935319148932,0.0,0.009615056299263115,0.0035384911540762816,0.009615056299263115,0.007479723199784792,0.007930802316911035,0.007487386384973836,0.011500660263468583,0.00416880485336089,0.0016229773920218118,0.0007926025154733592,0.0009212460122335173,0.0006048209842538138,0.0005129405393452935,0.0,6.0,12.0,18.0,24.0,30.0,36.0,-6.0,-12.0,-18.0,-24.0,-30.0,ok,,5,5,True,12.51,9,11,,94813766.83000556,0.2633715745277932,True
2.0.0,C0418,plain,C,lhs,3921baad1798760a494c913428d2f3d4da8fc15e,2026-10-10T04:56:58+00:00,70.0,6.0,0.3239,0.0254,40.0,0.6478,A,j2,SR5 and beyond excluded,12.75196850393701,0.014285714285714285,0.00026721440230657336,0.02381924134025246,56115024.4843804,5002040681.453016,0.0023135714285714287,18.524235875270143,,,False,0.002557710551012071,SR2,6.513980412698418,5.2183804126984175,1.2956,770773.726541005,6.513980412698418,1.2956,0.0025373599390613373,0.001646995654483518,0.002557710551012071,0.0024367875976661936,0.002527616123853991,0.002446220476886336,0.0034839156265896692,0.001260102368397059,0.0007560449553399488,0.00023321336123403703,0.00033379861050691846,0.00017806819496772025,0.00010995735667100313,0.0,6.0,12.0,18.0,24.0,30.0,36.0,-6.0,-12.0,-18.0,-24.0,-30.0,ok,,3,3,True,4.65,8,11,,16468450.627648847,0.045745696187913465,True
2.0.0,C0419,plain,C,lhs,3921baad1798760a494c913428d2f3d4da8fc15e,2026-10-10T04:57:03+00:00,70.0,12.0,0.508,0.0318,40.0,1.016,A,j2,SR5 and beyond excluded,15.974842767295597,0.014285714285714285,0.0013545266744704578,0.04757364020813482,284450601.63879615,9990464443.708313,0.0036285714285714285,23.62204724409449,,,False,0.005949429074550612,SR2,12.110776152980879,12.110776152980879,0.0,2997733.958557861,12.110776152980879,0.0,0.005949429074550612,0.002094831836210478,0.005949429074550612,0.004175040156514355,0.004569719033460526,0.004069841888704503,0.007358128129673659,0.0013531831047066771,0.0009234061501762702,0.00021524680006213334,0.00021887539015262824,0.00012850767306354338,6.235207785555943e-05,0.0,12.0,24.0,36.0,48.0,60.0,72.0,-12.0,-24.0,-36.0,-48.0,-60.0,ok,,3,3,True,25.7,9,11,,8245448.493826309,0.02290402359396197,True
2.0.0,C0420,plain,C,lhs,3921baad1798760a494c913428d2f3d4da8fc15e,2026-10-10T04:57:29+00:00,200.0,6.0,0.4064,0.021,0.0,0.8128,A,j2,SR5 and beyond excluded,19.35238095238095,0.005,0.00047348021490912356,0.025426165982563635,99430845.13091595,5339494856.338364,0.001016,14.763779527559056,,,False,0.0010390774837671425,SR5,23.716176000000004,22.090576000000006,1.6256,506789.57655804127,23.716176000000004,1.6256,0.0010388425555189983,0.0007068434100905881,0.0010063046170215373,0.0010300980293542587,0.0009932994809342128,0.0011256904484260232,0.00121762637377598,0.0005653147391269026,0.0003134068624209465,8.210259891945604e-05,9.825739111903255e-05,3.96650769315654e-05,1.2731027128339755e-05,0.0,6.0,12.0,18.0,24.0,30.0,36.0,-6.0,-12.0,-18.0,-24.0,-30.0,ok,,3,3,True,9.67,7,11,,0.0,0.0,True
2.0.0,C0421,plain,C,lhs,3921baad1798760a494c913428d2f3d4da8fc15e,2026-10-10T04:57:38+00:00,250.0,14.0,0.2731,0.008,120.0,0.5462,A,j2,SR5 and beyond excluded,34.1375,0.004,5.858337318569159e-05,0.006662689699733241,12302508.368995234,1399164836.9439807,0.0005462,51.26327352618088,,,False,0.0022012898790747444,SR2,14.427721623529402,13.335321623529403,1.0924,105135.14473706929,13.615701487581697,1.0924,0.0021765433067046937,0.0014588905755564996,0.0022012898790747444,0.0020641434179447487,0.002084642355606743,0.0020340187025609732,0.002378526253391121,0.0009579089826540827,0.0008868789083137086,0.0009144605722550997,0.0009030913587621936,0.0009042541691708721,0.0009037855833628312,0.0,14.0,28.0,42.0,56.0,70.0,84.0,-14.0,-28.0,-42.0,-56.0,-70.0,ok,,3,3,True,4.46,11,11,,176625064.80635235,0.49062518001764543,True
2.0.0,C0422,plain,C,lhs,3921baad1798760a494c913428d2f3d4da8fc15e,2026-10-10T04:57:43+00:00,150.0,9.0,0.508,0.011,200.0,1.016,A,j2,SR5 and beyond excluded,46.18181818181819,0.006666666666666667,0.0005305599074371447,0.01717508703717542,111417580.56180039,3606768277.8068385,0.0016933333333333334,17.716535433070867,,,False,0.003197282865480139,SR2,9.208554883720929,9.208554883720929,0.0,821814.3578917517,9.208554883720929,0.0,0.003197282865480139,0.0016400390955652172,0.003197282865480139,0.0025886832275152623,0.002736797819854016,0.002533975234095821,0.0035744597153295242,0.001364239192921845,0.0008850963728127971,0.0006041856549254387,0.0006010182694153139,0.0005704343818579261,0.0005571495134681094,0.0,9.0,18.0,27.0,36.0,45.0,54.0,-9.0,-18.0,-27.0,-36.0,-45.0,ok,,3,3,True,4.5,9,11,,114196218.96265838,0.31721171934071773,True
2.0.0,C0423,plain,C,lhs,3921baad1798760a494c913428d2f3d4da8fc15e,2026-10-10T04:57:47+00:00,105.0,7.5,0.3239,0.0191,200.0,0.6478,A,j2,SR5 and beyond excluded,16.958115183246075,0.009523809523809525,0.0002132260104680226,0.018289347119550634,44777462.198284745,3840762895.1056333,0.0015423809523809524,23.15529484408768,,,False,0.002858333367019226,SR2,7.59290423076923,7.59290423076923,0.0,512319.9911498721,7.59290423076923,0.0,0.002858333367019226,0.0014989105616841315,0.002858333367019226,0.0023784706058566103,0.002499180462160436,0.002325150366128949,0.0032196215574531424,0.001248373078988531,0.000805824764968028,0.0005672630838843011,0.0005567974458067845,0.0005316669813606361,0.000528362228781689,0.0,7.5,15.0,22.5,30.0,37.5,45.0,-7.5,-15.0,-22.5,-30.0,-37.5,ok,,3,3,True,3.27,9,11,,107238929.1525563,0.2978859143126564,True
2.0.0,C0424,plain,C,lhs,3921baad1798760a494c913428d2f3d4da8fc15e,2026-10-10T04:57:51+00:00,250.0,12.0,0.6096,0.0318,160.0,1.2192,A,j2,SR5 and beyond excluded,19.169811320754718,0.004,0.0024162012662601526,0.05772374908076498,507402265.914632,12121987306.960646,0.0012192000000000001,19.68503937007874,,,False,0.0015934791885965913,SR2,12.51722093858268,10.07882093858268,2.4384,2424665.347876386,12.51722093858268,2.4384,0.001592814303504698,0.001050735822025353,0.0015934791885965913,0.0013724575543362675,0.0014442904317254414,0.0014133099549921172,0.0017298352334374075,0.0008553529857428878,0.00035984750457364,0.00018486465684115856,0.00017697194849224183,0.00015412269402404263,0.00016043967085394066,0.0,12.0,24.0,36.0,48.0,60.0,72.0,-12.0,-24.0,-36.0,-48.0,-60.0,ok,,3,3,True,5.17,10,11,,27182295.415438496,0.07550637615399582,True
2.0.0,C0425,plain,C,lhs,3921baad1798760a494c913428d2f3d4da8fc15e,2026-10-10T04:57:56+00:00,150.0,7.5,0.2731,0.0127,120.0,0.5462,A,j2,SR5 and beyond excluded,21.50393700787402,0.006666666666666667,8.827106008271012e-05,0.01038949823283374,18536922.617369127,2181794628.8950853,0.0009103333333333334,27.462467960454045,,,False,0.0017809294303325898,SR2,7.917325961538461,6.824925961538462,1.0924,166108.04833893292,7.917325961538461,1.0924,0.0017762128274414408,0.001132038673699758,0.0017809294303325898,0.001618828152416981,0.0016647063657016182,0.0015995734538200588,0.0019160769489168837,0.001013164643103278,0.0006850174815470799,0.0005748697074937603,0.0005687625506218519,0.0005578134881847796,0.0005601827743248875,0.0,7.5,15.0,22.5,30.0,37.5,45.0,-7.5,-15.0,-22.5,-30.0,-37.5,ok,,3,3,True,2.3,10,11,,113268030.23855251,0.31463341732931255,True
2.0.0,C0426,plain,C,lhs,3921baad1798760a494c913428d2f3d4da8fc15e,2026-10-10T04:57:58+00:00,85.0,7.5,0.508,0.0254,0.0,1.016,A,j2,SR5 and beyond excluded,20.0,0.011764705882352941,0.0011242345390208087,0.03850976841140984,236089253.19436982,8087051366.396067,0.002988235294117647,14.763779527559056,,,False,0.003153435134496127,SR2,8.497157754010697,8.497157754010697,0.0,2235105.3685039463,8.497157754010697,0.0,0.003153435134496127,0.0019183798584365935,0.003153435134496127,0.0030435969496378176,0.003080667751838274,0.0034737256565991127,0.0043294028369232716,0.0013119673415172993,0.0009491467099341426,0.0002541179057749372,0.00044975853774378925,0.0001699064710749562,6.227745268704e-05,0.0,7.5,15.0,22.5,30.0,37.5,45.0,-7.5,-15.0,-22.5,-30.0,-37.5,ok,,3,3,True,15.79,7,11,,0.0,0.0,True
2.0.0,C0427,plain,C,lhs,3921baad1798760a494c913428d2f3d4da8fc15e,2026-10-10T04:58:14+00:00,250.0,7.5,0.2191,0.0191,120.0,0.4382,A,j2,SR5 and beyond excluded,11.471204188481675,0.004,6.0551674992184064e-05,0.012000883936713006,12715851.748358654,2520185626.709731,0.00043819999999999997,34.230944774075766,,,False,0.001108009758957424,SR2,7.690208946153845,7.690208946153845,0.0,73588.0564185784,7.690208946153845,0.0,0.001108009758957424,0.0007802218384972407,0.001108009758957424,0.0010417268127676225,0.0010613768426790918,0.0010283191598183356,0.001168241673261778,0.0006479289557780973,0.0005149762730029049,0.0005035904468157298,0.0004904285421234823,0.0004924259774815363,0.0004916683197425124,0.0,7.5,15.0,22.5,30.0,37.5,45.0,-7.5,-15.0,-22.5,-30.0,-37.5,ok,,3,3,True,2.26,11,11,,98059276.81709754,0.2723868800474932,True
2.0.0,C0428,plain,C,lhs,3921baad1798760a494c913428d2f3d4da8fc15e,2026-10-10T04:58:16+00:00,105.0,10.5,0.3239,0.011,120.0,0.6478,A,j2,SR5 and beyond excluded,29.44545454545455,0.009523809523809525,0.00013249688319615481,0.010813047754390724,27824345.471192513,2270740028.422052,0.0015423809523809524,32.41741278172275,,,False,0.0035686936140152097,SR2,10.978639481132067,10.330839481132067,0.6478,335307.4265755069,10.978639481132067,0.6478,0.0035275322057734242,0.0014990572471970018,0.0035686936140152097,0.003052596430107759,0.0031227527382026053,0.002986462271963181,0.004076517430634151,0.0011543112528887567,0.0007966544792597286,0.0005797759449629111,0.000572590752235136,0.00055291628172655,0.0005573681632226827,0.0,10.5,21.0,31.5,42.0,52.5,63.0,-10.5,-21.0,-31.5,-42.0,-52.5,ok,,3,3,True,5.21,10,11,,108831295.92414421,0.30230915534484504,True
2.0.0,D0429,plain,D,lhs-holdout,3921baad1798760a494c913428d2f3d4da8fc15e,2026-10-10T04:58:21+00:00,250.0,7.5,0.2191,0.021,120.0,0.4382,A,j2,SR5 and beyond excluded,10.433333333333332,0.004,6.483145561401001e-05,0.013069339598198898,13614605.678942103,2744561315.6217685,0.00043819999999999997,34.230944774075766,,,False,0.0010632845051181112,SR2,7.690208946153845,7.690208946153845,0.0,77818.52565713154,7.690208946153845,0.0,0.0010632845051181112,0.0007393310255619985,0.0010632845051181112,0.0009967936893352358,0.0010168198224413526,0.0009831732827035593,0.001123546539001876,0.0006121772000345451,0.000476717933616567,0.0004666961953446955,0.0004527581319528244,0.00045487531955028444,0.00045408500228922156,0.0,7.5,15.0,22.5,30.0,37.5,45.0,-7.5,-15.0,-22.5,-30.0,-37.5,ok,,3,3,True,2.28,11,11,,90042652.20579134,0.2501184783494204,True
2.0.0,D0430,plain,D,lhs-holdout,3921baad1798760a494c913428d2f3d4da8fc15e,2026-10-10T04:58:24+00:00,250.0,10.5,0.2191,0.011,0.0,0.4382,A,j2,SR5 and beyond excluded,19.918181818181818,0.004,3.903737256749949e-05,0.007191419743332391,8197848.239174892,1510198146.0998023,0.00043819999999999997,47.923322683706076,,,False,0.0005510722949424551,SR2,10.876135231428584,10.876135231428584,0.0,40921.30196723772,10.876135231428584,0.0,0.0005510722949424551,0.00032526429331716805,0.0005510722949424551,0.0004791773848152965,0.0005064780191326371,0.00045971071550533066,0.0006179535554977677,0.0002177579742886675,6.131601449919325e-05,7.068621397165237e-05,5.330832249121207e-05,5.708289669709979e-05,5.456692411215236e-05,0.0,10.5,21.0,31.5,42.0,52.5,63.0,-10.5,-21.0,-31.5,-42.0,-52.5,ok,,3,3,True,18.04,11,11,,0.0,0.0,True
2.0.0,D0431,plain,D,lhs-holdout,3921baad1798760a494c913428d2f3d4da8fc15e,2026-10-10T04:58:42+00:00,200.0,12.0,0.3239,0.0127,250.0,0.6478,A,j2,SR5 and beyond excluded,25.50393700787402,0.005,0.00015055842404539306,0.012416328149223721,31617269.04953254,2607428911.3369813,0.00080975,37.04847175054029,,,False,0.0029230104751571274,SR2,12.495263436507944,11.847463436507944,0.6478,255592.46145641594,11.682073738095244,0.6478,0.0029207540266390462,0.0016542904566833544,0.0029230104751571274,0.00268698123440698,0.0027195748006278073,0.0026647110489738104,0.0032288262162339684,0.0011841706933799435,0.0010381959698156163,0.000980889424102746,0.0009855001771242804,0.0009837251574761003,0.0009838214577304308,0.0,12.0,24.0,36.0,48.0,60.0,72.0,-12.0,-24.0,-36.0,-48.0,-60.0,ok,,3,3,True,4.79,10,11,,197454712.09644857,0.5484853113790238,True
2.0.0,D0432,plain,D,lhs-holdout,3921baad1798760a494c913428d2f3d4da8fc15e,2026-10-10T04:58:47+00:00,70.0,6.0,0.2191,0.0191,200.0,0.4382,A,j2,SR5 and beyond excluded,11.471204188481675,0.014285714285714285,6.0551674992184064e-05,0.012000883936713006,12715851.748358654,2520185626.709731,0.001565,27.38475581926061,,,False,0.003917171357782675,SR2,6.296031396103894,5.857831396103894,0.4382,204402.58284234095,6.296031396103894,0.4382,0.00389098459977248,0.0017075270271437743,0.003917171357782675,0.003431923423748662,0.0035962142635713483,0.0034675640120763324,0.004326517822055665,0.0013548135237615806,0.0010532146361694238,0.0008190849455993061,0.0008142550455524781,0.0007981549502797875,0.0007921877718193259,0.0,6.0,12.0,18.0,24.0,30.0,36.0,-6.0,-12.0,-18.0,-24.0,-30.0,ok,,3,3,True,2.72,9,11,,163432128.0284959,0.45397813341248866,True
2.0.0,D0433,plain,D,lhs-holdout,3921baad1798760a494c913428d2f3d4da8fc15e,2026-10-10T04:58:49+00:00,60.0,9.0,0.4064,0.0254,200.0,0.8128,A,j2,SR5 and beyond excluded,16.0,0.016666666666666666,0.000554108038278648,0.030402448745849874,116362688.03851609,6384514236.628473,0.0033866666666666667,22.145669291338585,,,False,0.007311868628472304,SR2,9.52513534883721,9.52513534883721,0.0,1531969.0490873563,9.52513534883721,0.0,0.007311868628472304,0.0021014719922040517,0.007311868628472304,0.005874552007811955,0.006087142638002539,0.005697661670527361,0.008988689923779178,0.001464965931012256,0.001023908763135839,0.00043487159015798756,0.00046441353032077655,0.0003769395474059785,0.0003241374087576668,0.0,9.0,18.0,27.0,36.0,45.0,54.0,-9.0,-18.0,-27.0,-36.0,-45.0,ok,,3,3,True,8.36,9,11,,64512237.69492363,0.17920066026367676,True
2.0.0,D0434,plain,D,lhs-holdout,3921baad1798760a494c913428d2f3d4da8fc15e,2026-10-10T04:58:58+00:00,60.0,6.0,0.6096,0.0254,200.0,1.2192,A,j2,SR5 and beyond excluded,24.000000000000004,0.016666666666666666,0.00199250058602263,0.04661708807696972,418425123.06475234,9789588496.163641,0.00508,9.84251968503937,,,False,0.008487376024972184,SR2,6.287935319148932,6.287935319148932,0.0,3720628.6140708914,6.287935319148932,0.0,0.008487376024972184,0.0028623695994629884,0.008487376024972184,0.006940264978674086,0.006692412790530376,0.006119189772585926,0.010589489457456774,0.002743375176835756,0.0014629371560258802,0.0006003773031249997,0.0007286705349807711,0.0003758776696995709,0.000270517346689367,0.0,6.0,12.0,18.0,24.0,30.0,36.0,-6.0,-12.0,-18.0,-24.0,-30.0,ok,,5,5,True,12.58,9,11,,42073198.4966894,0.11686999582413722,True
2.0.0,D0435,plain,D,lhs-holdout,3921baad1798760a494c913428d2f3d4da8fc15e,2026-10-10T04:59:10+00:00,85.0,12.0,0.1683,0.011,120.0,0.3366,A,j2,SR5 and beyond excluded,15.3,0.011764705882352941,1.6894967315812057e-05,0.0054358977685064185,3547943.136320532,1141538531.3863478,0.00099,71.301247771836,,,False,0.008152799342255667,SR2,12.190609072941182,11.854009072941182,0.3366,76993.61633115733,35.85428372705882,0.3366,0.008018580861929643,0.003277163016499121,0.008152799342255667,0.00794663196477895,0.007777206181798248,0.007177412321997943,0.008148892813662717,0.0010800098490822147,0.0010685504909155228,0.0010886040449171446,0.00109376113937002,0.0010932738306239848,0.001093120731006615,0.0,12.0,24.0,36.0,48.0,60.0,72.0,-12.0,-24.0,-36.0,-48.0,-60.0,ok,,3,3,True,9.96,10,11,,216486411.28203925,0.601351142450109,False
2.0.0,D0436,plain,D,lhs-holdout,3921baad1798760a494c913428d2f3d4da8fc15e,2026-10-10T04:59:20+00:00,105.0,9.0,0.3239,0.0318,40.0,0.6478,A,j2,SR5 and beyond excluded,10.185534591194969,0.009523809523809525,0.0003149188559069631,0.0291815630088118,66132959.74046225,6128128231.850478,0.0015423809523809524,27.786353812905215,,,False,0.0019188617594109575,SR2,9.374201478405322,8.726401478405322,0.6478,743108.565864296,9.374201478405322,0.6478,0.001911881166172077,0.0012056284378461235,0.0019188617594109575,0.0016346236690133313,0.0017191284718543489,0.0016731252055973143,0.0021350009792986398,0.0010125889714840232,0.00036715301262827944,0.0001358478821044068,0.00011999317082793924,9.061797700608183e-05,9.919291427050186e-05,0.0,9.0,18.0,27.0,36.0,45.0,54.0,-9.0,-18.0,-27.0,-36.0,-45.0,ok,,3,3,True,8.97,10,11,,13442254.614036594,0.03733959615010165,True
2.0.0,D0437,plain,D,lhs-holdout,3921baad1798760a494c913428d2f3d4da8fc15e,2026-10-10T04:59:29+00:00,85.0,9.0,0.2191,0.0159,250.0,0.4382,A,j2,SR5 and beyond excluded,13.779874213836477,0.011764705882352941,5.2708310050139945e-05,0.010150108872630187,11068745.11052939,2131522863.2523391,0.0012888235294117646,41.07713372889092,,,False,0.006712622996465826,SR2,9.38549344636678,9.38549344636678,0.0,169612.92222523422,9.38549344636678,0.0,0.006712622996465826,0.002936241707265662,0.006712622996465826,0.006539659066671665,0.006648449026158259,0.006661864553149762,0.007745365953731065,0.0013470499439525924,0.0012579322971745547,0.0011842755686465554,0.0011901394874066955,0.001182961149412039,0.001183608601577587,0.0,9.0,18.0,27.0,36.0,45.0,54.0,-9.0,-18.0,-27.0,-36.0,-45.0,ok,,3,3,True,7.08,10,11,,241540512.59597015,0.6709458683221393,True
2.0.0,D0438,plain,D,lhs-holdout,3921baad1798760a494c913428d2f3d4da8fc15e,2026-10-10T04:59:36+00:00,70.0,9.0,0.508,0.011,80.0,1.016,A,j2,SR5 and beyond excluded,46.18181818181819,0.014285714285714285,0.0005305599074371447,0.01717508703717542,111417580.56180039,3606768277.8068385,0.0036285714285714285,17.716535433070867,,,False,0.006774595623428226,SR2,9.676708374384244,9.676708374384244,0.0,1135963.2066648072,9.676708374384244,0.0,0.006774595623428226,0.002177926223458116,0.006774595623428226,0.005203372005726482,0.0055281238013950105,0.005016536680386461,0.008431565311513393,0.001466015673267863,0.0010814871900314076,0.0003960425748152923,0.0004704462580356007,0.00031838111174780324,0.00025229352767922454,0.0,9.0,18.0,27.0,36.0,45.0,54.0,-9.0,-18.0,-27.0,-36.0,-45.0,ok,,3,3,True,9.63,9,11,,45678487.58506335,0.12688468773628708,True
2.0.0,D0439,plain,D,lhs-holdout,3921baad1798760a494c913428d2f3d4da8fc15e,2026-10-10T04:59:46+00:00,85.0,14.0,0.2731,0.021,40.0,0.5462,A,j2,SR5 and beyond excluded,13.004761904761905,0.011764705882352941,0.0001330457027830812,0.016631905667369735,27939597.584447052,3492700190.1476445,0.0016064705882352943,51.26327352618088,,,False,0.00251166422124848,SR2,14.3083184390619,14.3083184390619,0.0,442489.0107516041,14.3083184390619,0.0,0.00251166422124848,0.0011867027408773315,0.00251166422124848,0.002156748767492158,0.0022323448103616487,0.002070303893120113,0.002872417520133065,0.0009323260607178943,0.00035656047027941037,0.0002247467804520448,0.00020541861944345526,0.00020725591564941392,0.00020608845743599283,0.0,14.0,28.0,42.0,56.0,70.0,84.0,-14.0,-28.0,-42.0,-56.0,-70.0,ok,,3,3,True,17.79,10,11,,23585150.604214266,0.06551430723392852,True
2.0.0,D0440,plain,D,lhs-holdout,3921baad1798760a494c913428d2f3d4da8fc15e,2026-10-10T05:00:04+00:00,150.0,6.0,0.1683,0.0127,160.0,0.3366,A,j2,SR5 and beyond excluded,13.25196850393701,0.006666666666666667,1.8913676266636105e-05,0.006208164074611863,3971872.015993582,1303714455.6684914,0.000561,35.650623885918,,,False,0.0024472712307003174,SR2,6.20392259090909,5.86732259090909,0.3366,40793.18258808052,6.20392259090909,0.3366,0.0024274805820223705,0.0016647710920215102,0.0024472712307003174,0.0023080640673790193,0.002344741466595789,0.0023201855736686506,0.0025738740025278446,0.0013441680936516517,0.0012668269865101737,0.0012228583536025202,0.0012224587296695954,0.0012201879358268361,0.0012194468677596668,0.0,6.0,12.0,18.0,24.0,30.0,36.0,-6.0,-12.0,-18.0,-24.0,-30.0,ok,,3,3,True,2.1,10,11,,252742031.48345408,0.7020611985651503,True
2.0.0,D0441,plain,D,lhs-holdout,3921baad1798760a494c913428d2f3d4da8fc15e,2026-10-10T05:00:06+00:00,70.0,7.5,0.3239,0.011,160.0,0.6478,A,j2,SR5 and beyond excluded,29.44545454545455,0.014285714285714285,0.00013249688319615481,0.010813047754390724,27824345.471192513,2270740028.422052,0.0023135714285714287,23.15529484408768,,,False,0.005674350315692625,SR2,7.651536346153845,7.651536346153845,0.0,378311.10149470175,7.651536346153845,0.0,0.005674350315692625,0.0019528691800306754,0.005674350315692625,0.004889092885594247,0.0050123580917500075,0.004759773286389538,0.006627871669938267,0.0014870103464644266,0.0011598591871860684,0.000756154151942755,0.0007586826127968392,0.000726096744298486,0.0007022247545523233,0.0,7.5,15.0,22.5,30.0,37.5,45.0,-7.5,-15.0,-22.5,-30.0,-37.5,ok,,3,3,True,5.64,9,11,,145108394.56552562,0.40307887379312674,True
2.0.0,D0442,plain,D,lhs-holdout,3921baad1798760a494c913428d2f3d4da8fc15e,2026-10-10T05:00:11+00:00,250.0,12.0,0.1683,0.011,250.0,0.3366,A,j2,SR5 and beyond excluded,15.3,0.004,1.6894967315812057e-05,0.0054358977685064185,3547943.136320532,1141538531.3863478,0.0003366,71.301247771836,,,False,0.01444899326377093,SR3,23.946943276799992,23.946943276799992,0.0,12539.073396794163,23.946943276799992,0.0,0.01444899326377093,0.011405401173865364,0.014214039430604522,0.01444899326377093,0.014385269185141911,0.01373750470842812,0.01370785937210068,0.008856090510398802,0.009240587243479759,0.0092595037693348,0.009257410980284446,0.009260190045721133,0.009259006608187199,0.0,12.0,24.0,36.0,48.0,60.0,72.0,-12.0,-24.0,-36.0,-48.0,-60.0,ok,,3,3,True,18.35,11,11,,451013356.8375818,1.252814880104394,False
2.0.0,D0443,plain,D,lhs-holdout,3921baad1798760a494c913428d2f3d4da8fc15e,2026-10-10T05:00:30+00:00,70.0,6.0,0.508,0.0318,160.0,1.016,A,j2,SR5 and beyond excluded,15.974842767295597,0.014285714285714285,0.0013545266744704578,0.04757364020813482,284450601.63879615,9990464443.708313,0.0036285714285714285,11.811023622047244,,,False,0.005289939436622841,SR2,6.088262111801242,6.088262111801242,0.0,2919290.2764173523,6.088262111801242,0.0,0.005289939436622841,0.0022131837273611696,0.005289939436622841,0.004309828638064606,0.004557934698532621,0.004291870422129017,0.006762986070206014,0.002147385207396276,0.0010869977708276904,0.000435407181678179,0.0005577694258819561,0.00029476175910597176,0.0002082546099470986,0.0,6.0,12.0,18.0,24.0,30.0,36.0,-6.0,-12.0,-18.0,-24.0,-30.0,ok,,3,3,True,5.09,8,11,,32981793.975305237,0.09161609437584788,True
2.0.0,D0444,plain,D,lhs-holdout,3921baad1798760a494c913428d2f3d4da8fc15e,2026-10-10T05:00:35+00:00,105.0,14.0,0.2191,0.0127,200.0,0.4382,A,j2,SR5 and beyond excluded,17.251968503937007,0.009523809523809525,4.4018358973964884e-05,0.008234993991001853,9243855.384532625,1729348738.1103892,0.0010433333333333332,63.89776357827476,,,False,0.009806438844048072,SR3,28.14398,28.14398,0.0,156181.56308805937,28.14398,0.0,0.009806438844048072,0.003710653956039538,0.009455402131197006,0.009806438844048072,0.009452962589402258,0.008825794382618175,0.010740020876930167,0.0011868752308709495,0.0011778032864390923,0.0012037858679629667,0.0012048832913966077,0.0012042237212692426,0.001203761276220796,0.0,14.0,28.0,42.0,56.0,70.0,84.0,-14.0,-28.0,-42.0,-56.0,-70.0,ok,,3,3,True,15.08,10,11,,238170179.8620728,0.6615838329502022,True
2.0.0,D0445,plain,D,lhs-holdout,3921baad1798760a494c913428d2f3d4da8fc15e,2026-10-10T05:00:50+00:00,250.0,6.0,0.6096,0.011,160.0,1.2192,A,j2,SR5 and beyond excluded,55.41818181818182,0.004,0.0009268497527332657,0.02068613098682734,194638448.0739858,4344087507.233741,0.0012192000000000001,9.84251968503937,,,False,0.001613125014317772,SR4,18.038747686956526,15.600347686956525,2.4384,799121.0250577675,18.038747686956526,2.4384,0.001607407982809383,0.0012324812175862738,0.0015917124192913277,0.0016059146955416203,0.001613125014317772,0.0016712249821302736,0.0019405190943719032,0.001054007675390896,0.0007291482220089956,0.000458682851624332,0.000513651543015439,0.00041557061102522877,0.00038214944194112793,0.0,6.0,12.0,18.0,24.0,30.0,36.0,-6.0,-12.0,-18.0,-24.0,-30.0,ok,,3,3,True,2.03,7,11,,75851013.46400444,0.21069725962223457,True
2.0.0,D0446,plain,D,lhs-holdout,3921baad1798760a494c913428d2f3d4da8fc15e,2026-10-10T05:00:52+00:00,85.0,7.5,0.6096,0.021,80.0,1.2192,A,j2,SR5 and beyond excluded,29.02857142857143,0.011764705882352941,0.001683807425674905,0.03883197015396204,353599559.39173007,8154713732.332028,0.0035858823529411766,12.303149606299211,,,False,0.005201211356942568,SR2,7.859701843722565,7.859701843722565,0.0,2971026.6002669446,7.859701843722565,0.0,0.005201211356942568,0.0020717106042052054,0.005201211356942568,0.00417361007794653,0.00427837340760903,0.004098266422933694,0.006523986610792532,0.0013465965003585005,0.0010640680535313248,0.000364220134429541,0.0005035169755345996,0.0002453529912934181,0.00015047125701932786,0.0,7.5,15.0,22.5,30.0,37.5,45.0,-7.5,-15.0,-22.5,-30.0,-37.5,ok,,3,3,True,8.55,8,11,,20203249.973912384,0.05612013881642329,True
2.0.0,D0447,plain,D,lhs-holdout,3921baad1798760a494c913428d2f3d4da8fc15e,2026-10-10T05:01:00+00:00,200.0,6.0,0.2191,0.021,80.0,0.4382,A,j2,SR5 and beyond excluded,10.433333333333332,0.005,6.483145561401001e-05,0.013069339598198898,13614605.678942103,2744561315.6217685,0.00054775,27.38475581926061,,,False,0.00097901401946184,SR2,6.213576215909091,5.775376215909091,0.4382,85063.36535985852,6.213576215909091,0.4382,0.0009715437857292849,0.0006716219819234933,0.00097901401946184,0.0008926931665318837,0.0009246715054925993,0.000881561878586676,0.0010436446467079682,0.0005599170316015442,0.0003714046735622875,0.00031281226293599,0.0003046189761804976,0.0003011777974571161,0.0003015823289531848,0.0,6.0,12.0,18.0,24.0,30.0,36.0,-6.0,-12.0,-18.0,-24.0,-30.0,ok,,3,3,True,1.75,10,11,,60028434.80386089,0.1667456522329469,True
2.0.0,D0448,plain,D,lhs-holdout,3921baad1798760a494c913428d2f3d4da8fc15e,2026-10-10T05:01:02+00:00,60.0,9.0,0.4064,0.0127,120.0,0.8128,A,j2,SR5 and beyond excluded,32.0,0.016666666666666666,0.00030465726249162664,0.015707931852022416,63978025.123241596,3298665688.9247074,0.0033866666666666667,22.145669291338585,,,False,0.00759955003166086,SR2,9.52513534883721,9.52513534883721,0.0,820851.9811897267,9.52513534883721,0.0,0.00759955003166086,0.0021243922265272736,0.00759955003166086,0.006231406099255059,0.006432598649069123,0.006052301432872537,0.009422929309734844,0.0014684816869542474,0.0010694718931200456,0.0004813819667315069,0.0005193882626617491,0.0004262927577278089,0.00037431556721668894,0.0,9.0,18.0,27.0,36.0,45.0,54.0,-9.0,-18.0,-27.0,-36.0,-45.0,ok,,3,3,True,8.85,9,11,,74917437.32313721,0.20810399256427004,True
2.0.0,D0449,plain,D,lhs-holdout,3921baad1798760a494c913428d2f3d4da8fc15e,2026-10-10T05:01:11+00:00,60.0,14.0,0.2731,0.0159,200.0,0.5462,A,j2,SR5 and beyond excluded,17.17610062893082,0.016666666666666666,0.00010664155429545872,0.012847480325002391,22394726.40204633,2697970868.250502,0.0022758333333333333,51.26327352618088,,,False,0.025989230036668445,SR2,14.40994513071896,14.40994513071896,0.0,460366.37702159415,28.265897352941188,0.0,0.025989230036668445,0.014328386909882706,0.025989230036668445,0.02567447664358823,0.023240573785045522,0.02023435684566228,0.022004418823002816,0.000986827201345299,0.009707880735128273,0.0096294574323628,0.009721685451265442,0.009707968724532013,0.009707705309024452,0.0,14.0,28.0,42.0,56.0,70.0,84.0,-14.0,-28.0,-42.0,-56.0,-70.0,ok,,3,3,True,21.17,10,11,,152662619.46967682,0.4240628318602134,False
2.0.0,D0450,plain,D,lhs-holdout,3921baad1798760a494c913428d2f3d4da8fc15e,2026-10-10T05:01:32+00:00,60.0,14.0,0.2191,0.008,200.0,0.4382,A,j2,SR5 and beyond excluded,27.3875,0.016666666666666666,2.959632873469869e-05,0.00530552167338244,6215229.034286724,1114159551.4103124,0.0018258333333333332,63.89776357827476,,,False,,,,,,,,,,,,,,,,,,,,,,,,,,,,,,,,,,failed,no position converged,1,0,False,35.99,,,,369677125.2184122,1.0268809033844783,
2.0.0,D0451,plain,D,lhs-holdout,3921baad1798760a494c913428d2f3d4da8fc15e,2026-10-10T05:02:08+00:00,150.0,10.5,0.508,0.0254,200.0,1.016,A,j2,SR5 and beyond excluded,20.0,0.006666666666666667,0.0011242345390208087,0.03850976841140984,236089253.19436982,8087051366.396067,0.0016933333333333334,20.669291338582678,,,False,0.0024105003193135755,SR2,11.148303738317754,11.148303738317754,0.0,1845916.367708318,11.148303738317754,0.0,0.0024105003193135755,0.0014378562352848215,0.0024105003193135755,0.0020320303789370794,0.002157619857925483,0.002009113319675187,0.0028199429370722854,0.0011745593026053856,0.0005769827692633285,0.00032749226852425283,0.0002998563836753132,0.00026581303290294,0.0002707999580498817,0.0,10.5,21.0,31.5,42.0,52.5,63.0,-10.5,-21.0,-31.5,-42.0,-52.5,ok,,3,3,True,4.39,9,11,,50930713.96967655,0.14147420547132375,True
2.0.0,D0452,plain,D,lhs-holdout,3921baad1798760a494c913428d2f3d4da8fc15e,2026-10-10T05:02:13+00:00,250.0,7.5,0.2731,0.0191,80.0,0.5462,A,j2,SR5 and beyond excluded,14.29842931937173,0.004,0.00012360704744662624,0.015241122599625529,25957479.963791512,3200635745.921361,0.0005462,27.462467960454045,,,False,0.0009364542665099277,SR2,7.6050260230769275,7.6050260230769275,0.0,130441.62565674461,7.6050260230769275,0.0,0.0009364542665099277,0.0006307246530954151,0.0009364542665099277,0.000846825205238142,0.0008779486058354824,0.0008313567036041655,0.0010060692354023572,0.0005270557000353895,0.00032434489434468285,0.0002785871474205265,0.00026719754135708996,0.00026609212395917615,0.0002659561864412834,0.0,7.5,15.0,22.5,30.0,37.5,45.0,-7.5,-15.0,-22.5,-30.0,-37.5,ok,,3,3,True,2.01,10,11,,51474685.99322702,0.14298523887007505,True
2.0.0,D0453,plain,D,lhs-holdout,3921baad1798760a494c913428d2f3d4da8fc15e,2026-10-10T05:02:15+00:00,85.0,6.0,0.6096,0.011,160.0,1.2192,A,j2,SR5 and beyond excluded,55.41818181818182,0.011764705882352941,0.0009268497527332657,0.02068613098682734,194638448.0739858,4344087507.233741,0.0035858823529411766,9.84251968503937,,,False,0.006165804457297057,SR2,6.525432429667523,5.915832429667523,0.6096,1577715.8164678365,6.525432429667523,0.6096,0.0060442773208947516,0.002291922622814835,0.006165804457297057,0.005649679155186738,0.00506395785503016,0.004764505127319928,0.007241686047771236,0.002891129425607771,0.0012280523688516058,0.0006234828791597091,0.0007062563712062178,0.0004792971904069012,0.00040623898873380144,0.0,6.0,12.0,18.0,24.0,30.0,36.0,-6.0,-12.0,-18.0,-24.0,-30.0,ok,,4,4,True,9.51,9,11,,75851013.46400444,0.21069725962223457,True
2.0.0,D0454,plain,D,lhs-holdout,3921baad1798760a494c913428d2f3d4da8fc15e,2026-10-10T05:02:24+00:00,120.0,14.0,0.508,0.011,160.0,1.016,A,j2,SR5 and beyond excluded,46.18181818181819,0.008333333333333333,0.0005305599074371447,0.01717508703717542,111417580.56180039,3606768277.8068385,0.002116666666666667,27.559055118110237,,,False,0.004977894638536023,SR2,14.229249999999986,14.229249999999986,0.0,1017995.0204717051,14.229249999999986,0.0,0.004977894638536023,0.0016960864553204479,0.004977894638536023,0.0041522788147955025,0.004271860507087983,0.004008291519759746,0.005676361158320985,0.0012830061987469255,0.0008522122350810636,0.0005454000051166176,0.000516808911177664,0.0004758351427033067,0.00048606800660927723,0.0,14.0,28.0,42.0,56.0,70.0,84.0,-14.0,-28.0,-42.0,-56.0,-70.0,ok,,3,3,True,9.21,10,11,,91356975.1701267,0.25376937547257417,True
2.0.0,D0455,plain,D,lhs-holdout,3921baad1798760a494c913428d2f3d4da8fc15e,2026-10-10T05:02:33+00:00,60.0,14.0,0.4064,0.021,160.0,0.8128,A,j2,SR5 and beyond excluded,19.35238095238095,0.016666666666666666,0.00047348021490912356,0.025426165982563635,99430845.13091595,5339494856.338364,0.0033866666666666667,34.4488188976378,,,False,0.011453697234885018,SR2,14.177241038961037,13.770841038961038,0.4064,1324009.6787168724,28.012379740259743,0.4064,0.011305507477030774,0.0026872237437841106,0.011453697234885018,0.01047260443825101,0.01047920764397296,0.01037359068659684,0.01751949827242822,0.001252640037703879,0.0009814939092412968,0.0004407952796568089,0.000407731446268866,0.0003612026235339644,0.0003588733897828059,0.0,14.0,28.0,42.0,56.0,70.0,84.0,-14.0,-28.0,-42.0,-56.0,-70.0,ok,,4,4,True,21.09,9,11,,61710601.63282221,0.17141833786895058,True
2.0.0,D0456,plain,D,lhs-holdout,3921baad1798760a494c913428d2f3d4da8fc15e,2026-10-10T05:02:54+00:00,105.0,14.0,0.4064,0.011,0.0,0.8128,A,j2,SR5 and beyond excluded,36.945454545454545,0.009523809523809525,0.00026723821197587353,0.013664043087523456,56120024.514933445,2869449048.3799257,0.0019352380952380951,34.4488188976378,,,False,0.002381896081529618,SR2,14.413127272727266,14.413127272727266,0.0,593696.6175824457,14.413127272727266,0.0,0.002381896081529618,0.0013715862352969683,0.002381896081529618,0.001988052266708472,0.0020860119513185617,0.0020484319931393085,0.00273832816436902,0.0010485657081685052,0.0003641270856429797,9.75323982555022e-05,8.867853330759408e-05,5.615183538511737e-05,6.537440453742792e-05,0.0,14.0,28.0,42.0,56.0,70.0,84.0,-14.0,-28.0,-42.0,-56.0,-70.0,ok,,3,3,True,27.12,10,11,,0.0,0.0,True
2.0.0,D0457,plain,D,lhs-holdout,3921baad1798760a494c913428d2f3d4da8fc15e,2026-10-10T05:03:22+00:00,120.0,9.0,0.3239,0.0127,40.0,0.6478,A,j2,SR5 and beyond excluded,25.50393700787402,0.008333333333333333,0.00015055842404539306,0.012416328149223721,31617269.04953254,2607428911.3369813,0.0013495833333333335,27.786353812905215,,,False,0.0018210951338950615,SR2,9.357108561046509,8.709308561046509,0.6478,321920.41555077705,9.357108561046509,0.6478,0.0018097952143351175,0.001127394463400952,0.0018210951338950615,0.0015540301357192228,0.0016400721786642128,0.0015282702273848728,0.002007147590081367,0.0009631158416105729,0.0004106018603544651,0.0002111850415701835,0.0001982142044284769,0.0001740541748367664,0.0001808718017566103,0.0,9.0,18.0,27.0,36.0,45.0,54.0,-9.0,-18.0,-27.0,-36.0,-45.0,ok,,3,3,True,3.61,10,11,,31592753.93543177,0.08775764982064381,True
2.0.0,D0458,plain,D,lhs-holdout,3921baad1798760a494c913428d2f3d4da8fc15e,2026-10-10T05:03:25+00:00,70.0,14.0,0.4064,0.0254,0.0,0.8128,A,j2,SR5 and beyond excluded,16.0,0.014285714285714285,0.000554108038278648,0.030402448745849874,116362688.03851609,6384514236.628473,0.002902857142857143,34.4488188976378,,,False,0.0043209145200919065,SR2,14.5274909090909,14.5274909090909,0.0,1472589.0045031258,14.5274909090909,0.0,0.0043209145200919065,0.001812580730803708,0.0043209145200919065,0.003091237415677027,0.0033499597255431178,0.003048623498533129,0.004922640322458905,0.0013832506506117792,0.0006548536874035125,0.00019394308207221144,0.00013424983059668295,5.390360212706315e-05,7.791989922785145e-05,0.0,14.0,28.0,42.0,56.0,70.0,84.0,-14.0,-28.0,-42.0,-56.0,-70.0,ok,,3,3,True,30.83,10,11,,0.0,0.0,True
2.0.0,D0459,plain,D,lhs-holdout,3921baad1798760a494c913428d2f3d4da8fc15e,2026-10-10T05:03:56+00:00,150.0,10.5,0.6096,0.0318,250.0,1.2192,A,j2,SR5 and beyond excluded,19.169811320754718,0.006666666666666667,0.0024162012662601526,0.05772374908076498,507402265.914632,12121987306.960646,0.002032,17.224409448818896,,,False,0.003013140050693991,SR2,10.991749532710287,10.991749532710287,0.0,3699522.475973855,10.991749532710287,0.0,0.003013140050693991,0.001558467795069306,0.003013140050693991,0.0023182865483667306,0.002465564869358784,0.0023070878952960554,0.0034607881939685992,0.0012749899674629067,0.0006389437704223468,0.000286187921019309,0.0002832955494903618,0.000238621938351823,0.0002184050353072244,0.0,10.5,21.0,31.5,42.0,52.5,63.0,-10.5,-21.0,-31.5,-42.0,-52.5,ok,,3,3,True,6.36,8,11,,42472336.58662265,0.11797871274061847,True
2.0.0,D0460,plain,D,lhs-holdout,3921baad1798760a494c913428d2f3d4da8fc15e,2026-10-10T05:04:02+00:00,70.0,12.0,0.2731,0.0254,250.0,0.5462,A,j2,SR5 and beyond excluded,10.75196850393701,0.014285714285714285,0.0001531843684968715,0.01976558150747248,32168717.384343017,4150772116.569221,0.0019507142857142859,43.93994873672647,,,False,0.007664776658683599,SR2,12.095788367346934,12.095788367346934,0.0,613335.2218398119,12.095788367346934,0.0,0.007664776658683599,0.0024939687559315657,0.007664776658683599,0.006815503899223739,0.00681682811880484,0.006761266232050898,0.008537529177594885,0.0010733694827682885,0.0008634480629645697,0.000660315749458279,0.0006661305471418588,0.0006511296927105881,0.0006533644249594186,0.0,12.0,24.0,36.0,48.0,60.0,72.0,-12.0,-24.0,-36.0,-48.0,-60.0,ok,,3,3,True,10.69,10,11,,124036952.77435355,0.34454709103987097,True
2.0.0,D0461,plain,D,lhs-holdout,3921baad1798760a494c913428d2f3d4da8fc15e,2026-10-10T05:04:13+00:00,70.0,12.0,0.2191,0.0127,40.0,0.4382,A,j2,SR5 and beyond excluded,17.251968503937007,0.014285714285714285,4.4018358973964884e-05,0.008234993991001853,9243855.384532625,1729348738.1103892,0.001565,54.76951163852122,,,False,0.003371794631594207,SR2,12.173457755102046,12.173457755102046,0.0,192964.04000687995,12.173457755102046,0.0,0.003371794631594207,0.0013735523953240163,0.003371794631594207,0.002835269409811282,0.0028929375524238844,0.0027235034256424644,0.0038913788492841985,0.0008968056630552881,0.00045908840272877515,0.0003122828194565441,0.00030813993041161215,0.000302750498105076,0.000302712890543781,0.0,12.0,24.0,36.0,48.0,60.0,72.0,-12.0,-24.0,-36.0,-48.0,-60.0,ok,,3,3,True,12.09,10,11,,47634035.97241456,0.13231676659004044,True
2.0.0,D0462,plain,D,lhs-holdout,3921baad1798760a494c913428d2f3d4da8fc15e,2026-10-10T05:04:25+00:00,105.0,9.0,0.2731,0.011,0.0,0.5462,A,j2,SR5 and beyond excluded,24.827272727272728,0.009523809523809525,7.791443314473457e-05,0.009057525779564741,16362030.96039426,1902080413.7085958,0.0013004761904761904,32.95496155254485,,,False,0.001519985168516477,SR2,9.551414168067224,8.459014168067224,1.0924,181317.46665915946,9.551414168067224,1.0924,0.0015191197013591114,0.0009874470860346805,0.001519985168516477,0.0013502769188005925,0.0013427862080914392,0.0013976742123235273,0.0016387105544310317,0.0008055973706628973,0.00024833054920219035,6.056044513192023e-05,5.0750478506000354e-05,2.999771563929676e-05,3.602419995127747e-05,0.0,9.0,18.0,27.0,36.0,45.0,54.0,-9.0,-18.0,-27.0,-36.0,-45.0,ok,,3,3,True,16.25,9,11,,0.0,0.0,True
2.0.0,D0463,plain,D,lhs-holdout,3921baad1798760a494c913428d2f3d4da8fc15e,2026-10-10T05:04:41+00:00,105.0,9.0,0.508,0.021,200.0,1.016,A,j2,SR5 and beyond excluded,24.19047619047619,0.009523809523809525,0.0009542734829624907,0.032129068068262816,200397431.42212304,6747104294.335192,0.0024190476190476193,17.716535433070867,,,False,0.004132802650867873,SR2,9.59238029556651,9.59238029556651,0.0,1861115.4635187471,9.59238029556651,0.0,0.004132802650867873,0.0017740305994724229,0.004132802650867873,0.0031665701066523476,0.0034377294677080134,0.003114403277011065,0.004771189125859925,0.0014347348855434441,0.0008299110659910009,0.0003854558270095879,0.00039312965602796376,0.00033950601419539144,0.0003030221717943321,0.0,9.0,18.0,27.0,36.0,45.0,54.0,-9.0,-18.0,-27.0,-36.0,-45.0,ok,,3,3,True,6.25,9,11,,61045343.60700637,0.16957039890835104,True
2.0.0,D0464,plain,D,lhs-holdout,3921baad1798760a494c913428d2f3d4da8fc15e,2026-10-10T05:04:48+00:00,105.0,6.0,0.3239,0.0254,160.0,0.6478,A,j2,SR5 and beyond excluded,12.75196850393701,0.009523809523809525,0.00026721440230657336,0.02381924134025246,56115024.4843804,5002040681.453016,0.0015423809523809524,18.524235875270143,,,False,0.002243024177935892,SR2,5.981833968253969,5.981833968253969,0.0,627594.1697304648,5.981833968253969,0.0,0.002243024177935892,0.0013696048834367714,0.002243024177935892,0.0019103198381361386,0.0020309767614864506,0.0019023799614087148,0.0024757016570699474,0.0012069174490392815,0.0006168539903130604,0.0003673114870617046,0.00036644043727381676,0.00033791575618530225,0.0003207200286520249,0.0,6.0,12.0,18.0,24.0,30.0,36.0,-6.0,-12.0,-18.0,-24.0,-30.0,ok,,3,3,True,1.83,9,11,,65873802.51059539,0.18298278475165386,True
2.0.0,D0465,plain,D,lhs-holdout,3921baad1798760a494c913428d2f3d4da8fc15e,2026-10-10T05:04:49+00:00,250.0,7.5,0.4064,0.0159,40.0,0.8128,A,j2,SR5 and beyond excluded,25.559748427672954,0.004,0.00037242560769829995,0.01950599170650634,78209377.616643,4096258258.3663316,0.0008127999999999999,18.45472440944882,,,False,0.001047518371067137,SR2,8.201640000000008,6.576040000000008,1.6256,365259.2902040404,8.201640000000008,1.6256,0.0010468381116679583,0.0006778634523286308,0.001047518371067137,0.0009322869840931083,0.0009535102137150893,0.0009588290270998236,0.0011316119985013012,0.0005686454500966692,0.0002456526389026795,0.0001359557758648393,0.00012463614190825632,0.00010706946547729163,0.0001113143499474275,0.0,7.5,15.0,22.5,30.0,37.5,45.0,-7.5,-15.0,-22.5,-30.0,-37.5,ok,,3,3,True,2.37,10,11,,20110025.980845533,0.05586118328012648,True
2.0.0,D0466,plain,D,lhs-holdout,3921baad1798760a494c913428d2f3d4da8fc15e,2026-10-10T05:04:52+00:00,60.0,12.0,0.1683,0.008,120.0,0.3366,A,j2,SR5 and beyond excluded,21.0375,0.016666666666666666,1.2972711832819855e-05,0.004028778418963555,2724269.4848921695,846043467.9823465,0.0014025,71.301247771836,,,False,0.018691691551886592,SR2,12.283894206349196,12.283894206349196,0.0,53031.20326844476,12.283894206349196,0.0,0.018691691551886592,0.007778661999092638,0.018691691551886592,0.017438249082569482,0.016118616735680748,0.016444399521731164,0.017634837964619697,0.0014460347919451795,0.0014200848445658947,0.0014358797102870316,0.0014455217301393855,0.0014445355887601377,0.0014443892548809828,0.0,12.0,24.0,36.0,48.0,60.0,72.0,-12.0,-24.0,-36.0,-48.0,-60.0,ok,,3,3,True,17.57,10,11,,292097970.55623215,0.8113832515450893,False
2.0.0,D0467,plain,D,lhs-holdout,3921baad1798760a494c913428d2f3d4da8fc15e,2026-10-10T05:05:09+00:00,250.0,14.0,0.3239,0.008,0.0,0.6478,A,j2,SR5 and beyond excluded,40.487500000000004,0.004,9.91008060013135e-05,0.007939432954152137,20811169.260275833,1667280920.3719487,0.0006478,43.223217042297,,,False,0.000800954666245875,SR2,14.063847809150325,14.063847809150325,0.0,102250.85949555684,14.063847809150325,0.0,0.000800954666245875,0.00048582025194995117,0.000800954666245875,0.0006944014793666302,0.0007357717294684548,0.0006765829739404332,0.0008947609241082217,0.00035476295836513644,8.19481082957232e-05,9.180003792810542e-05,6.521831642313757e-05,7.148007639954043e-05,6.86003674052546e-05,0.0,14.0,28.0,42.0,56.0,70.0,84.0,-14.0,-28.0,-42.0,-56.0,-70.0,ok,,3,3,True,24.6,11,11,,0.0,0.0,True
2.0.0,D0468,plain,D,lhs-holdout,3921baad1798760a494c913428d2f3d4da8fc15e,2026-10-10T05:05:34+00:00,70.0,7.5,0.6096,0.021,0.0,1.2192,A,j2,SR5 and beyond excluded,29.02857142857143,0.014285714285714285,0.001683807425674905,0.03883197015396204,353599559.39173007,8154713732.332028,0.004354285714285714,12.303149606299211,,,False,0.005951703703207944,SR2,7.901176119402987,7.901176119402987,0.0,3044770.9802871062,7.901176119402987,0.0,0.005951703703207944,0.0021862055139770745,0.005951703703207944,0.005232132932458903,0.004432422758270419,0.005121264709145424,0.006889332826011412,0.001266827529482714,0.001148990996754226,0.00035970125692270157,0.0004959557122750853,0.00017892012247367806,6.568954015888562e-05,0.0,7.5,15.0,22.5,30.0,37.5,45.0,-7.5,-15.0,-22.5,-30.0,-37.5,ok,,3,3,True,13.74,7,11,,0.0,0.0,True
2.0.0,D0469,plain,D,lhs-holdout,3921baad1798760a494c913428d2f3d4da8fc15e,2026-10-10T05:05:48+00:00,120.0,10.5,0.4064,0.0159,160.0,0.8128,A,j2,SR5 and beyond excluded,25.559748427672954,0.008333333333333333,0.00037242560769829995,0.01950599170650634,78209377.616643,4096258258.3663316,0.0016933333333333334,25.836614173228348,,,False,0.0030651741873607397,SR2,10.994574433962264,10.181774433962264,0.8128,770894.4603391057,10.994574433962264,0.8128,0.0030536909093133095,0.0014385145822618582,0.0030651741873607397,0.00248386375661111,0.002611343648897922,0.002412735048809395,0.0035484971729598073,0.0012051910640506014,0.0007197216182687326,0.0004696896756033623,0.0004405007889156622,0.00040891146379420245,0.00041732895471947287,0.0,10.5,21.0,31.5,42.0,52.5,63.0,-10.5,-21.0,-31.5,-42.0,-52.5,ok,,3,3,True,5.05,10,11,,80440103.92338213,0.22344473312050592,True
2.0.0,D0470,plain,D,lhs-holdout,3921baad1798760a494c913428d2f3d4da8fc15e,2026-10-10T05:05:53+00:00,200.0,14.0,0.4064,0.0191,200.0,0.8128,A,j2,SR5 and beyond excluded,21.277486910994764,0.005,0.0004368081024982484,0.023239711743444753,91729701.52463216,4880339466.123398,0.001016,34.4488188976378,,,False,0.0019266931404532813,SR2,14.306652311688314,13.493852311688315,0.8128,664914.1549078363,14.306652311688314,0.8128,0.0019235349477374256,0.0010901950505073131,0.0019266931404532813,0.0017204700776852046,0.001768354481502199,0.001688302079852684,0.002092444637531976,0.000858803369302356,0.0005295776294645003,0.0004651995853338662,0.00045855616114228115,0.0004583819906495781,0.0004573528808427886,0.0,14.0,28.0,42.0,56.0,70.0,84.0,-14.0,-28.0,-42.0,-56.0,-70.0,ok,,3,3,True,4.51,10,11,,84395625.11153926,0.23443229197649795,True
2.0.0,D0471,plain,D,lhs-holdout,3921baad1798760a494c913428d2f3d4da8fc15e,2026-10-10T05:05:57+00:00,250.0,9.0,0.508,0.0127,80.0,1.016,A,j2,SR5 and beyond excluded,40.0,0.004,0.0006063927901206482,0.01976159168480241,127342485.92533614,4149934253.8085065,0.001016,17.716535433070867,,,False,0.0014060046202032481,SR2,9.361992651162796,8.345992651162796,1.016,608942.0742475817,9.361992651162796,1.016,0.0014021844906213,0.0009507306386352859,0.0014060046202032481,0.0012277321259889394,0.0012782240129568993,0.0012613899173021398,0.0015057333317891716,0.0007847550773865918,0.0003945383686823269,0.0002438271970575567,0.00022418968514899116,0.00020201669362457332,0.00020828347422912727,0.0,9.0,18.0,27.0,36.0,45.0,54.0,-9.0,-18.0,-27.0,-36.0,-45.0,ok,,3,3,True,2.83,10,11,,39699838.58149148,0.11027732939303188,True
2.0.0,D0472,plain,D,lhs-holdout,3921baad1798760a494c913428d2f3d4da8fc15e,2026-10-10T05:06:00+00:00,200.0,14.0,0.6096,0.0254,250.0,1.2192,A,j2,SR5 and beyond excluded,24.000000000000004,0.005,0.00199250058602263,0.04661708807696972,418425123.06475234,9789588496.163641,0.0015240000000000002,22.96587926509186,,,False,0.0022484279497674248,SR2,14.32791494193549,14.32791494193549,0.0,2563397.769996832,14.32791494193549,0.0,0.0022484279497674248,0.0013265775681564884,0.0022484279497674248,0.001908330604313275,0.0020129610977964287,0.001865986077011006,0.002604695323285046,0.0011042446239050055,0.0005390435370468509,0.0003190697686178041,0.0003120806840778587,0.0002861828950878012,0.0002931281731438527,0.0,14.0,28.0,42.0,56.0,70.0,84.0,-14.0,-28.0,-42.0,-56.0,-70.0,ok,,3,3,True,5.24,10,11,,52591498.120861754,0.14608749478017155,True
2.0.0,D0473,plain,D,lhs-holdout,3921baad1798760a494c913428d2f3d4da8fc15e,2026-10-10T05:06:05+00:00,200.0,7.5,0.4064,0.0127,250.0,0.8128,A,j2,SR5 and beyond excluded,32.0,0.005,0.00030465726249162664,0.015707931852022416,63978025.123241596,3298665688.9247074,0.001016,18.45472440944882,,,False,0.0021081597644178793,SR2,7.737027121212128,7.737027121212128,0.0,399740.81705942645,7.737027121212128,0.0,0.0021081597644178793,0.0014433763999046815,0.0021081597644178793,0.0018969180621651541,0.0019519696556100207,0.001871803658427988,0.002326956159052569,0.0012629280009781789,0.0009093212484589074,0.0007864632325758203,0.0007732153759264431,0.000755560098487983,0.0007571995638014155,0.0,7.5,15.0,22.5,30.0,37.5,45.0,-7.5,-15.0,-22.5,-30.0,-37.5,ok,,3,3,True,2.51,9,11,,156077994.42320254,0.433549984508896,True
2.0.0,D0474,plain,D,lhs-holdout,3921baad1798760a494c913428d2f3d4da8fc15e,2026-10-10T05:06:08+00:00,120.0,7.5,0.1683,0.0159,120.0,0.3366,A,j2,SR5 and beyond excluded,10.584905660377359,0.008333333333333333,2.234156640690647e-05,0.007612581654472642,4691728.945450358,1598642147.4392548,0.00070125,44.563279857397504,,,False,0.0020694181062477003,SR2,7.818042333984374,7.481442333984374,0.3366,69000.63612153823,7.818042333984374,0.3366,0.0020627706402591853,0.0013308820336485482,0.0020694181062477003,0.0019493793050708716,0.001976527071867456,0.001938596045639519,0.002196976906569325,0.0009420250415012477,0.0008018151762035679,0.0007668869855879746,0.0007676025601931303,0.000766535719493961,0.0007656676871635804,0.0,7.5,15.0,22.5,30.0,37.5,45.0,-7.5,-15.0,-22.5,-30.0,-37.5,ok,,3,3,True,2.37,10,11,,154585928.06142086,0.42940535572616906,True
2.0.0,D0475,plain,D,lhs-holdout,3921baad1798760a494c913428d2f3d4da8fc15e,2026-10-10T05:06:10+00:00,85.0,6.0,0.6096,0.0127,80.0,1.2192,A,j2,SR5 and beyond excluded,48.00000000000001,0.011764705882352941,0.0010611209796460759,0.023815251517582365,222835405.72567594,5001202818.692297,0.0035858823529411766,9.84251968503937,,,False,0.005079084439948024,SR2,6.735279181585678,6.735279181585678,0.0,1831577.2673173766,6.735279181585678,0.0,0.005079084439948024,0.0021564422605581685,0.005079084439948024,0.0048521768749895475,0.004430172685083376,0.004208073211582681,0.0067102132931209915,0.002014017168394085,0.0011725686647764682,0.0004768490377167424,0.000619708345761531,0.00031526763996995977,0.0002176628318009279,0.0,6.0,12.0,18.0,24.0,30.0,36.0,-6.0,-12.0,-18.0,-24.0,-30.0,ok,,4,4,True,7.04,8,11,,32942419.248471692,0.09150672013464359,True
2.0.0,D0476,plain,D,lhs-holdout,3921baad1798760a494c913428d2f3d4da8fc15e,2026-10-10T05:06:17+00:00,250.0,14.0,0.2731,0.021,80.0,0.5462,A,j2,SR5 and beyond excluded,13.004761904761905,0.004,0.0001330457027830812,0.016631905667369735,27939597.584447052,3492700190.1476445,0.0005462,51.26327352618088,,,False,0.0011206711223953783,SR2,14.147341759477122,14.147341759477122,0.0,181111.78176059108,14.147341759477122,0.0,0.0011206711223953783,0.0006830284459408168,0.0011206711223953783,0.0010309168582980802,0.0010546145207271861,0.0010086621155026524,0.001202723310771695,0.0004299742889273449,0.00029483810402761385,0.000322250078790448,0.0003051337710432881,0.0003078238775169641,0.000306667160952325,0.0,14.0,28.0,42.0,56.0,70.0,84.0,-14.0,-28.0,-42.0,-56.0,-70.0,ok,,3,3,True,5.45,11,11,,47170301.20842853,0.13102861446785705,True
2.0.0,D0477,plain,D,lhs-holdout,3921baad1798760a494c913428d2f3d4da8fc15e,2026-10-10T05:06:23+00:00,120.0,12.0,0.508,0.021,40.0,1.016,A,j2,SR5 and beyond excluded,24.19047619047619,0.008333333333333333,0.0009542734829624907,0.032129068068262816,200397431.42212304,6747104294.335192,0.002116666666666667,23.62204724409449,,,False,0.002806949376234149,SR2,11.975236220472446,11.975236220472446,0.0,1798201.2500242558,11.975236220472446,0.0,0.002806949376234149,0.0015364066634909713,0.002806949376234149,0.00225412348209487,0.002357658650181836,0.002260261114893143,0.003377373433113609,0.0011838938284484712,0.0004988529284442624,0.00017903384532398805,0.0001425411578270707,8.906860067960833e-05,9.80283186863727e-05,0.0,12.0,24.0,36.0,48.0,60.0,72.0,-12.0,-24.0,-36.0,-48.0,-60.0,ok,,3,3,True,19.11,9,11,,12209068.721401274,0.03391407978167021,True
2.0.0,D0478,plain,D,lhs-holdout,3921baad1798760a494c913428d2f3d4da8fc15e,2026-10-10T05:06:42+00:00,150.0,12.0,0.4064,0.008,0.0,0.8128,A,j2,SR5 and beyond excluded,50.8,0.006666666666666667,0.0001987389278493023,0.010012884105521414,41735174.84835348,2102705662.159497,0.0013546666666666666,29.52755905511811,,,False,0.0015888291627225491,SR2,12.103410141732285,10.477810141732284,1.6256,325110.277628205,12.103410141732285,1.6256,0.0015881576251351203,0.0010150756540075125,0.0015888291627225491,0.001395864232367948,0.0014157328928729883,0.0014432152067160268,0.0017351039081294985,0.0008116712046724442,0.000235796004361761,6.600752499925695e-05,5.6827943975780976e-05,3.82280471666735e-05,4.3574042185566814e-05,0.0,12.0,24.0,36.0,48.0,60.0,72.0,-12.0,-24.0,-36.0,-48.0,-60.0,ok,,3,3,True,22.52,9,11,,0.0,0.0,True
2.0.0,D0479,plain,D,lhs-holdout,3921baad1798760a494c913428d2f3d4da8fc15e,2026-10-10T05:07:04+00:00,120.0,6.0,0.508,0.0191,40.0,1.016,A,j2,SR5 and beyond excluded,26.59685863874346,0.008333333333333333,0.0008778406805393286,0.029336160783294967,184346542.913259,6160593764.491943,0.002116666666666667,11.811023622047244,,,False,0.0022539048524678955,SR3,12.089993478260876,10.057993478260876,2.032,1472468.5806986755,12.089993478260876,2.032,0.0022388055081221637,0.001541787091898895,0.0021103026870970703,0.0022539048524678955,0.002188501889686607,0.002422728727501746,0.002954821015508098,0.0011322718991425777,0.0007904530225006088,0.00026822555147145967,0.00042664217257627827,0.00019254174543096892,0.00011137821479295605,0.0,6.0,12.0,18.0,24.0,30.0,36.0,-6.0,-12.0,-18.0,-24.0,-30.0,ok,,3,3,True,4.35,7,11,,13371415.670157151,0.037142821305992085,True
2.0.0,D0480,plain,D,lhs-holdout,3921baad1798760a494c913428d2f3d4da8fc15e,2026-10-10T05:07:09+00:00,85.0,9.0,0.3239,0.0127,250.0,0.6478,A,j2,SR5 and beyond excluded,25.50393700787402,0.011764705882352941,0.00015055842404539306,0.012416328149223721,31617269.04953254,2607428911.3369813,0.0019052941176470588,27.786353812905215,,,False,0.006688956398618623,SR2,9.406376381668945,8.758576381668945,0.6478,359821.6587583028,8.597201101231189,0.6478,0.006657416529201849,0.002521656092364031,0.006688956398618623,0.005852896777905514,0.0060610556977153535,0.005911908381778445,0.007985787811212158,0.001468720804216751,0.001271555289673784,0.0009929321588504774,0.0009824789268923872,0.0009700743218724184,0.0009651706978875422,0.0,9.0,18.0,27.0,36.0,45.0,54.0,-9.0,-18.0,-27.0,-36.0,-45.0,ok,,3,3,True,8.31,9,11,,197454712.09644857,0.5484853113790238,True
2.0.0,D0481,plain,D,lhs-holdout,3921baad1798760a494c913428d2f3d4da8fc15e,2026-10-10T05:07:17+00:00,70.0,12.0,0.2731,0.011,0.0,0.5462,A,j2,SR5 and beyond excluded,24.827272727272728,0.014285714285714285,7.791443314473457e-05,0.009057525779564741,16362030.96039426,1902080413.7085958,0.0019507142857142859,43.93994873672647,,,False,0.0023985506791848886,SR2,12.641988367346935,12.095788367346934,0.5462,258989.45206098323,12.641988367346935,0.5462,0.0023947179539904923,0.0014241135923309034,0.0023985506791848886,0.002004193720307144,0.0021099792294520746,0.0020666983929612743,0.0027273680996694406,0.0011219267229124288,0.00037998830548191266,0.0001026256531836547,8.82131020808631e-05,6.250089841472087e-05,7.00539486194956e-05,0.0,12.0,24.0,36.0,48.0,60.0,72.0,-12.0,-24.0,-36.0,-48.0,-60.0,ok,,3,3,True,21.13,10,11,,0.0,0.0,True
2.0.0,D0482,plain,D,lhs-holdout,3921baad1798760a494c913428d2f3d4da8fc15e,2026-10-10T05:07:38+00:00,60.0,12.0,0.4064,0.0191,200.0,0.8128,A,j2,SR5 and beyond excluded,21.277486910994764,0.016666666666666666,0.0004368081024982484,0.023239711743444753,91729701.52463216,4880339466.123398,0.0033866666666666667,29.52755905511811,,,False,0.010906435725200427,SR2,12.304592125984264,12.304592125984264,0.0,1245163.2928271221,12.304592125984264,0.0,0.010906435725200427,0.002711494676061018,0.010906435725200427,0.009438782829830461,0.009362826930373526,0.00930140623576526,0.013559883168899079,0.001468914309501052,0.0011010402472731277,0.0005156732916873053,0.0005056419262021864,0.0004630281472895356,0.0004417204041991714,0.0,12.0,24.0,36.0,48.0,60.0,72.0,-12.0,-24.0,-36.0,-48.0,-60.0,ok,,5,5,True,21.95,9,11,,84395625.11153926,0.23443229197649795,True
2.0.0,D0483,plain,D,lhs-holdout,3921baad1798760a494c913428d2f3d4da8fc15e,2026-10-10T05:08:00+00:00,85.0,7.5,0.508,0.0159,120.0,1.016,A,j2,SR5 and beyond excluded,31.949685534591193,0.011764705882352941,0.0007448524635677762,0.024581046142821444,156419017.349233,5162019689.992503,0.002988235294117647,14.763779527559056,,,False,0.005047572011712455,SR2,7.6816229946524075,7.6816229946524075,0.0,1537546.2407000035,7.6816229946524075,0.0,0.005047572011712455,0.0019801820012937277,0.005047572011712455,0.003772666265528996,0.00398625658191881,0.003699519439813025,0.005738481855688953,0.0016029809237544084,0.0008984103419738574,0.0003809110424036558,0.0004467898275641543,0.0003137893259834764,0.0002580465471654908,0.0,7.5,15.0,22.5,30.0,37.5,45.0,-7.5,-15.0,-22.5,-30.0,-37.5,ok,,3,3,True,6.58,8,11,,47874203.28502445,0.1329838980139568,True
2.0.0,D0484,plain,D,lhs-holdout,3921baad1798760a494c913428d2f3d4da8fc15e,2026-10-10T05:08:07+00:00,85.0,12.0,0.6096,0.0191,80.0,1.2192,A,j2,SR5 and beyond excluded,31.91623036649215,0.011764705882352941,0.0015459914684718167,0.03543260982314515,324658208.3790815,7440848062.860482,0.0035858823529411766,19.68503937007874,,,False,0.006514076034242407,SR2,12.252041691176473,12.252041691176473,0.0,2795422.24417031,12.252041691176473,0.0,0.006514076034242407,0.002099802616577578,0.006514076034242407,0.004586844433741407,0.0049612961481468034,0.0044407716646924925,0.008108972415433577,0.0013694138064420816,0.0009916774405522735,0.00027564936529498734,0.00030648563855959464,0.00020099203806455456,0.00013243495731444702,0.0,12.0,24.0,36.0,48.0,60.0,72.0,-12.0,-24.0,-36.0,-48.0,-60.0,ok,,3,3,True,18.82,9,11,,22141524.54238725,0.06150423483996459,True
2.0.0,D0485,plain,D,lhs-holdout,3921baad1798760a494c913428d2f3d4da8fc15e,2026-10-10T05:08:26+00:00,200.0,7.5,0.3239,0.008,40.0,0.6478,A,j2,SR5 and beyond excluded,40.487500000000004,0.005,9.91008060013135e-05,0.007939432954152137,20811169.260275833,1667280920.3719487,0.00080975,23.15529484408768,,,False,0.0012224498365321738,SR2,7.537203721153839,7.537203721153839,0.0,126594.57043522237,7.537203721153839,0.0,0.0012224498365321738,0.0008116144375241868,0.0012224498365321738,0.0010799835471190502,0.0011295106378938864,0.0010652374175810356,0.0013143124698592383,0.0007041800108179972,0.0003844304821998313,0.0002698404021223004,0.00026302764902987063,0.0002499147812860369,0.0002532585337741445,0.0,7.5,15.0,22.5,30.0,37.5,45.0,-7.5,-15.0,-22.5,-30.0,-37.5,ok,,3,3,True,2.34,10,11,,49407306.82722802,0.13724251896452228,True
2.0.0,D0486,plain,D,lhs-holdout,3921baad1798760a494c913428d2f3d4da8fc15e,2026-10-10T05:08:28+00:00,120.0,9.0,0.2731,0.0159,120.0,0.5462,A,j2,SR5 and beyond excluded,17.17610062893082,0.008333333333333333,0.00010664155429545872,0.012847480325002391,22394726.40204633,2697970868.250502,0.0011379166666666666,32.95496155254485,,,False,0.0021092368169748853,SR2,9.258164132352945,9.258164132352945,0.0,259655.06700383048,9.258164132352945,0.0,0.0021092368169748853,0.0011549753674294791,0.0021092368169748853,0.001869544382633317,0.0019376613518520412,0.0018460803150111627,0.0023075104767048228,0.0009988497900568648,0.0006213033319501674,0.00048334209458483735,0.0004776522597940502,0.00046645059773782607,0.000468932064250915,0.0,9.0,18.0,27.0,36.0,45.0,54.0,-9.0,-18.0,-27.0,-36.0,-45.0,ok,,3,3,True,2.95,10,11,,91597571.6818061,0.25443769911612807,True
2.0.0,D0487,plain,D,lhs-holdout,3921baad1798760a494c913428d2f3d4da8fc15e,2026-10-10T05:08:31+00:00,200.0,10.5,0.508,0.0191,0.0,1.016,A,j2,SR5 and beyond excluded,26.59685863874346,0.005,0.0008778406805393286,0.029336160783294967,184346542.913259,6160593764.491943,0.00127,20.669291338582678,,,False,0.0014324996661519637,SR2,11.114325934579437,11.114325934579437,0.0,1036157.5858678356,11.114325934579437,0.0,0.0014324996661519637,0.0009588596151370954,0.0014324996661519637,0.0013097703412238608,0.0012808937217015856,0.001388299613684324,0.0015744644526683076,0.0007494672626553382,0.00027982287609175924,9.250966211747603e-05,5.5317197428296604e-05,1.977736067537387e-05,2.9592196471108666e-05,0.0,10.5,21.0,31.5,42.0,52.5,63.0,-10.5,-21.0,-31.5,-42.0,-52.5,ok,,3,3,True,19.69,8,11,,0.0,0.0,True
2.0.0,D0488,plain,D,lhs-holdout,3921baad1798760a494c913428d2f3d4da8fc15e,2026-10-10T05:08:51+00:00,200.0,10.5,0.1683,0.0159,200.0,0.3366,A,j2,SR5 and beyond excluded,10.584905660377359,0.005,2.234156640690647e-05,0.007612581654472642,4691728.945450358,1598642147.4392548,0.00042075,62.3885918003565,,,False,0.00303793955446192,SR2,10.833384108333336,10.160184108333336,0.6732,54376.32917070884,41.701763875000005,0.6732,0.002940762515906661,0.0019053323277496528,0.00303793955446192,0.0029671008849340218,0.002967543159281722,0.0029323560688126384,0.003160592176304716,0.0012473640551735475,0.0012524472508263142,0.001277133820261068,0.001272337794077856,0.00127297350374621,0.0012723914608968785,0.0,10.5,21.0,31.5,42.0,52.5,63.0,-10.5,-21.0,-31.5,-42.0,-52.5,ok,,3,3,True,3.94,11,11,,257643213.43570143,0.7156755928769484,True
2.0.0,D0489,plain,D,lhs-holdout,3921baad1798760a494c913428d2f3d4da8fc15e,2026-10-10T05:08:54+00:00,120.0,12.0,0.508,0.0318,250.0,1.016,A,j2,SR5 and beyond excluded,15.974842767295597,0.008333333333333333,0.0013545266744704578,0.04757364020813482,284450601.63879615,9990464443.708313,0.002116666666666667,23.62204724409449,,,False,0.0035713981905571095,SR2,11.975236220472446,11.975236220472446,0.0,2602708.3109028186,11.975236220472446,0.0,0.0035713981905571095,0.0016334112975421474,0.0035713981905571095,0.0028071317630066267,0.0029734327920130405,0.0027339808952914517,0.00422836513993192,0.0012823570259557053,0.0006746036328293085,0.0003552730374249951,0.0003213378691692325,0.00027807383866075704,0.0002854006705546478,0.0,12.0,24.0,36.0,48.0,60.0,72.0,-12.0,-24.0,-36.0,-48.0,-60.0,ok,,3,3,True,8.92,9,11,,51534053.086414434,0.14315014746226232,True
2.0.0,D0490,plain,D,lhs-holdout,3921baad1798760a494c913428d2f3d4da8fc15e,2026-10-10T05:09:03+00:00,200.0,12.0,0.2731,0.008,80.0,0.5462,A,j2,SR5 and beyond excluded,34.1375,0.005,5.858337318569159e-05,0.006662689699733241,12302508.368995234,1399164836.9439807,0.00068275,43.93994873672647,,,False,0.0017604430555015415,SR2,12.211062214285727,11.118662214285727,1.0924,106365.27479512997,12.211062214285727,1.0924,0.0017488903665293862,0.0011456954939177751,0.0017604430555015415,0.001640663234041859,0.001664030225214686,0.0016202279161529386,0.001880964737748925,0.0008049393079676045,0.0006304033923231961,0.0006290096943146903,0.0006099852165989475,0.0006128366947013902,0.0006115322718815901,0.0,12.0,24.0,36.0,48.0,60.0,72.0,-12.0,-24.0,-36.0,-48.0,-60.0,ok,,3,3,True,3.67,11,11,,117750043.2042349,0.3270834533450969,True
2.0.0,D0491,plain,D,lhs-holdout,3921baad1798760a494c913428d2f3d4da8fc15e,2026-10-10T05:09:07+00:00,70.0,10.5,0.508,0.0318,0.0,1.016,A,j2,SR5 and beyond excluded,15.974842767295597,0.014285714285714285,0.0013545266744704578,0.04757364020813482,284450601.63879615,9990464443.708313,0.0036285714285714285,20.669291338582678,,,False,0.005275996195437921,SR2,11.303630841121489,11.303630841121489,0.0,2963707.3035370084,11.303630841121489,0.0,0.005275996195437921,0.0020334772409812455,0.005275996195437921,0.004156356863152211,0.004012330578905637,0.004042466140412211,0.00594738564646915,0.0013127010468088748,0.000898873704512264,0.00017874847152287606,0.00022611561434978557,9.902454744913089e-05,3.078133639077353e-05,0.0,10.5,21.0,31.5,42.0,52.5,63.0,-10.5,-21.0,-31.5,-42.0,-52.5,ok,,3,3,True,25.8,8,11,,0.0,0.0,True
2.0.0,D0492,plain,D,lhs-holdout,3921baad1798760a494c913428d2f3d4da8fc15e,2026-10-10T05:09:33+00:00,200.0,7.5,0.2191,0.011,250.0,0.4382,A,j2,SR5 and beyond excluded,19.918181818181818,0.005,3.903737256749949e-05,0.007191419743332391,8197848.239174892,1510198146.0998023,0.00054775,34.230944774075766,,,False,0.003796381070932689,SR2,7.70112502884616,7.70112502884616,0.0,47403.16682103771,7.70112502884616,0.0,0.003796381070932689,0.0024801070984011298,0.003796381070932689,0.003696251658042057,0.0036776764067954016,0.0036467468741374458,0.004004597171905518,0.0016836623946353945,0.001652714100390902,0.0016412159651320467,0.0016441476846430995,0.0016429811984290804,0.0016430249205500811,0.0,7.5,15.0,22.5,30.0,37.5,45.0,-7.5,-15.0,-22.5,-30.0,-37.5,ok,,3,3,True,2.97,10,11,,340914949.69030106,0.9469859713619474,True
2.0.0,D0493,plain,D,lhs-holdout,3921baad1798760a494c913428d2f3d4da8fc15e,2026-10-10T05:09:36+00:00,150.0,7.5,0.508,0.021,120.0,1.016,A,j2,SR5 and beyond excluded,24.19047619047619,0.006666666666666667,0.0009542734829624907,0.032129068068262816,200397431.42212304,6747104294.335192,0.0016933333333333334,14.763779527559056,,,False,0.0020001997717529873,SR2,8.010340909090914,5.978340909090914,2.032,1392663.4905764507,8.010340909090914,2.032,0.0019847010282371827,0.001393379726998074,0.0020001997717529873,0.0019080871440066809,0.0019625367154383414,0.0019905408631769356,0.0024884744537956647,0.0011341188653595728,0.0006499296816874147,0.0002855650621382433,0.00032644210762891644,0.0002377564258128506,0.00019465967002402015,0.0,7.5,15.0,22.5,30.0,37.5,45.0,-7.5,-15.0,-22.5,-30.0,-37.5,ok,,3,3,True,2.3,8,11,,36627206.16420382,0.10174223934501062,True
2.0.0,D0494,plain,D,lhs-holdout,3921baad1798760a494c913428d2f3d4da8fc15e,2026-10-10T05:09:38+00:00,60.0,10.5,0.508,0.0159,40.0,1.016,A,j2,SR5 and beyond excluded,31.949685534591193,0.016666666666666666,0.0007448524635677762,0.024581046142821444,156419017.349233,5162019689.992503,0.004233333333333334,20.669291338582678,,,False,0.007463382970651424,SR2,10.538023831775703,10.538023831775703,0.0,1642808.345880379,10.538023831775703,0.0,0.007463382970651424,0.002294779985757537,0.007463382970651424,0.005382842699739076,0.005823772932924554,0.005125741679391782,0.009398893442203522,0.0013707041394547502,0.0011442010302342527,0.0002997305027973748,0.0003781174793041955,0.0001952995208054122,0.0001174060300602031,0.0,10.5,21.0,31.5,42.0,52.5,63.0,-10.5,-21.0,-31.5,-42.0,-52.5,ok,,3,3,True,19.06,9,11,,15958067.761674818,0.04432796600465227,True
2.0.0,D0495,plain,D,lhs-holdout,3921baad1798760a494c913428d2f3d4da8fc15e,2026-10-10T05:09:57+00:00,70.0,10.5,0.3239,0.011,0.0,0.6478,A,j2,SR5 and beyond excluded,29.44545454545455,0.014285714285714285,0.00013249688319615481,0.010813047754390724,27824345.471192513,2270740028.422052,0.0023135714285714287,32.41741278172275,,,False,0.0030084113343186963,SR2,11.057737523584912,10.409937523584912,0.6478,401056.83442446555,11.057737523584912,0.6478,0.003008150856825796,0.0015947902710915667,0.0030084113343186963,0.0023835855911700315,0.002428466637937531,0.002428216504435652,0.00348116645666414,0.0011774999820370353,0.0005120401944492994,0.00015012681252840756,9.807722870247093e-05,3.3935093107327146e-05,4.914927853578454e-05,0.0,10.5,21.0,31.5,42.0,52.5,63.0,-10.5,-21.0,-31.5,-42.0,-52.5,ok,,3,3,True,22.41,9,11,,0.0,0.0,True
2.0.0,D0496,plain,D,lhs-holdout,3921baad1798760a494c913428d2f3d4da8fc15e,2026-10-10T05:10:20+00:00,85.0,12.0,0.4064,0.0159,80.0,0.8128,A,j2,SR5 and beyond excluded,25.559748427672954,0.011764705882352941,0.00037242560769829995,0.01950599170650634,78209377.616643,4096258258.3663316,0.0023905882352941174,29.52755905511811,,,False,0.0045286027944374035,SR2,12.203206299212603,12.203206299212603,0.0,952447.5378752388,12.203206299212603,0.0,0.0045286027944374035,0.0016829240818879796,0.0045286027944374035,0.0034917636001314638,0.0036546084432113146,0.003427789598081626,0.005470790533454166,0.0012486549521307194,0.0006762513479955591,0.00031925077039072515,0.0002691321087457548,0.0002313313555607751,0.00023979524389571577,0.0,12.0,24.0,36.0,48.0,60.0,72.0,-12.0,-24.0,-36.0,-48.0,-60.0,ok,,3,3,True,13.35,9,11,,40220051.96169107,0.11172236656025296,True
2.0.0,D0497,plain,D,lhs-holdout,3921baad1798760a494c913428d2f3d4da8fc15e,2026-10-10T05:10:33+00:00,150.0,10.5,0.6096,0.0318,120.0,1.2192,A,j2,SR5 and beyond excluded,19.169811320754718,0.006666666666666667,0.0024162012662601526,0.05772374908076498,507402265.914632,12121987306.960646,0.002032,17.224409448818896,,,False,0.0024338438674460254,SR2,10.991749532710287,10.991749532710287,0.0,3539404.1784229362,10.991749532710287,0.0,0.0024338438674460254,0.0015060196721146668,0.0024338438674460254,0.002181768239042841,0.002277637514308961,0.0022522390312668837,0.0031094901872032593,0.001208540730471289,0.0006233097331908677,0.00021712164457024372,0.00021928207648161185,0.00015100373344182992,0.00011017489364391758,0.0,10.5,21.0,31.5,42.0,52.5,63.0,-10.5,-21.0,-31.5,-42.0,-52.5,ok,,3,3,True,8.47,8,11,,20386721.56157887,0.05662978211549686,True
2.0.0,D0498,plain,D,lhs-holdout,3921baad1798760a494c913428d2f3d4da8fc15e,2026-10-10T05:10:41+00:00,85.0,9.0,0.4064,0.0254,40.0,0.8128,A,j2,SR5 and beyond excluded,16.0,0.011764705882352941,0.000554108038278648,0.030402448745849874,116362688.03851609,6384514236.628473,0.0023905882352941174,22.145669291338585,,,False,0.0031722599076774386,SR2,9.446919069767443,9.446919069767443,0.0,1371325.6552873594,9.446919069767443,0.0,0.0031722599076774386,0.001575114695111202,0.0031722599076774386,0.0025193623283488067,0.002660950693890813,0.002524821063678709,0.003825931261073625,0.0012387668487897304,0.0005887824789336348,0.00018411572600276953,0.00018507254400994727,0.00011683207667548376,7.555855104680702e-05,0.0,9.0,18.0,27.0,36.0,45.0,54.0,-9.0,-18.0,-27.0,-36.0,-45.0,ok,,3,3,True,13.57,8,11,,12902447.538984727,0.035840132052735355,True
2.0.0,D0499,plain,D,lhs-holdout,3921baad1798760a494c913428d2f3d4da8fc15e,2026-10-10T05:10:55+00:00,250.0,6.0,0.508,0.0254,200.0,1.016,A,j2,SR5 and beyond excluded,20.0,0.004,0.0011242345390208087,0.03850976841140984,236089253.19436982,8087051366.396067,0.001016,11.811023622047244,,,False,0.0013077347763565238,SR2,6.3796100869565215,4.3476100869565215,2.032,986859.3177622606,6.3796100869565215,2.032,0.0013017046704883494,0.000978687090594687,0.0013077347763565238,0.001275947312989122,0.0012934016863407458,0.001334160540680591,0.0015235034486829528,0.0008237802889167123,0.0005140181582679402,0.0003114633064847525,0.00033189284839019216,0.00027844014092112717,0.00025412358622205384,0.0,6.0,12.0,18.0,24.0,30.0,36.0,-6.0,-12.0,-18.0,-24.0,-30.0,ok,,3,3,True,1.87,8,11,,50930713.96967655,0.14147420547132375,True
2.0.0,D0500,plain,D,lhs-holdout,3921baad1798760a494c913428d2f3d4da8fc15e,2026-10-10T05:10:57+00:00,60.0,12.0,0.4064,0.011,120.0,0.8128,A,j2,SR5 and beyond excluded,36.945454545454545,0.016666666666666666,0.00026723821197587353,0.013664043087523456,56120024.514933445,2869449048.3799257,0.0033866666666666667,29.52755905511811,,,False,0.010991757180146645,SR2,12.304592125984264,12.304592125984264,0.0,749310.3018083699,12.304592125984264,0.0,0.010991757180146645,0.002715899511629971,0.010991757180146645,0.009524833101435485,0.00943583958936071,0.009393792598885186,0.013852237363455335,0.001382558011876717,0.0010881431755682255,0.0005221457780524391,0.0005141580116508271,0.00047123035337205086,0.0004477391942261875,0.0,12.0,24.0,36.0,48.0,60.0,72.0,-12.0,-24.0,-36.0,-48.0,-60.0,ok,,4,4,True,15.82,9,11,,86123703.83071509,0.23923251064087525,True
2.0.0,D0501,plain,D,lhs-holdout,3921baad1798760a494c913428d2f3d4da8fc15e,2026-10-10T05:11:13+00:00,105.0,12.0,0.1683,0.008,40.0,0.3366,A,j2,SR5 and beyond excluded,21.0375,0.009523809523809525,1.2972711832819855e-05,0.004028778418963555,2724269.4848921695,846043467.9823465,0.0008014285714285714,71.301247771836,,,False,0.0025285812557247593,SR2,12.15565206857142,11.81905206857142,0.3366,56279.65491469804,12.15565206857142,0.3366,0.0024629413203365504,0.0013725007284826265,0.0025285812557247593,0.0022974046853700084,0.002309325844598851,0.00226852309767585,0.0027720741995846646,0.0006360020452507795,0.0005237997506441232,0.0005534325909666271,0.0005377625228895762,0.0005398673935376418,0.0005393488110414334,0.0,12.0,24.0,36.0,48.0,60.0,72.0,-12.0,-24.0,-36.0,-48.0,-60.0,ok,,3,3,True,4.97,11,11,,97365990.18541071,0.2704610838483631,True
2.0.0,D0502,plain,D,lhs-holdout,3921baad1798760a494c913428d2f3d4da8fc15e,2026-10-10T05:11:18+00:00,200.0,10.5,0.4064,0.008,160.0,0.8128,A,j2,SR5 and beyond excluded,50.8,0.005,0.0001987389278493023,0.010012884105521414,41735174.84835348,2102705662.159497,0.001016,25.836614173228348,,,False,0.0024253797509601483,SR2,10.93426164150943,10.12146164150943,0.8128,279957.9077563081,10.93426164150943,0.8128,0.0024011911213499383,0.0013882135420441582,0.0024253797509601483,0.002102128020208381,0.0021538900131051484,0.0020673942706428854,0.0026617790972338707,0.0012089334998277611,0.0009207445964244962,0.0007875923649938001,0.0007838721025043069,0.0007723656992923295,0.0007746821144959863,0.0,10.5,21.0,31.5,42.0,52.5,63.0,-10.5,-21.0,-31.5,-42.0,-52.5,ok,,3,3,True,3.78,10,11,,156704500.2682863,0.4352902785230175,True
2.0.0,D0503,plain,D,lhs-holdout,3921baad1798760a494c913428d2f3d4da8fc15e,2026-10-10T05:11:21+00:00,150.0,6.0,0.4064,0.021,250.0,0.8128,A,j2,SR5 and beyond excluded,19.35238095238095,0.006666666666666667,0.00047348021490912356,0.025426165982563635,99430845.13091595,5339494856.338364,0.0013546666666666666,14.763779527559056,,,False,0.002113859430110092,SR2,6.643313777777785,5.830513777777785,0.8128,761914.8466060391,6.643313777777785,0.8128,0.00210846365177035,0.0013577769733793485,0.002113859430110092,0.0018471864531890145,0.0019547796055031036,0.0018687440631282807,0.0023252657590252432,0.0011951967775236053,0.000734678873493926,0.0005092051656612398,0.0005128805203255059,0.00048258246035657676,0.00046543321957349964,0.0,6.0,12.0,18.0,24.0,30.0,36.0,-6.0,-12.0,-18.0,-24.0,-30.0,ok,,3,3,True,2.15,8,11,,96422815.0512847,0.2678411529202353,True
2.0.0,D0504,plain,D,lhs-holdout,3921baad1798760a494c913428d2f3d4da8fc15e,2026-10-10T05:11:24+00:00,60.0,14.0,0.6096,0.0191,0.0,1.2192,A,j2,SR5 and beyond excluded,31.91623036649215,0.016666666666666666,0.0015459914684718167,0.03543260982314515,324658208.3790815,7440848062.860482,0.00508,22.96587926509186,,,False,0.008048696400208107,SR2,14.666329806451607,14.666329806451607,0.0,2872265.5278795664,14.666329806451607,0.0,0.008048696400208107,0.002600118162314125,0.008048696400208107,0.0054571838852843415,0.0058696259587818255,0.005644512840167593,0.011666737686314042,0.0012464117727422677,0.0012615537256765385,0.00025865957753404837,0.0003291073600305838,0.0001495228842015445,4.4911093235727004e-05,0.0,14.0,28.0,42.0,56.0,70.0,84.0,-14.0,-28.0,-42.0,-56.0,-70.0,ok,,3,3,True,37.7,9,11,,0.0,0.0,True
2.0.0,D0505,plain,D,lhs-holdout,3921baad1798760a494c913428d2f3d4da8fc15e,2026-10-10T05:12:01+00:00,105.0,10.5,0.3239,0.0318,160.0,0.6478,A,j2,SR5 and beyond excluded,10.185534591194969,0.009523809523809525,0.0003149188559069631,0.0291815630088118,66132959.74046225,6128128231.850478,0.0015423809523809524,32.41741278172275,,,False,0.0024281349087855925,SR2,10.978639481132067,10.330839481132067,0.6478,811079.6294614852,10.978639481132067,0.6478,0.00240759706126069,0.001289563320797323,0.0024281349087855925,0.0021004594798958156,0.002184115831665704,0.0020630911128682577,0.00278346270023364,0.0010680635219041052,0.0005337977227482811,0.0003228007022793264,0.00031508085481066737,0.0002970983123596321,0.0003015988847461078,0.0,10.5,21.0,31.5,42.0,52.5,63.0,-10.5,-21.0,-31.5,-42.0,-52.5,ok,,3,3,True,4.38,10,11,,53769018.456146374,0.1493583846004066,True
2.0.0,D0506,plain,D,lhs-holdout,3921baad1798760a494c913428d2f3d4da8fc15e,2026-10-10T05:12:06+00:00,120.0,9.0,0.4064,0.0254,250.0,0.8128,A,j2,SR5 and beyond excluded,16.0,0.008333333333333333,0.000554108038278648,0.030402448745849874,116362688.03851609,6384514236.628473,0.0016933333333333334,22.145669291338585,,,False,0.002863657966494222,SR2,9.392167674418602,9.392167674418602,0.0,1149022.012130545,9.392167674418602,0.0,0.002863657966494222,0.0014447204325924716,0.002863657966494222,0.0023020250917721056,0.0024261184156829417,0.002274529911043197,0.003257659392393789,0.0012392091464188185,0.0006767431730386609,0.00045576404233553536,0.00043379173336858027,0.00040798212551116254,0.0004071980858637293,0.0,9.0,18.0,27.0,36.0,45.0,54.0,-9.0,-18.0,-27.0,-36.0,-45.0,ok,,3,3,True,4.2,9,11,,80640297.11865455,0.22400082532959598,True
2.0.0,D0507,plain,D,lhs-holdout,3921baad1798760a494c913428d2f3d4da8fc15e,2026-10-10T05:12:10+00:00,60.0,9.0,0.2191,0.0127,250.0,0.4382,A,j2,SR5 and beyond excluded,17.251968503937007,0.016666666666666666,4.4018358973964884e-05,0.008234993991001853,9243855.384532625,1729348738.1103892,0.0018258333333333332,41.07713372889092,,,False,0.020209657676646862,SR4,27.3708605,27.3708605,0.0,141148.21188312344,27.3708605,0.0,0.020209657676646862,0.010691684857077504,0.0187579235368851,0.01966827748308379,0.020209657676646862,0.02039688942616611,0.020345834837674097,0.004638041022788058,0.006707942085213053,0.006659330309634369,0.0067025194553877185,0.006695674841289659,0.006693635782143942,0.0,9.0,18.0,27.0,36.0,45.0,54.0,-9.0,-18.0,-27.0,-36.0,-45.0,ok,,3,3,True,19.49,9,11,,297712724.827591,0.8269797911877528,True
2.0.0,D0508,plain,D,lhs-holdout,3921baad1798760a494c913428d2f3d4da8fc15e,2026-10-10T05:12:29+00:00,105.0,6.0,0.2731,0.0127,40.0,0.5462,A,j2,SR5 and beyond excluded,21.50393700787402,0.009523809523809525,8.827106008271012e-05,0.01038949823283374,18536922.617369127,2181794628.8950853,0.0013004761904761904,21.969974368363236,,,False,0.0017340180344545405,SR2,6.34255485714286,5.25015485714286,1.0924,210303.49000369423,6.34255485714286,1.0924,0.001733865749596648,0.0011127425560564818,0.0017340180344545405,0.0015049919392274439,0.0015852994192114235,0.0015362555154816216,0.0018909292255270005,0.0009680920229028512,0.00043610167313988844,0.00023252299961877248,0.00022441544080092435,0.00019587371946223285,0.0001908425335093501,0.0,6.0,12.0,18.0,24.0,30.0,36.0,-6.0,-12.0,-18.0,-24.0,-30.0,ok,,3,3,True,2.18,9,11,,37756010.079517506,0.10487780577643752,True
2.0.0,D0509,plain,D,lhs-holdout,3921baad1798760a494c913428d2f3d4da8fc15e,2026-10-10T05:12:32+00:00,150.0,10.5,0.2731,0.0191,160.0,0.5462,A,j2,SR5 and beyond excluded,14.29842931937173,0.006666666666666667,0.00012360704744662624,0.015241122599625529,25957479.963791512,3200635745.921361,0.0009103333333333334,38.44745514463566,,,False,0.001966600986737446,SR2,10.910714485849068,10.364514485849067,0.5462,268212.37121018005,10.910714485849068,0.5462,0.0019495021571090665,0.0011561410076740483,0.001966600986737446,0.0017776889872463605,0.0018217098827218255,0.0017498399126142624,0.0021038647376781555,0.0008650837278900048,0.000617105956526331,0.0005403870218959092,0.0005360109617026761,0.0005338959497565632,0.000533838262583148,0.0,10.5,21.0,31.5,42.0,52.5,63.0,-10.5,-21.0,-31.5,-42.0,-52.5,ok,,3,3,True,3.72,10,11,,102949371.98645404,0.2859704777401501,True
2.0.0,D0510,plain,D,lhs-holdout,3921baad1798760a494c913428d2f3d4da8fc15e,2026-10-10T05:12:35+00:00,120.0,7.5,0.3239,0.011,250.0,0.6478,A,j2,SR5 and beyond excluded,29.44545454545455,0.008333333333333333,0.00013249688319615481,0.010813047754390724,27824345.471192513,2270740028.422052,0.0013495833333333335,23.15529484408768,,,False,0.004076217577437085,SR2,7.578246201923076,7.578246201923076,0.0,250249.1037846526,7.578246201923076,0.0,0.004076217577437085,0.001933863404790518,0.004076217577437085,0.003701500806178647,0.003761000870160381,0.003641211168217153,0.004529590134308428,0.001527845942415821,0.0013256889513514913,0.0011202410057712308,0.001113492099053038,0.0010989881985333685,0.0010951997681635853,0.0,7.5,15.0,22.5,30.0,37.5,45.0,-7.5,-15.0,-22.5,-30.0,-37.5,ok,,3,3,True,3.65,9,11,,226731866.5086338,0.6298107403017605,True
2.0.0,D0511,plain,D,lhs-holdout,3921baad1798760a494c913428d2f3d4da8fc15e,2026-10-10T05:12:39+00:00,105.0,14.0,0.2731,0.0191,40.0,0.5462,A,j2,SR5 and beyond excluded,14.29842931937173,0.009523809523809525,0.00012360704744662624,0.015241122599625529,25957479.963791512,3200635745.921361,0.0013004761904761904,51.26327352618088,,,False,0.001993345065040139,SR2,14.261860522875807,14.261860522875807,0.0,344007.4663702309,14.261860522875807,0.0,0.001993345065040139,0.0010167301731060414,0.001993345065040139,0.0017391982149181583,0.0017984936396076478,0.0016835508949793042,0.0021909958291388997,0.0008016052413611755,0.00030020933486469626,0.00025025203069683187,0.0002063730050035922,0.00021526264133146864,0.00021221267229981595,0.0,14.0,28.0,42.0,56.0,70.0,84.0,-14.0,-28.0,-42.0,-56.0,-70.0,ok,,3,3,True,14.31,10,11,,25737342.99661351,0.07149261943503753,True
2.0.0,D0512,plain,D,lhs-holdout,3921baad1798760a494c913428d2f3d4da8fc15e,2026-10-10T05:12:53+00:00,85.0,10.5,0.6096,0.011,160.0,1.2192,A,j2,SR5 and beyond excluded,55.41818181818182,0.011764705882352941,0.0009268497527332657,0.02068613098682734,194638448.0739858,4344087507.233741,0.0035858823529411766,17.224409448818896,,,False,0.007737698007362435,SR2,10.937385838779946,10.632585838779946,0.3048,1635353.017999475,10.937385838779946,0.3048,0.007736384222088827,0.0023235365769990616,0.007737698007362435,0.005936708540305702,0.0062195443549228815,0.005802103315827442,0.009675413145043544,0.0016094569310858076,0.001193207113308344,0.0005089221232978626,0.0005787684979949568,0.0004524313878338766,0.0003905652084993057,0.0,10.5,21.0,31.5,42.0,52.5,63.0,-10.5,-21.0,-31.5,-42.0,-52.5,ok,,5,5,True,17.84,9,11,,75851013.46400444,0.21069725962223457,True
2.0.0,D0513,plain,D,lhs-holdout,3921baad1798760a494c913428d2f3d4da8fc15e,2026-10-10T05:13:11+00:00,150.0,14.0,0.3239,0.0254,200.0,0.6478,A,j2,SR5 and beyond excluded,12.75196850393701,0.006666666666666667,0.00026721440230657336,0.02381924134025246,56115024.4843804,5002040681.453016,0.0010796666666666667,43.223217042297,,,False,0.0022442023567246904,SR2,14.122349398692805,14.122349398692805,0.0,598135.8656749366,14.122349398692805,0.0,0.0022442023567246904,0.0012378621121772219,0.0022442023567246904,0.002033981233428442,0.0020828313150885293,0.001987446999694696,0.0024770312788463516,0.0008304592612088221,0.0005310214672367114,0.000479217767038913,0.00046234707441842487,0.00046498929980035204,0.0004637272805155221,0.0,14.0,28.0,42.0,56.0,70.0,84.0,-14.0,-28.0,-42.0,-56.0,-70.0,ok,,3,3,True,4.83,10,11,,82342253.13824424,0.22872848093956732,True
2.0.0,D0514,plain,D,lhs-holdout,3921baad1798760a494c913428d2f3d4da8fc15e,2026-10-10T05:13:16+00:00,70.0,7.5,0.3239,0.0127,80.0,0.6478,A,j2,SR5 and beyond excluded,25.50393700787402,0.014285714285714285,0.00015055842404539306,0.012416328149223721,31617269.04953254,2607428911.3369813,0.0023135714285714287,23.15529484408768,,,False,0.004162861624489016,SR2,7.651536346153845,7.651536346153845,0.0,458900.72837598436,7.651536346153845,0.0,0.004162861624489016,0.0017179504752580553,0.004162861624489016,0.0032886037447579395,0.0034787857767079777,0.0032147080618947594,0.004712910092159333,0.001314878728277882,0.000790514407887729,0.00038230040380838107,0.00038371366885447223,0.0003401824603525691,0.0003126087056890065,0.0,7.5,15.0,22.5,30.0,37.5,45.0,-7.5,-15.0,-22.5,-30.0,-37.5,ok,,3,3,True,5.24,9,11,,63185507.87086354,0.17551529964128762,True
2.0.0,D0515,plain,D,lhs-holdout,3921baad1798760a494c913428d2f3d4da8fc15e,2026-10-10T05:13:21+00:00,60.0,6.0,0.3239,0.0318,120.0,0.6478,A,j2,SR5 and beyond excluded,10.185534591194969,0.016666666666666666,0.0003149188559069631,0.0291815630088118,66132959.74046225,6128128231.850478,0.002699166666666667,18.524235875270143,,,False,0.004204572981367481,SR2,6.054426111111113,6.054426111111113,0.0,1038095.7687481539,6.054426111111113,0.0,0.004204572981367481,0.0018314736423956186,0.004204572981367481,0.003139728836854453,0.0034838767321738987,0.0031731427911324836,0.004709539540688208,0.0014029137415925781,0.0007871656583895592,0.00029320235273392096,0.0003465619312404014,0.00025786028323901303,0.00021102804701192553,0.0,6.0,12.0,18.0,24.0,30.0,36.0,-6.0,-12.0,-18.0,-24.0,-30.0,ok,,3,3,True,3.87,9,11,,40326763.842109784,0.11201878845030495,True
2.0.0,D0516,plain,D,lhs-holdout,3921baad1798760a494c913428d2f3d4da8fc15e,2026-10-10T05:13:25+00:00,120.0,10.5,0.6096,0.0318,0.0,1.2192,A,j2,SR5 and beyond excluded,19.169811320754718,0.008333333333333333,0.0024162012662601526,0.05772374908076498,507402265.914632,12121987306.960646,0.00254,17.224409448818896,,,False,0.0027260984191044627,SR2,11.028842990654205,11.028842990654205,0.0,3852122.776943236,11.028842990654205,0.0,0.0027260984191044627,0.001701467546588056,0.0027260984191044627,0.0025876056608012637,0.0026221803988368824,0.0027938330287086166,0.003646326613864102,0.001210311127648552,0.0007881069343730805,0.00020324254237711297,0.0002659396818804766,0.00010699452765161348,3.69311602884634e-05,0.0,10.5,21.0,31.5,42.0,52.5,63.0,-10.5,-21.0,-31.5,-42.0,-52.5,ok,,3,3,True,21.25,7,11,,0.0,0.0,True
2.0.0,D0517,plain,D,lhs-holdout,3921baad1798760a494c913428d2f3d4da8fc15e,2026-10-10T05:13:46+00:00,150.0,9.0,0.2191,0.011,40.0,0.4382,A,j2,SR5 and beyond excluded,19.918181818181818,0.006666666666666667,3.903737256749949e-05,0.007191419743332391,8197848.239174892,1510198146.0998023,0.0007303333333333333,41.07713372889092,,,False,0.0012897392556585258,SR2,9.319835070588248,9.319835070588248,0.0,76633.56250820246,9.319835070588248,0.0,0.0012897392556585258,0.0007474688793551961,0.0012897392556585258,0.0011693217490237736,0.0012056425307787606,0.0011465624740429371,0.0013839744626557425,0.0005972546387232561,0.0003485006469142576,0.0003064342975555005,0.0002968256234217325,0.00029804976555006365,0.0002970443744442544,0.0,9.0,18.0,27.0,36.0,45.0,54.0,-9.0,-18.0,-27.0,-36.0,-45.0,ok,,3,3,True,2.91,10,11,,54546391.95044817,0.15151775541791157,True
2.0.0,D0518,plain,D,lhs-holdout,3921baad1798760a494c913428d2f3d4da8fc15e,2026-10-10T05:13:49+00:00,150.0,6.0,0.2731,0.021,200.0,0.5462,A,j2,SR5 and beyond excluded,13.004761904761905,0.006666666666666667,0.0001330457027830812,0.016631905667369735,27939597.584447052,3492700190.1476445,0.0009103333333333334,21.969974368363236,,,False,0.0017339186605434009,SR2,6.028094000000003,6.028094000000003,0.0,238018.91894854448,6.028094000000003,0.0,0.0017339186605434009,0.0011771268794733346,0.0017339186605434009,0.0015767296633907202,0.0016319426043236726,0.001555735853282478,0.0018438183577533219,0.0010662534038155225,0.0007287065044114611,0.0006043824198886731,0.0005868228913421141,0.0005717322575204555,0.0005751078644305043,0.0,6.0,12.0,18.0,24.0,30.0,36.0,-6.0,-12.0,-18.0,-24.0,-30.0,ok,,3,3,True,1.84,10,11,,117925753.02107134,0.32757153616964263,True
2.0.0,D0519,plain,D,lhs-holdout,3921baad1798760a494c913428d2f3d4da8fc15e,2026-10-10T05:13:51+00:00,250.0,14.0,0.4064,0.0127,80.0,0.8128,A,j2,SR5 and beyond excluded,32.0,0.004,0.00030465726249162664,0.015707931852022416,63978025.123241596,3298665688.9247074,0.0008127999999999999,34.4488188976378,,,False,0.0013438111786566343,SR2,14.285355387013,12.659755387013,1.6256,346367.77566101914,14.285355387013,1.6256,0.001343503338839661,0.0008075528176824282,0.0013438111786566343,0.0012093830170629596,0.0012527805953851821,0.0011797707860587588,0.0014521241790835947,0.0006326600108010786,0.0003325136158193104,0.0003173880754957753,0.0002883568658321373,0.00029449832487397134,0.0002915526197313812,0.0,14.0,28.0,42.0,56.0,70.0,84.0,-14.0,-28.0,-42.0,-56.0,-70.0,ok,,3,3,True,3.98,11,11,,49944958.215424806,0.13873599504284667,True
2.0.0,D0520,plain,D,lhs-holdout,3921baad1798760a494c913428d2f3d4da8fc15e,2026-10-10T05:13:55+00:00,105.0,9.0,0.6096,0.0191,0.0,1.2192,A,j2,SR5 and beyond excluded,31.91623036649215,0.009523809523809525,0.0015459914684718167,0.03543260982314515,324658208.3790815,7440848062.860482,0.002902857142857143,14.763779527559054,,,False,0.00317309495583197,SR2,9.4420156321839,9.4420156321839,0.0,2530620.965203685,9.4420156321839,0.0,0.00317309495583197,0.0018307056657797596,0.00317309495583197,0.0029829997192141596,0.0030225004853315167,0.003318084030936354,0.00423662786541967,0.0012116810111650932,0.0009143130134099837,0.0002389572953379961,0.00040168485528605826,0.00015258403596635778,5.678331393308604e-05,0.0,9.0,18.0,27.0,36.0,45.0,54.0,-9.0,-18.0,-27.0,-36.0,-45.0,ok,,3,3,True,16.13,7,11,,0.0,0.0,True
2.0.0,D0521,plain,D,lhs-holdout,3921baad1798760a494c913428d2f3d4da8fc15e,2026-10-10T05:14:11+00:00,105.0,7.5,0.2731,0.021,160.0,0.5462,A,j2,SR5 and beyond excluded,13.004761904761905,0.009523809523809525,0.0001330457027830812,0.016631905667369735,27939597.584447052,3492700190.1476445,0.0013004761904761904,27.462467960454045,,,False,0.002266177859114243,SR2,7.669299615384617,7.669299615384617,0.0,345544.9670858348,7.669299615384617,0.0,0.002266177859114243,0.0013009163473904483,0.002266177859114243,0.002004849249394147,0.0020752110580591863,0.0019706554603902623,0.002536344145094015,0.0011164556041690778,0.0006727242286650747,0.0005053849177556742,0.0004886253090635631,0.00046821542333180496,0.00047299125724832477,0.0,7.5,15.0,22.5,30.0,37.5,45.0,-7.5,-15.0,-22.5,-30.0,-37.5,ok,,3,3,True,2.65,10,11,,94340602.41685706,0.2620572289357141,True
2.0.0,D0522,plain,D,lhs-holdout,3921baad1798760a494c913428d2f3d4da8fc15e,2026-10-10T05:14:14+00:00,250.0,10.5,0.4064,0.011,80.0,0.8128,A,j2,SR5 and beyond excluded,36.945454545454545,0.004,0.00026723821197587353,0.013664043087523456,56120024.514933445,2869449048.3799257,0.0008127999999999999,25.836614173228348,,,False,0.0013098201638992255,SR2,10.915265856603787,9.289665856603786,1.6256,285312.03200586035,10.915265856603787,1.6256,0.0013096113501322672,0.0008613331121381101,0.0013098201638992255,0.001165105368448239,0.0012126276430840409,0.0011377189909387128,0.001407787931987339,0.000716408209426618,0.00041149172720409354,0.0003163711366316041,0.0003077986476427215,0.0003015235962646987,0.0003026600402670148,0.0,10.5,21.0,31.5,42.0,52.5,63.0,-10.5,-21.0,-31.5,-42.0,-52.5,ok,,3,3,True,3.58,10,11,,57415802.55381006,0.15948834042725016,True
2.0.0,D0523,plain,D,lhs-holdout,3921baad1798760a494c913428d2f3d4da8fc15e,2026-10-10T05:14:17+00:00,120.0,7.5,0.1683,0.008,40.0,0.3366,A,j2,SR5 and beyond excluded,21.0375,0.008333333333333333,1.2972711832819855e-05,0.004028778418963555,2724269.4848921695,846043467.9823465,0.00070125,44.563279857397504,,,False,0.001572033530170905,SR2,7.481442333984374,7.481442333984374,0.0,35711.677474796415,7.481442333984374,0.0,0.001572033530170905,0.0009736159023393992,0.001572033530170905,0.0014634882243297989,0.0014899917644823585,0.0014486679037614002,0.001663545141775166,0.0007411453526619829,0.0005457556710169891,0.000499924185303643,0.0004948204137740763,0.0004940252225436941,0.0004931949237062048,0.0,7.5,15.0,22.5,30.0,37.5,45.0,-7.5,-15.0,-22.5,-30.0,-37.5,ok,,3,3,True,2.54,10,11,,97365990.18541071,0.2704610838483631,True
2.0.0,D0524,plain,D,lhs-holdout,3921baad1798760a494c913428d2f3d4da8fc15e,2026-10-10T05:14:20+00:00,200.0,6.0,0.2191,0.0159,120.0,0.4382,A,j2,SR5 and beyond excluded,13.779874213836477,0.005,5.2708310050139945e-05,0.010150108872630187,11068745.11052939,2131522863.2523391,0.00054775,27.38475581926061,,,False,0.001289242463159394,SR2,6.213576215909091,5.775376215909091,0.4382,73929.13923135883,6.213576215909091,0.4382,0.0012829822949315564,0.0009109966722277887,0.001289242463159394,0.001205106755192858,0.0012343682404649143,0.0011958471174356746,0.0013559322685783148,0.0008038301551679248,0.0006347994748801051,0.0005761560960533182,0.0005700833913864547,0.0005661188176253847,0.000566639145112126,0.0,6.0,12.0,18.0,24.0,30.0,36.0,-6.0,-12.0,-18.0,-24.0,-30.0,ok,,3,3,True,1.97,10,11,,115939446.04606567,0.32205401679462686,True
