case_id,family,design,R,spacing,OD,t_wall,tension_mt,L_OD,t_ratio,L_comp,n_positions,n_converged,envelope_strain,envelope_shift,envelope_s_station,envelope_position,start_strain,zone_s_max,n_active,n_slots,eps_VR5_env,eps_VR4_env,eps_VR3_env,eps_VR2_env,eps_VR1_env,eps_SR1_env,eps_SR2_env,eps_SR3_env,eps_SR4_env,eps_SR5_env,eps_SR6_env,eps_SR7_env,stiffness_ratio,n_junctions,body_peak_strain,body_peak_moment,body_peak_s,j0_at_pipe_strain,j0_at_pipe_moment,j0_at_pipe_s,j0_at_pipe_clamped,j0_at_component_strain,j0_at_component_moment,j0_at_component_s,j0_at_component_clamped,j0_m6OD_strain,j0_m6OD_moment,j0_m6OD_s,j0_m6OD_clamped,j0_m4OD_strain,j0_m4OD_moment,j0_m4OD_s,j0_m4OD_clamped,j0_m2OD_strain,j0_m2OD_moment,j0_m2OD_s,j0_m2OD_clamped,j0_p2OD_strain,j0_p2OD_moment,j0_p2OD_s,j0_p2OD_clamped,j0_p4OD_strain,j0_p4OD_moment,j0_p4OD_s,j0_p4OD_clamped,j0_p6OD_strain,j0_p6OD_moment,j0_p6OD_s,j0_p6OD_clamped,j1_at_component_strain,j1_at_component_moment,j1_at_component_s,j1_at_component_clamped,j1_at_pipe_strain,j1_at_pipe_moment,j1_at_pipe_s,j1_at_pipe_clamped,j1_m6OD_strain,j1_m6OD_moment,j1_m6OD_s,j1_m6OD_clamped,j1_m4OD_strain,j1_m4OD_moment,j1_m4OD_s,j1_m4OD_clamped,j1_m2OD_strain,j1_m2OD_moment,j1_m2OD_s,j1_m2OD_clamped,j1_p2OD_strain,j1_p2OD_moment,j1_p2OD_s,j1_p2OD_clamped,j1_p4OD_strain,j1_p4OD_moment,j1_p4OD_s,j1_p4OD_clamped,j1_p6OD_strain,j1_p6OD_moment,j1_p6OD_s,j1_p6OD_clamped,body_peak_strain_env,body_peak_moment_env,j0_at_pipe_strain_env,j0_at_pipe_moment_env,j0_at_component_strain_env,j0_at_component_moment_env,j0_m6OD_strain_env,j0_m6OD_moment_env,j0_m4OD_strain_env,j0_m4OD_moment_env,j0_m2OD_strain_env,j0_m2OD_moment_env,j0_p2OD_strain_env,j0_p2OD_moment_env,j0_p4OD_strain_env,j0_p4OD_moment_env,j0_p6OD_strain_env,j0_p6OD_moment_env,j1_at_component_strain_env,j1_at_component_moment_env,j1_at_pipe_strain_env,j1_at_pipe_moment_env,j1_m6OD_strain_env,j1_m6OD_moment_env,j1_m4OD_strain_env,j1_m4OD_moment_env,j1_m2OD_strain_env,j1_m2OD_moment_env,j1_p2OD_strain_env,j1_p2OD_moment_env,j1_p4OD_strain_env,j1_p4OD_moment_env,j1_p6OD_strain_env,j1_p6OD_moment_env,status,error,seconds
T000,gd-tp,ofat,85.0,9.0,0.4064,0.021,120.0,2.5,2.0,1.016,7,7,0.0057462792331642604,1.0,9.405405405405407,2,0.00460453105926683,36.0,9,11,0.00023646022526547584,0.000263422696536571,0.0003125961997054755,0.0003136676684877684,0.000721559290450576,0.0017793222736881187,0.0057462792331642604,0.003039507560081405,0.00335614141142718,0.0030403255917397566,0.004728216093203067,0.0013402449488020415,2.363101196855719,2,0.0013357723307270196,1274894.1041964535,7.746,0.0032841456143453637,1110116.3229458341,6.984,True,0.0012643203754711826,1200749.5167704488,6.984,True,0.0020938087739649836,874372.6858253144,4.5456,False,0.0023775633122316317,961947.7007171882,5.3584,False,0.0029169015151174447,1059166.6845502998,6.1712,False,0.0013357723307270196,1274894.1041964535,7.7968,True,0.0054399468770021395,1245439.158796718,8.6096,False,0.004345042730615872,1166501.91038215,9.4224,False,0.0013357723307270196,1274894.1041964535,8.0,True,0.0057462792331642604,1266306.2158264946,8.0,True,0.0024615022905487716,984937.5735172604,5.5616,False,0.003101323725373685,1084752.514096411,6.3744,False,0.0012643203754711826,1200749.5167704488,7.1872,True,0.0051351066098259835,1224673.7413924572,8.8128,False,0.004162858310330232,1149801.2277158157,9.6256,False,0.003514997498237005,1090097.7503354547,10.4384,False,0.0013357723307270196,1274894.1041964535,0.004628946949209847,1216604.9829863324,0.0013107524581654514,1249048.6114425955,0.0025877943521125163,1006769.0811412318,0.0031600669312476814,1090138.5966705084,0.003975378383023226,1160168.6053666323,0.0013357723307270196,1274894.1041964535,0.0054399468770021395,1245439.158796718,0.004430111434918765,1208187.9250453913,0.0013357723307270196,1274894.1041964535,0.0057462792331642604,1266306.2158264946,0.0033254320087927206,1109710.6631657279,0.004282081334526505,1188509.759169682,0.0013107524581654514,1249048.6114425955,0.0051351066098259835,1224673.7413924572,0.004258215920067345,1196511.3837039599,0.003627658348698832,1145253.8417652978,ok,,23.3
T001,gd-tp,ofat,60.0,9.0,0.4064,0.021,120.0,2.5,2.0,1.016,7,7,0.009050613019538736,1.0,9.405405405405407,2,0.00784657736204489,36.0,9,11,0.00024937331323351974,0.00029805927479822523,0.00039619028865292604,0.0003593338972053172,0.000996992437402995,0.002147025506605676,0.009050613019538736,0.005233197512566481,0.005561666534201098,0.005120136004463965,0.008439844744500019,0.0014495825022443468,2.363101196855719,2,0.001411161473406592,1352459.245100577,7.746,0.004289678522119101,1197164.4082773346,6.984,True,0.0013432869990564426,1282017.9798184824,6.984,True,0.0024861697317985106,988919.6555187985,4.5456,False,0.0029459685600230832,1064072.5609263123,5.3584,False,0.0037665239079457697,1150837.4840599024,6.1712,False,0.001411161473406592,1352459.245100577,7.7968,True,0.008701785174595727,1307487.4703287631,8.6096,False,0.007125504741620777,1216372.3397744931,9.4224,False,0.001411161473406592,1352459.245100577,8.0,True,0.009050613019538736,1332092.1585377953,8.0,True,0.003092010391471959,1084149.1285569686,5.5616,False,0.004029241077409991,1174101.8844315195,6.3744,False,0.0013432869990564426,1282017.9798184824,7.1872,True,0.008354656406406995,1283002.6270644169,8.8128,False,0.006593327855211855,1198612.9821481796,9.6256,False,0.004871315042818352,1138023.5318425286,10.4384,False,0.001411161473406592,1352459.245100577,0.006560045323512845,1288496.5879772685,0.0013734589930709824,1313696.1474480024,0.003384110183322051,1116812.2805981257,0.004294852392501376,1194037.9968409822,0.0056164753364499696,1235382.1452472638,0.001411161473406592,1352459.245100577,0.008701785174595727,1307487.4703287631,0.007314994103145531,1309183.71768843,0.001411161473406592,1352459.245100577,0.009050613019538736,1332092.1585377953,0.004561164367086612,1211994.5897364211,0.006009327754310618,1262055.093690519,0.0013734589930709824,1313696.1474480024,0.008354656406406995,1307142.312212849,0.006791103638890473,1295466.4190874707,0.005075556692688278,1238016.7393365407,ok,,28.4
T002,gd-tp,ofat,70.0,9.0,0.4064,0.021,120.0,2.5,2.0,1.016,7,7,0.007391503018036389,1.0,9.405405405405407,2,0.006213071624815239,36.0,9,11,0.00024130994332069387,0.0002812739590018901,0.00034564954221308504,0.0003371688976445276,0.0008633362291060561,0.001973383097094751,0.007391503018036389,0.00402775348795412,0.004375786502351346,0.003975425981919558,0.006533887360375399,0.0014014630084195686,2.363101196855719,2,0.0013826163681671818,1323140.7834759094,7.746,0.0038154321040780224,1161973.5670921416,6.984,True,0.001312508893852359,1250386.563427426,6.984,True,0.002284171686578909,938478.1094510425,4.5456,False,0.002663007830716904,1020461.9941874304,5.3584,False,0.0033699633429035004,1113056.9985509992,6.1712,False,0.0013826163681671818,1323140.7834759094,7.7968,True,0.0070613027094886685,1286635.6392511402,8.6096,False,0.005736509017504349,1202070.2751860647,9.4224,False,0.0013826163681671818,1323140.7834759094,8.0,True,0.007391503018036389,1309242.3822158382,8.0,True,0.002791541840491112,1042157.2803565315,5.5616,False,0.0035936683219858954,1137621.8634663904,6.3744,False,0.001312508893852359,1250386.563427426,7.1872,True,0.006732710746365895,1264139.0096045674,8.8128,False,0.00539764209217968,1184916.3479503961,9.6256,False,0.004250062280375978,1125093.2558182438,10.4384,False,0.0013826163681671818,1323140.7834759094,0.005665291091544477,1261018.256710845,0.0013499840965641558,1289494.8339468115,0.0030121064548546514,1072220.2956298674,0.00375316587266966,1153525.9724805292,0.0048389337306463266,1206046.7475746537,0.0013826163681671818,1323140.7834759094,0.0070613027094886685,1286635.6392511402,0.005878392566092195,1271561.1518061103,0.0013826163681671818,1323140.7834759094,0.007391503018036389,1309242.3822158382,0.00396014898705344,1172563.0567884133,0.005173178083683958,1233652.2754438047,0.0013499840965641558,1289494.8339468115,0.006732710746365895,1266925.8686789009,0.005548556807505869,1258816.0310236881,0.004411736038156774,1204238.2154779762,ok,,27.0
T003,gd-tp,ofat,105.0,9.0,0.4064,0.021,120.0,2.5,2.0,1.016,7,7,0.004245736142919932,1.0,9.405405405405407,2,0.0033435741273510075,36.0,9,11,0.00024159659972870163,0.00025026030164235934,0.0002884174312724306,0.0003005374653925416,0.0006001133741479971,0.0016149468483567216,0.004245736142919932,0.0023083731293358726,0.0024905093538322032,0.0022968409608433004,0.0033905093931076435,0.0012315198364957175,2.363101196855719,2,0.0012650146482974809,1201826.0255768704,7.746,0.0027423602062662837,1038658.0339589542,6.984,True,0.0011944687316551117,1128626.2982233781,6.984,True,0.0018939248111885616,800279.1300908892,4.5456,False,0.002135212878786468,889601.6063208542,5.3584,False,0.0025048321822604956,987605.2886916158,6.1712,False,0.0012650146482974809,1201826.0255768704,7.7968,True,0.004026336394292777,1176331.667049863,8.6096,False,0.003264170515490614,1100495.469006056,9.4224,False,0.0012650146482974809,1201826.0255768704,8.0,True,0.004245736142919932,1196207.6638261443,8.0,True,0.002200032092285689,912935.8588726039,5.5616,False,0.0026241137262717944,1013242.8963254639,6.3744,False,0.0011944687316551117,1128626.2982233781,7.1872,True,0.003808005301789813,1156552.48262552,8.8128,False,0.0031553892867029116,1083949.3499827406,9.6256,False,0.0027565834329783133,1023453.3006723484,10.4384,False,0.0012650146482974809,1201826.0255768704,0.00367764837587991,1150480.2886197825,0.0012480569454611143,1184270.181682457,0.0022262681549915495,921150.2943025866,0.002614380342863587,1002862.9483480303,0.0032107462788885164,1094517.1743847595,0.0012650146482974809,1201826.0255768704,0.004026336394292777,1176331.667049863,0.003264170515490614,1107116.3544473574,0.0012650146482974809,1201826.0255768704,0.004245736142919932,1196207.6638261443,0.002744823432413692,1022080.1343907696,0.003445214625368296,1122620.6653373537,0.0012480569454611143,1184270.181682457,0.003808005301789813,1156552.48262552,0.0031644670792607106,1096315.183882438,0.002806596160962192,1047977.8862142225,ok,,20.1
T004,gd-tp,ofat,120.0,9.0,0.4064,0.021,120.0,2.5,2.0,1.016,7,7,0.0033150634547018725,1.0,9.405405405405407,2,0.0027280843247612617,36.0,8,11,0.0002440588589093457,0.0002439924145143987,0.0002783777450268422,0.0003023532810523836,0.0005417304225883001,0.001513797452023753,0.0033150634547018725,0.002006997400955242,0.002173292801142713,0.001991646098691432,0.0027654226767934347,0.0011530788770841593,2.363101196855719,2,0.001186097015393444,1120149.6476760074,7.746,0.002366462570167068,967673.2174106729,6.984,True,0.0011202014174940549,1051777.7907284172,6.984,True,0.0017555395011586276,743898.1803482617,4.5456,False,0.001964338431666369,827839.8151673202,5.3584,False,0.0022255886165786962,919807.2713493413,6.1712,False,0.001186097015393444,1120149.6476760074,7.7968,True,0.003175482463563612,1095727.6288815532,8.6096,False,0.0026765698919948193,1023298.4031513057,9.4224,False,0.001186097015393444,1120149.6476760074,8.0,True,0.0033150634547018725,1114614.90725801,8.0,True,0.002024076351038439,849758.7054585628,5.5616,False,0.0022963325330716297,943844.5359022516,6.3744,False,0.0011202014174940549,1051777.7907284172,7.1872,True,0.0030365813459527075,1076932.3469902,8.8128,False,0.0025935402577758632,1007215.1990123526,9.6256,False,0.002332224248524596,947771.0601198035,10.4384,False,0.001186097015393444,1120149.6476760074,0.003067584795242563,1084327.0236444667,0.0011822277658578998,1116125.1611217244,0.002077304138999842,868895.3518382885,0.0023363625301018984,948821.8335761369,0.0027405769630941207,1031136.5468221948,0.001186097015393444,1120149.6476760074,0.003175482463563612,1095727.6288815532,0.0026765698919948193,1026540.3820110019,0.001186097015393444,1120149.6476760074,0.0033150634547018725,1114614.90725801,0.002407004249071975,967606.6348241635,0.0029047933720240554,1057847.6779765682,0.0011822277658578998,1116125.1611217244,0.0030365813459527075,1076932.3469902,0.0025979439616634456,1016096.4518072704,0.0023755789704651494,969029.1987459485,ok,,16.3
T005,gd-tp,ofat,150.0,9.0,0.4064,0.021,120.0,2.5,2.0,1.016,7,7,0.0023248191536962763,1.0,9.405405405405407,2,0.002064300048557552,36.0,9,11,0.0002460179810980122,0.00023803968025184214,0.0002678316587977653,0.00030085059599520964,0.0004683294858579047,0.001317904259417361,0.0023248191536962763,0.001639062224936248,0.0017501561702911717,0.0016107310516200062,0.0020758128406987973,0.0010140707222525017,2.363101196855719,2,0.001034418578842699,963067.1750370024,7.746,0.0019682949003660506,830007.7283356948,6.984,True,0.0009768815410688277,903372.266820743,6.984,True,0.0015234938736332477,634327.4808298021,4.5456,False,0.001674264277166615,707790.5769935431,5.3584,False,0.0018611265696913512,788192.0049909982,6.1712,False,0.001034418578842699,963067.1750370024,7.7968,True,0.002276051677439268,940175.4353527196,8.6096,False,0.002089652037083325,874220.3643236244,9.4224,False,0.001034418578842699,963067.1750370024,8.0,True,0.0023248191536962763,957290.3640879337,8.0,True,0.0017136904338464075,726968.618540065,5.5616,False,0.0019149442360719719,809190.9758087875,6.3744,False,0.0009768815410688277,903372.266820743,7.1872,True,0.002227521738656617,923143.8703110485,8.8128,False,0.0020487304916157203,859328.5681069393,9.6256,False,0.001897659345179916,803802.7474066572,10.4384,False,0.001037786892394645,966521.7891049033,0.0022725587772373245,939514.2241819628,0.001037786892394645,966521.7891049033,0.0017603978795459904,746566.4274530063,0.0019404980870928708,817430.4570471066,0.0021430198084669643,892935.0930964897,0.001034418578842699,963067.1750370024,0.002276051677439268,940175.4353527196,0.002089652037083325,874220.3643236244,0.001034418578842699,963067.1750370024,0.0023248191536962763,957290.3640879337,0.0019885774805430234,834067.9912115072,0.0022080715356020473,916326.1464167687,0.001037786892394645,966521.7891049033,0.002227521738656617,923143.8703110485,0.0020487304916157203,859328.5681069393,0.0019003883871625403,805445.3682077854,ok,,12.7
T006,gd-tp,ofat,85.0,6.0,0.4064,0.021,120.0,2.5,2.0,1.016,7,7,0.004439557889849458,1.0,6.416666666666668,2,0.0036314170276979044,24.0,7,11,0.0002629673413059924,0.0003246713747766569,0.0005464856887088603,0.00041899540886238413,0.0008764460049284473,0.002012154544341452,0.004439557889849458,0.0033098424903497273,0.0030295935110004786,0.0028437156792667,0.004004039673244605,0.002663470689707385,2.363101196855719,2,0.0012767521620053184,1215421.0324134626,4.746,0.0027992798511865093,1048442.6947928049,3.984,True,0.0012045849956518141,1140540.9282167787,3.984,True,0.001898556838366922,803377.8552383175,1.5456000000000003,False,0.0021478214769343404,895375.6963235672,2.3584,False,0.002541337386101415,995996.6841243075,3.1712,False,0.0012767521620053184,1215421.0324134626,4.7968,True,0.004243143627142669,1191242.496967756,5.6096,False,0.003512843214622878,1116319.8573119699,6.4224,False,0.0012767521620053184,1215421.0324134626,5.0,True,0.004439557889849458,1209712.8825423853,5.0,True,0.002214824488868809,919381.0439113909,2.5616000000000003,False,0.0026706291143248884,1022284.854067631,3.3744,False,0.0012045849956518141,1140540.9282167787,4.1872,True,0.004036277465176429,1171789.2366942693,5.8128,False,0.0034205000957084827,1100273.3811001664,6.6256,False,0.0030627563328439337,1041449.5893707965,7.4384,False,0.0012767521620053184,1215421.0324134626,0.003958833766413613,1173529.4638217073,0.0012708354344861544,1209200.1865670541,0.0023776716729579793,961685.1573593908,0.002885105944551412,1057555.9683677808,0.0035204972151535066,1115114.1613341584,0.0012767521620053184,1215421.0324134626,0.004243143627142669,1191242.496967756,0.003566897998457576,1142818.5091290576,0.0012767521620053184,1215421.0324134626,0.004439557889849458,1209712.8825423853,0.0030449586246114164,1080217.5771552422,0.0036843651857383854,1144394.394082266,0.0012708354344861544,1209200.1865670541,0.004036277465176429,1171789.2366942693,0.003490852367705634,1134733.507281322,0.0031824243883297894,1099998.0890869906,ok,,12.0
T007,gd-tp,ofat,85.0,7.5,0.4064,0.021,120.0,2.5,2.0,1.016,7,7,0.005145435973209358,1.0,7.901785714285715,2,0.004345362954167155,30.0,8,11,0.00023980699442626362,0.00028112286316776044,0.0003654212067090806,0.0003368259398647495,0.000747293428715528,0.0018508909531832242,0.005145435973209358,0.0033783324345853807,0.0031742589435463557,0.0028624027406218846,0.00433709988175811,0.001418762702399616,2.363101196855719,2,0.0013102319246491518,1249326.8717310852,6.246,0.0030299080644988208,1079654.52142565,5.484,True,0.0012368066287335978,1173138.4542123973,5.484,True,0.001974959027547741,832230.0264824951,3.0456000000000003,False,0.0022426804526270022,924849.7720393228,3.8584,False,0.002710992361741231,1026574.9681139048,4.6712,False,0.0013102319246491518,1249326.8717310852,6.2968,True,0.004916630120737065,1223302.5975180827,7.1096,False,0.004102282357532011,1146513.6733195833,7.9224,False,0.0013102319246491518,1249326.8717310852,6.5,True,0.005145435973209358,1243972.9288179474,6.5,True,0.002315831098341383,949047.6989632839,4.0616,False,0.0028710388632239028,1053212.7182602657,4.8744,False,0.0012368066287335978,1173138.4542123973,5.6872,True,0.004692904648435843,1203091.2279979566,7.3128,False,0.003953973319655962,1130100.1332220624,8.1256,False,0.0034079053345436546,1071492.085404996,8.9384,False,0.0013102319246491518,1249326.8717310852,0.004419076484677227,1204103.231100629,0.0013009938811652246,1239792.0935439623,0.002561229901767022,999920.8414295361,0.0031786954110988755,1094546.0484460078,0.00391464185787931,1144840.2552862517,0.0013102319246491518,1249326.8717310852,0.004916630120737065,1223302.5975180827,0.004200879823985587,1194793.7041363576,0.0013102319246491518,1249326.8717310852,0.005145435973209358,1243972.9288179474,0.0033591852737884275,1116789.103962543,0.004102048894602091,1174581.1299579288,0.0013009938811652246,1239792.0935439623,0.004692904648435843,1203091.2279979566,0.0040656117371230425,1184748.4480018378,0.003545517783506166,1138821.5513959483,ok,,19.5
T008,gd-tp,ofat,85.0,10.5,0.4064,0.021,120.0,2.5,2.0,1.016,7,7,0.0057758991205658404,1.0,10.907608695652172,2,0.0049464924364212475,42.0,9,11,0.00025275948361320116,0.00026079151254694235,0.0003080803348238783,0.00032467106936464826,0.0006979272425407592,0.0017511415373534316,0.0057758991205658404,0.0033156007311919322,0.0035835685837877435,0.003307766834756603,0.005190302395018555,0.0013010067538887773,2.363101196855719,2,0.001340878245531251,1279171.1749848165,9.246,0.0034179255102778413,1124093.2501504521,8.484000000000002,True,0.0012734433049179442,1209190.6782823764,8.484000000000002,True,0.0021885656144766674,907340.169143004,6.045600000000002,False,0.002491775069930624,986955.2289482541,6.858400000000001,False,0.0030550554322612135,1076714.6480167843,7.671200000000002,False,0.001340878245531251,1279171.1749848165,9.296800000000001,True,0.0055420038419216385,1245611.5774752519,10.109600000000002,False,0.004608341199578616,1163874.665742818,10.922400000000001,False,0.001340878245531251,1279171.1749848165,9.5,True,0.0057758991205658404,1266987.150661422,9.5,True,0.002589911778345586,1007992.9450354261,7.0616,False,0.0032373577229806243,1100517.1829275175,7.8744,False,0.0012734433049179442,1209190.6782823764,8.6872,True,0.005306708957451471,1224108.0950087486,10.3128,False,0.004380699786195721,1146725.911163793,11.1256,False,0.003595144184986807,1085342.5766201227,11.9384,False,0.001340878245531251,1279171.1749848165,0.0046991417793969155,1220590.5072012248,0.0013116950677806445,1249000.4076406849,0.0027334341675659783,1031742.5414941404,0.0033374295092264425,1112179.65507985,0.004121670172512062,1167627.8994451868,0.001340878245531251,1279171.1749848165,0.0055420038419216385,1245611.5774752519,0.004730652922407167,1223771.282487266,0.001340878245531251,1279171.1749848165,0.0057758991205658404,1266987.150661422,0.0035031362710119768,1131022.0071370578,0.004360574910239992,1194235.7828208916,0.0013116950677806445,1249000.4076406849,0.005306708957451471,1224108.0950087486,0.0045108917894072535,1210469.140890385,0.003733849475207878,1153235.2669362514,ok,,31.4
T009,gd-tp,ofat,85.0,12.0,0.4064,0.021,120.0,2.5,2.0,1.016,7,7,0.006000664342585683,1.0,12.409090909090907,2,0.005365417910006414,48.0,9,11,0.0002702366952236619,0.00026076781295109817,0.00030407503513434883,0.00034768773684908246,0.0007248884898005944,0.0017222517348049289,0.006000664342585683,0.0036497920646032475,0.0038709559877689427,0.0035986487574795937,0.005702343085162446,0.0012224420206814247,2.363101196855719,2,0.0013484270609916266,1285854.3568607112,10.746,0.0035313411638899133,1134954.8090352514,9.984000000000002,True,0.001282696113235178,1217638.3654049705,9.984000000000002,True,0.0022489050793775777,927257.1353565006,7.545600000000002,False,0.0025707763731902737,1003074.2088250471,8.358400000000001,False,0.003161887322037437,1089314.4972726114,9.171200000000002,False,0.0013484270609916266,1285854.3568607112,10.796800000000001,True,0.005806843348902495,1247240.5695779275,11.609600000000002,False,0.004933136927343631,1160827.3742643616,12.422400000000001,False,0.0013484270609916266,1285854.3568607112,11.0,True,0.006000664342585683,1269662.1229929386,11.0,True,0.002679503388340161,1023216.1673558305,8.5616,False,0.003347551106910855,1112250.3882141327,9.3744,False,0.001282696113235178,1217638.3654049705,10.1872,True,0.005610421202964589,1224518.1102955411,11.8128,False,0.0046450555049117265,1142766.7626278377,12.6256,False,0.003680402743100427,1077940.2661391813,13.4384,False,0.0013484270609916266,1285854.3568607112,0.004849291968274141,1227574.2652642953,0.0013163218215847925,1252664.1952591487,0.002861591189106993,1050671.8760916132,0.003510388900104998,1130116.8677615314,0.004305471958775736,1175880.2098997473,0.0013484270609916266,1285854.3568607112,0.005806843348902495,1247240.5695779275,0.005094927653395163,1240028.5688378375,0.0013484270609916266,1285854.3568607112,0.006000664342585683,1269662.1229929386,0.003685529641638352,1148631.6062761853,0.0045271679892373105,1201858.3237726851,0.0013163218215847925,1252664.1952591487,0.005610421202964589,1239521.1336839127,0.0048132467823657835,1225090.1884861006,0.003851181761521509,1161514.4232020818,ok,,37.3
T010,gd-tp,ofat,85.0,9.0,0.1683,0.011,120.0,2.5,2.0,0.42075,11,11,0.006623063213123783,1.0,9.202702702702702,3,0.005380050158577519,36.0,10,11,0.0010683489500339205,0.0010686744600905788,0.0010736118713480086,0.001061795794576265,0.0010982563794050243,0.0023970909061014614,0.006623063213123783,0.00481930869207863,0.004899194861390182,0.0048801296234505225,0.005545707444402208,0.00197916944973342,2.4793386573521867,2,0.001443624147062503,87191.74190151412,7.8948125000000005,0.0039067117847832195,63207.19772475059,7.57925,True,0.0013274704470235639,76629.47210895077,7.57925,True,0.0021604882129641493,39739.26298792241,6.56945,False,0.0025656778015031405,47517.372338772766,6.9060500000000005,False,0.0034951412780729885,58570.49365227822,7.24265,False,0.001443624147062503,87191.74190151412,7.91585,True,0.006524714475094502,74884.25534399299,8.25245,False,0.005859267566032887,54148.96074541851,8.58905,False,0.001443624147062503,87191.74190151412,8.0,True,0.006623063213123783,77948.79742641229,8.0,True,0.0027110916666936084,49737.48456432945,6.9902,False,0.0037564911485327823,61514.830014927815,7.3268,False,0.0013274704470235639,76629.47210895077,7.6634,True,0.006358352747829096,69700.43169434932,8.3366,False,0.00564950372787615,50695.13576278146,8.6732,False,0.004759617950909341,38905.92545196354,9.0098,False,0.001443624147062503,87191.74190151412,0.006349871271049036,77266.94079593827,0.0013766463907543848,81133.07670435139,0.0040811150417575884,62211.948001932535,0.004491845092800732,68134.88490218876,0.005663689620532874,71216.4488293817,0.001443624147062503,87191.74190151412,0.006524714475094502,75716.59140823703,0.006312043335103791,77084.56729348817,0.001443624147062503,87191.74190151412,0.006623063213123783,77948.79742641229,0.004705658205075825,68697.62426820648,0.0060679366995930566,75058.5494315779,0.0013766463907543848,81133.07670435139,0.006358352747829096,74188.12336785781,0.006248713524345137,75850.07860747701,0.00542953218617818,72757.58275363696,ok,,18.9
T011,gd-tp,ofat,85.0,9.0,0.2191,0.0127,120.0,2.5,2.0,0.54775,9,9,0.004998698848989273,1.0,9.202702702702702,3,0.004124882245002013,36.0,10,11,0.0007171950322460204,0.0007157270168884229,0.0007278075754257396,0.0007267039210457586,0.0008605805019891474,0.0017097324366220179,0.004998698848989273,0.00347704389416091,0.003546121055244732,0.0034906648830540805,0.004295135606176791,0.001330618728020034,2.4153757896837305,2,0.0013596827318383387,186831.89106053827,7.8630625,0.003322965736297868,150080.2682066913,7.452249999999999,True,0.0012641933028602857,169614.7427774886,7.452249999999999,True,0.001969573191042626,103469.62783936292,6.137649999999999,False,0.002314443525302566,119552.52455291385,6.575849999999999,False,0.002877870919384705,138400.53690932365,7.014049999999999,False,0.0013596827318383387,186831.89106053827,7.8904499999999995,True,0.004769343875784343,171638.39008699232,8.32865,False,0.004076567795612456,144583.99351347575,8.76685,False,0.0013596827318383387,186831.89106053827,8.0,True,0.004998698848989273,180274.53634574375,8.0,True,0.0024108827510375902,123768.23529839801,6.6854,False,0.0030861422213991248,143865.783306376,7.1236,False,0.0012641933028602857,169614.7427774886,7.5618,True,0.004569849024733345,164126.5987032282,8.4382,False,0.003949675230009624,139137.55385148633,8.8764,False,0.003394627815242535,118759.86404500206,9.3146,False,0.0013596827318383387,186831.89106053827,0.004722499162636795,176040.4589323974,0.00132249195325464,180152.57210349996,0.0032507444592005125,147789.744358017,0.003592145232131187,153510.18250443554,0.004125050508475014,161647.78251074342,0.0013596827318383387,186831.89106053827,0.004769343875784343,171638.39008699232,0.0043392383462733984,166642.22564415212,0.0013596827318383387,186831.89106053827,0.004998698848989273,180274.53634574375,0.003689145270304865,156776.42945648747,0.004354895437768039,168382.48564343556,0.00132249195325464,180152.57210349996,0.004569849024733345,170107.6726871427,0.0042222972375329584,165908.30417854915,0.0039034359417205967,161613.57558465755,ok,,18.1
T012,gd-tp,ofat,85.0,9.0,0.2731,0.0159,120.0,2.5,2.0,0.68275,8,8,0.00454032288979119,1.0,9.202702702702702,2,0.0036160999495546344,36.0,10,11,0.00047091765775631025,0.0004655174345043251,0.0004900960892559021,0.0005034834472137703,0.000725103224748778,0.0014562058579025792,0.00454032288979119,0.002762007394872968,0.002903770493854746,0.0027660625337398857,0.003811090647397717,0.0011400441152529652,2.4175443454600107,2,0.0012989451076288335,382373.5236652108,7.8293125,0.0030313565538511644,326554.4671001177,7.31725,True,0.0012204365841588986,354849.73382625333,7.31725,True,0.0019811506499801193,243223.91391399462,5.678649999999999,False,0.002227864083052569,270879.8452373299,6.22485,False,0.0026175819689217773,303100.8184679211,6.77105,False,0.0012989451076288335,382373.5236652108,7.863449999999999,True,0.004172431135151258,362889.8584888152,8.40965,False,0.0035573779795650532,325357.68069897196,8.95585,False,0.0012989451076288335,382373.5236652108,8.0,True,0.00454032288979119,379217.51366473583,8.0,True,0.002315978628731238,278755.47257223283,6.3614,False,0.002782732177050799,312461.8935413291,6.9076,False,0.0012204365841588986,354849.73382625333,7.4538,True,0.00392968518121925,352116.38454936544,8.5462,False,0.00345439756086363,316768.16160140955,9.0924,False,0.0029222968935667757,288053.8088881179,9.6386,False,0.0012989451076288335,382373.5236652108,0.004195693959885694,369076.4133614064,0.0012727807033389592,373229.21605421416,0.0026886396410272725,305361.02242379024,0.003137827825967437,326516.97454736754,0.003671977988169816,341356.09679159324,0.0012989451076288335,382373.5236652108,0.004172431135151258,362889.8584888152,0.003638362707048869,350459.3998671844,0.0012989451076288335,382373.5236652108,0.00454032288979119,379217.51366473583,0.003254496329028594,326946.21327273856,0.003793646480193693,352420.13073096215,0.0012727807033389592,373229.21605421416,0.00392968518121925,359103.9661376643,0.0036125337282957143,350616.2595849991,0.0031877224721907583,331514.3717014804,ok,,20.1
T013,gd-tp,ofat,85.0,9.0,0.3239,0.0175,120.0,2.5,2.0,0.8097500000000001,8,8,0.004943272038133301,1.0,9.202702702702702,2,0.0038790093449834586,36.0,9,11,0.0003625886254960681,0.00036119517727572294,0.0003923889204362697,0.00041545676025089916,0.0007217247212947609,0.00159692879363722,0.004943272038133301,0.0027656147319816008,0.0029595800818793313,0.0027664605398094364,0.0040517870640679535,0.0012225330273528795,2.382450168421768,2,0.0013154471881227018,631836.8900121829,7.7975625,0.0032320055409188345,552966.6899799686,7.190250000000001,True,0.001241551320611663,591422.6685073649,7.190250000000001,True,0.0020492852771360477,421744.1431507781,5.24685,False,0.0022855968208750103,465459.7347172273,5.89465,False,0.002716441744648138,514527.97634037177,6.5424500000000005,False,0.0013154471881227018,631836.8900121829,7.838050000000001,True,0.004329949758250301,607775.2937110976,8.485850000000001,False,0.0037800285741748938,557977.9288506852,9.133650000000001,False,0.0013154471881227018,631836.8900121829,8.0,True,0.004943272038133301,633089.0732604805,8.0,True,0.002375317476400415,477231.7785119126,6.0565999999999995,False,0.0028933284842628517,528315.3776180189,6.7044,False,0.001241551320611663,591422.6685073649,7.3522,True,0.004043595496721146,593909.7623534983,8.6478,False,0.003661392816045816,547084.0710586386,9.2956,False,0.003058793513223715,508016.0538329731,9.9434,False,0.0013154471881227018,631836.8900121829,0.004420292352420781,613575.4836830711,0.0012891682605552623,617505.4917155378,0.002600712649808677,502869.4061083669,0.003121786016150663,544502.0356804606,0.0036434980277825282,569191.7279410412,0.0013154471881227018,631836.8900121829,0.004329949758250301,607775.2937110976,0.0038696583619209513,588359.1834880806,0.0013154471881227018,631836.8900121829,0.004943272038133301,633089.0732604805,0.0032453825727027474,549871.9243302562,0.0038309956980463584,585089.9100536889,0.0012891682605552623,617505.4917155378,0.004043595496721146,593909.7623534983,0.003808369908948832,584882.7595141033,0.0032319269065861794,552513.0888438496,ok,,21.9
T014,gd-tp,ofat,85.0,9.0,0.508,0.0254,120.0,2.5,2.0,1.27,7,7,0.007158398724334556,1.0,9.405405405405407,1,0.005771753591662955,36.0,8,11,0.00017468906324453638,0.00022374047500333343,0.00033050986198665175,0.00028151162191694836,0.0008589160188721983,0.001959342910696146,0.007158398724334556,0.0038623179868688884,0.003919511390282222,0.0035735982580724253,0.0058715271249234705,0.0016826462357838125,2.349520209363187,2,0.0013355441056319577,2486511.9204082554,7.6825,0.0034573354454399247,2201237.0358847054,6.73,True,0.0012661784836084276,2350055.458449182,6.73,True,0.0020854467218172894,1725698.2919117836,3.6820000000000004,False,0.0023626897805274077,1896849.4168751328,4.698,False,0.0029404802737099073,2083545.6505091018,5.714,False,0.0013355441056319577,2486511.9204082554,7.746,True,0.0065246900750124195,2444378.164412704,8.762,False,0.005153259833345302,2316290.6927177245,9.778,False,0.0013355441056319577,2486511.9204082554,8.0,True,0.007158398724334556,2493553.2691518185,8.0,True,0.0024886683014158965,1942876.384651651,4.952,False,0.003156461319484543,2132725.9816393983,5.968,False,0.0012661784836084276,2350055.458449182,6.984,True,0.006073303544291679,2409351.0585814016,9.016,False,0.0048984379599222,2286795.3031911217,10.032,False,0.004016108384347568,2191707.992778634,11.048,False,0.0013355441056319577,2486526.3800654896,0.005646723542988076,2417215.7467543907,0.0013215812273928754,2459294.848808052,0.0026100610532490765,1990270.8703754637,0.003274271104823218,2168379.404262561,0.004488262944655834,2291685.5942734773,0.0013355441056319577,2486526.3800654896,0.0065246900750124195,2444378.164412704,0.005239389337845053,2396467.0081894854,0.0013355441056319577,2486526.3800654896,0.007158398724334556,2493553.2691518185,0.0035458645450726013,2207273.4840399395,0.004915331581575287,2341851.4588027936,0.0013215812273928754,2459294.848808052,0.006073303544291679,2415532.872866071,0.004998768701110649,2380162.915187808,0.004131384489889403,2298943.1826153705,ok,,27.0
T015,gd-tp,ofat,85.0,9.0,0.61,0.0286,120.0,2.5,2.0,1.525,6,6,0.00854634750644414,1.0,9.405405405405407,1,0.006892274001289345,36.0,7,11,0.0001538738670702245,0.00022253350234719487,0.0004413114242958255,0.0003420722890710438,0.0010129123488515468,0.0021873384246444676,0.00854634750644414,0.005676530225767468,0.00456360338076384,0.004146281972888226,0.007006255989277893,0.0016501982663988885,2.324592300975207,2,0.001340318056236517,4134186.5572537254,7.61875,0.0036855779205073992,3697566.8472230863,6.475,True,0.0012722061748391379,3915394.27876843,6.475,True,0.0020988595639552503,2897606.727476584,2.8149999999999995,False,0.0024069094292762582,3182086.300803962,4.035,False,0.0029563923054409186,3483917.2999563017,5.255,False,0.001340318056236517,4134186.5572537254,7.694999999999999,True,0.007481272189478999,4070598.8841015548,8.915,False,0.005897283885229383,3869535.363119401,10.135,False,0.001340318056236517,4134186.5572537254,8.0,True,0.00854634750644414,4164476.470761024,8.0,True,0.0024955573406241056,3255271.208141824,4.34,False,0.003230340998682964,3564183.5765752583,5.5600000000000005,False,0.0012722061748391379,3915394.27876843,6.78,True,0.006847826856270442,4014499.859645398,9.22,False,0.005555921236626489,3826914.746458717,10.44,False,0.004526013742783644,3671890.1238176213,11.66,False,0.001340318056236517,4134186.5572537254,0.006429948005929018,4036127.594006973,0.001324177206025531,4082769.154774808,0.0026286339908573714,3333954.0007484094,0.0034974433957228636,3637460.397702803,0.005081079126671768,3918395.920799719,0.001340318056236517,4134186.5572537254,0.007481272189478999,4070598.8841015548,0.005988024909627982,4008037.5861963728,0.001340318056236517,4134186.5572537254,0.00854634750644414,4164476.470761024,0.003801666496838466,3715925.5531119634,0.005557830781636735,3917087.315059658,0.001324177206025531,4082769.154774808,0.006888605347233666,4076836.4473924153,0.005654393031627826,3977188.937680622,0.004655576404536097,3869497.5563997687,ok,,29.1
T016,gd-tp,ofat,85.0,9.0,0.4064,0.021,40.0,2.5,2.0,1.016,7,7,0.0040849470567706145,1.0,9.405405405405407,2,0.0036570170268821504,36.0,8,11,9.086808719783935e-05,0.0001428079101473213,0.00022170698448552333,0.00021484509866201678,0.0006670043138291656,0.0017445482170019412,0.0040849470567706145,0.0028009873958223905,0.002762218971515665,0.0025419339345885794,0.00397386695816227,0.00124591569678766,2.363101196855719,2,0.001214967606822639,1221935.2484649287,7.746,0.0027146871955937516,1101912.0487344356,6.984,True,0.0011635387074848292,1168563.373511084,6.984,True,0.00201200933464047,915232.5550459683,4.5456,False,0.002233254526080102,987022.3752243828,5.3584,False,0.0025339899835796695,1063007.8187189354,6.1712,False,0.001214967606822639,1221935.2484649287,7.7968,True,0.003967101453295429,1213682.9233794762,8.6096,False,0.003536358454816942,1170103.5415673405,9.4224,False,0.001214967606822639,1221935.2484649287,8.0,True,0.0040849470567706145,1225002.4986219988,8.0,True,0.002292469575079983,1005463.959829408,5.5616,False,0.002624732297198426,1082544.6992375327,6.3744,False,0.0011635387074848292,1168563.373511084,7.1872,True,0.0038498298542420832,1202418.483721574,8.8128,False,0.0034568753679188567,1160296.084433495,9.6256,False,0.0031247869774365554,1123810.262327637,10.4384,False,0.001214967606822639,1221935.2484649287,0.0035947387848890866,1192477.2536201729,0.0012137594148287044,1220657.385729686,0.0024840127513691304,1052968.1277996534,0.002909962961744685,1125403.7095811996,0.003382745491379946,1162896.9973598737,0.001214967606822639,1221935.2484649287,0.003967101453295429,1213682.9233794762,0.0035852770713943336,1194106.1630479104,0.001214967606822639,1221935.2484649287,0.0040849470567706145,1225002.4986219988,0.003040723476933951,1142309.0469759223,0.003488699132983315,1171788.3766365105,0.0012137594148287044,1220657.385729686,0.0038498298542420832,1202418.483721574,0.0035145752989871916,1188587.1042123605,0.00320210353253099,1161679.772923982,ok,,30.0
T017,gd-tp,ofat,85.0,9.0,0.4064,0.021,80.0,2.5,2.0,1.016,7,7,0.005317708310023348,1.0,9.405405405405407,2,0.004268623419773784,36.0,8,11,0.00016259858280887307,0.0001909903631001446,0.0002434155474874482,0.0002444502464930938,0.0006521141170618466,0.0017368760498453996,0.005317708310023348,0.00289434430486267,0.0030419053076063554,0.002775802701790465,0.004364397501778978,0.0012860798640769618,2.363101196855719,2,0.0012934566436932137,1267153.6089471895,7.746,0.0030587851323228923,1116809.32186473,6.984,True,0.0012286807739943914,1199935.1847832461,6.984,True,0.002042400557047747,891755.586060276,4.5456,False,0.002307163676405006,976956.4193800362,5.3584,False,0.0027596005138132264,1069111.6905303525,6.1712,False,0.0012934566436932137,1267153.6089471895,7.7968,True,0.005042095356958248,1247911.0357782282,8.6096,False,0.004075789918874133,1183771.2455002964,9.4224,False,0.0012934566436932137,1267153.6089471895,8.0,True,0.005317708310023348,1264743.8995679882,8.0,True,0.0023821584513385326,999057.2090767958,5.5616,False,0.002909844694008969,1093064.4309914426,6.3744,False,0.0012286807739943914,1199935.1847832461,7.1872,True,0.0047678248642744475,1231160.1617951528,8.8128,False,0.003930403429321097,1169842.6351224822,9.6256,False,0.0033936656815963567,1119099.5655011614,10.4384,False,0.0012934566436932137,1267153.6089471895,0.004331430771374115,1219215.713292663,0.0012780981706318906,1251310.0137922964,0.0024930156193517183,1021670.0948567261,0.0029669860971033774,1099943.6574375913,0.003714140225586372,1167460.8091660081,0.0012934566436932137,1267153.6089471895,0.005042095356958248,1247911.0357782282,0.0041317145941748845,1211206.8983875443,0.0012934566436932137,1267153.6089471895,0.005317708310023348,1264743.8995679882,0.003108195810661138,1118271.8410643057,0.004014026974923,1193451.0261108251,0.0012780981706318906,1251310.0137922964,0.0047678248642744475,1231160.1617951528,0.003996787041429658,1202386.935938052,0.0034816482265004286,1162191.773300777,ok,,27.8
T018,gd-tp,ofat,85.0,9.0,0.4064,0.021,160.0,2.5,2.0,1.016,7,7,0.006086954497984001,1.0,9.405405405405407,2,0.0049310009499774965,36.0,9,11,0.0003102072149614495,0.00033603811819897457,0.0003821656289518071,0.0003832735430269001,0.0007906942156723172,0.0018248710195792862,0.006086954497984001,0.0033589557433311556,0.0036631684737696278,0.003323971698768128,0.005082430820607699,0.0013913292330260479,2.363101196855719,2,0.0013736126870413764,1277998.5910557972,7.746,0.0035093183424789003,1099880.9953207849,6.984,True,0.0012959057987467681,1197364.8140998767,6.984,True,0.002143054148033638,855676.7985263821,4.5456,False,0.0024692287603745935,944699.3477626079,5.3584,False,0.0030958077160535514,1046102.6529835269,6.1712,False,0.0013736126870413764,1277998.5910557972,7.7968,True,0.005768799937161544,1238467.683690948,8.6096,False,0.00460879215728777,1145099.167307521,9.4224,False,0.0013736126870413764,1277998.5910557972,8.0,True,0.006086954497984001,1263292.3082858524,8.0,True,0.002573516488830487,968350.9900253189,5.5616,False,0.0033034639965768674,1073108.9977515026,6.3744,False,0.0012959057987467681,1197364.8140998767,7.1872,True,0.005452195049125813,1213763.9753107156,8.8128,False,0.004397059106058406,1125762.9598142693,9.6256,False,0.0036386895150984293,1057668.5791430497,10.4384,False,0.0013736126870413764,1277998.5910557972,0.0049563110020016225,1211869.7601444959,0.0013414682643467582,1244775.671614327,0.0026956735795643193,989928.6816443758,0.003355825308329224,1078056.3215449734,0.004251892115926358,1150804.8309557682,0.0013736126870413764,1277998.5910557972,0.005768799937161544,1238467.683690948,0.004726267686506689,1202630.2039611537,0.0013736126870413764,1277998.5910557972,0.006086954497984001,1263292.3082858524,0.0035458362478939325,1098809.537160067,0.004574222955160873,1181470.3453474282,0.0013414682643467582,1244775.671614327,0.005452195049125813,1213763.9753107156,0.004524497215649027,1188156.8128138043,0.0037785835980703964,1126135.8857439957,ok,,21.9
T019,gd-tp,ofat,85.0,9.0,0.4064,0.021,200.0,2.5,2.0,1.016,7,7,0.006401300100168732,1.0,9.405405405405407,2,0.005250169432720905,36.0,9,11,0.00038385554826259716,0.0004087861564271512,0.00045209685336639066,0.0004532080728823464,0.0008597477248346808,0.0018744566518247691,0.006401300100168732,0.0036705096032363348,0.0039649347009659795,0.003631120979726256,0.005405238452866144,0.0014366637084093897,2.363101196855719,2,0.0014097699889911994,1279359.5800653554,7.746,0.0037428171405679833,1087869.8342055054,6.984,True,0.0013258565670033126,1192286.884552085,6.984,True,0.00219328214787689,836095.0226766148,4.5456,False,0.0025613859847030173,926258.2513556082,5.3584,False,0.0032775124543592865,1031464.7668723508,6.1712,False,0.0014097699889911994,1279359.5800653554,7.7968,True,0.00607711316005494,1229913.231996946,8.6096,False,0.004869032860053631,1121571.3128731127,9.4224,False,0.0014097699889911994,1279359.5800653554,8.0,True,0.006401300100168732,1258876.807581081,8.0,True,0.002684342030592186,950482.6993425343,5.5616,False,0.003511178614969092,1059790.1973124912,6.3744,False,0.0013258565670033126,1192286.884552085,7.1872,True,0.005754505275346192,1201090.7327021873,8.8128,False,0.004627584470160214,1099596.34268519,9.6256,False,0.003750633860283955,1023148.0496832704,10.4384,False,0.0014097699889911994,1279359.5800653554,0.005287932346004578,1205749.5785792242,0.001370998521812536,1239274.0539531247,0.0028205883666953873,971283.0957293398,0.003557452548535464,1063815.0075935863,0.004530823136971406,1140314.5050287356,0.0014097699889911994,1279359.5800653554,0.00607711316005494,1229913.231996946,0.005015037965369607,1193053.7790092127,0.0014097699889911994,1279359.5800653554,0.006401300100168732,1258876.807581081,0.003770690877088125,1085670.7459413356,0.0048716789092589155,1173174.6133812766,0.001370998521812536,1239274.0539531247,0.005754505275346192,1201090.7327021873,0.004783309197524859,1175820.8602101165,0.003914374776062822,1103272.2827803593,ok,,17.5
T020,gd-tp,ofat,85.0,9.0,0.4064,0.021,120.0,1.0,2.0,0.4064,6,6,0.005356819442318427,1.0,9.202702702702702,2,0.0043099292698551735,36.0,9,11,0.00023645461339585268,0.0002638873896583843,0.0003132120741666592,0.0003142962360438435,0.0007106832321859675,0.001709236552876333,0.005356819442318427,0.0030725843967605447,0.0033487907105775793,0.0030445096181791866,0.004727703421728714,0.0013408964088281272,2.363101196855719,2,0.0013230616558720346,1261767.8096588035,7.8984000000000005,0.004290016046132575,1201375.6469870922,7.5936,True,0.0012937500886086258,1231351.2070549799,7.5936,True,0.0022094901741013598,915251.2411866413,5.155200000000001,False,0.002588244908000709,1005765.69663892,5.968,False,0.0032598364076129828,1105037.910009651,6.7808,False,0.004925535906290852,1233477.6899887675,8.4064,False,0.004216435266136032,1157897.6459493288,9.2192,False,0.0036131273730854916,1096397.2658772632,10.032,False,0.0013230616558720346,1261767.8096588035,8.0,True,0.005356819442318427,1254722.1855217386,8.0,True,0.0023340161801931186,958180.6607826037,5.5616,False,0.0028445697426553417,1053403.440850932,6.3744,False,0.0037476662608222494,1158582.5255257424,7.1872,False,0.004404278226087327,1194157.3316972363,8.8128,False,0.003914442416419129,1127106.5638293123,9.6256,False,0.003366526039802711,1072289.7281968573,10.4384,False,0.0013230616558720346,1261767.8096588035,0.005015888015926152,1240453.6249181402,0.0013068228922953368,1245072.2976190168,0.002546610449369153,998690.5413775103,0.0030672761191932,1080902.0737451916,0.0037033722655873224,1140744.2234250584,0.004925535906290852,1233477.6899887675,0.004307844829435596,1202688.871990366,0.0037404272519764932,1158704.3873196258,0.0013230616558720346,1261767.8096588035,0.005356819442318427,1254722.1855217386,0.0027701548725436813,1042247.6860901666,0.003364935142793972,1119165.280933402,0.004241998520024785,1196033.647877704,0.004404278226087327,1194157.3316972363,0.004023938002432708,1180724.5158414284,0.0034888884891965087,1132182.2158647124,ok,,33.6
T021,gd-tp,ofat,85.0,9.0,0.4064,0.021,120.0,5.0,2.0,2.032,8,8,0.006790076715712292,1.0,9.405405405405407,2,0.004994298513213977,36.0,9,11,0.0002362399906369225,0.0002651454422731374,0.00031418798589328065,0.0003149714350877235,0.0007171507778765614,0.0017936323176530372,0.006790076715712292,0.003546288306987143,0.003364740069218382,0.0030362707924878763,0.004728816446937765,0.0024722632119622582,2.363101196855719,2,0.001334799266829974,1273801.6176008177,7.492,0.0026072317286484183,1017400.8307942342,5.968,True,0.0012000576264980655,1133985.7475697384,5.968,True,0.0018971851259276516,801610.3436002613,3.5296000000000003,False,0.002114846416574487,881939.4548986618,4.3424,False,0.0024203114715842257,970886.3847552022,5.1552,False,0.001240480118597638,1175930.5085790623,6.7808,False,0.001334799266829974,1273801.6176008177,7.5936,True,0.006787790130685428,1296097.2106115601,8.4064,False,0.001334799266829974,1273801.6176008177,8.0,True,0.006790076715712292,1296207.5666261315,8.0,True,0.0026072317286484183,1017400.8307942342,5.5616,True,0.0012000576264980655,1133985.7475697384,6.3744,True,0.0012943767747304014,1231856.8565914938,7.1872,False,0.0058534716053588644,1251004.7834400577,8.8128,False,0.004471506288147216,1169953.8026134886,9.6256,False,0.003686876136018485,1105400.6141217065,10.4384,False,0.0013604488229319335,1300659.3723128024,0.005457386201515991,1252738.493056744,0.0013306701318586622,1269742.3914703946,0.0026900252400801215,1024307.5591434741,0.0033220293124485113,1110275.2013067375,0.0044846657128381475,1193209.454042265,0.0013186508754413537,1257284.751290696,0.0013604488229319335,1300659.3723128024,0.006787790130685428,1296097.2106115601,0.0013604488229319335,1300659.3723128024,0.006790076715712292,1296207.5666261315,0.005457386201515991,1252738.493056744,0.0013306701318586622,1269742.3914703946,0.0013410026866381261,1280474.5999248188,0.0058534716053588644,1251004.7834400577,0.004562494096156259,1214526.8864052938,0.00379855797095473,1160081.2779808734,ok,,21.1
T022,gd-tp,ofat,85.0,9.0,0.4064,0.021,120.0,10.0,2.0,4.064,11,11,0.009326830955229645,1.6256,10.031005405405407,3,0.005491669726185451,36.0,9,11,0.00023732083646985018,0.00027349644130856063,0.0003358203080490491,0.00033495814053578646,0.0008114720351068743,0.002181880498963668,0.009326830955229645,0.008269735847158654,0.003373758012925705,0.00303193945278578,0.004729459590333192,0.0032149513256483414,2.363101196855719,2,0.0014030004895343796,1344675.1666129609,7.492,0.0023376513556311583,959816.2930708886,3.936,True,0.0011200901172872743,1051092.3555604997,3.936,True,0.0017442597889448085,738079.1998418071,1.4976000000000003,False,0.001949231712688031,821211.7125354105,2.3104,False,0.0022025577182535473,912360.0725013406,3.1231999999999998,False,0.0011453494081521093,1077303.7409065594,4.7488,False,0.0012137016248285155,1148232.5962674692,5.5616,False,0.0012890125954295134,1226384.2460283004,6.3744,False,0.0014030004895343796,1344675.1666129609,8.0,True,0.009326830955229645,1342293.8789572606,8.0,True,0.0012137016248285155,1148232.5962674692,5.5616,False,0.0012890125954295134,1226384.2460283004,6.3744,False,0.0013716282827004572,1312118.577303594,7.1872,False,0.007374936826131417,1288886.6491644129,8.8128,False,0.00484987140695366,1192980.258636037,9.6256,False,0.0038642167647330882,1115530.5713891683,10.4384,False,0.0014030004895343796,1344675.1666129609,0.007498013493750782,1306761.1080385046,0.0013767769787399792,1317063.5764155018,0.0027732185750774557,1037590.9442255731,0.0036777382318595713,1125094.6542504434,0.00576465413076226,1241315.014005375,0.0013454818950887103,1284968.5963295216,0.0013080339745314546,1246359.1576355025,0.0013230242808297962,1261923.4964830163,0.0014030004895343796,1344675.1666129609,0.009326830955229645,1342293.8789572606,0.0013080339745314546,1246359.1576355025,0.0013230242808297962,1261923.4964830163,0.0013716282827004572,1312118.577303594,0.007374936826131417,1288886.6491644129,0.004931928376186846,1233277.2224400407,0.003986144249694148,1175310.604048045,ok,,25.2
T023,gd-tp,ofat,85.0,9.0,0.4064,0.021,120.0,2.5,1.5,1.016,7,7,0.005026952371081134,1.0,9.405405405405407,2,0.004457479096334914,36.0,9,11,0.00023655635488838158,0.0002629107155928068,0.0003113667286583166,0.0003129919041222136,0.0007156967214715707,0.001767868453629685,0.005026952371081134,0.0030557682238427173,0.0033524889614238644,0.003045887895398263,0.004727961344827157,0.001340331253904327,1.6314201433447115,2,0.0017954381591179613,1244543.0361960325,7.746,0.0030911446656357523,1087085.3175884238,6.984,True,0.0017012624628029089,1173445.4321134961,6.984,True,0.0020622572163711077,863058.7883061286,4.5456,False,0.0023165118088797434,946103.0963017783,5.3584,False,0.0027782360277517344,1038573.9571390887,6.1712,False,0.0017954381591179613,1244543.0361960325,7.7968,True,0.004858290298727125,1219401.2017541593,8.6096,False,0.004189207511183745,1147091.005225643,9.4224,False,0.0017954381591179613,1244543.0361960325,8.0,True,0.005026952371081134,1238556.2117934434,8.0,True,0.002389137823581,967944.346160791,5.5616,False,0.0029353721198718307,1062935.3351310361,6.3744,False,0.0017012624628029089,1173445.4321134961,7.1872,True,0.00469044974853833,1200339.4922720338,8.8128,False,0.0040236133877320016,1131908.9681299548,9.6256,False,0.0034328679616997416,1078089.6120558959,10.4384,False,0.0017954381591179613,1244543.0361960325,0.00427738590839009,1195488.6608672189,0.0017731172554929868,1227781.5830806617,0.0026627876448353403,1019890.2066412682,0.003272685208299672,1105468.1939729254,0.0039047519552633165,1143783.572788679,0.0017954381591179613,1244543.0361960325,0.004858290298727125,1219401.2017541593,0.00429743664791473,1200093.2722521764,0.0017954381591179613,1244543.0361960325,0.005026952371081134,1238556.2117934434,0.00344353398562241,1125607.815442173,0.004050266310095347,1168547.0761223976,0.0017731172554929868,1227781.5830806617,0.00469044974853833,1200339.4922720338,0.00413971025002747,1188751.2324202065,0.0035569402742555165,1138818.3747023412,ok,,21.0
T024,gd-tp,ofat,85.0,9.0,0.4064,0.021,120.0,2.5,3.0,1.016,7,7,0.007055521596077616,1.0,9.405405405405407,2,0.004757942551419354,36.0,9,11,0.00023636954581155765,0.00026527342670851467,0.00031588952698486766,0.0003161250366757103,0.0007385776171602224,0.0017819908788979167,0.007055521596077616,0.003023742371455969,0.0033820464941819433,0.0030369328813089143,0.004728463472586456,0.00133994319789398,4.168091883943399,2,0.0008616640949647091,1313948.7563694785,7.746,0.0035419274752292807,1138021.4577850632,6.984,True,0.0008139121450560923,1234905.5569296158,6.984,True,0.002123809917379147,885076.6455939114,4.5456,False,0.002464331515836653,979316.5847766782,5.3584,False,0.0031126671724005083,1083505.3685752621,6.1712,False,0.0008616640949647091,1313948.7563694785,7.7968,True,0.006467079864977952,1278359.468301929,8.6096,False,0.004513867286704239,1189651.85879774,9.4224,False,0.0008616640949647091,1313948.7563694785,8.0,True,0.007055521596077616,1301749.411720476,8.0,True,0.002571523293143582,1003999.0810393669,5.5616,False,0.0033282326069149883,1110882.1942008748,6.3744,False,0.0008139121450560923,1234905.5569296158,7.1872,True,0.005881504326130573,1255083.4530279452,8.8128,False,0.004311750624297129,1170708.6719695653,9.6256,False,0.0035971761465425967,1102233.1905875537,10.4384,False,0.0008616640949647091,1313948.7563694785,0.005166299239582456,1241346.004571267,0.0008370671669331596,1273402.968381369,0.0024217742911312626,967834.0236900173,0.003034459738739529,1068758.1118256156,0.004284059029048027,1181738.4577023848,0.0008616640949647091,1313948.7563694785,0.006467079864977952,1278359.468301929,0.0045673281149316005,1215898.4250202083,0.0008616640949647091,1313948.7563694785,0.007055521596077616,1301749.411720476,0.003235441111549495,1095270.0998010589,0.004727101381384674,1211672.1055530184,0.0008370671669331596,1273402.968381369,0.005881504326130573,1255083.4530279452,0.004379472150783957,1203921.4477249908,0.0036976221597303707,1151429.0749875058,ok,,27.5
T025,gd-tp,ofat,85.0,9.0,0.4064,0.021,120.0,2.5,4.0,1.016,7,7,0.00811788886054104,1.0,9.405405405405407,2,0.0048358696652863135,36.0,8,11,0.00023659126135929656,0.0002674015146681198,0.00031953092683666747,0.0003189519914726838,0.0007573981301933312,0.0017807823336275486,0.00811788886054104,0.0030157017464521934,0.0034527519260699703,0.003036187913830035,0.004728589552863187,0.0013396346569120937,6.501502769992127,2,0.0006182304532199195,1337425.493929217,7.746,0.0037255499031034244,1154097.9250798877,6.984,True,0.0005830879346194131,1254924.9793761862,6.984,True,0.0021391188663788044,890504.1185711686,4.5456,False,0.0025131854759046215,988855.41152591,5.3584,False,0.00324279924218745,1097359.5657491055,6.1712,False,0.0006182304532199195,1337425.493929217,7.7968,True,0.0073021843593025874,1297415.746131627,8.6096,False,0.004646481630212103,1200950.0332723905,9.4224,False,0.0006182304532199195,1337425.493929217,8.0,True,0.00811788886054104,1322843.8632104115,8.0,True,0.0026339820273703404,1014578.6365542987,5.5616,False,0.0034852264018775804,1125852.3683730126,6.3744,False,0.0005830879346194131,1254924.9793761862,7.1872,True,0.006490453005783001,1272111.484769236,8.8128,False,0.004417417096482373,1180328.3457023546,9.6256,False,0.0036330206355849196,1105214.5149284834,10.4384,False,0.0006182304532199195,1337425.493929217,0.005679691797065046,1260172.4990554953,0.0005986827754335796,1291748.2644488947,0.0024427214089830303,974188.0243319322,0.00308754389766841,1079970.0501210226,0.0046059612309867735,1198012.7296222565,0.0006182304532199195,1337425.493929217,0.0073021843593025874,1297415.746131627,0.004646481630212103,1219726.7202338753,0.0006182304532199195,1337425.493929217,0.00811788886054104,1322843.8632104115,0.0033033382257090594,1107731.1084275688,0.005145165985078531,1229228.0496015206,0.0005986827754335796,1291748.2644488947,0.006490453005783001,1272111.484769236,0.004441568873452512,1207623.7477624533,0.0037337434467856713,1154556.1585168124,ok,,31.5
T026,gd-tp,lhs,60.0,12.0,0.508,0.0254,40.0,2.5,3.0,1.27,7,7,0.011326873703633921,1.0,12.409090909090907,1,0.009068598456903613,48.0,9,11,8.803157847817065e-05,0.00016676426638258344,0.00029825611483892,0.00025908187662492844,0.0011197018053730964,0.0023133949224292375,0.011326873703633921,0.005248271186823823,0.005835547938665108,0.005021317035578651,0.009823987171654391,0.001299712837537432,4.121837743530094,2,0.0008547100093945701,2619619.0188227855,10.682500000000001,0.005484568554644945,2434055.9922880568,9.73,True,0.0008261734196325879,2530192.774117623,9.73,True,0.002814143829849261,2131591.089443927,6.682,False,0.003358926409195576,2239988.9552132166,7.698,False,0.0044648102252156366,2358852.7946855812,8.714,False,0.0008547100093945701,2619619.0188227855,10.746,True,0.010334234839030315,2579863.1883458,11.762,False,0.008024058424215094,2479033.2575271684,12.778,False,0.0008547100093945701,2619619.0188227855,11.0,True,0.011326873703633921,2617834.3876906084,11.0,True,0.0035965030198151834,2269257.3569271956,7.952,False,0.004891143721898872,2390293.2264725585,8.968,False,0.0008261734196325879,2530192.774117623,9.984,True,0.00961980078758713,2552534.0974211753,12.016,False,0.007562163503827591,2455618.180050274,13.032,False,0.005952834406032015,2377402.3574756198,14.048,False,0.0008547100093945701,2619619.0188227855,0.008083969661156926,2539432.570044227,0.0008355210715417536,2559985.749135942,0.0033494201037178027,2235811.534671086,0.004277848080384567,2335332.3434668058,0.006319084860875139,2459181.5075790393,0.0008547100093945701,2619619.0188227855,0.010334234839030315,2579863.1883458,0.008090661156521467,2541178.1069343295,0.0008547100093945701,2619619.0188227855,0.011326873703633921,2617834.3876906084,0.004747198100734904,2364466.923563666,0.006987212534035961,2492732.3157322565,0.0008355210715417536,2559985.749135942,0.00961980078758713,2560095.0826795152,0.007639628337560142,2527875.793292204,0.006046504017201331,2464713.6667576563,ok,,58.6
T027,gd-tp,lhs,120.0,6.0,0.3239,0.0175,40.0,1.0,2.0,0.3239,7,7,0.0017261947993055238,1.0,6.104166666666668,2,0.0015938787308212453,24.0,6,11,0.0001272029162452014,0.000166781934925853,0.00024996502180706754,0.00022698835116473687,0.00048401785042199525,0.001175799708704622,0.0017261947993055238,0.0014813548693319164,0.0015411951341531382,0.0015534470912034928,0.0018317349523310387,0.0009370431124838703,2.382450168421768,2,0.0008080783468848703,412729.8868102429,4.9190249999999995,0.0016524946601012922,394888.7987373322,4.6761,True,0.000792621213674028,404277.4584985202,4.6761,True,0.00132004458328991,309611.846333578,2.7327,False,0.001430690103307129,337991.98294778145,3.3804999999999996,False,0.0015474620183925055,367945.3055254987,4.0283,False,0.0017004185649622042,407174.720862777,5.3239,False,0.0016318325256692108,389585.1269768906,5.9717,False,0.0015707379320653572,373918.0185846539,6.6195,False,0.0008080783468848703,412729.8868102429,5.0,True,0.0017261947993055238,413785.62971948116,5.0,True,0.0013753673432985193,323801.9146406797,3.0566,False,0.0014886847622209525,352868.16336597735,3.7043999999999997,False,0.0016089269221967702,383712.4266529565,4.3522,False,0.001664586468214821,397985.0052080511,5.6478,False,0.0015996232274857762,381325.02885938593,6.2956,False,0.001541852636644938,366511.0083099219,6.9434000000000005,False,0.0008126992577342927,415236.0441226477,0.0017206627831442575,412366.1265924534,0.0008126992577342927,415236.0441226477,0.001455387942873837,344276.11405434663,0.0015544614603918143,369695.388819355,0.001612026381427402,384497.27274185483,0.0017004185649622042,407174.720862777,0.0016318325256692108,389585.1269768906,0.0015785887040589742,375962.7117307187,0.0008080783468848703,412729.8868102429,0.0017261947993055238,413785.62971948116,0.0015049247016328256,356985.7514368508,0.0015813984775006366,376603.9455566762,0.0016756015493773712,400806.24937764625,0.001664586468214821,397985.0052080511,0.0015996232274857762,381325.02885938593,0.0015651856197063368,372524.5279457403,ok,,22.8
T028,gd-tp,lhs,105.0,7.5,0.3239,0.0175,120.0,10.0,3.0,3.2390000000000003,12,12,0.005869894724340075,1.0,7.901785714285715,2,0.0034090862890698843,30.0,8,11,0.00034842702495101944,0.00037214419891156716,0.0004238719397847222,0.00042518675903780524,0.0006667130737944172,0.0018095050896396736,0.005869894724340075,0.004788122339535604,0.0022415508746481782,0.0019923975046444516,0.002693111245330254,0.0015608853835033447,4.234300620603103,2,0.0008523189656375027,657883.4751532075,6.0951249999999995,0.0018304012128636188,379523.7843008827,3.2609999999999992,True,0.000604506410955967,441028.630652171,3.2609999999999992,True,0.0014391299449099714,282846.29934197123,1.3175999999999992,False,0.0015865170022975235,320647.74434261967,1.9653999999999991,False,0.0017634921377863804,363443.77903686906,2.613199999999999,False,0.0006274897596269695,461140.22302373906,3.9087999999999994,False,0.0006893656375183391,515284.9382683347,4.5565999999999995,False,0.0007553501521239171,573026.2692891632,5.2044,False,0.0008523189656375027,657883.4751532075,6.5,True,0.005869894724340075,653791.1601564803,6.5,True,0.0006893656375183391,515284.9382683347,4.5565999999999995,False,0.0007553501521239171,573026.2692891632,5.2044,False,0.0008257027408811363,634591.6133072753,5.8522,False,0.0051752838456686845,629461.5839839976,7.1478,False,0.0035070992121860444,567179.1050589042,7.7956,False,0.0028327184098004394,515904.5999563687,8.4434,False,0.0008523189656375027,657950.2918825748,0.004908891314304979,627819.0049739992,0.0008335512076999554,641317.0712993834,0.002349829184983905,471114.36352938064,0.002951307090430599,531406.43209705,0.004352846523988773,601434.6072531802,0.0008101473074437655,620846.5194684314,0.0007693121414325043,585344.7973985132,0.0007822244012003221,596708.1392855123,0.0008523189656375027,657950.2918825748,0.005869894724340075,653791.1601564803,0.0007693121414325043,585344.7973985132,0.0007822244012003221,596708.1392855123,0.0008296484912045293,638113.9941784639,0.0051752838456686845,629461.5839839976,0.0035070992121860444,567179.1050589042,0.0028637788746937736,527128.8140631838,ok,,17.2
T029,gd-tp,lhs,85.0,12.0,0.3239,0.0175,160.0,5.0,1.5,1.6195000000000002,9,9,0.006283213499675356,1.0,12.409090909090907,2,0.005657046174842781,48.0,10,11,0.0004982507752854247,0.0004931256063467464,0.0005186185364612591,0.0005220113899597719,0.0007729548912261329,0.0017565367692289908,0.006283213499675356,0.004390268980094929,0.0045235875462991786,0.004312078007639866,0.005800581317452245,0.0011188575771174623,1.638193353815655,2,0.001959977535429115,648752.8857054226,10.595125,0.0027629560211315015,484601.5572117666,9.380500000000001,True,0.0017067319609461798,560963.3662831692,9.380500000000001,True,0.001966144746016036,375947.34675510705,7.437100000000001,False,0.002179662983933433,416509.6213385803,8.084900000000001,False,0.002598837234610646,465939.6298919881,8.732700000000001,False,0.0017827056332910605,587300.2221098453,10.028300000000002,False,0.001959977535429115,648752.8857054226,10.676100000000002,True,0.006283213499675356,638606.6630605827,11.323900000000002,True,0.001959977535429115,648752.8857054226,11.0,True,0.006283213499675356,638606.6630605827,11.0,True,0.0027629560211315015,484601.5572117666,9.0566,True,0.0017067319609461798,560963.3662831692,9.7044,True,0.0018840038630842343,622416.0298787466,10.3522,False,0.005995790823220533,609939.2209446243,11.6478,False,0.005159102669302481,534352.9125119115,12.2956,False,0.003841627104497457,477512.2091184624,12.9434,False,0.001959977535429115,648752.8857054226,0.005385394619106215,620569.7659239991,0.001873261386026837,620912.7387776633,0.003355549169476947,526723.2652725579,0.004294106968767455,577642.1186704071,0.005021809746633278,593557.136402815,0.0018328518030102006,606321.4994809233,0.001959977535429115,648752.8857054226,0.006283213499675356,638851.5392033337,0.001959977535429115,648752.8857054226,0.006283213499675356,638851.5392033337,0.005385394619106215,620569.7659239991,0.001873261386026837,620912.7387776633,0.0018840038630842343,622416.0298787466,0.005995790823220533,622215.4268433552,0.005519601665787857,627005.9766541515,0.004216512146597377,573819.6110755112,ok,,22.0
T030,gd-tp,lhs,70.0,12.0,0.3239,0.0175,160.0,1.0,4.0,0.3239,6,5,0.01028121535173215,1.0,12.102272727272727,2,0.007560656798924,48.0,10,11,0.0005003944679274067,0.0004932177563206481,0.0005242161760940133,0.0005426455726746948,0.0008660279523945606,0.0021218154118236576,0.01028121535173215,0.00619579700771195,0.006253226551593198,0.006057052389312445,0.008067554055174519,0.0011472693251662457,6.651415514168939,2,0.0006707368500113884,714215.4761059876,10.919025000000001,0.006845413311358269,664169.8021220304,10.676100000000002,True,0.0006516104834304152,690398.1584813102,10.676100000000002,True,0.002664016677217465,472970.20410504116,8.732700000000001,False,0.003401791423002436,529654.4931770399,9.380500000000001,False,0.004709077025352816,595921.2607628121,10.028300000000002,False,0.007947293405697109,668758.2088341484,11.323900000000002,False,0.007279442630005972,579110.7950821649,11.971700000000002,False,0.005687521619196067,510464.2607426823,12.619500000000002,False,0.0006707368500113884,714215.4761059876,11.0,True,0.01028121535173215,707251.3547600232,11.0,True,0.003032904050109948,501312.3486410404,9.0566,False,0.004020799311064416,562205.1166820268,9.7044,False,0.005697883069069254,634623.0539883433,10.3522,False,0.007673698762507155,619343.6261412575,11.6478,False,0.006745230068405488,540936.8947076186,12.2956,False,0.004629813169986658,479991.62677774637,12.9434,False,0.0006707368500113884,714215.4761059876,0.008552907862030628,690700.4348733863,0.0006525282075362548,691855.5161719393,0.0028340798204121494,487557.3243370229,0.00370441073566924,547410.7263219673,0.005250251442616316,617578.4389067404,0.008003353788734808,683029.0651428114,0.007501090354528706,674184.9819734013,0.006185154414517709,638348.5401436283,0.0006707368500113884,714215.4761059876,0.01028121535173215,707251.3547600232,0.003269245278040692,517484.0253294949,0.004436249830247377,581867.3158163121,0.00661284102618584,658767.5389692291,0.007806571957432894,675191.2103145026,0.007236740150898991,667286.504881132,0.005133568678136439,609410.5754061248,partial 5/6,,47.5
T031,gd-tp,lhs,60.0,9.0,0.2731,0.0159,120.0,10.0,1.5,2.731,12,12,0.007933956659022969,1.0924,9.497805405405407,3,0.006515763260855376,36.0,9,11,0.000469234221273811,0.00047484595244070795,0.0005004961812280533,0.0005174091629673622,0.0008690808076912502,0.001846847623502209,0.007933956659022969,0.005008571334995782,0.00506471994366625,0.004859037422873047,0.006582748002370497,0.004625180679607011,1.650427171101021,2,0.002087111212216979,441186.5042848701,7.658625,0.0022571145296872534,276357.4184284896,5.269,True,0.0015175415907693374,312291.28193836065,5.269,True,0.001889613332861626,231825.44734841536,3.6304,False,0.0020276511371118975,248878.67582838188,4.1766000000000005,False,0.0022108229819862196,270813.9044519864,4.7228,False,0.0015609167481826927,323304.87581089366,5.8152,False,0.0016796019404044483,353276.3898926384,6.3614,False,0.0018194138731291928,387461.41692598053,6.9076,False,0.002087111212216979,441186.5042848701,8.0,True,0.007933956659022969,421985.03824948485,8.0,True,0.0016796019404044483,353276.3898926384,6.3614,False,0.0018194138731291928,387461.41692598053,6.9076,False,0.002012044957967821,426350.9165909536,7.4538,False,0.007609492799706343,408858.299585621,8.5462,False,0.006350764362943289,357934.29445000243,9.0924,False,0.004918000759235771,321006.7437166153,9.6386,False,0.002087111212216979,441186.5042848701,0.007121958336918049,417542.91953400115,0.0020267452677363994,429809.98510728497,0.004064753661406298,361681.92128293426,0.005146591689369082,382490.20050136716,0.006616605802188725,405478.2715350636,0.0019582124205984345,415874.209388309,0.0018597378088507914,398114.8294430602,0.0018907822366140232,403776.2699488971,0.002087111212216979,441186.5042848701,0.007933956659022969,425981.74403074617,0.0018597378088507914,398114.8294430602,0.0018907822366140232,403776.2699488971,0.002021428470427255,428082.68575405073,0.007609492799706343,419866.69054852834,0.006418764488669525,418239.1765867312,0.0053712034943020565,395238.17873382004,ok,,21.9
T032,gd-tp,lhs,150.0,6.0,0.1683,0.011,200.0,5.0,1.5,0.8415,12,12,0.004626551662148466,1.0,6.416666666666668,3,0.004174309342099013,24.0,10,11,0.0018656910601532939,0.001867651667770718,0.0018684726698475003,0.0018608774842346658,0.0018698576411476252,0.002799821563050059,0.004626551662148466,0.004080390095664795,0.0041305904140629774,0.00402633619303595,0.004465131488631046,0.0026172112458876023,1.6718142920877852,2,0.001631654847528436,34314.101965187496,4.789625,0.0027360802280444723,13528.293291391303,4.1585,True,0.0014725063124423304,23889.241864338062,4.1585,True,0.0022425164388841724,7738.434196215163,3.1487,False,0.002518305971282548,10973.64424926163,3.4853,False,0.0027360802280444723,13528.293291391303,3.8219000000000003,True,0.001520250872968162,27016.699894592886,4.4951,False,0.001631654847528436,34314.101965187496,4.8317,True,0.004626551662148466,23278.049271743505,5.1683,True,0.001631654847528436,34314.101965187496,5.0,True,0.004626551662148466,23278.049271743505,5.0,True,0.0027360802280444723,13528.293291391303,3.9901999999999997,True,0.0014725063124423304,23889.241864338062,4.3268,True,0.0015839102870026044,31186.64393493267,4.6634,False,0.004626551662148466,23278.049271743505,5.3366,True,0.004332558028990972,16641.610282786653,5.6732,False,0.003946805987979487,7933.871079241066,6.0098,False,0.001631654847528436,34314.101965187496,0.004606200384338666,24456.778576755692,0.001545057634988063,28645.754142331116,0.003741650837250902,17558.991015529347,0.004142784167016803,19278.169205874045,0.004606200384338666,24456.778576755692,0.0015222431823885478,27160.37724227866,0.001631654847528436,34314.101965187496,0.004626551662148466,23278.049271743505,0.001631654847528436,34314.101965187496,0.004626551662148466,23278.049271743505,0.004606200384338666,24456.778576755692,0.001545057634988063,28645.754142331116,0.0015839102870026044,31186.64393493267,0.004626551662148466,23278.049271743505,0.004332558028990972,21205.69755694617,0.004100438086767974,22030.553000896864,ok,,10.6
T033,gd-tp,lhs,60.0,6.0,0.2191,0.0127,40.0,10.0,4.0,2.191,13,13,0.006791606221589164,1.0,6.416666666666668,3,0.0037702498698276785,24.0,8,11,0.00023973922721957818,0.0002640738197546082,0.0003148984258176262,0.00031669986945272025,0.000633283624236363,0.0018622167892894637,0.006791606221589164,0.005555813207153205,0.002479544131110539,0.00221358291381892,0.0031201434177349223,0.0019180759462757858,6.910045679824916,2,0.0005735940239956974,217787.8806540016,4.45225,0.0019379930017174828,140749.99459862066,2.809,True,0.0004688496603952629,174331.82815149968,2.809,True,0.0015890065595298105,114226.51752087336,1.4944000000000002,False,0.001752963420328953,126815.96640715652,1.9326000000000003,False,0.0019258445358200163,139835.12971578396,2.3708,False,0.0004688496603952629,174331.82815149968,3.2472000000000003,True,0.0005002729694753933,187368.64390225025,3.6854,False,0.0005421707149155671,204751.064903251,4.1236,False,0.0005735940239956974,217787.8806540016,5.0,True,0.006791606221589164,221891.85011475897,5.0,True,0.0005002729694753933,187368.64390225025,3.6854,False,0.0005421707149155671,204751.064903251,4.1236,False,0.0005735940239956974,217787.8806540016,4.5618,True,0.006711231934163853,221056.2646881323,5.4382,False,0.005075627626898846,204052.23060386797,5.8764,False,0.0036044297045461932,187739.65301459198,6.3146,False,0.000578694773496626,219946.35500194313,0.005361183647913608,213788.734496897,0.0005636875044638758,213723.4901609632,0.0026091956926741766,173586.76271171874,0.003812038616976705,192609.78477332997,0.00525947161118231,212398.19063612566,0.0005636875044638758,213723.4901609632,0.0005544816752764267,209935.8492987475,0.000561180409823961,212715.5924499514,0.000578694773496626,219946.35500194313,0.006791606221589164,221891.85011475897,0.0005544816752764267,209935.8492987475,0.000561180409823961,212715.5924499514,0.000578694773496626,219946.35500194313,0.006711231934163853,221056.2646881323,0.005075627626898846,204052.23060386797,0.0037135455197142907,199299.29085837482,ok,,18.6
T034,gd-tp,lhs,150.0,6.0,0.1683,0.011,200.0,10.0,2.0,1.683,14,14,0.005532448159341376,2.683,5.592592592592595,9,0.004211130391623826,24.0,10,11,0.0018657709647080458,0.0018678425442844437,0.0018684491100992955,0.0018614088079746645,0.0018736264608328749,0.0028028669407043705,0.005532448159341376,0.004131744563112588,0.004130728039099964,0.004026329193816134,0.004465146261035769,0.003494837974728532,2.4793386573521867,2,0.0011219308985043425,28928.963297584392,3.73775,0.005532448159341376,27001.82672347978,3.317,True,0.0011219308985043425,28928.963297584392,3.317,True,0.003105780487789504,12885.728277265105,2.3072,False,0.004461733977736852,20773.40617274902,2.6438,False,0.005532448159341376,27001.82672347978,2.9804000000000004,True,0.0011219308985043425,28928.963297584392,3.6536,True,0.0010436293454472501,21811.557578883378,3.9902,False,0.0009392272747044605,12321.683287282023,4.3268,False,0.0008609257216473684,5204.277568581019,5.0,True,0.004363798623072233,-10508.331613934784,5.0,True,0.0010436293454472504,21811.55757888339,3.9901999999999997,False,0.0009392272747044605,12321.683287282023,4.3268,False,0.0008609257216473684,5204.277568581019,4.6634,True,0.004363798623072233,-10508.331613934784,5.3366,True,0.004035549192743618,-11359.121045446906,5.6732,False,0.003604849771296323,-12475.450525619653,6.0098,False,0.0012066173854254393,36629.09798879845,0.005532448159341376,27001.82672347978,0.0011328086458655094,29939.662563346363,0.003707191623223599,15288.878897575163,0.004508624196360547,20773.40617274902,0.005532448159341376,27001.82672347978,0.0011328086458655094,29939.662563346363,0.0011137387857548258,28207.17573187032,0.0011532343331011033,31776.409689425454,0.0012066173854254393,36629.09798879845,0.005301509792974664,27097.95226822766,0.0011137387857548258,28207.17573187032,0.0011532343331011033,31776.409689425454,0.0012066173854254393,36629.09798879845,0.005301509792974664,27097.95226822766,0.00481799692331347,21722.20245296208,0.004184180861505322,22301.691991052357,ok,,12.3
T035,gd-tp,lhs,70.0,9.0,0.3239,0.0175,120.0,2.5,2.0,0.8097500000000001,8,8,0.006652368937040515,1.0,9.202702702702702,2,0.005251120959533045,36.0,9,11,0.0003597681635057944,0.00036940308590737857,0.0004068992383421579,0.0004190758746441123,0.0008291051323746248,0.001763524242749278,0.006652368937040515,0.0038336832955031706,0.004046340690601632,0.003780091576767274,0.005528864140011553,0.0013045229688819562,2.382450168421768,2,0.0013917432373488823,673334.758188351,7.7975625,0.003924863092729161,590477.2262710456,7.190250000000001,True,0.0013141373015856583,630889.191849702,7.190250000000001,True,0.0022491436486791923,456706.55073080957,5.24685,False,0.0025818630346542636,500762.44859593787,5.89465,False,0.003209406919072383,550800.836396377,6.5424500000000005,False,0.0013917432373488823,673334.758188351,7.838050000000001,True,0.005829847333413191,643307.0128947358,8.485850000000001,False,0.00507136612042893,587348.6803545272,9.133650000000001,False,0.0013917432373488823,673334.758188351,8.0,True,0.006652368937040515,672544.4581407825,8.0,True,0.0027114834414975544,512718.7809271477,6.0565999999999995,False,0.003456115230851768,565011.2068230886,6.7044,False,0.0013141373015856583,630889.191849702,7.3522,True,0.005444234919008658,627409.9528070929,8.6478,False,0.0048886870889462445,575394.7046999857,9.2956,False,0.00391505009258881,533402.393938663,9.9434,False,0.0013917432373488823,673334.758188351,0.005595662064539521,651388.1984258587,0.001355578416008302,653653.6001306106,0.00309409599043057,541632.5706864157,0.003826971498211885,584267.910274066,0.004457439435274677,605057.811189574,0.0013917432373488823,673334.758188351,0.005829847333413191,645688.3945040513,0.0052410903958846015,642671.3554218332,0.0013917432373488823,673334.758188351,0.006652368937040515,672544.4581407825,0.0039859649580985534,589239.7438863661,0.004744276418154939,621510.7874859151,0.001355578416008302,653653.6001306106,0.005496448583228835,640842.857828681,0.005134336713144629,638554.2741270111,0.00418133559371612,601835.5047901734,ok,,23.5
T036,gd-tp,lhs,105.0,6.0,0.2191,0.0127,120.0,2.5,1.5,0.54775,9,9,0.0027113967650342005,1.0,6.208333333333336,3,0.0022641359831299833,24.0,10,11,0.0006956901206339324,0.0006935952229205384,0.000706313677525919,0.000721501100496361,0.0008535834242654938,0.001360257245585638,0.0027113967650342005,0.0019787569378322154,0.0020503134209802184,0.001993375532184435,0.002412702580787505,0.0012427255744588642,1.6496730908792347,2,0.0014974804176007286,137873.68241880205,4.8630625,0.0020985947202010846,112191.0248111242,4.452249999999999,True,0.0014047731886766418,125767.10533520047,4.452249999999999,True,0.001627261848955213,79415.85433418483,3.1376499999999994,False,0.0017751489160304163,90721.65709991129,3.5758499999999995,False,0.0019676910614091843,103981.9201196963,4.014049999999999,False,0.0014974804176007286,137873.68241880205,4.8904499999999995,True,0.002607671866242917,130424.29806061697,5.32865,False,0.002278678395800815,114759.33883939359,5.76685,False,0.0014974804176007286,137873.68241880205,5.0,True,0.0027113967650342005,135139.48696261022,5.0,True,0.001814798919368676,93697.79866528275,3.6854,False,0.002028845527586905,107816.98034516617,4.1236,False,0.0014047731886766418,125767.10533520047,4.5618,True,0.002513228901877337,126131.05292239806,5.4382,False,0.002221906720106824,111630.7305491303,5.8764,False,0.002004854289140554,99681.95713231266,6.3146,False,0.0014974804176007286,137873.68241880205,0.002627469905813442,132614.31052409305,0.0014863033083378889,136417.6977550404,0.002124982254507546,113419.72627823593,0.0022327221453119434,117148.5197478758,0.002393490549670429,122554.0169145916,0.0014974804176007286,137873.68241880205,0.002607671866242917,130424.29806061697,0.002385683146931709,123727.41843368004,0.0014974804176007286,137873.68241880205,0.0027113967650342005,135139.48696261022,0.0022743419415483914,119664.18023145926,0.002479880940032712,127253.89995039154,0.0014863033083378889,136417.6977550404,0.002513228901877337,126131.05292239806,0.0023345523302919758,121082.22374683959,0.002234521811557215,119002.27778340543,ok,,6.7
T037,gd-tp,lhs,150.0,6.0,0.61,0.0286,160.0,2.5,4.0,1.525,6,6,0.0037081494368352147,1.0,6.416666666666668,1,0.00242102255978737,24.0,5,11,0.00023229823440925576,0.00035705778842231456,0.0008158723636415586,0.0005607020616065241,0.0010714116628179745,0.0020274649682603023,0.0037081494368352147,0.002737896778012233,0.0022684447093561937,0.0024104520564400284,0.0029770600111874036,0.0014678290112240863,6.207794520638765,2,0.0005377297951142325,3633119.1184819723,4.61875,0.0024149380990508523,3158459.564033715,3.4749999999999996,True,0.0005043900476475162,3393955.2915087696,3.4749999999999996,True,0.0016456796816689291,2283495.4726381083,-0.1850000000000005,False,0.0018760266613466609,2596338.2767443745,1.0349999999999997,False,0.0021687074906470588,2926308.119671194,2.255,False,0.0005377297951142325,3633119.1184819723,4.694999999999999,True,0.0033948524797858615,3589214.7660812,5.914999999999999,False,0.0028379003661051015,3386514.1314498833,7.135,False,0.0005377297951142325,3633119.1184819723,5.0,True,0.0037081494368352147,3678010.1594170835,5.0,True,0.00194367837247506,2676605.11228723,1.3399999999999999,False,0.002261128140610834,3013444.2702785484,2.56,False,0.0005043900476475162,3393955.2915087696,3.7800000000000002,True,0.003203102168280738,3534868.4216649234,6.22,False,0.002741477196452589,3341459.7084752712,7.4399999999999995,False,0.002428194129866187,3171435.709005566,8.66,False,0.0005377297951142325,3633119.1184819723,0.003342298293725888,3574567.8438807954,0.0005375962061018954,3631619.3740285328,0.001907860871472057,2636888.082940102,0.002216556372936339,2971066.2394600627,0.0027052476533235567,3324564.898282355,0.0005377297951142325,3633119.1184819723,0.0033948524797858615,3589214.7660812,0.0028379003661051015,3386514.1314498833,0.0005377297951142325,3633119.1184819723,0.0037081494368352147,3678010.1594170835,0.0023020308834996754,3056916.169772086,0.0029443594137480407,3418401.4642350967,0.0005375962061018954,3631619.3740285328,0.003203102168280738,3534868.4216649234,0.002741477196452589,3341459.7084752712,0.002428194129866187,3171435.709005566,ok,,12.6
T038,gd-tp,lhs,85.0,10.5,0.2731,0.0159,80.0,1.0,1.5,0.2731,8,8,0.0035243616561499353,1.0,10.601902173913047,2,0.00309027210579505,42.0,10,11,0.00033966844436602114,0.00033593793358476523,0.00035430256900991516,0.000360366921669833,0.0005720251193840405,0.0013033528541409284,0.0035243616561499353,0.0024714890644056725,0.002578037569080073,0.0024360372537158685,0.0034787135941183518,0.0010440039315254294,1.650427171101021,2,0.0016621107641688181,372901.7040268431,9.431725,0.003043135501666419,352222.520764912,9.2269,True,0.0016252692916111358,363546.6897072655,9.2269,True,0.0019984566398155478,269315.49507108866,7.5883,False,0.002218693051607041,295428.7480842324,8.134500000000001,False,0.0025237263824170342,324861.1939128895,8.6807,False,0.0033336109832678607,360469.4567353883,9.773100000000001,False,0.0030291426612298754,330904.28821939474,10.3193,False,0.0027212543209048498,305442.38218595955,10.8655,False,0.0016621107641688181,372901.7040268431,9.5,True,0.0035243616561499353,371110.57743592525,9.5,True,0.002100610751656519,281908.9851697759,7.8614,False,0.002353652504117078,309929.9689972978,8.4076,False,0.0028138360444325723,341279.62712244823,8.9538,False,0.0031681708362581,344768.44152204547,10.0462,False,0.0028924942662813336,317562.1628975541,10.5924,False,0.002518392332872953,294440.01404843683,11.1386,False,0.0016621107641688181,372901.7040268431,0.0034228324342111594,367342.860787838,0.0016511454631707768,370153.58556712087,0.0025060488116205805,319169.940896563,0.00281072907402388,338496.72825705895,0.003057074990323231,349983.955968759,0.0033336109832678607,360793.2979091936,0.0031477010075957944,353360.8811634661,0.002986314195429442,348849.2704835625,0.0016621107641688181,372901.7040268431,0.0035243616561499353,371110.57743592525,0.0026713311921262315,331275.42792654486,0.0029342819478725603,341909.7702833656,0.0032518287558304017,356068.1955261183,0.003262957363801831,360978.6063365328,0.0030837771797560293,353975.701633089,0.0027873226298711622,338474.4448171612,ok,,36.0
T039,gd-tp,lhs,105.0,7.5,0.4064,0.021,80.0,10.0,1.5,4.064,11,11,0.003299920740284105,1.0,7.901785714285715,2,0.002910024508341724,30.0,8,11,0.00018773571148916244,0.0002450927442798957,0.0004146708349734009,0.00033524035929155316,0.0007157802044306683,0.0018817651720548472,0.003299920740284105,0.002903829332084501,0.0022845312268370047,0.002192010563057549,0.0029689460654983776,0.0017984983960110414,1.6314201433447115,2,0.0015813929029147595,1120075.8220052586,5.992,0.0016287109514959775,721824.1754157078,2.436,True,0.0011622365173350523,803691.7368797109,2.436,True,0.0013042631048342046,563429.3805822362,-0.0023999999999997357,False,0.0014275115489299681,623596.2129314194,0.8104,False,0.001560196822521657,688374.0545552853,1.6232,False,0.0012010208627127746,832964.612610162,3.2488,False,0.0013054661811129763,911796.4362645082,4.0616,False,0.0014170542812637751,996024.0118641909,4.8744,False,0.0015813929029147595,1120075.8220052586,6.5,True,0.003299920740284105,1146852.2095485209,6.5,True,0.0013054661811129763,911796.4362645082,4.0616,False,0.0014170542812637751,996024.0118641909,4.8744,False,0.0015362758701751192,1086018.8130479264,5.6872,False,0.003087941438000622,1116118.8422087827,7.3128,False,0.0027532011068939523,1059497.990091231,8.1256,False,0.002497801285160428,1010681.222917447,8.9384,False,0.0016055980037457786,1137990.454509241,0.0030856472659386187,1121118.8728163377,0.0016055980037457786,1137990.454509241,0.002211031993535716,949866.140619735,0.0025316484076513793,1031572.8788079789,0.00287010902292801,1076135.9664921274,0.0015807335435856018,1119230.8134008073,0.00151559953879501,1070136.163824556,0.001498977551821184,1057929.1757957367,0.0015928665248762396,1128821.5202665578,0.003299920740284105,1146852.2095485209,0.00151559953879501,1070136.163824556,0.001498977551821184,1057929.1757957367,0.0015573543712351634,1102012.8795205946,0.003087941438000622,1116118.8422087827,0.002800130764225578,1082501.1685601345,0.0025679935269535986,1045039.4567317673,ok,,15.0
T040,gd-tp,lhs,120.0,7.5,0.4064,0.021,200.0,1.0,2.0,0.4064,6,6,0.003643903463732977,1.0,7.700892857142858,2,0.0028369871910460297,30.0,8,11,0.0003777296506675319,0.0003945440526835592,0.00042716605953047293,0.00043075441536752926,0.0006959921281909509,0.0015573977028059535,0.003643903463732977,0.0021750936105840468,0.0023430913215488364,0.0021715101775898614,0.003007525855782051,0.0013212656447442687,2.363101196855719,2,0.0012246032293263753,1088492.4601710443,6.3984000000000005,0.0031172703131187437,1021783.9619725602,6.0936,True,0.001192155314337142,1054827.1788507085,6.0936,True,0.0018453166245307807,709067.7127820984,3.6552000000000007,False,0.002105878330574568,807059.0605880086,4.468,False,0.0024958516635303386,915603.2270115996,5.2808,False,0.0034234309817152042,1056425.0556539928,6.9064000000000005,False,0.002815671249550118,970744.0928959469,7.719200000000001,False,0.0025044684263140406,900019.1083235275,8.532,False,0.0012246032293263753,1088492.4601710443,6.5,True,0.003643903463732977,1080618.7334638317,6.5,True,0.001962032658549841,755235.9024480287,4.0616,False,0.002250840263481451,858935.6717218192,4.8744,False,0.0027930799092765355,974521.2194782911,5.6872,False,0.0030762355490564965,1011924.1044785933,7.3128,False,0.0026595221596281415,935179.2513233927,8.1256,False,0.0023676138904359387,871582.9757267355,8.9384,False,0.0012246032293263753,1088492.4601710443,0.00362461743064607,1078540.857364905,0.0012197703608605674,1083518.2506941503,0.002063500132150601,791815.8537105552,0.002349096967025524,880468.0272831508,0.002763040745603228,966383.7015276889,0.0034234309817152042,1056425.0556539928,0.0028326819190889517,981910.2667158196,0.0025793866371659263,936685.2424944009,0.0012246032293263753,1088492.4601710443,0.003643903463732977,1080618.7334638317,0.0021928912229393443,838378.8351319472,0.002506242682409162,922217.6441167976,0.003184727308648397,1028508.8349473235,0.0030762355490564965,1011924.1044785933,0.002706287309558561,959445.8925956832,0.002444077800821226,909002.0082432202,ok,,25.6
T041,gd-tp,lhs,105.0,10.5,0.2191,0.0127,200.0,10.0,4.0,2.191,13,13,0.010339436647240945,1.0,10.907608695652172,3,0.006940435897030526,42.0,10,11,0.0011769699119778246,0.0011773090042599694,0.0011829070056639359,0.0011709986407788394,0.0012125879560855612,0.0027108738205575225,0.010339436647240945,0.00568095046378077,0.0057103614405055,0.005809219680053365,0.00658707113751565,0.0022885752891824472,6.910045679824916,2,0.0006696667802957424,177871.7292799551,8.95225,0.002335137594447353,77957.03305671454,7.309000000000001,True,0.0005292575293945141,119624.3164952514,7.309000000000001,True,0.0017733250991001385,51962.291283884755,5.994400000000001,False,0.0020257385645641814,64035.744092023015,6.432600000000001,False,0.002315395283467769,77068.73545577709,6.870800000000001,False,0.0005292575293945141,119624.3164952514,7.747200000000001,True,0.0005713803046648828,137098.54033066257,8.185400000000001,False,0.0006275440050253741,160397.50544454408,8.623600000000001,False,0.0006696667802957424,177871.7292799551,9.5,True,0.010339436647240945,156987.8799708911,9.5,True,0.0005713803046648825,137098.54033066248,8.1854,False,0.0006275440050253738,160397.505444544,8.6236,False,0.0006696667802957424,177871.7292799551,9.0618,True,0.0101839277277659,154131.39103485039,9.9382,False,0.007956366335183356,113214.09514119179,10.3764,False,0.0057959541546609905,77038.59917306084,10.8146,False,0.0006696667802957424,177871.7292799551,0.009297865908561688,153087.42738369707,0.0006076072540471653,152277.61549256093,0.0037302690868585087,110186.00402251538,0.005882453306913346,119061.92476467993,0.009064569677453636,150916.30857251352,0.0006076072540471653,152277.61549256093,0.0006009363250324645,149496.72916040136,0.0006275440050253741,160397.50544454408,0.0006696667802957424,177871.7292799551,0.010339436647240945,156987.8799708911,0.0006009363250324644,149496.72916040136,0.0006275440050253738,160397.505444544,0.0006696667802957424,177871.7292799551,0.0101839277277659,154131.39103485039,0.007956366335183356,141311.13952942268,0.006532924940780324,139179.00369965826,ok,,24.2
T042,gd-tp,lhs,85.0,10.5,0.2191,0.0127,120.0,5.0,3.0,1.0955,11,11,0.006196331902343259,1.0,10.907608695652172,3,0.005076448001645001,42.0,10,11,0.0007304423657478944,0.0007299835847285377,0.0007383726804885327,0.0007309454707296516,0.0008407388809320772,0.001893009758810648,0.006196331902343259,0.004164264800062903,0.004283078886385701,0.0042353712741016085,0.005067660635708775,0.001488145165326491,4.347790123923416,2,0.00093292700683273,211327.01270338203,9.226125,0.0028825467689641525,138968.4627271036,8.404499999999999,True,0.000812167264412831,176294.3517697841,8.404499999999999,True,0.0019407977796848676,101412.33848381913,7.089899999999998,False,0.0023644100458882827,118990.58179632374,7.5280999999999985,False,0.002849485203384035,137693.70262783143,7.966299999999999,False,0.0008483951871388006,186804.15004986344,8.842699999999999,False,0.00093292700683273,211327.01270338203,9.280899999999999,True,0.006196331902343259,193671.31764876225,9.7191,True,0.00093292700683273,211327.01270338203,9.5,True,0.006196331902343259,193671.31764876225,9.5,True,0.0028825467689641525,138968.4627271036,8.1854,True,0.000812167264412831,176294.3517697841,8.6236,True,0.0008966990841067603,200817.21442330268,9.0618,False,0.0061340946320496085,191499.6526563114,9.9382,False,0.005242587309165083,160392.00229685474,10.3764,False,0.0043160609277157575,131763.16676686148,10.8146,False,0.00093292700683273,211327.01270338203,0.005547835348433199,186587.89758769423,0.0008784211637850544,195536.9485952573,0.0037657808356681473,158209.89403243264,0.004425293324834734,158100.6757757601,0.005446499556140787,184737.41712898557,0.000858519279349246,189799.7718565196,0.00093292700683273,211327.01270338203,0.006196331902343259,193671.31764876225,0.00093292700683273,211327.01270338203,0.006196331902343259,193671.31764876225,0.005547835348433199,186587.89758769423,0.0008784211637850544,195536.9485952573,0.0008966990841067603,200817.21442330268,0.0061340946320496085,191499.6526563114,0.005242587309165083,178038.11140692525,0.004853694155447768,177048.91324221285,ok,,23.4
T043,gd-tp,lhs,60.0,12.0,0.2191,0.0127,80.0,1.0,3.0,0.2191,5,4,0.008800619826600459,1.0,12.102272727272727,3,0.007417789553631583,48.0,10,11,0.0005254481105387982,0.0005233459266333587,0.0005355344610378253,0.0005267111495929585,0.0006740624568964455,0.0022136565490111534,0.008800619826600459,0.0065046400623319815,0.006550739734428507,0.006311050344201171,0.007602590658671377,0.0009507858580937571,4.347790123923416,2,0.0009387117523770155,232094.64316213166,10.945225,0.006226207835080571,212816.87897676957,10.780899999999999,True,0.0009108347568219793,224006.4179693125,10.780899999999999,True,0.002520290872586976,149143.72146681638,9.466299999999999,False,0.0032948488734826148,169192.7072341548,9.904499999999999,False,0.004508110587700537,191763.11471563423,10.342699999999999,False,0.007880959649045272,214756.23277472807,11.2191,False,0.007536941654455167,178636.0888123802,11.6573,False,0.006643940653084817,152464.62526223544,12.0955,False,0.0009387117523770155,232094.64316213166,11.0,True,0.008800619826600459,225913.65817767684,11.0,True,0.0028525147651325467,158761.07784319454,9.6854,False,0.0037371829818326867,179624.3366251152,10.1236,False,0.005536774307530594,205091.94588155398,10.5618,False,0.007376920069913921,195615.86546866415,11.4382,False,0.00709044115376999,165550.35703730778,11.8764,False,0.0060156363143953236,141039.2947071741,12.3146,False,0.0009387117523770155,232094.64316213166,0.006226207835080571,212816.87897676957,0.0009108347568219793,224006.4179693125,0.002520290872586976,149143.72146681638,0.0032948488734826148,169192.7072341548,0.004508110587700537,191763.11471563423,0.007880959649045272,219048.58391259002,0.008008932692300517,219835.35229198064,0.007289022368945759,218905.68742295093,0.0009387117523770155,232094.64316213166,0.008800619826600459,225913.65817767684,0.0028525147651325467,158761.07784319454,0.0037371829818326867,179624.3366251152,0.005536774307530594,205091.94588155398,0.007489152862522635,219688.85161092403,0.007581656204806293,219370.51985746578,0.006888991143877264,214638.88802997855,partial 4/5,,50.9
T044,gd-tp,lhs,120.0,10.5,0.4064,0.021,120.0,5.0,2.0,2.032,8,8,0.00396750165892393,1.0,10.907608695652172,2,0.0030760913846718226,42.0,10,11,0.00025633100785577023,0.0002469439771119512,0.0002803638106001234,0.0003059612196675162,0.0005138931980507759,0.0015116063209834267,0.00396750165892393,0.002026932534130671,0.0022444639449087575,0.0020616059306327052,0.0029013113146319253,0.0012452559985888215,2.363101196855719,2,0.0012190143542846184,1153489.031275192,8.992,0.0022141070902275558,917715.8958451091,7.468,True,0.001095107460752194,1024922.4199823637,7.468,True,0.0016991957644969082,718267.2490414401,5.0296,False,0.0018748055606577752,792681.21513093,5.8424,False,0.002095496171440815,874837.3568365627,6.6552,False,0.0011322795288119213,1063492.403370212,8.2808,False,0.0012190143542846184,1153489.031275192,9.0936,True,0.00396750165892393,1175211.0123133438,9.9064,True,0.0012190143542846184,1153489.031275192,9.5,True,0.00396750165892393,1175211.0123133438,9.5,True,0.0022141070902275558,917715.8958451091,7.0616,True,0.001095107460752194,1024922.4199823637,7.8744,True,0.001181842286224891,1114919.0478873434,8.6872,False,0.003551726165096948,1133664.1117904522,10.3128,False,0.002914983083412952,1056406.7063108652,11.1256,False,0.0025268131214091017,990550.2791452635,11.9384,False,0.0012251911578819732,1160013.907978244,0.003543974690680038,1137828.6893706415,0.0012106737287900181,1144740.645823699,0.002204252595008338,913070.1498249511,0.002536980944874561,992165.6085827926,0.0031199483507784167,1084215.8031822504,0.0011994138095487452,1133221.8919238427,0.0012251911578819732,1160013.907978244,0.00396750165892393,1175211.0123133438,0.0012251911578819732,1160013.907978244,0.00396750165892393,1175211.0123133438,0.003543974690680038,1137828.6893706415,0.0012106737287900181,1144740.645823699,0.0012075479191680548,1141701.785774243,0.003551726165096948,1133664.1117904522,0.002914983083412952,1061258.1422165174,0.002559362957627911,1006543.5132032768,ok,,18.4
T045,gd-tp,lhs,120.0,7.5,0.4064,0.021,80.0,1.0,2.0,0.4064,6,6,0.002329985735300602,1.4063999999999997,7.3980263157894735,3,0.0021338908133152435,30.0,8,11,0.00016281019594313945,0.00020596641416922802,0.0002892074095630013,0.0002719851287677187,0.000598920994290855,0.0014328253037932265,0.002329985735300602,0.001891259997320821,0.002007082485817899,0.00194506788616535,0.0024560601874445307,0.0011142683727066414,2.363101196855719,2,0.0010295262393720233,994507.7827391163,6.1952,0.002329985735300602,989912.714315814,6.0936,True,0.0010295262393720233,994507.7827391163,6.0936,True,0.0017099603587776397,760570.0684994368,3.6552000000000007,False,0.0018873789123671943,835375.5612805381,4.468,False,0.002102118327227491,915150.1305929419,5.2808,False,0.0022338064743976055,950789.6507363821,6.9064000000000005,False,0.0020969327728130554,906828.7880470044,7.719200000000001,False,0.0020001534870141566,868708.5235332589,8.532,False,0.001016947191640044,981464.0113418833,6.5,True,0.0022742432639465556,962838.5396975458,6.5,True,0.0017861482483954394,796609.1953783794,4.0616,False,0.001988743574008328,874166.393616535,4.8744,False,0.0022249454393884985,957123.6100387987,5.6872,False,0.002161506540953048,928194.565500797,7.3128,False,0.0020483947375550438,887684.1765188923,8.1256,False,0.0019568432732005752,852540.0931917921,8.9384,False,0.0010295262393720233,994507.7827391163,0.002329985735300602,989912.714315814,0.0010295262393720233,994507.7827391163,0.00181193237640158,804890.3695703524,0.0019932591998557004,875720.6189395017,0.002127938720012978,921490.0633731217,0.0022868055824426096,976692.8594734957,0.002142694212957358,929199.9178558354,0.002077641088512346,906639.4226824684,0.0010267363541905281,991657.8127172024,0.002329110120855997,989653.3019579923,0.0019015206290964638,842326.5449152095,0.0020844652147226413,908885.3040274828,0.0022249454393884985,957123.6100387987,0.002210862018516388,952319.6114154966,0.002105660351595548,916835.8642013293,0.002037680448745757,892104.821667685,ok,,27.5
T046,gd-tp,lhs,85.0,7.5,0.2191,0.0127,80.0,5.0,3.0,1.0955,11,11,0.003921793686813454,1.0,7.901785714285715,3,0.0028363732405843494,30.0,10,11,0.0004807748096398755,0.0004777756060332444,0.0004947993202757207,0.0005025556108365058,0.0006692934820299349,0.0013397061552854392,0.003921793686813454,0.0021116931106329377,0.0022436269321701617,0.0021296162249832638,0.0027411700187294236,0.00126079901464345,4.347790123923416,2,0.0007946321029104141,191093.01264207254,6.226125,0.0021959856989152305,137306.29108774016,5.4045000000000005,True,0.0007060629646785609,165399.52188085485,5.4045000000000005,True,0.0017445908434729944,107527.55252859593,4.0899,False,0.0019530173344738844,121525.20974801872,4.5281,False,0.0021802692901521613,136285.49183418887,4.9663,False,0.0007326337061481169,173107.56910922017,5.842700000000001,False,0.0007946321029104141,191093.01264207254,6.280900000000001,True,0.003921793686813454,183812.2354127058,6.719100000000001,True,0.0007946321029104141,191093.01264207254,6.5,True,0.003921793686813454,183812.2354127058,6.5,True,0.0021959856989152305,137306.29108774016,5.1854,True,0.0007060629646785609,165399.52188085485,5.6236,True,0.0007680613614408582,183384.96541370722,6.0618,False,0.003865937566485527,182222.809610224,6.9382,False,0.0031937796084867557,163096.07478663538,7.3764,False,0.002603179032268083,145385.07693137243,7.8146,False,0.0007946321029104141,191093.01264207254,0.0035486149725892637,176711.3322683226,0.0007755318303836278,185550.2945044399,0.002365621025356043,145153.06665528132,0.0027964167374325026,155191.74058665585,0.00349995902941014,175319.33747072393,0.0007585616338468538,180657.7350622606,0.0007946321029104141,191093.01264207254,0.003921793686813454,183812.2354127058,0.0007946321029104141,191093.01264207254,0.003921793686813454,183812.2354127058,0.0035486149725892637,176711.3322683226,0.0007755318303836278,185550.2945044399,0.0007699710837448355,183966.3702347396,0.003865937566485527,182222.809610224,0.0031937796084867557,163096.07478663538,0.0027563045965997737,158292.23247278781,ok,,13.5
T047,gd-tp,lhs,150.0,9.0,0.3239,0.0175,160.0,10.0,2.0,3.2390000000000003,12,12,0.003021942137635619,1.2956,9.701005405405407,3,0.0022623811008838945,36.0,10,11,0.0004718116280768383,0.00046839209703513653,0.00048166205295408984,0.0004887593042308612,0.0006386168881849533,0.0014735829279450504,0.003021942137635619,0.002142025126017749,0.001843490225285078,0.0017060705350805559,0.0020864778913901156,0.0011261769700021895,2.382450168421768,2,0.001152817659702373,514710.43022788473,7.5951249999999995,0.0016737269492551163,314506.719700084,4.760999999999999,True,0.0008710443445724911,360633.04609304655,4.760999999999999,True,0.0013631784671617594,234861.07010127782,2.817599999999999,False,0.0014815282061473197,265212.6701889591,3.465399999999999,False,0.0016211197581192309,301014.25724160235,4.113199999999999,False,0.0008957810588636466,374158.95450251084,5.408799999999999,False,0.0009628596178782649,410837.31439299934,6.0565999999999995,False,0.0010377360898936397,451780.56987357413,6.7044,False,0.001152817659702373,514710.43022788473,8.0,True,0.003021942137635619,508368.7299787381,8.0,True,0.0009628596178782649,410837.31439299934,6.0565999999999995,False,0.0010377360898936397,451780.56987357413,6.7044,False,0.0011211010564603297,497366.8442021131,7.3522,False,0.002813639443981462,488386.58076301403,8.6478,False,0.002295875516418025,436250.84271950833,9.2956,False,0.002056831373412843,393184.3588828937,9.9434,False,0.001154285470984597,515564.410082824,0.002959869608807561,497458.1437981066,0.0011469550073484691,511418.07153063844,0.001961049851437804,375482.9076492526,0.0021982074859990034,416146.5965022599,0.00273941351879144,475208.07388240943,0.0011210366040009072,497250.2477559058,0.0010815710547191755,475763.1462797109,0.0010866901921594242,478609.6180245671,0.001154285470984597,515564.410082824,0.003021942137635619,508368.7299787381,0.0010815710547191755,475763.1462797109,0.0010866901921594242,478609.6180245671,0.0011338397870733837,504382.87642763456,0.002813639443981462,488386.58076301403,0.002295875516418025,436250.84271950833,0.002073227805382892,398318.96895224,ok,,14.4
T048,gd-tp,lhs,60.0,6.0,0.4064,0.021,160.0,2.5,2.0,1.016,7,7,0.009182158623807621,1.0,6.416666666666668,2,0.006801931507360826,24.0,8,11,0.00033280573033448563,0.0003905145025283692,0.0005694304074147125,0.00046546170113743893,0.0010924905366338734,0.0022769897560451,0.009182158623807621,0.0060353996989300825,0.004897306900869062,0.0044489382207837614,0.006799212150548114,0.0052300229697640034,2.363101196855719,2,0.001444502316374946,1353090.3218266042,4.746,0.003966445177402996,1145818.3991672718,3.984,True,0.0013543389071395645,1259533.6688812329,3.984,True,0.00213974875292497,854968.1668105228,1.5456000000000003,False,0.0025603167258666905,962326.6336649916,2.3584,False,0.0034050596267359043,1082431.867218973,3.1712,False,0.001444502316374946,1353090.3218266042,4.7968,True,0.008595496925439665,1305770.8054100836,5.6096,False,0.00633226325457327,1198036.5541795727,6.4224,False,0.001444502316374946,1353090.3218266042,5.0,True,0.009182158623807621,1332887.0092673441,5.0,True,0.0027002458889832446,990581.067359032,2.5616000000000003,False,0.0036864499283347117,1114203.8914918446,3.3744,False,0.0013543389071395645,1259533.6688812329,4.1872,True,0.007977616878229735,1277211.6522114207,5.8128,False,0.0059598810058098545,1177141.4373488529,6.6256,False,0.004714958099336029,1104052.4943808091,7.4384,False,0.001444502316374946,1353090.3218266042,0.006968894218386036,1285146.3197697327,0.0014123928839407415,1320112.9041104068,0.003118935308318898,1050868.1077118542,0.004019949315079758,1146359.3571728102,0.005627787245961254,1213179.149565482,0.001444502316374946,1353090.3218266042,0.008595496925439665,1305770.8054100836,0.006499735785373826,1280065.9525404116,0.001444502316374946,1353090.3218266042,0.009182158623807621,1332887.0092673441,0.004270048677952543,1168604.1857715242,0.006209878749630231,1249252.1544814846,0.0014123928839407415,1320112.9041104068,0.007977616878229735,1277211.6522114207,0.006143551500526039,1267079.5501564872,0.004942047782517501,1215189.4172278692,ok,,16.0
T049,gd-tp,lhs,60.0,9.0,0.61,0.0286,160.0,1.0,4.0,0.61,6,6,0.01814119567977858,1.0,9.202702702702702,1,0.010361938487995562,36.0,8,11,0.00021622109059584008,0.000316192489059021,0.0006505320458415322,0.00048724819228146974,0.001441483585946889,0.0027020659459269423,0.01814119567977858,0.006713811448809315,0.007366451293766205,0.006486369494103311,0.012090866654646258,0.0014842133777001633,6.207794520638765,2,0.000652067345569946,4447965.5509314,7.8475,0.010228014993208853,4230381.662229844,7.390000000000001,True,0.0006378332566445606,4345789.695502831,7.390000000000001,True,0.0027299046420676647,3326103.3141027973,3.7300000000000004,False,0.0035354560194678225,3615171.33264261,4.950000000000001,False,0.005398440992050702,3932487.742741198,6.170000000000001,False,0.012413989981248432,4302262.323471925,8.610000000000001,False,0.008789824005747206,3982307.491326515,9.83,False,0.00635018243547583,3725310.9604609795,11.05,False,0.000652067345569946,4447965.5509314,8.0,True,0.01814119567977858,4431678.571829007,8.0,True,0.0030533842329064052,3467334.528631056,4.34,False,0.004282094272690097,3770031.7649125988,5.5600000000000005,False,0.007544545818921102,4105638.8905376573,6.78,False,0.010284526453780746,4132596.6592509462,9.22,False,0.007437626004396922,3847074.0688176444,10.44,False,0.005637158866325968,3615626.0335665653,11.66,False,0.000652067345569946,4447965.5509314,0.012338899198492598,4299555.268036247,0.0006378332566445606,4345789.695502831,0.002921347727503401,3416847.5455093025,0.003878564730392291,3695376.1924862955,0.006168896051144465,4004297.4313256424,0.012413989981248432,4302262.323471925,0.008916211354274567,4175488.569954859,0.00655674866985121,4040699.5946485936,0.000652067345569946,4447965.5509314,0.01814119567977858,4431678.571829007,0.0032980938689805145,3552591.1576653454,0.004792376974239464,3845718.998365485,0.008885140176667042,4174956.9781889166,0.01035302603538786,4237486.733763592,0.0076074900112981,4106537.5724189575,0.005880623628511722,3987217.8290094924,ok,,42.7
T050,gd-tp,lhs,150.0,7.5,0.3239,0.0175,120.0,5.0,1.5,1.6195000000000002,9,9,0.0020138440292959284,1.0,7.901785714285715,2,0.0018002866915962203,30.0,10,11,0.00035249772993862,0.0003473051009455817,0.000366720035769327,0.00038206867657787267,0.0005286163942156822,0.0011654469201272707,0.0020138440292959284,0.0014936553552820663,0.0015857902702234171,0.001473693119005422,0.0018066843845601583,0.0009791052338044659,1.638193353815655,2,0.0012512833414699423,410627.61131358816,6.0951249999999995,0.001535550837605218,307815.9393927041,4.8805,True,0.0011146645897914635,356370.8183934443,4.8805,True,0.0012435985525782397,232940.1040236458,2.9370999999999996,False,0.001357033967624622,262031.25545394063,3.5848999999999993,False,0.0014867563977304567,295301.4402501436,4.2326999999999995,False,0.0011556502152950071,372647.8562694874,5.5283,False,0.0012512833414699423,410627.61131358816,6.1761,True,0.0020138440292959284,416106.61191226117,6.8239,True,0.0012512833414699423,410627.61131358816,6.5,True,0.0020138440292959284,416106.61191226117,6.5,True,0.001535550837605218,307815.9393927041,4.5565999999999995,True,0.0011146645897914635,356370.8183934443,5.2044,True,0.0012102977159663987,394350.573437545,5.8522,False,0.0019485801735024048,403231.85783679347,7.1478,False,0.0017848813329898372,370205.7054769074,7.7956,False,0.0016715529890115486,342588.1185027331,8.4434,False,0.0012701316599825249,418079.83694933704,0.0019797001642048746,409417.1977769085,0.0012701316599825249,418079.83694933704,0.0016475029352815433,336008.9511759749,0.0017818179453457678,367552.9545094449,0.0019007113850013511,392762.79303252016,0.0012433432317337431,407494.39806704427,0.001262068469091049,414928.66106547276,0.0020138440292959284,416106.61191226117,0.001262068469091049,414928.66106547276,0.0020138440292959284,416106.61191226117,0.0019797001642048746,409417.1977769085,0.0012701316599825249,418079.83694933704,0.0012416364661207379,406818.9396641836,0.0019485801735024048,403231.85783679347,0.0017893031997238877,372155.6237392421,0.00171045921959997,352669.9300461263,ok,,7.7
T051,gd-tp,lhs,120.0,6.0,0.2731,0.0159,40.0,5.0,1.5,1.3655,10,10,0.0016480505009296448,1.0,6.416666666666668,2,0.0015804906961337112,24.0,8,11,0.00015670332061107437,0.00016948383329757697,0.00021032760537014307,0.00021656939395666883,0.0004143593919474874,0.0010943324946876744,0.0016480505009296448,0.0013458705452704814,0.0013875294358983818,0.001343260766405259,0.001606151697035647,0.0008328511959646963,1.650427171101021,2,0.0010523877100194748,242951.4799113979,4.658625,0.0013237931999790528,192285.27810910088,3.6344999999999996,True,0.000952870805886025,217688.52576432086,3.6344999999999996,True,0.0011000896104056037,155717.4290033192,1.9958999999999996,False,0.001194752649595,171191.11585596713,2.5420999999999996,False,0.0012976471179176514,188011.19763094516,3.0882999999999994,False,0.00098272587712606,225267.412008444,4.1807,False,0.0010523877100194748,242951.4799113979,4.7269,True,0.0016480505009296448,245299.74999616836,5.2730999999999995,True,0.0010523877100194748,242951.4799113979,5.0,True,0.0016480505009296448,245299.74999616836,5.0,True,0.0013237931999790528,192285.27810910088,3.3613999999999997,True,0.000952870805886025,217688.52576432086,3.9076,True,0.00102253263877944,235372.5936672748,4.4538,False,0.0016293070532824533,242235.93735671393,5.5462,False,0.0015502720215925712,229316.83444624013,6.0924,False,0.0014811387791939786,218017.07944287377,6.6386,False,0.0010665880642148713,246530.87614486564,0.0016097797626392447,239010.75883824768,0.0010665880642148713,246530.87614486564,0.0014755676710413237,217045.92800718133,0.0015525858044917046,229639.87107502815,0.0015785395252833534,233903.28083802477,0.0010481044237579814,241840.21704583205,0.0010529516973244181,243097.26809330253,0.0016480505009296448,245299.74999616836,0.0010529516973244181,243097.26809330253,0.0016480505009296448,245299.74999616836,0.0016097797626392447,239010.75883824768,0.0010665880642148713,246530.87614486564,0.0010333817507815776,238131.4645328317,0.0016293070532824533,242235.93735671393,0.0015682046674681607,232266.76056883493,0.0015461716237751158,228668.0882443047,ok,,7.4
T052,gd-tp,lhs,105.0,7.5,0.1683,0.011,120.0,1.0,4.0,0.1683,10,10,0.005806329126071432,1.0,7.550223214285715,3,0.0033545475402931672,30.0,10,11,0.0010574079345843426,0.0010577146544777153,0.0010619328122031342,0.0010578684411115683,0.0011137135500329516,0.0018259415477272158,0.005806329126071432,0.003156866529772989,0.003161087978525009,0.003084482296729216,0.0035362143565696134,0.0015869153504771635,7.424882091483874,2,0.0005722493902995916,76553.9039121132,6.4579249999999995,0.004448664954533461,68340.47195785999,6.3317,True,0.000553659152600774,72584.8431094471,6.3317,True,0.002142670111595232,39521.85946094932,5.321899999999999,False,0.002533188925292551,47158.13783900106,5.6585,False,0.0033109484698279033,57209.50947934998,5.9951,False,0.00462343303950129,69428.48767991851,6.6682999999999995,False,0.0036878486760603007,54913.587326872745,7.004899999999999,False,0.0032371422326674176,44565.470323012334,7.3415,False,0.0005722493902995916,76553.9039121132,6.5,True,0.005806329126071432,75667.75387238737,6.5,True,0.0023379295184438914,43339.99864997519,5.4902,False,0.0028789061952645464,51914.63330760121,5.8268,False,0.003910168892490147,63389.213612281805,6.1634,False,0.00396024068658494,61613.90483215288,6.8366,False,0.003443236773931102,49114.64593285765,7.1732,False,0.003031047691403733,40016.29471316702,7.5098,False,0.0005722493902995916,76553.9039121132,0.005500145892489229,74097.71627597115,0.0005623320730855265,74448.93006300356,0.0028806651375338724,50535.91734867498,0.003147421528380736,53132.0981979755,0.003978432708256089,61775.21428574255,0.00462343303950129,69428.48767991851,0.003780606663126043,60427.32870584577,0.0035454790637297422,57876.441543203255,0.0005722493902995916,76553.9039121132,0.005806329126071432,75667.75387238737,0.003014043332957304,51022.38547729793,0.0034704722221671905,55972.04132684139,0.004484454310976907,68596.73116984482,0.003967973576145919,63471.630742290414,0.0037112787753845887,60903.169785018275,0.003379679352074896,57661.53970213621,ok,,29.4
T053,gd-tp,lhs,150.0,10.5,0.61,0.0286,160.0,10.0,2.0,6.1,10,10,0.004903661000307293,1.0,10.907608695652172,1,0.003955637485734641,42.0,7,11,0.00018469801245034044,0.0002559432887358291,0.00042306489541550456,0.00036032318405587505,0.0008193911982458756,0.002091243769284677,0.004903661000307293,0.004441060412058814,0.0023946526419003555,0.002280504517246627,0.0032941377323818435,0.00195752786684257,2.324592300975207,2,0.0012709728044230045,3856133.597203619,9.118749999999999,0.001712977969214051,2380704.097891096,3.4000000000000004,True,0.0008623398627931808,2543785.168518924,3.4000000000000004,True,0.0013215193573822117,1785365.5754471067,-0.2599999999999998,False,0.0014599084647399726,1995817.5532872265,0.9600000000000004,False,0.001607865754050205,2220835.268774441,2.1800000000000006,False,0.0009190526283269205,2725907.439608782,4.62,False,0.0010064487618135995,3006572.3676598985,5.84,False,0.001099705720168146,3306070.6392203034,7.0600000000000005,False,0.0012709728044230045,3856133.597203619,9.5,True,0.004903661000307293,3879259.283086572,9.5,True,0.0010064487618135995,3006572.3676598985,5.84,False,0.001099705720168146,3306070.6392203034,7.0600000000000005,False,0.001199008288476483,3624998.0819464154,8.28,False,0.003984263222170493,3719345.6830670214,10.72,False,0.003304234148387968,3508924.8944769474,11.94,False,0.0028288170742129274,3324629.425111789,13.16,False,0.0012725354520223588,3860189.913538594,0.004453121750935072,3810500.6616962,0.0012725354520223588,3859448.801596593,0.00225079302865807,3003604.2726979656,0.002702216850380603,3309387.8760861526,0.003427347850904826,3596002.3322969307,0.0012244761005268526,3705211.343084701,0.001169651452612092,3530028.7507152315,0.001168539869489928,3527571.4154751375,0.0012722071863021259,3860189.913538594,0.004903661000307293,3879259.283086572,0.001169651452612092,3530028.7507152315,0.001168539869489928,3527571.4154751375,0.001215684990111625,3679006.4984793747,0.003984263222170493,3729487.5050757565,0.003347073913700649,3574334.012858426,0.0028791390645281334,3401413.3896562494,ok,,29.8
T054,gd-tp,lhs,70.0,12.0,0.2731,0.0159,120.0,5.0,4.0,1.3655,10,10,0.00952121054581966,1.0,12.409090909090907,2,0.007162826100515182,48.0,10,11,0.0004984354079994252,0.0004956114676352928,0.0005170417110474735,0.0005157604811089762,0.0007661119252310113,0.002010953813769886,0.00952121054581966,0.005400108226693598,0.0054832743857246204,0.005309001168463529,0.006865320242462567,0.0012504116306997495,6.927233914982387,2,0.0006547619185926452,452181.419233699,10.658625,0.0031983195970549123,331951.14744867326,9.6345,True,0.0005795648518213103,391469.8924877327,9.6345,True,0.002111474067439761,257242.63285166296,7.995899999999999,False,0.002442140087072048,287110.064764888,8.5421,False,0.0030460229346811565,322920.0283297211,9.088299999999998,False,0.0006021239718527108,409683.3505115226,10.1807,False,0.0006547619185926452,452181.419233699,10.726899999999999,True,0.00952121054581966,429426.5189620111,11.2731,True,0.0006547619185926452,452181.419233699,11.0,True,0.00952121054581966,429426.5189620111,11.0,True,0.0031983195970549123,331951.14744867326,9.3614,True,0.0005795648518213103,391469.8924877327,9.9076,True,0.0006322027985612447,433967.96120990906,10.4538,False,0.009037138256999542,414516.7180428101,11.5462,False,0.007108744724517798,355120.70565536746,12.0924,False,0.005181302827831368,311043.8284485622,12.6386,False,0.0006547619185926452,452181.419233699,0.006891035379919444,418099.16602130426,0.0006158430924386119,420945.81744307827,0.0036410392807469097,345516.85976843245,0.004650218592662798,366413.1296361317,0.0063144556975530215,405402.6326087555,0.0006118142441650943,417735.7849155672,0.0006547619185926452,452181.419233699,0.00952121054581966,430799.8942552894,0.0006547619185926452,452181.419233699,0.00952121054581966,430799.8942552894,0.006891035379919444,418099.16602130426,0.0006158430924386119,420945.81744307827,0.0006322027985612447,433967.96120990906,0.009037138256999542,423742.2603133112,0.007108744724517798,425345.8066548067,0.00571711540071769,398782.84310352174,ok,,38.4
T055,gd-tp,lhs,85.0,7.5,0.2731,0.0159,200.0,2.5,4.0,0.68275,8,8,0.008315480459029481,1.0,7.700892857142858,2,0.004448692246238156,30.0,10,11,0.0007473249891392882,0.0007502197822845011,0.0007697590125988449,0.0007786585735696923,0.0010413084326545358,0.001741558670839382,0.008315480459029481,0.003542365771710928,0.0036622991072432992,0.0034991173025681,0.004506606728677398,0.0014048589319924673,6.927233914982387,2,0.0006518723425905572,401788.3999655368,6.3293125,0.0043971871277803404,323991.8682379355,5.81725,True,0.0006042677959717484,363364.32166406803,5.81725,True,0.0022546721215385944,219088.8088559754,4.178649999999999,False,0.002720857403819477,252100.8699338814,4.72485,False,0.00356824742527525,292590.1617484495,5.27105,False,0.0006518723425905572,401788.3999655368,6.363449999999999,True,0.0066283626165241465,368313.22588116553,6.909649999999999,False,0.004570666725938217,312748.25141617015,7.45585,False,0.0006518723425905572,401788.3999655368,6.5,True,0.008315480459029481,393980.4331926247,6.5,True,0.002916466677955007,261894.52325494774,4.8614,False,0.003898973052876334,305118.6352370462,5.4076,False,0.0006042677959717484,363364.32166406803,5.9538,True,0.005524803053286795,351524.06547012157,7.0462,False,0.004378239359555949,300440.88660144515,7.5924,False,0.003563349668584049,261403.1213499524,8.1386,False,0.0006518723425905572,401788.3999655368,0.006426525542697253,373017.69901427015,0.0006221339654383714,377860.27522090747,0.0028711099092227133,246173.4894707274,0.0036589486080750603,285590.2650371578,0.004797175709650009,334407.8951877109,0.0006518723425905572,401788.3999655368,0.0066283626165241465,368313.22588116553,0.004570666725938217,325675.0075124074,0.0006518723425905572,401788.3999655368,0.008315480459029481,393980.4331926247,0.003895023102602773,297357.5786745885,0.005447244399191348,349812.214179194,0.0006221339654383714,377860.27522090747,0.005524803053286795,351524.06547012157,0.0044369774566315485,325589.3952134602,0.0038074179031371337,301364.953134282,ok,,18.0
T056,gd-tp,lhs,70.0,9.0,0.508,0.0254,80.0,1.0,4.0,0.508,6,6,0.010180228789124167,1.0,9.202702702702702,1,0.006695777572858321,36.0,7,11,0.0001389667571295562,0.0002091281601445152,0.0003895905559590482,0.00030983905969963164,0.0010286978736042064,0.002040643733373381,0.010180228789124167,0.004204288269006083,0.004719131205969372,0.00428574716713963,0.0073002110651145076,0.0013828901152528861,6.3972084908403595,2,0.0006081308923770384,2596699.972528355,7.873,0.006447409265428329,2475046.624839863,7.492000000000001,True,0.000596023192776174,2543037.120511664,7.492000000000001,True,0.002428233857388229,1962717.1885170501,4.444000000000001,False,0.002946212207384262,2133749.951312495,5.460000000000001,False,0.004205763177664407,2318025.7547287345,6.476000000000001,False,0.008450795056182554,2545584.6673678574,8.508000000000001,False,0.0063097562874262995,2410593.007323702,9.524000000000001,False,0.005159868367797788,2295259.7768450864,10.540000000000001,False,0.0006081308923770384,2596699.972528355,8.0,True,0.010180228789124167,2591791.9599696184,8.0,True,0.0026608692887776122,2047357.1914445225,4.952,False,0.0034821784149931746,2225003.042930393,5.968,False,0.005366006473905364,2414684.500148234,6.984,False,0.007058577487462123,2475190.707830735,9.016,False,0.005742163883234561,2348810.6166706267,10.032,False,0.004670578847691115,2244687.6621027193,11.048,False,0.0006081308923770384,2596699.972528355,0.008023387928453515,2533529.091680827,0.0005989028554753019,2556346.669934676,0.002543744149015445,2010015.9708176386,0.003187789392470979,2184073.945740847,0.00484696790073506,2372237.699016955,0.008450795056182554,2545584.6673678574,0.006375764565218585,2472141.0009100465,0.0052857575123302445,2412441.3035984463,0.0006081308923770384,2596699.972528355,0.010180228789124167,2591791.9599696184,0.0028312364670583924,2096136.255131441,0.003880279201486478,2277186.2351920116,0.006463429889996166,2471331.9072839203,0.007058577487462123,2478513.1373572913,0.005847254015151838,2446676.678232612,0.00481733807780409,2381248.119019748,ok,,44.2
T057,gd-tp,lhs,105.0,10.5,0.1683,0.011,160.0,10.0,2.0,1.683,14,14,0.009156255206929503,2.683,10.091666666666669,9,0.007399225055811292,42.0,10,11,0.0014187638281779654,0.0014186017171055718,0.0014206926960464135,0.0014224976723949724,0.001402834847025924,0.0033644905905465847,0.009156255206929503,0.0068106821274154985,0.006734352891097027,0.0069692007600038975,0.00741677365889676,0.0029726736535785874,2.4793386573521867,2,0.0013079268849891783,60212.42128622844,8.23775,0.009156255206929503,59676.78057170833,7.817,True,0.0013079268849891783,60212.42128622844,7.817,True,0.004103429532711547,35003.68240325524,6.8072,False,0.006931152524190867,48811.53794000091,7.143800000000001,False,0.009156255206929503,59676.78057170833,7.4804,True,0.0013079268849891783,60212.42128622844,8.1536,True,0.0011503459243268717,45887.7011224621,8.4902,False,0.0009402379767771289,26788.074237440254,8.8268,False,0.0007826570161148223,12463.35407367392,9.5,True,0.006415671881186705,-22039.22880790852,9.5,True,0.0011503459243268717,45887.7011224621,8.4902,False,0.0009402379767771289,26788.074237440254,8.8268,False,0.0007826570161148223,12463.35407367392,9.1634,True,0.006415671881186705,-22039.22880790852,9.8366,True,0.006035614117448513,-25553.982662350034,10.1732,False,0.005553943817329282,-30008.443813892976,10.5098,False,0.0014919176216921944,76931.8804530231,0.009156255206929503,59676.78057170833,0.0013219319682360397,61553.21773804586,0.005663200481639834,44264.32191577044,0.007450232331990271,48811.53794000091,0.009156255206929503,59676.78057170833,0.0013219319682360397,61553.21773804586,0.0012950991385823998,59083.95086572664,0.0013941779892062338,68044.80877968193,0.0014919176216921944,76931.8804530231,0.008373810483698028,58872.75111734307,0.0012950991385823998,59083.95086572664,0.0013941779892062338,68044.80877968193,0.0014919176216921944,76931.8804530231,0.008373810483698028,58872.75111734307,0.007711889576891991,53482.02522439407,0.0071229877364711106,55450.174917310454,ok,,24.1
T058,gd-tp,lhs,105.0,7.5,0.508,0.0254,80.0,10.0,3.0,5.08,10,10,0.007184540238019896,2.032,8.933785714285715,3,0.00473086710685042,30.0,7,11,0.00018028015280577118,0.00030567587592621247,0.0006826959240195952,0.00046466918956330865,0.001098107723744725,0.0024806641501613894,0.007184540238019896,0.006764557331432401,0.0027466111760419657,0.002718471327706446,0.003822681586935768,0.0024731324430811996,4.121837743530094,2,0.0008277553590385552,2497643.90910538,6.076666666666668,0.002246456800383007,1867570.809335149,1.42,True,0.0006615550915106055,1977233.1384492083,1.42,True,0.0016729516998895814,1459004.1889086168,-1.6280000000000001,False,0.0018466866384410153,1608868.3151068126,-0.6120000000000001,False,0.002085843028671516,1768483.2949701133,0.4039999999999999,False,0.0006810982536215063,2038428.8213556395,2.436,False,0.0007169788963759041,2150780.654040973,3.452,False,0.0007568459890508508,2275613.155705799,4.468,False,0.0008277553590385552,2497643.90910538,6.5,True,0.007184540238019896,2504014.7243553014,6.5,True,0.0007169788963759041,2150780.654040973,3.452,False,0.0007568459890508508,2275613.155705799,4.468,False,0.0008007357552740971,2413040.47033452,5.484,False,0.005560657531722125,2423304.918971668,7.516,False,0.004141979580468154,2302381.296563081,8.532,False,0.0034296265129043447,2198793.7806477225,9.548,False,0.0008277553590385552,2497643.90910538,0.005646808286474579,2430520.319321798,0.0008156282863208556,2458343.7708797297,0.002407573148520908,1954464.089537281,0.0029213784696324177,2128840.2757787546,0.004210275006627525,2310524.10317597,0.0007917550535820675,2383691.2416537856,0.0007743208354600072,2330245.081814441,0.0007788406188392608,2344615.8046547957,0.0008277553590385552,2497643.90910538,0.007184540238019896,2504014.7243553014,0.0007743208354600072,2330245.081814441,0.0007788406188392608,2344615.8046547957,0.0008021571323574404,2417668.8093372174,0.005560657531722125,2423304.918971668,0.00416567558068438,2324669.8199941926,0.0034707136028296185,2237216.739072404,ok,,28.1
T059,gd-tp,lhs,105.0,12.0,0.1683,0.011,40.0,2.5,3.0,0.42075,11,11,0.0025233930247768534,1.0,12.204545454545453,3,0.0021770112339556925,48.0,11,11,0.0004247914212886948,0.0004266813161939686,0.00042634654800329007,0.00044233691823700866,0.00041182349951169575,0.0011710337775669689,0.0025233930247768534,0.001918274239316771,0.001954102094105836,0.0019066583666086778,0.0021838800234609936,0.0008507839481158434,4.571144802445598,2,0.0006720111623992446,84108.05797574269,10.8948125,0.0021104180555909474,70574.26115681897,10.579249999999998,True,0.0006334331908772592,78404.70147613045,10.579249999999998,True,0.0016388426824094976,53836.89677501009,9.569449999999998,False,0.0017931117934762988,60086.35280077014,9.906049999999999,False,0.002016572328024657,67539.42224418388,10.242649999999998,False,0.0006720111623992446,84108.05797574269,10.915849999999999,True,0.0024821688735090336,79971.1347014394,11.252449999999998,False,0.0021925084835588806,71140.25486245124,11.589049999999999,False,0.0006720111623992446,84108.05797574269,11.0,True,0.0025233930247768534,81227.93590360942,11.0,True,0.0018376003397911193,61751.71972166744,9.9902,False,0.002076229657435838,69468.6564183561,10.3268,False,0.0006334331908772592,78404.70147613045,10.6634,True,0.002409753776021493,77763.4147416923,11.3366,False,0.002136511897265849,69242.88079895238,11.6732,False,0.0019396341378846499,62165.79631321292,12.0098,False,0.0006720111623992446,84108.05797574269,0.002503576287824103,80883.69068360663,0.000669762786281244,83776.6364972118,0.0021545365778636093,71500.02146686976,0.002256721791763898,74714.56740133325,0.0023740970526704543,77396.21779989624,0.0006720111623992446,84108.05797574269,0.0024821688735090336,79971.1347014394,0.002294137702172652,76245.31955323828,0.0006720111623992446,84108.05797574269,0.0025233930247768534,81227.93590360942,0.0022909058587560296,75435.79896491184,0.0024554756086665173,79613.18946212891,0.000669762786281244,83776.6364972118,0.002409753776021493,77763.4147416923,0.002282383393845767,75789.81213858684,0.002162094015173912,72194.1144018608,ok,,37.5
T060,gd-tp,lhs,60.0,12.0,0.1683,0.011,160.0,5.0,2.0,0.8415,1,0,,,,,,,,,,,,,,,,,,,,,,,,,,,,,,,,,,,,,,,,,,,,,,,,,,,,,,,,,,,,,,,,,,,,,,,,,,,,,,,,,,,,,,,,,,,,,,,,,,,,,,,,,,,,,,,,,,,,,,,,,,,,FAILED,ValueError: no converged position in this passage: 0:CUTBACK EXHAUSTED at lam=0.0000,0.2
T061,gd-tp,lhs,85.0,12.0,0.2731,0.0159,80.0,2.5,3.0,0.68275,8,8,0.004869146183292567,1.0,12.204545454545453,2,0.0037797702571246263,48.0,10,11,0.0003539131300487303,0.0003520281317263186,0.00036559877461292287,0.00037022524159082207,0.0005450380902896528,0.001391666949626993,0.004869146183292567,0.0028090724328948234,0.0029076070523669545,0.0027384217583256605,0.003908392119205268,0.0009864483993909105,4.355300746770883,2,0.0008169601495440685,410593.92429694347,10.8293125,0.003220950458674055,359103.1688156759,10.317250000000001,True,0.0007723244348370282,385404.05627958616,10.317250000000001,True,0.0020716592530396387,277971.6238773972,8.678650000000001,False,0.0023308896282924563,305669.8685384152,9.224850000000002,False,0.0027540218865467403,336959.96394644695,9.77105,False,0.0008169601495440685,410593.92429694347,10.863450000000002,True,0.004436619000953802,392312.15976067015,11.409650000000001,False,0.003736901821803579,356386.28925851325,11.955850000000002,False,0.0008169601495440685,410593.92429694347,11.0,True,0.004869146183292567,407403.08031403576,11.0,True,0.0024254953977624768,313351.156601517,9.3614,False,0.0029404658142410285,345801.71477088064,9.9076,False,0.0007723244348370282,385404.05627958616,10.4538,True,0.0041486605521662955,382265.25808428234,11.5462,False,0.003629346832594088,348039.90450119757,12.0924,False,0.0030453475505255283,318940.30414917716,12.6386,False,0.0008169601495440685,410593.92429694347,0.004409460971395663,397165.4551547672,0.0007992038440955736,400604.22735649534,0.0027078762030014747,331379.0656242237,0.003186972442590014,350868.1292453258,0.0038462546443373386,371789.85303689796,0.0008169601495440685,410593.92429694347,0.004436619000953802,392312.15976067015,0.00380611787321847,378889.21897171927,0.0008169601495440685,410593.92429694347,0.004869146183292567,407403.08031403576,0.003337385789317857,351142.5786834538,0.0039744689386215,381922.2955749678,0.0007992038440955736,400604.22735649534,0.0041486605521662955,387302.08849829144,0.003764548125803154,378766.5873852877,0.0032962521851584714,360031.47492392495,ok,,34.7
T062,gd-tp,lhs,105.0,6.0,0.1683,0.011,120.0,2.5,3.0,0.42075,11,11,0.0041473937521041985,1.0,6.208333333333336,3,0.002887037066773237,24.0,10,11,0.0010475868971549609,0.00104684229973873,0.0010542186931587797,0.001056373306937265,0.0011389839274665308,0.0016577849873433603,0.0041473937521041985,0.0025315253362290634,0.002608662132436509,0.002566570438898491,0.0029803910935408294,0.0014753558533366314,4.571144802445598,2,0.0007822927979968206,70980.61722740075,4.8948125000000005,0.0029077462137752507,52725.47895350677,4.57925,True,0.0007284988816111126,63029.138758330766,4.57925,True,0.0019032839246711578,34162.62891154069,3.56945,False,0.0021185738356494224,40358.91384748019,3.90605,False,0.0026632722889805803,49064.339075405434,4.24265,False,0.0007822927979968206,70980.61722740075,4.91585,True,0.004033088009075114,64090.441017389465,5.25245,False,0.0031609615314719588,51271.4216705238,5.58905,False,0.0007822927979968206,70980.61722740075,5.0,True,0.0041473937521041985,65770.57293515294,5.0,True,0.002198869261699724,42109.63237563394,3.9901999999999997,False,0.0028180732980741994,51382.57464199593,4.3268,False,0.0007284988816111126,63029.138758330766,4.6634,True,0.0038150563896743248,60885.686180673045,5.3366,False,0.0030175623746178212,48775.272077639114,5.6732,False,0.002666624421769937,40904.728354710576,6.0098,False,0.0007822927979968206,70980.61722740075,0.003926814540940013,63593.90859553507,0.0007580952888075916,67410.25555602775,0.0025417678080393016,45043.16584330517,0.002890148945177577,48755.98497508812,0.003514747088812236,58985.585665296145,0.0007822927979968206,70980.61722740075,0.004033088009075114,64090.441017389465,0.0031633375506057593,55734.66691948815,0.0007822927979968206,70980.61722740075,0.0041473937521041985,65770.57293515294,0.0030027820945255994,50231.60864591383,0.003775668401617237,61903.578005090254,0.0007580952888075916,67410.25555602775,0.0038150563896743248,60885.686180673045,0.0031666209961332967,55509.911271518904,0.002881882298558009,51739.13039849724,ok,,8.9
T063,gd-tp,lhs,150.0,9.0,0.2191,0.0127,40.0,5.0,3.0,1.0955,11,11,0.0015930292322779798,1.0,9.405405405405407,3,0.0013569088256369793,36.0,11,11,0.000265306781371087,0.00026681311280353265,0.0002648889384421787,0.00028167524679617947,0.00031084296446586446,0.000781879305129314,0.0015930292322779798,0.0011191713736725456,0.0011876939959492273,0.0011075554200657037,0.0013366719757294293,0.0006096269873200558,4.347790123923416,2,0.000472109411392389,117105.83750422005,7.726125,0.001304070775792572,90275.2421608691,6.9045000000000005,True,0.00042824716404989117,104381.75312631112,6.9045000000000005,True,0.0011150867311641645,74380.8514351745,5.5899,False,0.0012046741463161638,81915.50051576275,6.0281,False,0.0012976946203826373,89738.97637201,6.4663,False,0.0004414058382526405,108198.9784396838,7.342700000000001,False,0.000472109411392389,117105.83750422005,7.780900000000001,True,0.0015930292322779798,114590.47778941882,8.219100000000001,True,0.000472109411392389,117105.83750422005,8.0,True,0.0015930292322779798,114590.47778941882,8.0,True,0.001304070775792572,90275.2421608691,6.6854,True,0.00042824716404989117,104381.75312631112,7.1236,True,0.0004589507371896396,113288.61219084737,7.5618,False,0.0015850792853944232,113921.87930450194,8.4382,False,0.0014788524279674734,104988.09434047382,8.8764,False,0.0013772627557802318,96444.4918784854,9.3146,False,0.00047529856400623617,118020.26328873445,0.001583545987010983,113767.90264521068,0.00047529856400623617,118020.26328873445,0.001341075478795534,93372.84841843313,0.001456139702105687,103051.22799390864,0.0015753730511977883,113080.4428851126,0.0004635032834610594,114600.47256193466,0.000472109411392389,117105.83750422005,0.0015930292322779798,114590.47778941882,0.000472109411392389,117105.83750422005,0.0015930292322779798,114590.47778941882,0.001583545987010983,113767.90264521068,0.00047529856400623617,118020.26328873445,0.00046055015367679953,113756.9209803071,0.0015850792853944232,113921.87930450194,0.0014788524279674734,104988.09434047382,0.0013772627557802318,96444.4918784854,ok,,19.3
T064,gd-tp,lhs,60.0,7.5,0.4064,0.021,200.0,2.5,4.0,1.016,7,7,0.013041329388685819,1.0,7.901785714285715,2,0.00810032161403313,30.0,9,11,0.0004027925185491963,0.0004529829774792214,0.0006016413416815811,0.0005096733458428354,0.0012176345925074721,0.0023217835086032077,0.013041329388685819,0.0053470527326270655,0.00570532227210717,0.005256071075343891,0.008238328788900764,0.0020897826131065626,6.501502769992127,2,0.0006801371858985264,1409114.1235297532,6.246,0.0049940400817662005,1188020.1223750496,5.484,True,0.0006374405111720464,1308883.3107371088,5.484,True,0.0024676086551797386,903826.2330608657,3.0456000000000003,False,0.003068757296991886,1005089.105188627,3.8584,False,0.0042319760988845405,1123932.5489147005,4.6712,False,0.0006801371858985264,1409114.1235297532,6.2968,True,0.01171261995656041,1330470.2478744485,7.1096,False,0.007280910419707081,1186546.817854388,7.9224,False,0.0006801371858985264,1409114.1235297532,6.5,True,0.013041329388685819,1370274.9908482265,6.5,True,0.00326588336430907,1032294.0514702678,4.0616,False,0.00461441469727136,1156094.6275836176,4.8744,False,0.0006374405111720464,1308883.3107371088,5.6872,True,0.01041341304361947,1291549.325068439,7.3128,False,0.006698022868741124,1158636.094177278,8.1256,False,0.004922845102853056,1063295.8979426024,8.9384,False,0.0006801371858985264,1409114.1235297532,0.008398525677035341,1307677.6446026727,0.000652408299057582,1344712.3656019485,0.0029163067872821835,985378.3658305723,0.003900106450940068,1097738.341235085,0.00647841657167615,1233305.4928074833,0.0006801371858985264,1409114.1235297532,0.01171261995656041,1330470.2478744485,0.007499545098344996,1293630.8151664857,0.0006801371858985264,1409114.1235297532,0.013041329388685819,1370274.9908482265,0.004218544153529464,1128121.9935411618,0.007442015234647435,1270628.8437733836,0.000652408299057582,1344712.3656019485,0.01041341304361947,1294786.267797029,0.006937085731587406,1275695.23670161,0.0052057632125683114,1201764.5033567348,ok,,25.4
T065,gd-tp,lhs,85.0,9.0,0.2191,0.0127,200.0,1.0,1.5,0.2191,9,9,0.008572930829091864,1.0,9.10135135135135,3,0.007026165275585023,36.0,10,11,0.0011672987938636877,0.00116657983964052,0.0011749722110602956,0.0011691946425196977,0.0012526099921598166,0.0028537619205406227,0.008572930829091864,0.006494315565797496,0.0065692014180587475,0.006509759681543848,0.0075083671094980375,0.002152183689031918,1.6496730908792347,2,0.0020150968513050474,159771.0862409303,7.945225000000001,0.006021003072471553,137793.074486155,7.780900000000001,True,0.0019185470241847487,150349.70680095133,7.780900000000001,True,0.002333576115673407,77346.35841752158,6.4663,False,0.0029825238413729964,94722.14498635454,6.9045000000000005,False,0.004005785795510658,115791.79989396813,7.342700000000001,False,0.00774058771540633,137826.75989331756,8.219100000000001,False,0.006875753773046892,96138.07592685206,8.657300000000001,False,0.006072479616479341,69431.1858283956,9.095500000000001,False,0.0020150968513050474,159771.0862409303,8.0,True,0.008572930829091864,151724.73880444188,8.0,True,0.002614061911589378,85481.77226089346,6.6854,False,0.003350985771156612,103962.51771181554,7.1236,False,0.0051171353467117575,129495.31561324914,7.5618,False,0.007063236662707281,115153.52276205792,8.4382,False,0.006474116694763118,82784.63087762389,8.8764,False,0.005451957206851337,58867.53343069678,9.3146,False,0.0020150968513050474,159771.0862409303,0.008227928136416079,150222.26042246888,0.0019452099890766542,152545.30654263537,0.004256848871257167,119520.0489665151,0.004875641468590252,122521.62769322272,0.005754952532501925,128494.05775708007,0.007759837318161454,144622.84616290606,0.007447675975527493,144157.72473190015,0.006853465734540203,143213.35296959674,0.0020150968513050474,159771.0862409303,0.008572930829091864,151724.73880444188,0.004589269300048885,120973.99435528417,0.005321900197713383,131623.93265793705,0.006984708468586591,140735.7649706467,0.007377468322825747,146092.92744093182,0.007052920983359224,143629.71989338304,0.006394955327920553,138370.0058865845,ok,,34.5
T066,gd-tp,lhs,70.0,6.0,0.2731,0.0159,80.0,5.0,2.0,1.3655,10,10,0.00489016910671544,1.0,6.416666666666668,2,0.003615928349435327,24.0,8,11,0.0003002779955787189,0.00032316287857372397,0.00036339926932974414,0.0003622934083236551,0.0006868564144199678,0.0017157118090513589,0.00489016910671544,0.002997516566904866,0.002646681888421168,0.0024115198987679017,0.0034932356061212508,0.0021059192698223415,2.4175443454600107,2,0.001300551044866668,407430.6248355323,4.658625,0.002308373907137836,307256.3984341376,3.6344999999999996,True,0.0011573256444956377,357219.1309497027,3.6344999999999996,True,0.0017670017762587806,238618.8906757486,1.9958999999999996,False,0.001972238948824421,267105.3743103492,2.5420999999999996,False,0.0022402665395110594,299121.03347742074,3.0882999999999994,False,0.0012002932646069469,372282.5791154516,4.1807,False,0.001300551044866668,407430.6248355323,4.7269,True,0.00489016910671544,406656.2461365416,5.2730999999999995,True,0.001300551044866668,407430.6248355323,5.0,True,0.00489016910671544,406656.2461365416,5.0,True,0.002308373907137836,307256.3984341376,3.3613999999999997,True,0.0011573256444956377,357219.1309497027,3.9076,True,0.001257583424755359,392367.1766697834,4.4538,False,0.004678102225909036,399442.64295446913,5.5462,False,0.0037838850594412634,369025.2209932131,6.0924,False,0.0031988078003707273,344580.6534399485,6.6386,False,0.0013011470535934156,407659.4719841437,0.00419076866789047,390495.65152143396,0.0012894150292489341,403538.8688245731,0.002617473299794312,327382.269822357,0.0030932943328806383,347650.91292990884,0.003920050984008586,380125.8708861255,0.0012609387599718854,393587.77467346884,0.0013011470535934156,407659.4719841437,0.00489016910671544,406656.2461365416,0.0013011470535934156,407659.4719841437,0.00489016910671544,406656.2461365416,0.00419076866789047,390495.65152143396,0.0012894150292489341,403538.8688245731,0.0012632119102409525,394359.99181457725,0.004678102225909036,399442.64295446913,0.0037838850594412634,371977.9701545155,0.003311462433693042,363050.4972909346,ok,,10.6
T067,gd-tp,lhs,85.0,12.0,0.4064,0.021,200.0,2.5,4.0,1.016,7,7,0.008954961702995999,1.0,12.409090909090907,2,0.006654008512189299,48.0,10,11,0.0004145692326518633,0.0004101103266107531,0.00044549041814238985,0.0004781552788816081,0.000868086770649901,0.0017930196538218522,0.008954961702995999,0.004639339520377954,0.004869907686370282,0.004621551755393809,0.006725874771070645,0.0012638501800971275,6.501502769992127,2,0.0006567577242127325,1351501.2594114954,10.746,0.004456284759445937,1149906.532611617,9.984000000000002,True,0.0006176463821554045,1259673.3070785832,9.984000000000002,True,0.0024066273449617733,890792.9752946722,7.545600000000002,False,0.0029107630296294888,982391.4500311017,8.358400000000001,False,0.0038507526208512717,1091153.8487151759,9.171200000000002,False,0.0006567577242127325,1351501.2594114954,10.796800000000001,True,0.008340635344155032,1279818.8288917576,11.609600000000002,False,0.006009183665567182,1144514.1597979376,12.422400000000001,False,0.0006567577242127325,1351501.2594114954,11.0,True,0.008954961702995999,1315268.2433399023,11.0,True,0.0030743257273565753,1007175.5488455284,8.5616,False,0.004155054203290553,1120679.1761796023,9.3744,False,0.0006176463821554045,1259673.3070785832,10.1872,True,0.007718064489384775,1243893.6696722752,11.8128,False,0.005552015674359356,1117332.3229745808,12.6256,False,0.004072661799391715,1021142.312437393,13.4384,False,0.0006567577242127325,1351501.2594114954,0.006458682105022583,1257051.8024253398,0.0006290739643910006,1286886.0515121701,0.0028758634002869882,959364.8877876044,0.003797777542585909,1063492.9218317806,0.005291675025744829,1188883.3208450358,0.0006567577242127325,1351501.2594114954,0.008340635344155032,1279818.8288917576,0.006224273219147638,1249783.9099713718,0.0006567577242127325,1351501.2594114954,0.008954961702995999,1315268.2433399023,0.004091144352022585,1091841.5758498828,0.005878137871079912,1223140.4238049418,0.0006290739643910006,1286886.0515121701,0.007718064489384775,1256297.2736396845,0.005776759089904858,1227308.1408726524,0.004303672113224705,1134151.8997532865,ok,,42.5
T068,gd-tp,lhs,105.0,7.5,0.4064,0.021,40.0,2.5,3.0,1.016,7,7,0.00261142282072042,1.0,7.901785714285715,2,0.0023322104626791527,30.0,7,11,0.00011148390364444226,0.0001856926156860309,0.0003583284722280644,0.00028249299015644405,0.0007159372924707183,0.0016506639703053674,0.00261142282072042,0.0021482334685350843,0.0021240943012666665,0.0021605083938871735,0.002718118195776183,0.0011412576356898876,4.168091883943399,2,0.0006777809845329541,1083896.8539714774,6.246,0.0021854832003477963,973421.8711560806,5.484,True,0.0006479968045937749,1034592.997691727,5.484,True,0.00171992586696006,801474.9315189867,3.0456000000000003,False,0.0018772559897486058,867741.2428354812,3.8584,False,0.002076383994264976,937660.7202392071,4.6712,False,0.0006777809845329541,1083896.8539714774,6.2968,True,0.0025632628957825876,1077134.3816028968,7.1096,False,0.0023926774011192977,1037183.2369460022,7.9224,False,0.0006777809845329541,1083896.8539714774,6.5,True,0.00261142282072042,1087642.4067162103,6.5,True,0.0019219581365751085,884743.9843215968,4.0616,False,0.002131134971081457,955607.3031253747,4.8744,False,0.0006479968045937749,1034592.997691727,5.6872,True,0.002516172308560774,1066859.6755321075,7.3128,False,0.0023622298715215003,1027983.0122155644,8.1256,False,0.0022505595827816494,993366.1721504328,8.9384,False,0.0006818472304780059,1090496.7822272156,0.002505309505768944,1064845.2597954595,0.0006818472304780059,1090496.7822272156,0.0019549216174476504,896613.2906307927,0.0021520482102384366,961374.2202256131,0.0023695266947120356,1026634.4982891753,0.0006777809845329541,1083896.8539714774,0.0025632628957825876,1077134.3816028968,0.0023926774011192977,1037183.2369460022,0.0006777809845329541,1083896.8539714774,0.00261142282072042,1087642.4067162103,0.0022015398513770272,976585.9589710962,0.0024376687262370844,1045810.4079267072,0.0006818472304780059,1090496.7822272156,0.002516172308560774,1066859.6755321075,0.0023622298715215003,1027983.0122155644,0.0022505595827816494,993366.1721504328,ok,,23.8
T069,gd-tp,lhs,60.0,9.0,0.2191,0.0127,120.0,1.0,4.0,0.2191,9,9,0.010578914317954238,1.0,9.10135135135135,3,0.0067418048401428204,36.0,10,11,0.0007188272687921475,0.0007170768538967958,0.0007331418371868367,0.0007398723787368669,0.000938229674621223,0.0023154834440126766,0.010578914317954238,0.005806780555029124,0.005863431717477519,0.005805032131990755,0.007328011365747509,0.0015195090437158051,6.910045679824916,2,0.0006813803844438305,222437.22973892034,7.945225000000001,0.006901517719241947,199777.75404447017,7.780900000000001,True,0.0006583048490400862,212863.6123921726,7.780900000000001,True,0.0026174538566490564,130430.45747666233,6.4663,False,0.0034664415205638783,151350.2764660481,6.9045000000000005,False,0.004756623926725567,175765.64542133693,7.342700000000001,False,0.008519736368823007,203244.983987445,8.219100000000001,False,0.006856500806920035,164108.2015505106,8.657300000000001,False,0.005998989298883076,136156.88778012907,9.095500000000001,False,0.0006813803844438305,222437.22973892034,8.0,True,0.010578914317954238,215788.9174893028,8.0,True,0.0029836242417380313,140342.47547483406,6.6854,False,0.003949258799389722,162358.07745726206,7.1236,False,0.005979441534614594,190855.3957572206,7.5618,False,0.006998197138824012,182305.17113672267,8.4382,False,0.006427745052901557,150132.54466531987,8.8764,False,0.005428669220499362,124388.3381205628,9.3146,False,0.0006813803844438305,222437.22973892034,0.009168042480170464,211033.1035778814,0.0006610926862790331,214133.59280909313,0.004223874770062139,166761.7915225031,0.004645451252810031,169760.37174335893,0.005796236686369086,184883.99824359413,0.008519736368823007,203244.983987445,0.00727960946238964,199714.60619472066,0.006615604907590634,197973.92622108088,0.0006813803844438305,222437.22973892034,0.010578914317954238,215788.9174893028,0.004479830099126239,169003.16569817043,0.004944444303353819,179108.21486539635,0.007441764314001037,201270.2132884223,0.007126265756749483,201109.87160690836,0.006873497468206242,198327.3317694862,0.006243386290546533,193114.57993906725,ok,,40.8
T070,gd-tp,lhs,150.0,6.0,0.61,0.0286,40.0,2.5,1.5,1.525,6,6,0.002189531867506461,3.525,12.275,5,0.0021603683576237754,24.0,6,11,0.00010235575250972377,0.00019529735330036882,0.0005257466931313007,0.00032125976653288204,0.0008957055925944881,0.001605905788685029,0.002181620317505885,0.002189531867506461,0.002081383148033797,0.0023381997503584195,0.002622661568570523,0.0011548128079477877,1.617878502695425,2,0.001276544011977414,2935326.8252182966,4.61875,0.0020439761506597116,2898469.4436577796,3.4749999999999996,True,0.0012678597080215764,2914941.201087918,3.4749999999999996,True,0.0015802371343690749,2346633.7552504293,-0.1850000000000005,False,0.001742859345269115,2590343.11703395,1.0349999999999997,False,0.0019347890926266185,2823715.8265668047,2.255,False,0.001276544011977414,2935326.8252182966,4.694999999999999,True,0.0021121640037465046,2980416.497880325,5.914999999999999,False,0.0021415061245150745,3032209.8731862074,7.135,False,0.001276544011977414,2935326.8252182966,5.0,True,0.0021088297107735555,2961390.012156332,5.0,True,0.0017853540050892032,2652284.5257792748,1.3399999999999999,False,0.0019757715640442357,2851773.986855965,2.56,False,0.0012678597080215764,2914941.201087918,3.7800000000000002,True,0.0021142047248637274,2992061.470748187,6.22,False,0.0021565832969433403,3047257.5566344024,7.4399999999999995,False,0.0021885182508581263,3079164.5803623158,8.66,False,0.0013359484546825139,3074656.569375568,0.002113350318206742,3004245.5093677947,0.0013359484546825139,3074656.569375568,0.0015802371343690749,2346633.7552504293,0.001742859345269115,2590343.11703395,0.0019347890926266185,2824516.060785157,0.0013203802438072792,3038241.011611604,0.002155006238563509,3045849.0431313436,0.0021415061245150745,3032209.8731862074,0.0013203802438072792,3038241.011611604,0.002181620317505885,3072383.199305206,0.0017853540050892032,2652284.5257792748,0.0020010237265252425,2891976.0429673824,0.0013359484546825139,3074656.569375568,0.0021387173541272055,3029609.0746369725,0.0021565832969433403,3047257.5566344024,0.0021885182508581263,3079164.5803623158,ok,,9.7
T071,gd-tp,lhs,150.0,7.5,0.2731,0.0159,160.0,2.5,3.0,0.68275,8,8,0.0029273717904569367,1.0,7.700892857142858,2,0.001972533184887343,30.0,10,11,0.0006026520812081384,0.0006004280853623618,0.0006114947087700574,0.0006167894982986371,0.0007333046315928664,0.001205556455550897,0.0029273717904569367,0.0016804897695620452,0.0017806768154875236,0.0016756041789853418,0.001980436347319009,0.0010606190891132468,4.355300746770883,2,0.0006978203595527304,295961.2788155942,6.3293125,0.002186497717406857,244999.40779961227,5.81725,True,0.0006534382986545858,270922.1555907679,5.81725,True,0.0016146361513694734,168212.32090499642,4.178649999999999,False,0.0017821070573053337,193759.71925574218,4.72485,False,0.0020085799278487565,223425.28198899378,5.27105,False,0.0006978203595527304,295961.2788155942,6.363449999999999,True,0.00267782849558049,279301.0050055566,6.909649999999999,False,0.0022287576947104828,245740.36540318103,7.45585,False,0.0006978203595527304,295961.2788155942,6.5,True,0.0029273717904569367,293801.764972838,6.5,True,0.0018367628867867268,201013.40668458864,4.8614,False,0.0020795645512600583,232032.80347348648,5.4076,False,0.0006534382986545858,270922.1555907679,5.9538,True,0.0025145998920030905,269815.9222609278,7.0462,False,0.00214434306973766,237948.64403784322,7.5924,False,0.0019151510329161068,211342.29648576118,8.1386,False,0.0006978203595527304,295961.2788155942,0.00281664974381682,287585.14926437475,0.0006910748274899469,292156.95716312947,0.001811093661276864,196727.57214750664,0.0020438920083296393,226917.48555865666,0.002397184523498327,261981.8358690055,0.0006978203595527304,295961.2788155942,0.00267782849558049,279301.0050055566,0.0022287576947104828,245740.36540318103,0.0006978203595527304,295961.2788155942,0.0029273717904569367,293801.764972838,0.0021214196149823878,235485.6493349385,0.0025645403611152476,272196.8996013386,0.0006910748274899469,292156.95716312947,0.0025145998920030905,269815.9222609278,0.00214434306973766,237948.64403784322,0.0019151510329161068,211342.29648576118,ok,,10.5
T072,gd-tp,lhs,70.0,10.5,0.2191,0.0127,200.0,10.0,1.5,2.191,13,13,0.013850460794030937,3.5056000000000003,10.406266666666667,10,0.01242867564746352,42.0,10,11,0.0014107604193894113,0.0014116489788580156,0.0014177075110923143,0.0013822409627871708,0.0014426489369109138,0.004240671156975295,0.013850460794030937,0.011017536957490338,0.010576145216481782,0.011121953466155077,0.01221466463723921,0.003378157277579506,1.6496730908792347,2,0.001610197889258697,102055.6381919074,7.856750000000001,0.013850460794030937,150385.34869026672,7.309000000000001,True,0.001610197889258697,102055.6381919074,7.309000000000001,True,0.003990601434515806,112952.6395021888,5.994400000000001,False,0.008313048714939758,131513.88138583835,6.432600000000001,False,0.013497126424078954,149181.18726705294,6.870800000000001,False,0.001610197889258697,102055.6381919074,7.747200000000001,True,0.0014085661245886584,70107.25087913392,8.185400000000001,False,0.0011397237716952737,27509.40112876933,8.623600000000001,False,0.0009380920070252368,-4438.986184003908,9.5,True,0.009524050489745826,-77275.64924711658,9.5,True,0.0014085661245886593,70107.25087913408,8.1854,False,0.001139723771695275,27509.40112876949,8.6236,False,0.0009380920070252368,-4438.986184003908,9.0618,True,0.009516966484239409,-77975.4922228187,9.9382,False,0.009415492837427347,-88000.2753594175,10.3764,False,0.008490508714077055,-93764.39032335661,10.8146,False,0.0024073063760369938,187356.64466784248,0.013850460794030937,164500.5768023443,0.0020098181322791278,158399.79281375703,0.006261196970391354,137791.155969495,0.009491825104964503,133328.22420266012,0.013497126424078954,162005.43922702625,0.0020098181322791278,158399.79281375703,0.0020181731380563644,154422.97900884858,0.002179901586234019,166756.70836251072,0.0024073063760369938,187356.64466784248,0.012345937985585434,160630.57362634316,0.002018173138056364,154422.97900884858,0.0021799015862340176,166756.7083625106,0.0024073063760369938,187356.64466784248,0.0123037769932533,159283.64809927443,0.011699848941350764,159106.59378486755,0.011490504375528229,158017.6864721102,ok,,40.3
T073,gd-tp,lhs,105.0,10.5,0.2191,0.0127,160.0,5.0,2.0,1.0955,11,11,0.005543290093683892,1.0,10.907608695652172,3,0.004781767151964754,42.0,10,11,0.0009531849131187354,0.0009532507828977087,0.0009583419290489537,0.0009476723211561722,0.0010124604647682976,0.0020306614915509167,0.005543290093683892,0.00419393643321272,0.004283370270105152,0.00426191559699885,0.004844508122405073,0.001701728155925431,2.4153757896837305,2,0.001429060417376706,179995.51544877887,9.226125,0.0026529312817711514,110060.03116360962,8.404499999999999,True,0.0012367746727900497,145327.24775458634,8.404499999999999,True,0.0018445888562379307,76070.25304793242,7.089899999999998,False,0.0022074217101516126,91923.61543230565,7.5280999999999985,False,0.002624503951179275,108902.77233329703,7.966299999999999,False,0.0012944603961660465,155727.72806284408,8.842699999999999,False,0.001429060417376706,179995.51544877887,9.280899999999999,True,0.005543290093683892,162333.71264025333,9.7191,True,0.001429060417376706,179995.51544877887,9.5,True,0.005543290093683892,162333.71264025333,9.5,True,0.0026529312817711514,110060.03116360962,8.1854,True,0.0012367746727900497,145327.24775458634,8.6236,True,0.0013713746940007092,169595.03514052113,9.0618,False,0.005492714398405365,160186.24187186317,9.9382,False,0.004768251347759937,129425.15761049907,10.3764,False,0.003993654516280418,101363.7238969997,10.8146,False,0.001429060417376706,179995.51544877887,0.005088901228657391,158530.10760058468,0.0013571311368316568,167042.83860909677,0.0037856360032141583,135455.3693121707,0.004302700131938796,135132.86106717435,0.004998842061359199,156721.91245770094,0.0013109240321159093,158745.1115366667,0.001429060417376706,179995.51544877887,0.005543290093683892,162333.71264025333,0.001429060417376706,179995.51544877887,0.005543290093683892,162333.71264025333,0.005088901228657391,158530.10760058468,0.0013571311368316568,167042.83860909677,0.0013713746940007092,169595.03514052113,0.005492714398405365,160186.24187186317,0.004768251347759937,151196.44749096272,0.004575775345475118,150356.32316616183,ok,,16.9
T074,gd-tp,lhs,85.0,6.0,0.4064,0.021,120.0,1.0,2.0,0.4064,6,6,0.0043095437830871965,1.0,6.104166666666668,2,0.003418473286090104,24.0,8,11,0.0002588023931389292,0.0003360398974679668,0.0005211889406779724,0.00039647389485710795,0.0008645920013905808,0.0018702624274898932,0.0043095437830871965,0.002946934554643796,0.003013453149147942,0.002844793398417854,0.004003503805969121,0.0017240812860594991,2.363101196855719,2,0.0012606746224077478,1198764.3373692017,4.8984000000000005,0.003519095172683145,1137943.4378012456,4.5936,True,0.0012311813591584103,1168162.0396334429,4.5936,True,0.0019973480746278013,841366.8066508315,2.1552000000000007,False,0.00228329394025722,936599.721370657,2.9680000000000004,False,0.0027601829472208416,1039615.1310243214,3.7808,False,0.003905838084520892,1174667.1779625867,5.4064000000000005,False,0.0033861464272128927,1106556.1242523764,6.219200000000001,False,0.0030784323043539963,1049755.2414131851,7.032,False,0.0012606746224077478,1198764.3373692017,5.0,True,0.0043095437830871965,1203711.8015972157,5.0,True,0.002122708218737698,886872.8325370818,2.5616000000000003,False,0.0024450291183927713,986352.9010178539,3.3744,False,0.003140024740009213,1094496.2547234208,4.1872,False,0.0035900681072280195,1139437.7671881097,5.8128,False,0.003230317511240684,1077979.1853817615,6.6256,False,0.002936736757740134,1026681.3528847096,7.4384,False,0.0012606746224077478,1198764.3373692017,0.004075951329310899,1188184.5372719555,0.001256264799122945,1194162.5214039288,0.0023136491952474784,944791.9899815968,0.002766476421717545,1039211.7993575719,0.0032526223502072995,1099737.8825998611,0.003905838084520892,1174667.1779625867,0.0034095762770247557,1126510.5773742974,0.0031823170492866907,1100593.7284423213,0.0012606746224077478,1198764.3373692017,0.0043095437830871965,1203711.8015972157,0.0024825773703916116,994504.7059355921,0.0030497727431430203,1083705.6501563522,0.0035734639028519853,1142797.440061779,0.0035900681072280195,1139437.7671881097,0.003305045814807032,1114588.571002872,0.003054438112619542,1084264.9790490533,ok,,23.1
T075,gd-tp,lhs,150.0,12.0,0.3239,0.0175,200.0,10.0,1.5,3.2390000000000003,12,12,0.003185715040651549,1.0,12.409090909090907,2,0.002830673640707498,48.0,10,11,0.000603480253504583,0.000602961913132679,0.0006092699791516587,0.0006094490083857725,0.000701251436907274,0.0013381230464583073,0.003185715040651549,0.00215480130316996,0.0022761402837344485,0.0021664941483143445,0.0028006165633371353,0.0010843349486099108,1.638193353815655,2,0.001599250944078138,490734.825438614,10.595124999999996,0.00158601678326159,262880.9790633396,7.760999999999999,True,0.0011379785484547413,307536.7329434699,7.760999999999999,True,0.0013471547090257946,201621.82667417495,5.817599999999999,False,0.0014345833897187758,224043.47038315394,6.465399999999999,False,0.0015444251709278462,252214.12026770206,7.113199999999999,False,0.0011775878877311786,323266.94496182905,8.4088,False,0.0012852877327071356,366038.52073998784,9.0566,False,0.0014075121593546138,414580.5026225501,9.7044,False,0.001599250944078138,490734.825438614,11.0,True,0.003185715040651549,485790.80387775286,11.0,True,0.0012852877327071356,366038.52073998784,9.0566,False,0.0014075121593546138,414580.5026225501,9.7044,False,0.0015463127246603619,469708.8529143912,10.3522,False,0.003026910406954694,463670.8652945465,11.6478,False,0.002594646718567655,405016.7600567606,12.2956,False,0.002151311446581235,358016.81467363896,12.9434,False,0.001599250944078138,490734.825438614,0.0031652910611385,480529.7451771643,0.0015933545387932955,488255.3414931951,0.002238553965343718,394777.5025324863,0.0026431215184053248,439803.97265070246,0.002923013904595833,457348.5519533531,0.0015425500502046006,468082.20735330787,0.0014434875019437889,428899.9515788282,0.00144389810225667,429106.48646149423,0.001599250944078138,490734.825438614,0.003185715040651549,485790.80387775286,0.0014434875019437889,428899.9515788282,0.00144389810225667,429106.48646149423,0.0015463127246603619,469708.8529143912,0.003026910406954694,463670.8652945465,0.002785725604729681,454079.04976638197,0.0023595804280789057,411492.22608444426,ok,,17.6
T076,gd-tp,lhs,120.0,12.0,0.61,0.0286,160.0,10.0,4.0,6.1,10,10,0.013668675176011667,1.22,12.629090909090907,2,0.006944837328192664,48.0,7,11,0.00017810082023646191,0.0002330546261395966,0.00034097410549015407,0.0003342580761341665,0.0008785424337992632,0.002307937715303222,0.013668675176011667,0.012662861742532335,0.003417978521965954,0.0031487402211386787,0.00499361065081985,0.0034094032237743347,6.207794520638765,2,0.0006357139127384267,4325813.077958635,10.618749999999999,0.002000411676695741,2731715.582417792,4.9,True,0.0004375061357955129,2903646.937870372,4.9,True,0.0015151770442214715,2074859.3553686794,1.2400000000000002,False,0.001667744492941296,2306898.8443215312,2.4600000000000004,False,0.0018446090645629508,2555185.6506697447,3.6800000000000006,False,0.000463355426693741,3089127.4418747015,6.12,False,0.0005044944138863578,3384310.3364052516,7.34,False,0.0005497719140385683,3709180.9008700848,8.56,False,0.0006357139127384267,4325813.077958635,11.0,True,0.013668675176011667,4330173.703995638,11.0,True,0.0005044944138863578,3384310.3364052516,7.34,False,0.0005497719140385683,3709180.9008700848,8.56,False,0.0005992225466453184,4063989.1768370606,9.78,False,0.007780632519285918,4114378.6000861134,12.22,False,0.005119717803237333,3845357.8590218714,13.44,False,0.0038922236725257558,3615330.32811667,14.66,False,0.0006357139127384267,4325813.077958635,0.009355461835678086,4185645.9554413585,0.0006202338934510306,4212444.413781849,0.0025599170836611046,3240646.030871398,0.0033937582727245857,3566914.173446317,0.005347338767987301,3922740.7897374295,0.0005883837737550297,3985534.853112912,0.0005696947829027054,3853289.101944635,0.0005777525979197873,3911334.715250008,0.0006357139127384267,4325813.077958635,0.013668675176011667,4330173.703995638,0.0005696947829027054,3853289.101944635,0.0005777525979197873,3911334.715250008,0.0006058264244522852,4112442.099695497,0.007780632519285918,4114378.6000861134,0.005157838110326678,3903822.260520802,0.003966632519527969,3729026.751653604,ok,,53.3
T077,gd-tp,lhs,120.0,9.0,0.61,0.0286,40.0,1.0,3.0,0.61,6,6,0.0035616149075086393,1.0,9.202702702702702,1,0.0029198230888036352,36.0,7,11,9.016289681535963e-05,0.00018444838696546003,0.00046060673051244905,0.00031412890431252276,0.0008811398755045457,0.0018539253971831082,0.0035616149075086393,0.00264923120967869,0.002695628215960805,0.002820023878627328,0.0038514985761442435,0.0012415246485809111,4.037412115233519,2,0.0007409604094956007,3711957.41924367,7.8475,0.002956973468425703,3565322.2641799673,7.390000000000001,True,0.0007275462830772443,3643652.0505477637,7.390000000000001,True,0.0019674005714326367,2855878.859663626,3.7300000000000004,False,0.00221187360955908,3097405.159283632,4.950000000000001,False,0.002483479996669411,3348185.3286509602,6.170000000000001,False,0.0034064758116314833,3693856.8101037783,8.610000000000001,False,0.003061863137515177,3598653.9325120603,9.83,False,0.002814420029813209,3514381.338976631,11.05,False,0.0007409604094956007,3711957.41924367,8.0,True,0.0035616149075086393,3728726.4165076734,8.0,True,0.002087299230334955,2975474.7887902,4.34,False,0.0023430861934201582,3221632.5143733635,5.5600000000000005,False,0.0027193910024707986,3477407.972227871,6.78,False,0.0032172308411559775,3644752.3768053665,9.22,False,0.0029277042440107068,3555217.8309312086,10.44,False,0.002722146560695618,3476107.443205031,11.66,False,0.0007410952427917867,3712429.3369501787,0.0033578529379418845,3680785.97571355,0.0007410952427917867,3712429.3369501787,0.002082954196215866,2966135.037273241,0.0023343346256372113,3206656.8687827163,0.0027025016907389334,3459666.3977393955,0.0034064758116314833,3693856.8101037783,0.003061863137515177,3598653.9325120603,0.002814420029813209,3514381.338976631,0.0007409604094956007,3711957.41924367,0.0035616149075086393,3728726.4165076734,0.0022050353883236494,3085198.1032969337,0.002493293034716624,3330933.509366753,0.00303821616619817,3591283.8830945822,0.0032172308411559775,3644752.3768053665,0.0029277042440107068,3555217.8309312086,0.0027259973923522514,3482887.058610317,ok,,35.9
T078,gd-tp,lhs,85.0,12.0,0.508,0.0254,120.0,10.0,2.0,5.08,10,10,0.013386352945748208,2.032,13.441090909090907,3,0.007822921154766203,48.0,9,11,0.0001704603428228732,0.00021606000729628693,0.00028587887416909675,0.00028625885771410206,0.0008616782155379341,0.00228476027660361,0.013386352945748208,0.012326328317568953,0.0044180707068468975,0.003987724765619258,0.0069635815065570055,0.00521543703883964,2.349520209363187,2,0.0014306095297816177,2669511.5623567784,10.576666666666668,0.0030035787517203377,2103389.381272041,5.920000000000001,True,0.0011962500144504372,2208308.527573849,5.920000000000001,True,0.002070143121496889,1710892.6262404865,2.8720000000000008,False,0.002287896114758254,1850469.1022208286,3.888000000000001,False,0.002654783126587898,2005299.9367695863,4.904000000000001,False,0.001223161587239358,2261270.811594004,6.936000000000001,False,0.001273024927656529,2359400.3097557854,7.952000000000001,False,0.0013291908151559309,2469930.2973514516,8.968,False,0.0014306095297816177,2669511.5623567784,11.0,True,0.013386352945748208,2642555.9415489724,11.0,True,0.001273024927656529,2359400.3097557854,7.952,False,0.0013291908151559309,2469930.2973514516,8.968,False,0.0013917981075498307,2593134.946157751,9.984,False,0.009236096010024838,2530372.8397129644,12.016,False,0.0060021312080328045,2369565.517727629,13.032,False,0.004472890258245545,2243971.6211262573,14.048,False,0.0014447894367771545,2697950.395761031,0.009911612580216058,2561242.747587364,0.001395953824850571,2600714.8633639384,0.0030979572504618103,2122754.07990565,0.004053398890335935,2284377.617214773,0.006491094691211896,2434859.5152041633,0.001374631994422269,2559507.262165131,0.0013722558757755692,2555074.2001459235,0.0013954015613528016,2600678.3011707207,0.0014447894367771545,2697950.395761031,0.013386352945748208,2642555.9415489724,0.0013722558757755692,2555074.2001459235,0.0013954015613528016,2600678.3011707207,0.0014251289703074716,2659231.1504474496,0.009236096010024838,2530372.8397129644,0.0060839159711906406,2446077.9347193567,0.004577183251621673,2341374.9932424277,ok,,44.6
T079,gd-tp,lhs,105.0,7.5,0.1683,0.011,40.0,10.0,2.0,1.683,14,14,0.0019179575280225927,1.0,7.901785714285715,3,0.0016844946037791165,30.0,10,11,0.0003755715096900007,0.0003759151194381209,0.00037896613544141265,0.0003856577573978846,0.0004445108612474738,0.0009358998456161889,0.0019179575280225927,0.0014205910793662932,0.0014783142073571572,0.001413815065818541,0.0016454392377472738,0.0007593907333159472,2.4793386573521867,2,0.0008767473822015462,64961.32450261066,6.07925,0.0012799443283790215,39141.82818757533,4.817,True,0.0007192919805107891,50644.1065130363,4.817,True,0.0011304598649500724,32867.25897967308,3.8072,False,0.0012140551970895503,36376.15003721124,4.143800000000001,False,0.0012799443283790215,39141.82818757533,4.4804,True,0.0007192919805107891,50644.1065130363,5.1536,True,0.0007665286010180162,54939.2719099086,5.4902,False,0.0008295107616943192,60666.159105738356,5.8268,False,0.0008767473822015462,64961.32450261066,6.5,True,0.0019179575280225927,64657.17296403702,6.5,True,0.0007665286010180162,54939.2719099086,5.4902,False,0.0008295107616943192,60666.159105738356,5.8268,False,0.0008767473822015462,64961.32450261066,6.1634,True,0.0019179575280225927,64657.17296403702,6.8366,True,0.0017953994376580897,59943.13408560749,7.1732,False,0.0016434065051264594,54096.921966361355,7.5098,False,0.0008847821611673841,65681.92036123616,0.0019075088321619663,64131.09236678894,0.0008847821611673841,65681.92036123616,0.0016854128034451883,55791.80866210536,0.0017786535286996564,59158.08788725767,0.0019075088321619663,64131.09236678894,0.0008847821611673841,65681.92036123616,0.0008470813109695815,62263.20346130605,0.000843417266273471,61937.844753751,0.0008768016763619806,64966.44399411672,0.0019179575280225927,64657.17296403702,0.0008470813109695815,62263.20346130605,0.000843417266273471,61937.844753751,0.0008768016763619806,64966.44399411672,0.0019179575280225927,64657.17296403702,0.0017953994376580897,59943.13408560749,0.0016810981651814551,55992.76501987803,ok,,12.2
T080,gd-tp,lhs,60.0,9.0,0.61,0.0286,200.0,1.0,3.0,0.61,6,6,0.01612552200744546,1.0,9.202702702702702,1,0.01077666361426843,36.0,9,11,0.00024814230743354913,0.0003438656880285195,0.000661999670422027,0.0005006207610366382,0.0014364573657877867,0.0027853161053087053,0.01612552200744546,0.007201469049043112,0.0077980759372794405,0.00688009810828461,0.012594539060035008,0.0015198151179482643,4.037412115233519,2,0.0009216924219646307,4409184.4161997605,7.8475,0.009551796977687162,4197700.410552758,7.390000000000001,True,0.0009021674443169737,4309749.4232612895,7.390000000000001,True,0.0029040084469213905,3359257.3048685226,3.7300000000000004,False,0.0036843577926298715,3618867.218379757,4.950000000000001,False,0.0053701848502114005,3913137.981897314,6.170000000000001,False,0.01159764387234055,4256288.935638282,8.610000000000001,False,0.008914473870177093,3938489.6955729537,9.83,False,0.006255868929017678,3697576.2951176073,11.05,False,0.0009216924219646307,4409184.4161997605,8.0,True,0.01612552200744546,4389437.36627333,8.0,True,0.003230395312771966,3484826.0107617974,4.34,False,0.004365160000345802,3761515.652915089,5.5600000000000005,False,0.00724174412458555,4077369.0441867635,6.78,False,0.010660644134533997,4085378.376740432,9.22,False,0.00741273403341446,3809933.6803949703,10.44,False,0.005532988930761108,3599530.8298392408,11.66,False,0.0009216924219646307,4409184.4161997605,0.011767936012047708,4277547.238291068,0.0009021674443169737,4309749.4232612895,0.0030992025082513313,3438966.166311373,0.004020930407544985,3695155.9301980166,0.006391071166884719,3988352.8927602572,0.01159764387234055,4256288.935638282,0.009068690075158476,4174084.6464661923,0.006467856647878449,4021205.2967136586,0.0009216924219646307,4409184.4161997605,0.01612552200744546,4389437.36627333,0.0034654551904254975,3562839.0427561156,0.004963453840148492,3836680.588678291,0.00860632626399304,4154218.5114829456,0.010766134495136975,4246685.793162344,0.007599603121986334,4095296.424367018,0.005770355181024542,3961807.6744674197,ok,,43.8
T081,gd-tp,lhs,120.0,9.0,0.2731,0.0159,40.0,5.0,2.0,1.3655,10,10,0.0019453830322395283,1.0,9.405405405405407,2,0.0017303762832021393,36.0,10,11,0.00017973478354938252,0.00017661893157757552,0.0001892254354545849,0.0001982615115550952,0.0003331945184553741,0.001066418520216329,0.0019453830322395283,0.0013684754057155957,0.001474189454461554,0.0013501426516664321,0.0017057982791169246,0.0008209054134368147,2.4175443454600107,2,0.0008904809767015822,287418.09832325124,7.658625,0.0015725159739887636,232533.8104262011,6.634499999999999,True,0.0008124505035452868,260063.3070920174,6.634499999999999,True,0.0013330721509991837,193387.53377724264,4.995899999999999,False,0.0014339503292879717,209879.43579224203,5.5421,False,0.001544561980633223,227963.5560939741,6.088299999999999,False,0.0008358596454921753,268269.7444613875,7.180699999999999,False,0.0008904809767015822,287418.09832325124,7.726899999999999,True,0.0019453830322395283,287935.87217341235,8.2731,True,0.0008904809767015822,287418.09832325124,8.0,True,0.0019453830322395283,287935.87217341235,8.0,True,0.0015725159739887636,232533.8104262011,6.3614,True,0.0008124505035452868,260063.3070920174,6.9076,True,0.0008670718347546936,279211.6609538811,7.4538,False,0.0019125476952452753,283537.80011961324,8.5462,False,0.001785165950811817,266475.874108163,9.0924,False,0.0016875996407373468,251380.0846567388,9.6386,False,0.0009003163506661896,290839.01105123886,0.001917209357508011,284357.3026839568,0.0009003163506661896,290839.01105123886,0.001650802123745806,245267.0492903335,0.0017272293584015207,256912.7564839619,0.001878380087971817,278768.0423119077,0.0008833487022380153,284906.21536126075,0.0008916926747559132,287846.6344056503,0.0019453830322395283,287935.87217341235,0.0008916926747559132,287846.6344056503,0.0019453830322395283,287935.87217341235,0.001917209357508011,284357.3026839568,0.0009003163506661896,290839.01105123886,0.0008791233098113778,283447.4199301652,0.0019125476952452753,283537.80011961324,0.001785165950811817,266475.874108163,0.0016875996407373468,251380.0846567388,ok,,19.6
T082,gd-tp,lhs,105.0,6.0,0.2191,0.0127,200.0,5.0,1.5,1.0955,11,11,0.004022489482856642,1.0,6.416666666666668,3,0.0035277299556230714,24.0,9,11,0.0011476968159585118,0.0011490062009746056,0.0011562864095830557,0.0011651854804153542,0.0013098533753570008,0.0018556701653468124,0.004022489482856642,0.0031487986015288905,0.0032364380048671808,0.0031900083612329743,0.0037523525783282104,0.00259200467278086,1.6496730908792347,2,0.0017260070847142416,129392.19644669243,4.726125,0.0023093473099180654,77711.1056075664,3.9045000000000005,True,0.0015219595325741597,102747.42652755312,3.9045000000000005,True,0.0018230443995048027,55997.173459090845,2.5899000000000005,False,0.0020396362067800307,65943.08221718608,3.0281000000000007,False,0.002291638919108057,76938.45385228614,3.4663000000000004,False,0.0015831737982161843,110740.85750329492,4.342700000000001,False,0.0017260070847142416,129392.19644669243,4.780900000000001,True,0.004022489482856642,117613.52712739434,5.219100000000001,True,0.0017260070847142416,129392.19644669243,5.0,True,0.004022489482856642,117613.52712739434,5.0,True,0.0023093473099180654,77711.1056075664,3.6854,True,0.0015219595325741597,102747.42652755312,4.1236,True,0.001664792819072217,121398.76547095063,4.5618,False,0.004000157494425323,116572.56652068606,5.4382,False,0.003545704986812113,95389.17931358442,5.8764,False,0.0030823622731371747,75781.8812509348,6.3146,False,0.0017260070847142416,129392.19644669243,0.0038518206680406802,114619.89754583864,0.0016666351323380538,121642.7047515544,0.0030289058932104073,96945.69329216414,0.003338033766153344,97084.14031139028,0.0037941261538547055,113243.40074557278,0.001624342795633167,116147.04514465012,0.0017260070847142416,129392.19644669243,0.004022489482856642,117613.52712739434,0.0017260070847142416,129392.19644669243,0.004022489482856642,117613.52712739434,0.0038518206680406802,114619.89754583864,0.0016666351323380538,121642.7047515544,0.001664792819072217,121398.76547095063,0.004000157494425323,116572.56652068606,0.003545704986812113,105899.37757697931,0.0034470635419429794,106477.31211610658,ok,,9.2
T083,gd-tp,lhs,70.0,10.5,0.508,0.0254,200.0,1.0,1.5,0.508,2,1,0.008434538640676194,0.0,10.722826086956523,0,0.008434538640676194,42.0,9,11,0.00025987100675719236,0.000321539681988382,0.0004216147611299359,0.0003856597613475361,0.001098652391404573,0.002189932053570998,0.008434538640676194,0.00599547157437135,0.006255690999486648,0.005832523979533459,0.009898740764242292,0.0014726848873270427,1.6266538237859836,2,0.0018110695798139404,2361556.9953263663,9.373000000000001,0.004203005087433941,2252242.3564197537,8.992,True,0.001777217615944644,2313049.5343988016,8.992,True,0.0024320735266803108,1846725.8410100325,5.944000000000001,False,0.002815058311290415,1969758.6564995022,6.960000000000001,False,0.003445270347596235,2117532.8115468305,7.976000000000001,False,0.00763604531953789,2493098.120252018,10.008000000000001,False,0.007657084974834246,2492792.7491434026,11.024000000000001,False,0.005454060161696696,2371323.5174741754,12.040000000000001,False,0.0018110695798139404,2361556.9953263663,9.5,True,0.006188347841210633,2427721.0778460843,9.5,True,0.0026031152325072184,1906581.9889530805,6.452,False,0.0031074418403604595,2042067.3232991316,7.468,False,0.0038772759416260054,2199278.0542325755,8.484,False,0.008330911197759432,2523002.394753365,10.516,False,0.0063457281635599105,2435215.842452318,11.532,False,0.0047400300154278735,2313193.640514259,12.548,False,0.0018110695798139404,2361556.9953263663,0.004203005087433941,2252242.3564197537,0.001777217615944644,2313049.5343988016,0.0024320735266803108,1846725.8410100325,0.002815058311290415,1969758.6564995022,0.003445270347596235,2117532.8115468305,0.00763604531953789,2493098.120252018,0.007657084974834246,2492792.7491434026,0.005454060161696696,2371323.5174741754,0.0018110695798139404,2361556.9953263663,0.006188347841210633,2427721.0778460843,0.0026031152325072184,1906581.9889530805,0.0031074418403604595,2042067.3232991316,0.0038772759416260054,2199278.0542325755,0.008330911197759432,2523002.394753365,0.0063457281635599105,2435215.842452318,0.0047400300154278735,2313193.640514259,partial 1/2,,34.8
T084,gd-tp,lhs,85.0,12.0,0.508,0.0254,80.0,5.0,4.0,2.54,8,8,0.011924950096446464,1.016,12.425090909090907,2,0.007089718353708388,48.0,9,11,0.00012381458800725522,0.0001644607728075612,0.00023642941573547965,0.0002378941648415197,0.0008265291377547455,0.002040569263770366,0.011924950096446464,0.004036189981686592,0.004140781288427667,0.0036268472787910878,0.006420979090190717,0.0014855212632749629,6.3972084908403595,2,0.000616014655246354,2627293.3750385954,10.682500000000005,0.003076308396512734,2160307.494051027,8.46,True,0.0005375261160075648,2279412.793162319,8.46,True,0.002104608792497972,1775640.7037832441,5.412000000000001,False,0.00233690772417276,1914617.4424698364,6.428000000000001,False,0.0027187556212396598,2065570.4422024318,7.444000000000001,False,0.0005649322411770159,2400886.5792605346,9.476,False,0.0006077533781518535,2590678.2596015646,10.492,False,0.011375577841296468,2608522.5348748285,11.508000000000001,False,0.000616014655246354,2627293.3750385954,11.0,True,0.011924950096446464,2623430.7864390295,11.0,True,0.0030177219950005374,2144784.462651132,7.952,False,0.0005449631260999223,2312376.381958852,8.968,False,0.0005858609734030929,2493647.8334720545,9.984,False,0.008553985780838684,2531953.316363108,12.016,False,0.005822520306640745,2399488.917744797,13.032,False,0.0045199136646253135,2290954.972938114,14.048,False,0.000616014655246354,2627293.3750385954,0.007876336126956197,2523904.048108647,0.0005987267912535212,2550971.178487061,0.0027273377669243095,2065741.054329139,0.003452919577582707,2229048.0683688917,0.0055365122298053375,2408929.3755533593,0.0005948445242821409,2534089.0589077324,0.0006077533781518535,2590678.2596015646,0.011375577841296468,2608522.5348748285,0.000616014655246354,2627293.3750385954,0.011924950096446464,2623430.7864390295,0.007492946955381122,2505065.004487987,0.0005940453167513563,2530279.9847635855,0.0006004578029950428,2559041.399166369,0.008553985780838684,2532554.2702575154,0.005867853052260021,2446330.360705595,0.004595570694335476,2361478.517415845,ok,,48.5
T085,gd-tp,lhs,120.0,6.0,0.2731,0.0159,40.0,5.0,3.0,1.3655,10,10,0.0018431171072222773,1.0,6.416666666666668,2,0.0016696965639937723,24.0,7,11,0.0001604521868896159,0.00019119401891896977,0.0002546590308836739,0.00025293400371394334,0.00046558994015889304,0.0012308813518467142,0.0018431171072222773,0.0014214566117511356,0.0013796096933913005,0.0013445687693718483,0.0016065277052515973,0.0008318338127210309,4.355300746770883,2,0.0005303635998738899,274598.17910178576,4.658625,0.0014827365788007022,218273.20012374967,3.6344999999999996,True,0.00048059441118264917,246517.3387562378,3.6344999999999996,True,0.0012338908955279787,177592.89211399062,1.9958999999999996,False,0.0013392351143463955,194813.57203783272,2.5420999999999996,False,0.0014536604391346298,213519.8310530289,3.0882999999999994,False,0.0004955251677900214,254941.5908599022,4.1807,False,0.0005303635998738899,274598.17910178576,4.7269,True,0.0018431171072222773,275360.79015960323,5.2730999999999995,True,0.0005303635998738899,274598.17910178576,5.0,True,0.0018431171072222773,275360.79015960323,5.0,True,0.0014827365788007022,218273.20012374967,3.3613999999999997,True,0.00048059441118264917,246517.3387562378,3.9076,True,0.0005154328432665177,266173.9269981214,4.4538,False,0.001817010327807823,271377.434315251,5.5462,False,0.0017069265173381238,254580.9163364665,6.0924,False,0.0016128124767462288,239542.6059789197,6.6386,False,0.0005362701707544813,277888.19271684473,0.0018164649061849767,271272.89353601314,0.0005362701707544813,277888.19271684473,0.001542133704220152,227921.74091841365,0.0016366943905005815,243169.38184339454,0.0017800399634726623,265578.5848807738,0.000525101270751226,271590.39962500456,0.0005303635998738899,274598.17910178576,0.0018431171072222773,275360.79015960323,0.0005303635998738899,274598.17910178576,0.0018431171072222773,275360.79015960323,0.0018164649061849767,271272.89353601314,0.0005362701707544813,277888.19271684473,0.0005166596224640154,266870.09491116763,0.001817010327807823,271377.434315251,0.0017069265173381238,254580.9163364665,0.0016281139836890602,242063.92035449768,ok,,11.9
T086,gd-tp,lhs,70.0,9.0,0.4064,0.021,160.0,10.0,4.0,4.064,11,11,0.016961326591981907,1.6256,10.031005405405407,3,0.008513485318665354,36.0,9,11,0.00030845230642557536,0.00036756996839147334,0.00045246617618447944,0.00041530254378547844,0.0010692106686073033,0.0026745462535518274,0.016961326591981907,0.015148156515030823,0.0047984976389458135,0.004380078332472545,0.006996747163366463,0.005245473997007592,6.501502769992127,2,0.0006767071998616094,1437271.2661679839,7.492,0.0031200358883582274,1054844.9536450761,3.936,True,0.0005537092328850293,1148447.2548644412,3.936,True,0.002056328948273547,822539.4058314434,1.4976000000000003,False,0.0023086995831131736,907311.3492676086,2.3104,False,0.0027891443754608793,1003758.8852196953,3.1231999999999998,False,0.0005643837781475463,1173514.9750910704,4.7488,False,0.0005933874398292368,1241625.4527710034,5.5616,False,0.0006261585550491116,1318578.4966467214,6.3744,False,0.0006767071998616094,1437271.2661679839,8.0,True,0.016961326591981907,1404172.8494611199,8.0,True,0.0005933874398292368,1241625.4527710034,5.5616,False,0.0006261585550491116,1318578.4966467214,6.3744,False,0.0006627715232386054,1404549.1744569445,7.1872,False,0.012635392990150067,1326128.1338526325,8.8128,False,0.006935447686722263,1191298.018027001,9.6256,False,0.004797967579990386,1090364.453022285,10.4384,False,0.0006805379524295267,1446905.4370390046,0.012688900620854152,1368956.4477106826,0.0006550287824775545,1386415.6470314898,0.0030509159104992237,1038705.3308934403,0.00426475103496223,1153685.6333481849,0.008908383186163299,1292830.5113369827,0.0006459038766625546,1365436.1888847607,0.0006462005687390679,1366169.8596154377,0.0006583196901926771,1394674.787261789,0.0006805379524295267,1446905.4370390046,0.016961326591981907,1404172.8494611199,0.0006462005687390679,1366169.8596154377,0.0006583196901926771,1394674.787261789,0.0006743269408129821,1432305.1768925781,0.012635392990150067,1326128.1338526325,0.007138877426411094,1291006.6571983758,0.005052915309353796,1215254.2333207843,ok,,36.5
T087,gd-tp,lhs,150.0,7.5,0.508,0.0254,160.0,10.0,1.5,5.08,10,10,0.0026432255839256395,1.016,7.917785714285715,2,0.0023685587458754562,30.0,7,11,0.00024018333099273088,0.00031170490959732346,0.0005124340736858474,0.00040941429661087874,0.0008276118326860221,0.0017744276151991233,0.0026432255839256395,0.0024604202941692762,0.002012358397018867,0.0020088177469195366,0.002523394998311741,0.0014249459684766326,1.6266538237859836,2,0.001482218274597141,1940451.4332526817,6.076666666666668,0.0014359466271552787,1149789.9082097595,1.42,True,0.0010080717383443053,1261313.7347468417,1.42,True,0.0011027182989108361,840749.6235560752,-1.6280000000000001,False,0.0012221764709553996,951530.3725045681,-0.6120000000000001,False,0.0013532439719360961,1073085.9217838093,0.4039999999999999,False,0.0010668703852281516,1345525.2892242873,2.436,False,0.001172298818972941,1496524.9531313053,3.452,False,0.0012857879850663276,1659078.533733497,4.468,False,0.001482218274597141,1940451.4332526817,6.5,True,0.0026432255839256395,1968414.096366047,6.5,True,0.001172298818972941,1496524.9531313053,3.452,False,0.0012857879850663276,1659078.533733497,4.468,False,0.0014078663518982436,1833944.991968044,5.484,False,0.0024439868000369876,1895719.219715607,7.516,False,0.0022510492114194455,1786634.946238046,8.532,False,0.0021167980525018146,1695244.5262003012,9.548,False,0.0014910679058083491,1952455.0075452263,0.0024804874537811593,1912589.8032729654,0.0014910679058083491,1952455.0075452263,0.0018242332192009354,1497151.5882346046,0.002058305165991507,1663807.016563139,0.0022739453374527787,1798594.296662239,0.0014548685657257837,1900625.6601129977,0.0013983741373421712,1819744.1491667102,0.0013749704782458794,1786849.8965081705,0.001484936692579371,1944498.5043854304,0.0026432255839256395,1968414.096366047,0.0013983741373421712,1819744.1491667102,0.0013749704782458794,1786849.8965081705,0.0014300311022466346,1865841.7915499357,0.0024439868000369876,1895719.219715607,0.002283104654303932,1816480.0328486287,0.002157883122272217,1733462.1986799852,ok,,12.0
T088,gd-tp,lhs,150.0,7.5,0.3239,0.0175,80.0,1.0,2.0,0.3239,7,7,0.0018415094873561193,1.0,7.600446428571431,2,0.001582794205347064,30.0,9,11,0.00024197613565489495,0.0002365551097352082,0.00025742378041945216,0.00027268737705637167,0.00041735495200457824,0.0010575658840992028,0.0018415094873561193,0.0013471553201837981,0.0014474743972464062,0.0013373830866321762,0.0016512197785573588,0.0008772890669896045,2.382450168421768,2,0.0008589328545460361,411670.10460421134,6.4190249999999995,0.001743563019062023,389619.8989280977,6.1761,True,0.0008398012155835661,401208.8595497466,6.1761,True,0.0013492662487034218,288482.75926607184,4.2326999999999995,False,0.0014775656778306307,321389.42636621924,4.8805,False,0.0016159143717327839,356875.97247369005,5.5283,False,0.0017897645336697843,401321.8475185388,6.8239,False,0.001680496982113085,373463.9287764223,7.4717,False,0.001584402659922892,348819.9769046667,8.1195,False,0.0008589328545460361,411670.10460421134,6.5,True,0.0018415094873561193,412015.11853823916,6.5,True,0.0014134159632670264,304936.0928161455,4.5565999999999995,False,0.0015461125541923854,338971.6131875428,5.2044,False,0.001690223079439501,375937.12887294183,5.8522,False,0.0017324860426652148,386797.571950306,7.1478,False,0.0016302258228282941,360571.175698605,7.7956,False,0.00153857949701749,337068.7781107283,8.4434,False,0.0008618106056913173,413246.99036701024,0.001833658327889074,410484.5991550771,0.0008618106056913173,413246.99036701024,0.001456410446059115,315923.97390807146,0.0015572501730518695,341797.8231072683,0.0016913794185509983,376222.77190567256,0.0017897645336697843,401321.8475185388,0.001680496982113085,373463.9287764223,0.001584402659922892,348819.9769046667,0.0008589328545460361,411670.10460421134,0.0018415094873561193,412015.11853823916,0.0015068303095554922,328860.8985076699,0.0016183379836231476,357486.79698828666,0.0017691323251808788,396168.13114243984,0.0017324860426652148,386797.571950306,0.0016302258228282941,360571.175698605,0.00153857949701749,337068.7781107283,ok,,24.4
T089,gd-tp,lhs,120.0,10.5,0.1683,0.011,80.0,5.0,4.0,0.8415,12,12,0.0036379170680525194,1.0,10.907608695652172,3,0.0028200701318118896,42.0,11,11,0.0007420850874744783,0.000742266753072864,0.0007430282890987345,0.0007523319748861219,0.0007332221347160427,0.0015016935313491367,0.0036379170680525194,0.0024170753032050694,0.0025078955891349097,0.0024717296184650927,0.0028213544810855437,0.0012967945211477716,7.424882091483874,2,0.0005530070423292949,87483.01810551726,9.289625000000001,0.0020991356603025785,55205.973766921634,8.6585,True,0.00048547739620432954,73064.27627666967,8.6585,True,0.0017155799737768526,41894.37375793158,7.6487,False,0.0019302300138199007,49343.97123580683,7.9853000000000005,False,0.0020991356603025785,55205.973766921634,8.3219,True,0.0005057362900418193,77389.89882532398,8.9951,False,0.0005530070423292949,87483.01810551726,9.3317,True,0.0036379170680525194,78226.65239504632,9.6683,True,0.0005530070423292949,87483.01810551726,9.5,True,0.0036379170680525194,78226.65239504632,9.5,True,0.0020991356603025785,55205.973766921634,8.4902,True,0.00048547739620432954,73064.27627666967,8.8268,True,0.0005327481484918051,83157.39555686295,9.1634,False,0.0036379170680525194,78226.65239504632,9.8366,True,0.003236249800984323,69444.47942575859,10.1732,False,0.0027271924640841255,58314.29792858549,10.5098,False,0.0005530070423292949,87483.01810551726,0.0034421719979482812,76072.57545726822,0.000535255094362337,83692.607367318,0.0026516678949846492,63048.19641668607,0.002954685597641142,67799.04863622716,0.0034421719979482812,76072.57545726822,0.0005160011603596342,79593.0802177364,0.0005530070423292949,87483.01810551726,0.0036379170680525194,78226.65239504632,0.0005530070423292949,87483.01810551726,0.0036379170680525194,78226.65239504632,0.0034421719979482812,76072.57545726822,0.000535255094362337,83692.607367318,0.0005327481484918051,83157.39555686295,0.0036379170680525194,78226.65239504632,0.003236249800984323,69444.47942575859,0.0027789191404600203,67779.6494775093,ok,,27.5
T090,gd-tp,lhs,85.0,7.5,0.508,0.0254,40.0,10.0,2.0,5.08,10,10,0.00770311753684696,2.032,8.933785714285715,3,0.005358716207945997,30.0,7,11,0.00013491383414030616,0.0002671735748828297,0.0006537217432928779,0.00041475823173043013,0.0011593559165815276,0.0025531550508300182,0.00770311753684696,0.007417424064787865,0.0034076670031503,0.00334272557889562,0.004901974569861715,0.0034019828032272217,2.349520209363187,2,0.0013028716838246154,2514875.869536582,6.076666666666668,0.002285157636484914,1925746.8202509019,1.42,True,0.0010563439194157457,2029860.4032675894,1.42,True,0.0017144585894568493,1542236.0217838734,-1.6280000000000001,False,0.0018916028175247775,1684685.3385000583,-0.6120000000000001,False,0.0021316093524467645,1833955.7083349563,0.4039999999999999,False,0.001086855237694237,2089885.7061895942,2.436,False,0.0011417123990981452,2197808.174730885,3.452,False,0.0012008526579398596,2314159.479564175,4.468,False,0.0013028716838246154,2514875.869536582,6.5,True,0.00770311753684696,2530167.8659851025,6.5,True,0.0011417123990981452,2197808.174730885,3.452,False,0.0012008526579398596,2314159.479564175,4.468,False,0.001264321624273731,2439030.145985789,5.484,False,0.0062450465096306985,2471770.9020242137,7.516,False,0.0048506471818627345,2383374.8116767122,8.532,False,0.0041069902302268944,2306908.839336371,9.548,False,0.0013070068089969297,2523194.764359366,0.006286408172980635,2472974.7852885406,0.0012991557001830617,2506441.0807807944,0.0026822239312769467,2094711.0977771226,0.0034690596688854705,2257777.5019018725,0.004931714442559797,2373624.0634308984,0.0012717257473931734,2452541.826686453,0.0012457224996744246,2402409.7568463483,0.0012500118409219942,2410911.8631770224,0.0013070068089969297,2523194.764359366,0.00770311753684696,2530167.8659851025,0.0012457224996744246,2402409.7568463483,0.0012500118409219942,2410911.8631770224,0.0012840365780326447,2477983.657601094,0.0062450465096306985,2471770.9020242137,0.0048676317259256485,2399467.6699924795,0.004141736896228227,2339486.1211581156,ok,,33.0
T091,gd-tp,lhs,150.0,6.0,0.508,0.0254,160.0,5.0,1.5,2.54,8,8,0.0022304093149456755,1.0,6.416666666666668,1,0.002066222904439846,24.0,6,11,0.0002396089954722421,0.0003143289346785907,0.0005478412290842963,0.00039870736554092635,0.0008467497025920676,0.0015893042515079717,0.0022304093149456755,0.002077612074612978,0.0019656321611634855,0.00205668919795238,0.002440511742852089,0.0013353632186043215,1.6266538237859836,2,0.0013596050028626548,1765687.953335754,4.682499999999998,0.0016300119319456335,1330632.65551726,2.46,True,0.00113407453911131,1442654.9002185813,2.46,True,0.0012421308011470302,970880.0118233723,-0.5880000000000001,False,0.0013816700383794793,1100291.635814048,0.42799999999999994,False,0.0015340326240199922,1241607.6329071268,1.444,False,0.001213649087427156,1556627.7219358499,3.476,False,0.0013361048426296866,1732026.8776836821,4.492,False,0.0022185618584925873,1775372.4444238434,5.508,False,0.0013596050028626548,1765687.953335754,5.0,True,0.0022304093149456755,1783459.177393925,5.0,True,0.0016141477766190727,1315917.954847279,1.952,False,0.0011556928353396547,1473618.1918706617,2.968,False,0.0012737575745313966,1642722.5182851807,3.984,False,0.002152665786833803,1730393.6814807623,6.016,False,0.0020365475111485975,1650033.9381781048,7.032,False,0.0019493667712863212,1585500.337019558,8.048,False,0.0013811339895148736,1796205.0592412243,0.0021807588489688974,1749334.8718144745,0.0013811339895148736,1796205.0592412243,0.0016478622866643697,1346776.4840928516,0.0018286507352359119,1504608.7797243097,0.0020227703644021874,1640542.3695542852,0.0013397263151778765,1736917.23281607,0.0013407329642949922,1738709.125733757,0.0022185618584925873,1775372.4444238434,0.0013597690944082397,1765925.383033407,0.0022304093149456755,1783459.177393925,0.002154645367707749,1731352.8589043794,0.0013697508653525527,1779906.5275938595,0.0013193607445373917,1707915.6357861233,0.002152665786833803,1730393.6814807623,0.002076713456622453,1677023.766204218,0.0020544148169289603,1662506.2767511746,ok,,7.6
T092,gd-tp,lhs,70.0,6.0,0.4064,0.021,120.0,1.0,4.0,0.4064,6,6,0.008028757474158604,1.0,6.104166666666668,2,0.004903847415648167,24.0,7,11,0.00026700073711220936,0.0003604629053998138,0.0005905887272075921,0.00043200736344655897,0.0009430980806731658,0.002096425976756176,0.008028757474158604,0.003809746479133578,0.0038146307188611692,0.0035801311461614253,0.005244001052185461,0.002119201843264201,6.501502769992127,2,0.0006118885144627255,1324458.17579325,4.8984000000000005,0.005357446492272268,1255782.8612337168,4.5936,True,0.0005971305569130897,1289814.088535741,4.5936,True,0.002252856635111901,927985.8972808023,2.1552000000000007,False,0.002744984074841934,1032453.765423346,2.9680000000000004,False,0.00364885992022699,1145926.722658225,3.7808,False,0.006344537617342024,1287266.697755557,5.4064000000000005,False,0.004844140719183767,1194430.8592756996,6.219200000000001,False,0.004106928719835678,1117101.3932094083,7.032,False,0.0006118885144627255,1324458.17579325,5.0,True,0.008028757474158604,1327311.226270934,5.0,True,0.002408879207916214,977845.7152899123,2.5616000000000003,False,0.0030827990259604753,1087093.2382960138,3.3744,False,0.004406555379262957,1206988.978689975,4.1872,False,0.00527747295496405,1239240.4200704487,5.8128,False,0.004472985399724464,1155524.1048933757,6.6256,False,0.003815087864246186,1085264.044346893,7.4384,False,0.0006118885144627255,1324458.17579325,0.006797163394685635,1300556.040295625,0.0006034041055277426,1304593.4294788567,0.0025594450490144492,999479.6608625887,0.003198987595171469,1097379.9957792077,0.00417893952145953,1186413.6428121885,0.006344537617342024,1287266.697755557,0.004886094797578282,1235419.3509107747,0.004279138475079243,1201364.9639579395,0.0006118885144627255,1324458.17579325,0.008028757474158604,1327311.226270934,0.0028236220122715905,1051635.8432470171,0.0035760452114748627,1142870.7039720246,0.005271972585075172,1249650.4027252982,0.00527747295496405,1239240.4200704487,0.004603795397646009,1219571.6579408413,0.004010927144647676,1181067.8060695613,ok,,28.5
T093,gd-tp,lhs,120.0,12.0,0.3239,0.0175,200.0,2.5,2.0,0.8097500000000001,8,8,0.004546338290225404,1.0,12.204545454545453,2,0.0037575602492663763,48.0,10,11,0.0006050080725326743,0.0006032661974365026,0.0006145773434032361,0.0006145407815948402,0.0007565063469755608,0.0015397814041160395,0.004546338290225404,0.002995746305132643,0.003064714325141168,0.0029208918194931154,0.003878734756192292,0.0010761965615414231,2.382450168421768,2,0.0012988126515308303,564840.7961014619,10.7975625,0.003041045853677283,474797.20745479024,10.190249999999999,True,0.0012140346265512162,518478.7802514069,10.190249999999999,True,0.0018889656295767486,333051.91146341007,8.246849999999998,False,0.0021302565497783657,379003.57659252273,8.894649999999999,False,0.002552545477937028,432011.5585745279,9.542449999999999,False,0.0012988126515308303,564840.7961014619,10.838049999999999,True,0.004084613502416166,528244.4746596902,11.48585,False,0.003515661331869877,461374.12734679284,12.13365,False,0.0012988126515308303,564840.7961014619,11.0,True,0.004546338290225404,562185.265498414,11.0,True,0.0022193176384210597,391611.8751726402,9.0566,False,0.0027208375136939956,447310.4946562782,9.7044,False,0.0012140346265512162,518478.7802514069,10.3522,True,0.0038512697611150217,509446.1244059589,11.6478,False,0.003377080398876565,446596.14642677596,12.2956,False,0.002676355423917038,394313.44967582787,12.9434,False,0.0012988126515308303,564840.7961014619,0.0042456440790736,548323.5109312169,0.001271545033646153,549959.4768671856,0.0025701136474405497,432777.26024916524,0.0031502795026673107,480709.89421921,0.0035858401678123034,505935.8676338727,0.0012988126515308303,564840.7961014619,0.004084613502416166,535029.1224547478,0.0037239177979748283,521010.64421014604,0.0012988126515308303,564840.7961014619,0.004546338290225404,562185.265498414,0.003261184149516063,486854.19317965955,0.0037168598316601135,515101.0732064125,0.001271545033646153,549959.4768671856,0.003927392502424471,528964.8201055576,0.0036456083397506376,515578.1900932221,0.0029605938330027944,467303.03476798756,ok,,25.8
T094,gd-tp,lhs,105.0,10.5,0.61,0.0286,200.0,1.0,4.0,0.61,6,6,0.009171641826444862,1.0,10.703804347826086,1,0.005542396639830466,42.0,8,11,0.0002025212609407726,0.0002557728114008777,0.00034773541864273723,0.0003264370243953766,0.0009019579277920141,0.0019904838966397277,0.009171641826444862,0.0035855950362909004,0.004427964203595999,0.0037475149040263043,0.006796852384587384,0.0013560828432565562,6.207794520638765,2,0.0006234024103449594,4185204.18715519,9.3475,0.005760697476414164,3957828.2891886607,8.89,True,0.0006085882355045165,4078894.55072434,8.89,True,0.002256622407219168,2961561.3722518086,5.23,False,0.0027561986632832504,3285461.7200627946,6.450000000000001,False,0.0037329579951318054,3636710.9462569067,7.670000000000001,False,0.007159405477222111,4072230.9210243397,10.110000000000001,False,0.005031581192044674,3790680.0020832093,11.33,False,0.004012923923749559,3553625.2485144623,12.55,False,0.0006234024103449594,4185204.18715519,9.5,True,0.009171641826444862,4181469.269138622,9.5,True,0.002449110990719321,3120224.2583997664,5.84,False,0.0031813275333237717,3457491.7362103667,7.0600000000000005,False,0.004671127261447225,3825061.9662669143,8.28,False,0.005667843137541441,3924706.6470458256,10.72,False,0.004474414065486333,3667196.967015038,11.94,False,0.003670726740979372,3449477.8898630147,13.16,False,0.0006234024103449594,4185204.18715519,0.007316162607924481,4080689.308265368,0.0006128656051963017,4110069.6895960467,0.0023518240225568845,3054303.3800871256,0.002993631063320865,3386622.9352113814,0.00424106140147028,3748122.550321723,0.007159405477222111,4072230.9210243397,0.0050562853614155995,3878258.200618997,0.00412989318927363,3732093.6785484934,0.0006234024103449594,4185204.18715519,0.009171641826444862,4181469.269138622,0.0026234797521950404,3217003.882389368,0.003514934219707221,3563492.7986945226,0.005613112217910843,3942484.5723689883,0.005667843137541441,3937952.1735114,0.004565326688023883,3806009.118359555,0.0038139034156947347,3667825.6072342633,ok,,45.8
T095,gd-tp,lhs,70.0,10.5,0.4064,0.021,160.0,5.0,2.0,2.032,2,1,0.00792909276549824,0.0,10.722826086956523,0,0.00792909276549824,42.0,9,11,0.0003200242252231257,0.00034799309707802303,0.000399745336401595,0.00040239929763630656,0.0008771193670043633,0.0020107428389317798,0.00792909276549824,0.005071446220648656,0.0053353477376227205,0.005022101170868925,0.007920206574019149,0.00138735685389412,2.363101196855719,2,0.001274990546597731,1174134.2077032002,8.992,0.0025746049084834663,973804.5614745803,7.468,True,0.0011678608478739507,1062959.1364909397,7.468,True,0.0020737822495418734,829486.25727804,5.0296,False,0.002212979885781706,879426.2720709427,5.8424,False,0.002433481732586126,940540.9850344973,6.6552,False,0.0011999997574910846,1096311.6578546178,8.2808,False,0.001274990546597731,1174134.2077032002,9.0936,True,0.006973428809904784,1289740.900640196,9.9064,True,0.001274990546597731,1174134.2077032002,9.5,True,0.006973428809904784,1289740.900640196,9.5,True,0.0025746049084834663,973804.5614745803,7.0616,True,0.0011678608478739507,1062959.1364909397,7.8744,True,0.0012428516369805969,1140781.686339522,8.6872,False,0.007448426925518525,1303030.0856364628,10.3128,False,0.00671015287433547,1278832.5700522366,11.1256,False,0.004811329301462666,1200473.195270538,11.9384,False,0.001274990546597731,1174134.2077032002,0.0025746049084834663,973804.5614745803,0.0011678608478739507,1062959.1364909397,0.0020737822495418734,829486.25727804,0.002212979885781706,879426.2720709427,0.002433481732586126,940540.9850344973,0.0011999997574910846,1096311.6578546178,0.001274990546597731,1174134.2077032002,0.006973428809904784,1289740.900640196,0.001274990546597731,1174134.2077032002,0.006973428809904784,1289740.900640196,0.0025746049084834663,973804.5614745803,0.0011678608478739507,1062959.1364909397,0.0012428516369805969,1140781.686339522,0.007448426925518525,1303030.0856364628,0.00671015287433547,1278832.5700522366,0.004811329301462666,1200473.195270538,partial 1/2,,13.5
T096,gd-tp,lhs,85.0,9.0,0.3239,0.0175,40.0,2.5,3.0,0.8097500000000001,8,8,0.004218261586746643,1.0,9.202702702702702,2,0.002988492303693866,36.0,9,11,0.00014360251237428758,0.00013685006783189051,0.00018015529016868125,0.00021735829609641563,0.0005116154285224744,0.001513962454510118,0.004218261586746643,0.0021183150619796475,0.002302223233210749,0.00210666286398619,0.0030265517648312644,0.0011381726413251738,4.234300620603103,2,0.0007667880501118704,640603.2964500863,7.7975625,0.002845026231880777,581087.1693144706,7.190250000000001,True,0.0007322662729702649,610386.0232018201,7.190250000000001,True,0.0019984010310423158,469532.88274716726,5.24685,False,0.0022199752398776376,508914.653726161,5.89465,False,0.0024942342357538684,550575.3692402557,6.5424500000000005,False,0.0007667880501118704,640603.2964500863,7.838050000000001,True,0.003776599381491441,629789.9729034179,8.485850000000001,False,0.0031146394676796084,598508.913077529,9.133650000000001,False,0.0007667880501118704,640603.2964500863,8.0,True,0.004218261586746643,644754.8583953205,8.0,True,0.0022836676649582817,519119.0743095031,6.0565999999999995,False,0.0026135008095594507,561613.0347172294,6.7044,False,0.0007322662729702649,610386.0232018201,7.3522,True,0.003550305225087882,621453.8866696852,8.6478,False,0.0030046227516901045,591254.8192487983,9.2956,False,0.0027110220941227565,563878.5843166045,9.9434,False,0.0007667880501118704,640603.2964500863,0.0037553023015253623,629508.7715317676,0.0007597284166219785,634431.897807592,0.002258557700657722,513884.616733488,0.0025294116942417453,551865.7052266508,0.003065594272554518,596604.4361748954,0.0007667880501118704,640603.2964500863,0.003776599381491441,629789.9729034179,0.0031146394676796084,598508.913077529,0.0007667880501118704,640603.2964500863,0.004218261586746643,644754.8583953205,0.002641587438697221,562814.4440349044,0.003300594997467442,608500.8890158271,0.0007597284166219785,634431.897807592,0.003550305225087882,621453.8866696852,0.0030046227516901045,591254.8192487983,0.002742780858367132,573204.4807905934,ok,,31.0
T097,gd-tp,lhs,120.0,10.5,0.508,0.0254,120.0,2.5,4.0,1.27,7,7,0.0052754046441317905,1.0,10.907608695652172,1,0.0038285584230302707,42.0,7,11,0.00016904286569694468,0.00020050087388935527,0.0002782966741409448,0.000279190126786304,0.0006069160459841378,0.0017369572677248665,0.0052754046441317905,0.0024742342643520776,0.0026550867667433455,0.002367643420373897,0.0036217371096237236,0.0012694627395444995,6.3972084908403595,2,0.0005731644032949286,2395103.817100001,9.182500000000001,0.0030486377830394955,2118531.5536107104,8.23,True,0.0005431784505880025,2262235.214929589,8.23,True,0.001990044664206241,1659839.5095766848,5.182,False,0.0022396483626017476,1825191.174279721,6.198,False,0.002652930831176941,2005304.7031742912,7.214,False,0.0005731644032949286,2395103.817100001,9.246,True,0.004699887632915947,2343089.5453055,10.262,False,0.0035747505258196133,2197255.518880428,11.278,False,0.0005731644032949286,2395103.817100001,9.5,True,0.0052754046441317905,2397183.312276739,9.5,True,0.0023268907807152436,1869624.004472743,6.452,False,0.002818333298165018,2052632.6571142534,7.468,False,0.0005431784505880025,2262235.214929589,8.484,True,0.004287402001763582,2304319.359236799,10.516,False,0.0034023708739226092,2162715.8383860183,11.532,False,0.0029345545526566546,2041536.8815961585,12.548,False,0.0005731644032949286,2395103.817100001,0.004388107954766414,2321541.5314750047,0.0005644298269191732,2356245.6143846214,0.0022410829555041946,1823916.660622416,0.002625418945252169,2002421.719948103,0.003508721325019583,2197867.5194653096,0.0005731644032949286,2395103.817100001,0.004699887632915947,2343089.5453055,0.0035747505258196133,2222291.8425153424,0.0005731644032949286,2395103.817100001,0.0052754046441317905,2397183.312276739,0.002808238327122708,2050549.3810915172,0.003876298182873165,2249562.3067123676,0.0005644298269191732,2356245.6143846214,0.004287402001763582,2304319.359236799,0.0034455982412564673,2203815.300940085,0.003006996246340515,2108971.5439077397,ok,,35.4
T098,gd-tp,lhs,60.0,10.5,0.2191,0.0127,200.0,1.0,2.0,0.2191,9,9,0.02267190746478926,1.0,10.601902173913047,3,0.020424636977241256,42.0,10,11,0.005837815474943334,0.005839852661465078,0.00584463868799759,0.0057788123741731425,0.005835283076679168,0.009753594044249842,0.02267190746478926,0.01855437982943054,0.01717512593931697,0.018021112324522918,0.018301785409480777,0.00514816026009872,2.4153757896837305,2,0.0016267723829215147,196614.3963909358,9.445225,0.013723268937446081,169468.9294314895,9.280899999999999,True,0.001562301387960519,184989.7829112648,9.280899999999999,True,0.00689842945421907,96559.71478595288,7.966299999999999,False,0.00772308193654287,117738.77159972854,8.404499999999999,False,0.009173846707731434,143051.87446122267,8.842699999999999,False,0.020261871620520195,153307.11886964372,9.7191,False,0.019639879367402826,79700.71102359214,10.1573,False,0.017873146249301034,40475.745220804136,10.5955,False,0.0016267723829215147,196614.3963909358,9.5,True,0.02267190746478926,178631.17365954758,9.5,True,0.007233710235436036,106547.36046478983,8.1854,False,0.008212453637649707,128930.18273466732,8.6236,False,0.011489518402863127,159462.50005237362,9.0618,False,0.019063390532569877,112582.95950561526,9.9382,False,0.018756512808351927,60088.22812219806,10.3764,False,0.01615376962140734,26253.076800488234,10.8146,False,0.0016267723829215147,196614.3963909358,0.021390935195191182,181154.07829620392,0.001562301387960519,184989.7829112648,0.010310896144198889,157527.6339890232,0.011263503215651147,154044.23050952563,0.01253949974817325,153405.04530800914,0.02033309748385012,171076.99508775026,0.020718761862285016,179850.59047434665,0.019397598568302882,178715.4534588234,0.0016267723829215147,196614.3963909358,0.02267190746478926,182602.18426830586,0.010840290758691034,155438.71440778626,0.011935680814431814,163966.09870711964,0.016562354620275454,169671.2093641388,0.019831734887641752,177077.83171744214,0.01986244091194965,179283.02196658502,0.017889324012185785,172798.26099094175,ok,,54.0
T099,gd-tp,lhs,85.0,6.0,0.3239,0.0175,80.0,2.5,3.0,0.8097500000000001,8,8,0.003955766029416724,1.0,6.208333333333336,2,0.0029154274519236547,24.0,7,11,0.00024872322384426475,0.0002942956114179426,0.0004384881464567334,0.00036945080571102167,0.0007372634443272076,0.0016840703050197338,0.003955766029416724,0.00254545737637821,0.00236914547267087,0.0022153020804289297,0.003091906584679665,0.0013088518828228094,4.234300620603103,2,0.0007711831747160069,616327.2253073952,4.7975625,0.002707258780857365,544098.483841547,4.190250000000001,True,0.0007291777911371194,579566.0303854519,4.190250000000001,True,0.0018565726948339054,413663.8433872206,2.2468500000000007,False,0.0020868526807785153,458843.83805049275,2.8946500000000004,False,0.0023503341421560356,507567.78709084407,3.5424500000000005,False,0.0007711831747160069,616327.2253073952,4.838050000000001,True,0.003567438917904406,600041.1301538423,5.485850000000001,False,0.002974385390742444,559225.5555565206,6.133650000000001,False,0.0007711831747160069,616327.2253073952,5.0,True,0.003955766029416724,619570.6845015374,5.0,True,0.002149542131816361,470685.2917497141,3.0566,False,0.002470574711248498,520728.33024294465,3.7043999999999997,False,0.0007291777911371194,579566.0303854519,4.3522,True,0.0033548718144236545,588858.1883068999,5.6478,False,0.002862145303648785,549727.6458894894,6.2956,False,0.0025620794872994934,515610.6110584802,6.9434000000000005,False,0.0007711831747160069,616327.2253073952,0.0036640835588379853,606147.2185531105,0.000765676739309318,611449.4302443963,0.0022375391454319718,485391.4265037927,0.0025276202146739197,527217.4513737223,0.002993654684774808,565477.8536934924,0.0007711831747160069,616327.2253073952,0.003567438917904406,600041.1301538423,0.002974385390742444,559225.5555565206,0.0007711831747160069,616327.2253073952,0.003955766029416724,619570.6845015374,0.002617686075061271,533774.7262299507,0.0032241152215340477,580114.3432846322,0.000765676739309318,611449.4302443963,0.0033548718144236545,588858.1883068999,0.0028984048583525247,559387.7979653509,0.0026565795049451144,539964.5662949317,ok,,15.5
T100,gd-tp,lhs,105.0,9.0,0.2731,0.0159,80.0,10.0,3.0,2.731,12,12,0.004287913385911771,1.0924,9.497805405405407,3,0.002726405550383035,36.0,10,11,0.0003256172468192693,0.0003214081037931246,0.0003382568341003535,0.0003468441893160457,0.0005082592908324119,0.001433100038148221,0.004287913385911771,0.0019786513803891044,0.001975605952073218,0.0017991514198939607,0.0022716429782675207,0.001193081358728851,4.355300746770883,2,0.0007984975678107575,401024.64626461786,7.658625,0.0018494199106223997,251258.20957897417,5.269,True,0.00059758038890355,287655.98284064047,5.269,True,0.0015180825304590285,199739.94524865318,3.6304,False,0.001650570797940883,220970.42154746017,4.1766000000000005,False,0.0018093044347650392,245148.00363856825,4.7228,False,0.0006161500143036975,298133.82787241455,5.8152,False,0.0006661677164768795,326356.1929526339,6.3614,False,0.0007196763263929144,356548.6730012717,6.9076,False,0.0007984975678107575,401024.64626461786,8.0,True,0.004287913385911771,393313.9241946126,8.0,True,0.0006661677164768795,326356.1929526339,6.3614,False,0.0007196763263929144,356548.6730012717,6.9076,False,0.0007768577682572559,388814.0722874379,7.4538,False,0.004033263750072031,384340.5623757353,8.5462,False,0.003045373330726295,349529.210138929,9.0924,False,0.0025306889892777644,320082.8276613519,9.6386,False,0.0008024790196684594,403325.15851870034,0.0039189368148582066,378794.1975823652,0.0007852354835948001,393514.2978690534,0.002272482973452447,297483.61919296184,0.00274323171278507,330886.40193880285,0.0036817521022810386,369129.3618000865,0.0007705373483433218,385226.42650993855,0.0007489334422748131,373106.2144382857,0.0007564276220113923,377360.2085434531,0.0008024790196684594,403325.15851870034,0.004287913385911771,393313.9241946126,0.0007489334422748131,373106.2144382857,0.0007564276220113923,377360.2085434531,0.0007881097985117864,395215.8400209527,0.004033263750072031,384340.5623757353,0.003045373330726295,349529.210138929,0.0025306889892777644,321482.4976815751,ok,,23.6
T101,gd-tp,lhs,70.0,6.0,0.4064,0.021,120.0,10.0,3.0,4.064,11,11,0.01122106332734318,1.6256,7.042266666666668,3,0.006337135653976142,24.0,7,11,0.00029025575182528227,0.0004006554976375816,0.0007478201578589728,0.0005464151300370025,0.001126536270881059,0.0036652078638855076,0.01122106332734318,0.010627066804974765,0.0038503441074995287,0.0036791086792038836,0.005245305464373356,0.003920284558942643,4.168091883943399,2,0.0008956276556777597,1371967.2509035126,4.492,0.002388971242898717,973420.8453810705,0.9359999999999999,True,0.0007125525993281438,1068931.0651943497,0.9359999999999999,True,0.0017413969293206429,738264.1487332656,-1.5023999999999997,False,0.0019595247070569584,826763.1046598102,-0.6896,False,0.002236922967372566,923225.2402676523,0.12319999999999998,False,0.0007289935787971884,1096144.89014201,1.7488,False,0.0007734523473795395,1169735.032754143,2.5616,False,0.0008222242126161826,1250464.7746282148,3.3743999999999996,False,0.0008956276556777597,1371967.2509035126,5.0,True,0.01122106332734318,1365265.572048383,5.0,True,0.0007734523473795395,1169735.032754143,2.5616000000000003,False,0.0008222242126161826,1250464.7746282148,3.3744,False,0.0008754355677056606,1338543.8733412009,4.1872,False,0.008862502790456663,1310605.1592794273,5.8128,False,0.005599462254747026,1209916.3022807376,6.6256,False,0.004385668839911218,1130403.0246261528,7.4384,False,0.0008956276556777597,1371967.2509035126,0.00895746520518993,1332794.372232408,0.0008780433880182242,1342249.2168600946,0.003024953547511542,1073113.3749774578,0.004107464355592558,1177949.0943799394,0.006745724966127219,1264194.4574505538,0.0008598490931480402,1312714.42089304,0.00084220584206384,1283828.9850936737,0.0008542296519726547,1303746.9340375804,0.0008956276556777597,1371967.2509035126,0.01122106332734318,1365265.572048383,0.00084220584206384,1283828.9850936737,0.0008542296519726547,1303746.9340375804,0.0008808528355486368,1347836.6401825775,0.008862502790456663,1310605.1592794273,0.0057126394342086086,1265390.9537853978,0.004557582224470778,1214576.7336735346,ok,,20.5
T102,gd-tp,lhs,120.0,7.5,0.1683,0.011,80.0,5.0,1.5,0.8415,12,12,0.002173966356861807,1.0,7.901785714285715,3,0.002012522582823755,30.0,10,11,0.0007158416320515843,0.0007162242367443701,0.0007192149457348826,0.0007182248897536602,0.0007644985023792749,0.0012597107787416203,0.002173966356861807,0.0018354223202107244,0.0018693481363420265,0.0018377738533345376,0.0020676192379242174,0.0011122281989361243,1.6718142920877852,2,0.001381667773350334,61376.20979604646,6.289625,0.0016140464597347443,38758.79806387094,5.6585,True,0.0012215818279554989,50887.91691176203,5.6585,True,0.0014040087309668695,29942.90335717637,4.6487,False,0.0015214669155528388,34872.96517903978,4.9853000000000005,False,0.0016140464597347443,38758.79806387094,5.3219,True,0.0012696076115739493,54034.404777047355,5.9951,False,0.001381667773350334,61376.20979604646,6.3317,True,0.002173966356861807,56500.1485473988,6.6683,True,0.001381667773350334,61376.20979604646,6.5,True,0.002173966356861807,56500.1485473988,6.5,True,0.0016140464597347443,38758.79806387094,5.4902,True,0.0012215818279554989,50887.91691176203,5.8268,True,0.0013336419897318835,58229.72193076114,6.1634,False,0.002173966356861807,56500.1485473988,6.8366,True,0.0020084231458623093,50683.54548953423,7.1732,False,0.0018031213332632154,43469.965761685075,7.5098,False,0.001381667773350334,61376.20979604646,0.0021239447858293534,55911.82393483995,0.0013781972326077179,61146.83150451316,0.0019905982283242637,51695.63873664719,0.002024378565716837,51689.674244464324,0.0021239447858293534,55911.82393483995,0.0013308362430493848,58044.266635387285,0.001381667773350334,61376.20979604646,0.002173966356861807,56500.1485473988,0.001381667773350334,61376.20979604646,0.002173966356861807,56500.1485473988,0.0021239447858293534,55911.82393483995,0.0013781972326077179,61146.83150451316,0.0013336419897318835,58230.01636628381,0.002173966356861807,56500.1485473988,0.0020094449094127786,52776.24873416133,0.0019853449654031047,52202.805948993315,ok,,10.3
T103,gd-tp,lhs,85.0,10.5,0.61,0.0286,200.0,2.5,1.5,1.525,6,6,0.009025899335784779,1.0,10.907608695652172,1,0.007727111636000493,42.0,9,11,0.0002170855643963598,0.0002748857908589921,0.0004124973527928202,0.00034653115831688854,0.0010401891910123916,0.002246960918276231,0.009025899335784779,0.004820823538857176,0.005255898088271963,0.004723773903495295,0.008406248653595481,0.0015693667244264318,1.617878502695425,2,0.0019149962735589018,4154984.6758550154,9.11875,0.0040723419372356824,3718261.367862872,7.9750000000000005,True,0.0017990875061811532,3934309.421380222,7.9750000000000005,True,0.0022717642230422348,2977054.304052481,4.315,False,0.0026435283824714066,3231023.9588313545,5.535,False,0.003301917968671919,3510832.0251332256,6.755000000000001,False,0.0019149962735589018,4154984.6758550154,9.195,True,0.008171446180276789,4062175.1057450483,10.415000000000001,False,0.006157447601197001,3839676.006572126,11.635000000000002,False,0.0019149962735589018,4154984.6758550154,9.5,True,0.009025899335784779,4171336.598679808,9.5,True,0.0027761298009490332,3297603.044323248,5.84,False,0.0035914201991589173,3588777.7535100738,7.0600000000000005,False,0.0017990875061811532,3934309.421380222,8.28,True,0.007657822453979572,3996556.607635594,10.72,False,0.005726113444762086,3796663.3702615784,11.94,False,0.004491173187598302,3647328.820426124,13.16,False,0.0019196135686727748,4162529.3517138464,0.0069169039975767385,4047652.9157139445,0.0018739695311492887,4083877.854478457,0.002931147005534604,3367985.5490716645,0.0038062582737521436,3644884.668701523,0.005313624645343789,3907527.4198007663,0.0019196135686727748,4162529.3517138464,0.008171446180276789,4078218.469523838,0.006264150425883855,4002559.9461113014,0.0019196135686727748,4162529.3517138464,0.009025899335784779,4171336.598679808,0.0041027535246321275,3717974.7133652717,0.005876150786721535,3901956.226026335,0.0018739695311492887,4083877.854478457,0.007723248816667292,4108785.3270546994,0.005833546959015041,3960655.923829135,0.004601808585538731,3816180.307137308,ok,,29.6
T104,gd-tp,lhs,70.0,12.0,0.1683,0.011,160.0,2.5,1.5,0.42075,1,0,,,,,,,,,,,,,,,,,,,,,,,,,,,,,,,,,,,,,,,,,,,,,,,,,,,,,,,,,,,,,,,,,,,,,,,,,,,,,,,,,,,,,,,,,,,,,,,,,,,,,,,,,,,,,,,,,,,,,,,,,,,,FAILED,ValueError: no converged position in this passage: 0:CUTBACK EXHAUSTED at lam=0.0000,0.9
T105,gd-tp,lhs,120.0,9.0,0.61,0.0286,80.0,10.0,4.0,6.1,10,10,0.008978111686903446,2.44,10.845405405405407,3,0.005536305099227499,36.0,6,11,0.00015778084295388096,0.00028877558025690504,0.0006656593326692184,0.00044945756051376214,0.0011112504236041423,0.002649204042308311,0.008978111686903446,0.008470498434100302,0.0028225759637296676,0.0028192180590114195,0.004141969623751563,0.0027045702475302896,6.207794520638765,2,0.0005994647333346726,4184039.905014759,7.618749999999999,0.0023348084905749967,3172568.150150412,1.9000000000000004,True,0.00047756941207249365,3309130.2416672227,1.9000000000000004,True,0.0017026660038293776,2474211.4652030803,-1.7599999999999998,False,0.0018952003638570971,2725744.3330727294,-0.5399999999999996,False,0.002144788670740158,2989085.979620005,0.6800000000000004,False,0.000491673199395936,3410383.900064075,3.12,False,0.0005155812298153387,3582002.2113894103,4.34,False,0.0005434352138986639,3781924.776851608,5.5600000000000005,False,0.0005994647333346726,4184039.905014759,8.0,True,0.008978111686903446,4191726.767550445,8.0,True,0.0005155812298153387,3582002.2113894103,4.34,False,0.0005434352138986639,3781924.776851608,5.5600000000000005,False,0.0005752451096866674,4010224.059591916,6.78,False,0.006384916576026845,4049363.2526113465,9.22,False,0.004576677163968598,3862027.6662289505,10.44,False,0.0036984917354532113,3695486.430800285,11.66,False,0.0005994647333346726,4184039.905014759,0.0068489031635202615,4075799.920106219,0.0005890399316160448,4106209.73445462,0.0024282647973421652,3256307.421945216,0.003061518900576011,3548786.390457409,0.004479520693542909,3857240.9144013855,0.0005657719520629804,3940570.1168262362,0.0005512807743763876,3837847.4482827485,0.0005567409067861096,3877593.9718262376,0.0005994647333346726,4184039.905014759,0.008978111686903446,4191726.767550445,0.0005512807743763876,3837847.4482827485,0.0005567409067861096,3877593.9718262376,0.0005752451096866674,4010224.059591916,0.006384916576026845,4049363.2526113465,0.004576677163968598,3871539.3618336986,0.003726265724296122,3738328.4293420096,ok,,46.4
T106,gd-tp,lhs,120.0,9.0,0.1683,0.011,120.0,10.0,1.5,1.683,14,14,0.004036317111966974,1.0,9.405405405405407,3,0.003500987005652127,36.0,10,11,0.001067938305295795,0.001068197647080263,0.0010708672175608488,0.0010655060851396606,0.0010765323804992153,0.0018607184633759976,0.004036317111966974,0.0032257571550181035,0.0032879686298996087,0.0032727295555543484,0.00363222286889024,0.0016959253354131964,1.6718142920877852,2,0.001690015564167101,67011.38760137119,7.57925,0.001684185791022315,27162.897503500695,6.317,True,0.001327846859298373,43283.64599134882,6.317,True,0.0015065227579425947,19746.5089869126,5.3072,False,0.0016059205730794344,23895.784173630946,5.643800000000001,False,0.001684185791022315,27162.897503500695,5.9804,True,0.001327846859298373,43283.64599134882,6.6536,True,0.0014364974707589914,50401.96847435552,6.9902,False,0.0015813649527064827,59893.06511836448,7.3268,False,0.001690015564167101,67011.38760137119,8.0,True,0.004036317111966974,62426.18348992776,8.0,True,0.0014364974707589914,50401.96847435552,6.9902,False,0.0015813649527064827,59893.06511836448,7.3268,False,0.001690015564167101,67011.38760137119,7.6634,True,0.004036317111966974,62426.18348992776,8.3366,True,0.0036641696657067303,53192.49249616631,8.6732,False,0.003196405069483892,41586.35685625422,9.0098,False,0.001690015564167101,67011.38760137119,0.003939638692267056,63326.38637169673,0.001641795244340924,63847.3777481671,0.003255986876726087,53050.24633446177,0.0035773125879570364,55000.54509340944,0.003939638692267056,63326.38637169673,0.001641795244340924,63847.3777481671,0.0015414510385154052,57303.22142532655,0.0015819571959044155,59932.40965910695,0.001690015564167101,67011.38760137119,0.004036317111966974,62426.18348992776,0.0015414510385154052,57303.22142532655,0.0015819571959044155,59932.40965910695,0.001690015564167101,67011.38760137119,0.004036317111966974,62426.18348992776,0.0036641696657067303,58164.95895850411,0.0034305220922533418,58204.841830625264,ok,,16.1
T107,gd-tp,lhs,60.0,9.0,0.61,0.0286,40.0,1.0,4.0,0.61,2,1,0.008736485285842185,0.0,9.216216216216218,0,0.008736485285842185,36.0,9,11,9.18742406498965e-05,0.00019190322035953747,0.000524389312969632,0.00037590384004041144,0.0012537862856495125,0.002464157890587545,0.008736485285842185,0.00531935317691398,0.006087154140972313,0.005610036911162465,0.009860599332123809,0.0013915410889669092,6.207794520638765,2,0.0005676304566018651,4010064.3053575195,7.8475,0.004556028156522388,3890503.3227135837,7.390000000000001,True,0.0005598246603897563,3954002.1040128204,7.390000000000001,True,0.002467618592328347,3335370.9509828235,3.7300000000000004,False,0.0028503231498161266,3521047.1139179883,4.950000000000001,False,0.003523223887241576,3717244.2645511087,6.170000000000001,False,0.00802948843499533,4156648.2645349256,8.610000000000001,False,0.00818034091653397,4164269.047719305,9.83,False,0.006856428447369509,4091799.850816183,11.05,False,0.0005676304566018651,4010064.3053575195,8.0,True,0.006635035237710612,4077493.452463479,8.0,True,0.0026243464332867915,3426898.5882387967,4.34,False,0.003148306385944731,3617807.874163449,5.5600000000000005,False,0.004062235038761402,3819892.5764872786,6.78,False,0.008733056830901493,4190360.152288229,9.22,False,0.007508736107312649,4129062.919766649,10.44,False,0.0063494603773898125,4058948.252329682,11.66,False,0.0005676304566018651,4010064.3053575195,0.004556028156522388,3890503.3227135837,0.0005598246603897563,3954002.1040128204,0.002467618592328347,3335370.9509828235,0.0028503231498161266,3521047.1139179883,0.003523223887241576,3717244.2645511087,0.00802948843499533,4156648.2645349256,0.00818034091653397,4164269.047719305,0.006856428447369509,4091799.850816183,0.0005676304566018651,4010064.3053575195,0.006635035237710612,4077493.452463479,0.0026243464332867915,3426898.5882387967,0.003148306385944731,3617807.874163449,0.004062235038761402,3819892.5764872786,0.008733056830901493,4190360.152288229,0.007508736107312649,4129062.919766649,0.0063494603773898125,4058948.252329682,partial 1/2,,43.8
T108,gd-tp,lhs,70.0,10.5,0.3239,0.0175,40.0,5.0,1.5,1.6195000000000002,9,9,0.0047988262718932865,1.0,10.907608695652172,2,0.004333225997420045,42.0,9,11,0.00015887657170779288,0.00014592378772940366,0.00019662406307518928,0.00024471329371532954,0.0005847307348799889,0.0016998254471426461,0.0047988262718932865,0.002810498146586386,0.0030502149854040204,0.0028165618172479694,0.004525300898267156,0.001248167500767241,1.638193353815655,2,0.0017176930266132543,651355.1658865027,9.095125,0.0025246531041035743,552356.8907356625,7.8805000000000005,True,0.001588216411462031,599911.6106700875,7.8805000000000005,True,0.002031681969428897,475113.20738664834,5.937100000000001,False,0.0022044389845409518,505824.1586763059,6.5849,False,0.0024362792527010077,539693.7794559315,7.2327,False,0.001627059396007398,615344.6772350121,8.5283,False,0.0017176930266132543,651355.1658865027,9.1761,True,0.0047988262718932865,657002.737678943,9.8239,True,0.0017176930266132543,651355.1658865027,9.5,True,0.0047988262718932865,657002.737678943,9.5,True,0.0025246531041035743,552356.8907356625,7.5565999999999995,True,0.001588216411462031,599911.6106700875,8.2044,True,0.0016788500420678873,635922.0993215782,8.8522,False,0.0046284655066739675,645763.0103009918,10.1478,False,0.004153144409460348,616107.0003301676,10.7956,False,0.003552542482252979,591648.0268472687,11.4434,False,0.0017227077320803544,653389.7600106576,0.004092835172625657,638550.3641378435,0.0017055793201658652,646525.3503721845,0.002879217195948608,581410.0563006423,0.003386371470863945,612781.7089985778,0.0038733619272093302,623161.132816413,0.0016928521732193092,641549.1949043556,0.0017227077320803544,653389.7600106576,0.0047988262718932865,657002.737678943,0.0017227077320803544,653389.7600106576,0.0047988262718932865,657002.737678943,0.004092835172625657,638550.3641378435,0.0017055793201658652,646525.3503721845,0.001695683534717011,642650.9187404651,0.0046284655066739675,645763.0103009918,0.004267939062780998,645648.8853866986,0.003686784711029881,626176.9222663788,ok,,33.8
T109,gd-tp,lhs,60.0,12.0,0.508,0.0254,80.0,5.0,3.0,2.54,8,8,0.015445299199677845,1.016,12.425090909090907,2,0.011328271763766282,48.0,9,11,0.0001416070027563574,0.00021132539617837721,0.0003335201047966699,0.00029781277747263694,0.0011525723319627062,0.0024694431663608817,0.015445299199677845,0.006249141481442398,0.006818233458555919,0.006042986609597065,0.011248918027548117,0.0017627079693950708,4.121837743530094,2,0.0008949311409200013,2699384.0041848803,10.682500000000005,0.004190050053340443,2321478.006670432,8.46,True,0.0008051743696951066,2418163.352163463,8.46,True,0.0026139699915462633,2033754.8356154556,5.412000000000001,False,0.002963877475891929,2133942.2547922614,6.428000000000001,False,0.003607513679353782,2248315.931151075,7.444000000000001,False,0.000836534092532274,2516420.732811614,9.476,False,0.0008854892178981981,2669801.9894972523,10.492,False,0.014938549490121559,2661203.7674897416,11.508000000000001,False,0.0008949311409200013,2699384.0041848803,11.0,True,0.015445299199677845,2677041.918315136,11.0,True,0.004094599221289772,2309490.1183689944,7.952,False,0.0008136848208246442,2444828.6811663136,8.968,False,0.0008604665117752816,2591404.337920806,9.984,False,0.012335868077437352,2579858.5590225537,12.016,False,0.008424212880252234,2443051.8260816913,13.032,False,0.005997153413888474,2341375.165525148,14.048,False,0.0008949311409200013,2699384.0041848803,0.010529215489215378,2594611.2191303754,0.0008667670752391737,2611576.7292125085,0.003488876615789861,2231605.056492231,0.004575509313506414,2348176.9694822454,0.007481868022837021,2496348.6792003517,0.0008616043184670099,2595755.7678897707,0.0008854892178981981,2669801.9894972523,0.014938549490121559,2661203.7674897416,0.0008949311409200013,2699384.0041848803,0.015445299199677845,2677041.918315136,0.010007984588314438,2578510.5229085325,0.000859438633397773,2588680.193298986,0.0008657601864674699,2608856.850722724,0.012335868077437352,2607078.2501698826,0.008537491844548776,2548632.6311261426,0.006122123488295665,2457812.0260656197,ok,,58.8
T110,gd-tp,lhs,150.0,12.0,0.508,0.0254,80.0,1.0,1.5,0.508,6,6,0.002446791626926018,1.0,12.204545454545453,1,0.0022811403736499166,48.0,10,11,0.00013642191479434386,0.00012611445135841804,0.00016264517532665648,0.0001834066825075603,0.0004297953106913623,0.0013783028613753058,0.002446791626926018,0.0018617923346836963,0.00196985489009459,0.0018885184167664025,0.00246563753751853,0.0010552451230018882,1.6266538237859836,2,0.001449194707121515,1979938.5964982049,10.873000000000001,0.002285845122737405,1888380.887417932,10.492,True,0.00142115443457733,1939765.8805253403,10.492,True,0.001708818705163593,1489195.2386685421,7.444000000000001,False,0.001872267460722309,1623528.5587802432,8.46,False,0.002086921056929115,1767431.043517642,9.476,False,0.0023992423138895942,1954052.8585542864,11.508000000000001,False,0.0022591575641869315,1870203.0215938545,12.524000000000001,False,0.002138486251736672,1795297.2069898928,13.540000000000001,False,0.001449194707121515,1979938.5964982049,11.0,True,0.002446791626926018,1981337.5569082643,11.0,True,0.0017875577372792075,1555685.3417608498,7.952,False,0.001976824568015041,1694896.5244085141,8.968,False,0.002207575824507403,1842240.0813024128,9.984,False,0.002325579876627748,1910894.8638260819,12.016,False,0.002196780336058009,1830796.3888049913,13.032,False,0.0020833650247970925,1761316.8443291963,14.048,False,0.0014511982508873685,1982843.394802296,0.002413672366132289,1962165.8742235277,0.0014511982508873685,1982843.394802296,0.0018676277850265875,1618055.6485183437,0.002063374907643753,1752907.114986301,0.0022454843453880574,1854574.176881483,0.0023992423138895942,1954052.8585542864,0.0022591575641869315,1871080.2940461524,0.0021556855977198056,1811398.89459228,0.001449194707121515,1979938.5964982049,0.002446791626926018,1981337.5569082643,0.0019626820423718993,1684895.1162189376,0.002162381842234025,1811970.5492935102,0.0023313808645844336,1914661.8134383827,0.002325579876627748,1910894.8638260819,0.00221253260633545,1845655.4334259268,0.00210154016933141,1778322.0993532569,ok,,41.1
T111,gd-tp,lhs,70.0,9.0,0.2731,0.0159,40.0,1.0,4.0,0.2731,8,8,0.004778122659381414,1.0,9.10135135135135,2,0.0031365331135430625,36.0,10,11,0.0001850009111210527,0.00017409153208325189,0.00021562033019626134,0.0002564314701593828,0.0005246558012918183,0.0014959774858480449,0.004778122659381414,0.0023574429551519896,0.0026462503807447423,0.0030049636013574845,0.0037741214716414087,0.0011222786239546549,6.927233914982387,2,0.0005525469322596383,420189.23866239283,7.931725,0.003843480329727593,401711.1840350169,7.7269000000000005,True,0.0005422397662407792,411866.5345937995,7.7269000000000005,True,0.0022671422465378975,323138.19706663693,6.0883,False,0.002569992738755707,348821.5394001838,6.634500000000001,False,0.003084547529543029,376697.86786596745,7.180700000000001,False,0.0043043956734484445,411329.3704731581,8.273100000000001,False,0.003454708161345521,388441.31809608865,8.8193,False,0.0030161265564485175,368216.1331920155,9.3655,False,0.0005525469322596383,420189.23866239283,8.0,True,0.004778122659381414,419451.27203672007,8.0,True,0.00238982160774175,335675.41438829125,6.3614,False,0.0028115382260367225,362617.6934099288,6.9076,False,0.0034811968084668883,391776.1854223986,7.4538,False,0.003761399521096871,399285.71061202965,8.5462,False,0.0032094065958822066,377915.83305939176,9.0924,False,0.0028659932564095844,359201.3409045601,9.6386,False,0.0005525469322596383,420189.23866239283,0.004344141501669233,412120.21640078386,0.0005462362118854504,415131.3119102403,0.00239815270247507,331477.8272679144,0.002742826423191595,357796.32653014077,0.00333876049315517,386397.8449058881,0.0043043956734484445,411329.3704731581,0.003454708161345521,388441.31809608865,0.003063578531509884,376028.19138548593,0.0005525469322596383,420189.23866239283,0.004778122659381414,419451.27203672007,0.002538856499322176,344321.38059423777,0.003017119428706136,371945.3048552486,0.0038630013097058023,401910.4091055678,0.003761399521096871,399285.71061202965,0.0032094065958822066,378649.63248655706,0.0029301152989452675,369737.37526069215,ok,,39.0
T112,gd-tp,lhs,70.0,10.5,0.2731,0.0159,120.0,1.0,3.0,0.2731,8,8,0.007079020420761582,1.0,10.601902173913047,2,0.00549839345302029,42.0,10,11,0.0004848737914930397,0.00047984813373924424,0.0005059785724739268,0.0005161476905556455,0.0007881743396061777,0.0018105327031145044,0.007079020420761582,0.004515864835045983,0.004663462630075135,0.004548990849390667,0.0059638703647370474,0.0011328901776410788,4.355300746770883,2,0.0008998584261925156,433231.7315741484,9.431725,0.005474096387971784,402422.02662938635,9.2269,True,0.0008750906395848584,419255.0266361553,9.2269,True,0.002482573597331766,289155.77684886125,7.5883,False,0.003033023252700773,323236.0469817082,8.134500000000001,False,0.004030046767821973,363140.1536373635,8.6807,False,0.006137662366945658,409239.5679862012,9.773100000000001,False,0.005419023971187507,358944.42632474715,10.3193,False,0.004705442810442889,318157.337034097,10.8655,False,0.0008998584261925156,433231.7315741484,9.5,True,0.007079020420761582,428074.0908793914,9.5,True,0.002698669103686324,305394.3780792833,7.8614,False,0.003492681619616539,342776.2906044678,8.4076,False,0.00483837210338715,386395.8541935152,8.9538,False,0.005699290550060182,381932.90952559846,10.0462,False,0.0051431301881528215,337194.04953602084,10.5924,False,0.004119850991073107,301601.33461218263,11.1386,False,0.0008998584261925156,433231.7315741484,0.0064375594319244734,420255.9106676146,0.0008820010684317718,423271.4709092848,0.0033854502462743645,337073.75043701794,0.004144941787219384,360281.0656180919,0.0050659701818234265,378198.3194059852,0.006137662366945658,409239.5679862012,0.0056007516364223525,402089.57050297677,0.005164137286200882,393285.70631183864,0.0008998584261925156,433231.7315741484,0.007079020420761582,428074.0908793914,0.003754795607716046,351821.23412577366,0.0045768237364726926,361821.6922701499,0.005571471384305977,403023.1718054197,0.005836291527225128,406596.5391667416,0.005474989145325698,401833.1163019669,0.004581266591654666,377159.0767037926,ok,,42.3
T113,gd-tp,lhs,60.0,10.5,0.61,0.0286,40.0,2.5,1.5,1.525,2,1,0.009535424827811152,0.0,10.722826086956523,0,0.009535424827811152,42.0,9,11,8.459384096333325e-05,0.0001886591490416109,0.0004841393722056499,0.00037309620199417465,0.001319185356601515,0.0027212687751327286,0.009535424827811152,0.005475604403765915,0.006320418049770992,0.005432955581655612,0.010740270332420787,0.0014047310727617246,1.617878502695425,2,0.0017503966619804756,4037339.088216249,9.11875,0.003966216426959625,3801601.5068151914,7.9750000000000005,True,0.0016998609365905157,3918810.713553739,7.9750000000000005,True,0.0025260230351726864,3376670.2089655525,4.315,False,0.0028656761623812514,3526408.8769978136,5.535,False,0.0033974341483913794,3687028.3989634905,6.755000000000001,False,0.0017503966619804756,4037339.088216249,9.195,True,0.009062319700105636,4201617.395739268,10.415000000000001,False,0.008374123588317161,4172398.4268494286,11.635000000000002,False,0.0017503966619804756,4037339.088216249,9.5,True,0.00828249811248934,4166401.2070316374,9.5,True,0.0029709612295783813,3565150.2450900525,5.84,False,0.0036111654768882758,3730081.5380535545,7.0600000000000005,False,0.0016998609365905157,3918810.713553739,8.28,True,0.009531081348531369,4222786.338651352,10.72,False,0.007939350969533783,4150577.674275783,11.94,False,0.006561514015159941,4072770.5831913357,13.16,False,0.0017503966619804756,4037339.088216249,0.003966216426959625,3801601.5068151914,0.0016998609365905157,3918810.713553739,0.0025260230351726864,3376670.2089655525,0.0028656761623812514,3526408.8769978136,0.0033974341483913794,3687028.3989634905,0.0017503966619804756,4037339.088216249,0.009062319700105636,4201617.395739268,0.008374123588317161,4172398.4268494286,0.0017503966619804756,4037339.088216249,0.00828249811248934,4166401.2070316374,0.0029709612295783813,3565150.2450900525,0.0036111654768882758,3730081.5380535545,0.0016998609365905157,3918810.713553739,0.009531081348531369,4222786.338651352,0.007939350969533783,4150577.674275783,0.006561514015159941,4072770.5831913357,partial 1/2,,36.4
T114,gd-tp,lhs,60.0,7.5,0.1683,0.011,160.0,2.5,3.0,0.42075,11,11,0.013072514406201666,1.42075,7.29605263157895,6,0.010521610709909663,30.0,10,11,0.001764151711556657,0.001764342778109308,0.0017710342756371165,0.001749565917557555,0.0017979279337644372,0.0043621678191501125,0.013072514406201666,0.010521610709909663,0.009418915332529285,0.009862475880441812,0.011133146859717332,0.003627281311903448,4.571144802445598,2,0.0008685990907483707,68834.58201857559,6.1844375,0.013072514406201666,66514.86243634939,6.07925,True,0.0008685990907483707,68834.58201857559,6.07925,True,0.0031345571250136267,35083.66846271187,5.06945,False,0.003950603127077306,43588.271791695,5.4060500000000005,False,0.010154328135574478,59563.01068876875,5.74265,False,0.000707932420863991,45089.46917356878,6.41585,True,0.010509738590208179,11409.581490110626,6.75245,False,0.010173320654230843,-12727.124666960604,7.08905,False,0.000707932420863991,45089.46917356878,6.5,True,0.010561267846253598,15106.609438538959,6.5,True,0.004600754751835127,46333.00572929506,5.4902,False,0.012005519263487596,63973.012341926646,5.8268,False,0.0008685990907483707,68834.58201857559,6.1634,True,0.010425634106213845,5375.40495084282,6.8366,False,0.009890336327974314,-15331.395496804296,7.1732,False,0.00860466146028788,-23097.102296952227,7.5098,False,0.0009709711895583926,83869.22280999718,0.013072514406201666,66514.86243634939,0.0008822837863770511,70766.03491793225,0.006143960294927199,49790.674522814275,0.006713586025705393,55077.48149724596,0.010654022642223558,59563.01068876875,0.0009709711895583926,83869.22280999718,0.011675202017445017,61454.222807594524,0.011866719525860733,64993.24926985651,0.0009709711895583926,83869.22280999718,0.01176472430662024,65320.73011322976,0.007279426961462041,54646.14255652111,0.012005519263487596,63973.012341926646,0.0008822837863770511,70766.03491793225,0.011529086460673982,58691.59864551144,0.011756178061837022,62856.58729490625,0.010378284072689654,62317.53839390105,ok,,29.3
